ISO-10303-21;
HEADER;
FILE_DESCRIPTION((''),'2;1');
FILE_NAME('BACKPLATE (TP)', '2026-08-07T12:26:07', (''), (''), 'ImageToStl.com STEP Converter','', '');
FILE_SCHEMA(('AUTOMOTIVE_DESIGN_CC2'));
ENDSEC;
DATA;
#1=PRODUCT_DEFINITION_CONTEXT('',#4,'design');
#2=APPLICATION_PROTOCOL_DEFINITION('INTERNATIONAL STANDARD','automotive_design',1994,#4);
#3=(GEOMETRIC_REPRESENTATION_CONTEXT(3)GLOBAL_UNCERTAINTY_ASSIGNED_CONTEXT((#5))GLOBAL_UNIT_ASSIGNED_CONTEXT((#6,#7,#8))REPRESENTATION_CONTEXT('NONE','WORKSPACE'));
#4=APPLICATION_CONTEXT(' ');
#5=UNCERTAINTY_MEASURE_WITH_UNIT(LENGTH_MEASURE(1.0E-006),#6,'','');
#6=(CONVERSION_BASED_UNIT('METRE',#10)LENGTH_UNIT()NAMED_UNIT(#11));
#7=(NAMED_UNIT(#12)PLANE_ANGLE_UNIT()SI_UNIT($,.RADIAN.));
#8=(NAMED_UNIT(#12)SOLID_ANGLE_UNIT()SI_UNIT($,.STERADIAN.));
#9=AXIS2_PLACEMENT_3D('',#14,#15,#16);
#10=LENGTH_MEASURE_WITH_UNIT(LENGTH_MEASURE(1.0),#17);
#11=DIMENSIONAL_EXPONENTS(1.0,0.0,0.0,0.0,0.0,0.0,0.0);
#12=DIMENSIONAL_EXPONENTS(0.0,0.0,0.0,0.0,0.0,0.0,0.0);
#13=PRODUCT_CONTEXT('',#4,'mechanical');
#14=CARTESIAN_POINT('',(0.0,0.0,0.0));
#15=DIRECTION('',(0.0,0.0,1.0));
#16=DIRECTION('',(1.0,0.0,0.0));
#17=(NAMED_UNIT(#11)LENGTH_UNIT()SI_UNIT(.MILLI.,.METRE.));
#18=PRESENTATION_STYLE_ASSIGNMENT((#19));
#19=SURFACE_STYLE_USAGE(.BOTH.,#20);
#20=SURFACE_SIDE_STYLE('',(#21));
#21=SURFACE_STYLE_FILL_AREA(#22);
#22=FILL_AREA_STYLE('',(#23));
#23=FILL_AREA_STYLE_COLOUR('',#24);
#24=COLOUR_RGB('',0.9,0.9,0.9);
#25=SHAPE_DEFINITION_REPRESENTATION(#26,#27);
#26=PRODUCT_DEFINITION_SHAPE('productshape0','',#30);
#27=MANIFOLD_SURFACE_SHAPE_REPRESENTATION('',(#28,#9),#3);
#28=SHELL_BASED_SURFACE_MODEL('shell0',(#33));
#29=PRODUCT('product0','','',(#13));
#30=PRODUCT_DEFINITION('mesh0','',#31,#2);
#31=PRODUCT_DEFINITION_FORMATION_WITH_SPECIFIED_SOURCE('prodsource0','',#29,.NOT_KNOWN.);
#32=STYLED_ITEM('',(#18),#33);
#33=CLOSED_SHELL('',(#562,#584,#606,#628,#650,#672,#694,#716,#738,#760,#782,#804,#826,#848,#870,#892,#914,#936,#958,#980,#1002,#1024,#1046,#1068,#1090,#1112,#1134,#1156,#1178,#1200,#1222,#1244,#1266,#1288,#1310,#1332,#1354,#1376,#1398,#1420,#1442,#1464,#1486,#1508,#1530,#1552,#1574,#1596,#1618,#1640,#1662,#1684,#1706,#1728,#1750,#1772,#1794,#1816,#1838,#1860,#1882,#1904,#1926,#1948,#1970,#1992,#2014,#2036,#2058,#2080,#2102,#2124,#2146,#2168,#2190,#2212,#2234,#2256,#2278,#2300,#2322,#2344,#2366,#2388,#2410,#2432,#2454,#2476,#2498,#2520,#2542,#2564,#2586,#2608,#2630,#2652,#2674,#2696,#2718,#2740,#2762,#2784,#2806,#2828,#2850,#2872,#2894,#2916,#2938,#2960,#2982,#3004,#3026,#3048,#3070,#3092,#3114,#3136,#3158,#3180,#3202,#3224,#3246,#3268,#3290,#3312,#3334,#3356,#3378,#3400,#3422,#3444,#3466,#3488,#3510,#3532,#3554,#3576,#3598,#3620,#3642,#3664,#3686,#3708,#3730,#3752,#3774,#3796,#3818,#3840,#3862,#3884,#3906,#3928,#3950,#3972,#3994,#4016,#4038,#4060,#4082,#4104,#4126,#4148,#4170,#4192,#4214,#4236,#4258,#4280,#4302,#4324,#4346,#4368,#4390,#4412,#4434,#4456,#4478,#4500,#4522,#4544,#4566,#4588,#4610,#4632,#4654,#4676,#4698,#4720,#4742,#4764,#4786,#4808,#4830,#4852,#4874,#4896,#4918,#4940,#4962,#4984,#5006,#5028,#5050,#5072,#5094,#5116,#5138,#5160,#5182,#5204,#5226,#5248,#5270,#5292,#5314,#5336,#5358,#5380,#5402,#5424,#5446,#5468,#5490,#5512,#5534,#5556,#5578,#5600,#5622,#5644,#5666,#5688,#5710,#5732,#5754,#5776,#5798,#5820,#5842,#5864,#5886,#5908,#5930,#5952,#5974,#5996,#6018,#6040,#6062,#6084,#6106,#6128,#6150,#6172,#6194,#6216,#6238,#6260,#6282,#6304,#6326,#6348,#6370,#6392,#6414,#6436,#6458,#6480,#6502,#6524,#6546,#6568,#6590,#6612,#6634,#6656,#6678,#6700,#6722,#6744,#6766,#6788,#6810,#6832,#6854,#6876,#6898,#6920,#6942,#6964,#6986,#7008,#7030,#7052,#7074,#7096,#7118,#7140,#7162,#7184,#7206,#7228,#7250,#7272,#7294,#7316,#7338,#7360,#7382,#7404,#7426,#7448,#7470,#7492,#7514,#7536,#7558,#7580,#7602,#7624,#7646,#7668,#7690,#7712,#7734,#7756,#7778,#7800,#7822,#7844,#7866,#7888,#7910,#7932,#7954,#7976,#7998,#8020,#8042,#8064,#8086,#8108,#8130,#8152,#8174,#8196,#8218,#8240,#8262,#8284,#8306,#8328,#8350,#8372,#8394,#8416,#8438,#8460,#8482,#8504,#8526,#8548,#8570,#8592,#8614,#8636,#8658,#8680,#8702,#8724,#8746,#8768,#8790,#8812,#8834,#8856,#8878,#8900,#8922,#8944,#8966,#8988,#9010,#9032,#9054,#9076,#9098,#9120,#9142,#9164,#9186,#9208,#9230,#9252,#9274,#9296,#9318,#9340,#9362,#9384,#9406,#9428,#9450,#9472,#9494,#9516,#9538,#9560,#9582,#9604,#9626,#9648,#9670,#9692,#9714,#9736,#9758,#9780,#9802,#9824,#9846,#9868,#9890,#9912,#9934,#9956,#9978,#10000,#10022,#10044,#10066,#10088,#10110,#10132,#10154,#10176,#10198,#10220,#10242,#10264,#10286,#10308,#10330,#10352,#10374,#10396,#10418,#10440,#10462,#10484,#10506,#10528,#10550,#10572,#10594,#10616,#10638,#10660,#10682,#10704,#10726,#10748,#10770,#10792,#10814,#10836,#10858,#10880,#10902,#10924,#10946,#10968,#10990,#11012,#11034,#11056,#11078,#11100,#11122,#11144,#11166,#11188,#11210,#11232,#11254,#11276,#11298,#11320,#11342,#11364,#11386,#11408,#11430,#11452,#11474,#11496,#11518,#11540,#11562,#11584,#11606,#11628,#11650,#11672,#11694,#11716,#11738,#11760,#11782,#11804,#11826,#11848,#11870,#11892,#11914,#11936,#11958,#11980,#12002,#12024,#12046,#12068,#12090,#12112,#12134,#12156,#12178,#12200,#12222,#12244,#12266,#12288,#12310,#12332,#12354,#12376,#12398,#12420));
#34=CARTESIAN_POINT('',(0.04034256562590599,-0.08779982477426529,0.003289544489234686));
#35=VERTEX_POINT('',#34);
#36=CARTESIAN_POINT('',(0.03647392615675926,-0.08393127471208572,0.003289544489234686));
#37=VERTEX_POINT('',#36);
#38=CARTESIAN_POINT('',(0.03623146936297417,-0.08413025736808777,0.003289544489234686));
#39=VERTEX_POINT('',#38);
#40=CARTESIAN_POINT('',(0.035954851657152176,-0.08427811414003372,0.003289544489234686));
#41=VERTEX_POINT('',#40);
#42=CARTESIAN_POINT('',(-0.05554632842540741,-0.08413024246692657,0.0032895482145249844));
#43=VERTEX_POINT('',#42);
#44=CARTESIAN_POINT('',(-0.0557887889444828,-0.08393125981092453,0.0032895482145249844));
#45=VERTEX_POINT('',#44);
#46=CARTESIAN_POINT('',(-0.05965743586421013,-0.08779982477426529,0.0032895482145249844));
#47=VERTEX_POINT('',#46);
#48=CARTESIAN_POINT('',(-0.05526971444487572,-0.08427809923887253,0.0032895482145249844));
#49=VERTEX_POINT('',#48);
#50=CARTESIAN_POINT('',(0.0356547050178051,-0.08436915278434753,0.003289544489234686));
#51=VERTEX_POINT('',#50);
#52=CARTESIAN_POINT('',(0.03534255549311638,-0.08439990133047104,0.003289544489234686));
#53=VERTEX_POINT('',#52);
#54=CARTESIAN_POINT('',(-0.05496957153081894,-0.08436915278434753,0.0032895482145249844));
#55=VERTEX_POINT('',#54);
#56=CARTESIAN_POINT('',(-0.05465742200613022,-0.08439987897872925,0.0032895482145249844));
#57=VERTEX_POINT('',#56);
#58=CARTESIAN_POINT('',(0.035030413419008255,-0.08436915278434753,0.003289544489234686));
#59=VERTEX_POINT('',#58);
#60=CARTESIAN_POINT('',(-0.054345279932022095,-0.08436915278434753,0.0032895482145249844));
#61=VERTEX_POINT('',#60);
#62=CARTESIAN_POINT('',(-0.05404512584209442,-0.08427809923887253,0.0032895482145249844));
#63=VERTEX_POINT('',#62);
#64=CARTESIAN_POINT('',(0.03473026677966118,-0.08427811414003372,0.003289544489234686));
#65=VERTEX_POINT('',#64);
#66=CARTESIAN_POINT('',(0.03445364162325859,-0.08413025736808777,0.003289544489234686));
#67=VERTEX_POINT('',#66);
#68=CARTESIAN_POINT('',(-0.05376850813627243,-0.08413024246692657,0.0032895482145249844));
#69=VERTEX_POINT('',#68);
#70=CARTESIAN_POINT('',(0.034211184829473495,-0.08393127471208572,0.003289544489234686));
#71=VERTEX_POINT('',#70);
#72=CARTESIAN_POINT('',(-0.053526051342487335,-0.08393125981092453,0.0032895482145249844));
#73=VERTEX_POINT('',#72);
#74=CARTESIAN_POINT('',(0.03401220962405205,-0.08368881046772003,0.003289544489234686));
#75=VERTEX_POINT('',#74);
#76=CARTESIAN_POINT('',(-0.05332706868648529,-0.08368879556655884,0.0032895482145249844));
#77=VERTEX_POINT('',#76);
#78=CARTESIAN_POINT('',(0.0338643454015255,-0.08341218531131744,0.003289544489234686));
#79=VERTEX_POINT('',#78);
#80=CARTESIAN_POINT('',(-0.05317921191453934,-0.08341217041015625,0.0032895482145249844));
#81=VERTEX_POINT('',#80);
#82=CARTESIAN_POINT('',(0.03377329930663109,-0.08311205357313156,0.003289544489234686));
#83=VERTEX_POINT('',#82);
#84=CARTESIAN_POINT('',(0.03374255821108818,-0.08279989659786224,0.003289544489234686));
#85=VERTEX_POINT('',#84);
#86=CARTESIAN_POINT('',(-0.05305742099881172,-0.08279988169670105,0.0032895482145249844));
#87=VERTEX_POINT('',#86);
#88=CARTESIAN_POINT('',(-0.05308816209435463,-0.08311203867197037,0.0032895482145249844));
#89=VERTEX_POINT('',#88);
#90=CARTESIAN_POINT('',(0.03667290881276131,-0.08368881046772003,0.003289544489234686));
#91=VERTEX_POINT('',#90);
#92=CARTESIAN_POINT('',(0.04034257307648659,0.08220017701387405,0.003289544489234686));
#93=VERTEX_POINT('',#92);
#94=CARTESIAN_POINT('',(0.036473941057920456,0.07833154499530792,0.003289544489234686));
#95=VERTEX_POINT('',#94);
#96=CARTESIAN_POINT('',(0.036672916263341904,0.07808908820152283,0.003289544489234686));
#97=VERTEX_POINT('',#96);
#98=CARTESIAN_POINT('',(0.036820780485868454,0.07781246304512024,0.003289544489234686));
#99=VERTEX_POINT('',#98);
#100=CARTESIAN_POINT('',(0.03682076558470726,-0.08341218531131744,0.003289544489234686));
#101=VERTEX_POINT('',#100);
#102=CARTESIAN_POINT('',(0.03691181167960167,-0.08311205357313156,0.003289544489234686));
#103=VERTEX_POINT('',#102);
#104=CARTESIAN_POINT('',(0.03691182658076286,0.07751231640577316,0.003289544489234686));
#105=VERTEX_POINT('',#104);
#106=CARTESIAN_POINT('',(0.03694256767630577,0.07720017433166504,0.003289544489234686));
#107=VERTEX_POINT('',#106);
#108=CARTESIAN_POINT('',(0.03694255277514458,-0.08279989659786224,0.003289544489234686));
#109=VERTEX_POINT('',#108);
#110=CARTESIAN_POINT('',(0.03691181167960167,-0.08248774707317352,0.003289544489234686));
#111=VERTEX_POINT('',#110);
#112=CARTESIAN_POINT('',(0.03691182658076286,0.07688802480697632,0.003289544489234686));
#113=VERTEX_POINT('',#112);
#114=CARTESIAN_POINT('',(0.03682076558470726,-0.08218760788440704,0.003289544489234686));
#115=VERTEX_POINT('',#114);
#116=CARTESIAN_POINT('',(0.03667290881276131,-0.08191098272800446,0.003289544489234686));
#117=VERTEX_POINT('',#116);
#118=CARTESIAN_POINT('',(0.036820780485868454,0.07658788561820984,0.003289544489234686));
#119=VERTEX_POINT('',#118);
#120=CARTESIAN_POINT('',(0.036672916263341904,0.07631126046180725,0.003289544489234686));
#121=VERTEX_POINT('',#120);
#122=CARTESIAN_POINT('',(0.036473941057920456,0.07606879621744156,0.003289544489234686));
#123=VERTEX_POINT('',#122);
#124=CARTESIAN_POINT('',(0.03647392615675926,-0.08166852593421936,0.003289544489234686));
#125=VERTEX_POINT('',#124);
#126=CARTESIAN_POINT('',(0.03623148426413536,0.07586982101202011,0.003289544489234686));
#127=VERTEX_POINT('',#126);
#128=CARTESIAN_POINT('',(0.03623146936297417,-0.08146955817937851,0.003289544489234686));
#129=VERTEX_POINT('',#128);
#130=CARTESIAN_POINT('',(0.03595485910773277,0.07572196424007416,0.003289544489234686));
#131=VERTEX_POINT('',#130);
#132=CARTESIAN_POINT('',(0.035954851657152176,-0.08132170140743256,0.003289544489234686));
#133=VERTEX_POINT('',#132);
#134=CARTESIAN_POINT('',(0.03565471991896629,0.07563091069459915,0.003289544489234686));
#135=VERTEX_POINT('',#134);
#136=CARTESIAN_POINT('',(0.0356547050178051,-0.08123064786195755,0.003289544489234686));
#137=VERTEX_POINT('',#136);
#138=CARTESIAN_POINT('',(0.03534257039427757,0.07560016959905624,0.003289544489234686));
#139=VERTEX_POINT('',#138);
#140=CARTESIAN_POINT('',(0.03534255549311638,-0.08119989931583405,0.003289544489234686));
#141=VERTEX_POINT('',#140);
#142=CARTESIAN_POINT('',(0.03503042086958885,0.07563091069459915,0.003289544489234686));
#143=VERTEX_POINT('',#142);
#144=CARTESIAN_POINT('',(0.035030413419008255,-0.08123064786195755,0.003289544489234686));
#145=VERTEX_POINT('',#144);
#146=CARTESIAN_POINT('',(0.03473028168082237,0.07572196424007416,0.003289544489234686));
#147=VERTEX_POINT('',#146);
#148=CARTESIAN_POINT('',(0.03473026677966118,-0.08132170140743256,0.003289544489234686));
#149=VERTEX_POINT('',#148);
#150=CARTESIAN_POINT('',(0.034453656524419785,0.07586982101202011,0.003289544489234686));
#151=VERTEX_POINT('',#150);
#152=CARTESIAN_POINT('',(0.03445364162325859,-0.08146955817937851,0.003289544489234686));
#153=VERTEX_POINT('',#152);
#154=CARTESIAN_POINT('',(0.03421119973063469,0.07606879621744156,0.003289544489234686));
#155=VERTEX_POINT('',#154);
#156=CARTESIAN_POINT('',(0.034211184829473495,-0.08166852593421936,0.003289544489234686));
#157=VERTEX_POINT('',#156);
#158=CARTESIAN_POINT('',(0.03401222452521324,0.07631126046180725,0.003289544489234686));
#159=VERTEX_POINT('',#158);
#160=CARTESIAN_POINT('',(0.03401220962405205,-0.08191098272800446,0.003289544489234686));
#161=VERTEX_POINT('',#160);
#162=CARTESIAN_POINT('',(0.03386436030268669,0.07658788561820984,0.003289544489234686));
#163=VERTEX_POINT('',#162);
#164=CARTESIAN_POINT('',(0.0338643454015255,-0.08218760788440704,0.003289544489234686));
#165=VERTEX_POINT('',#164);
#166=CARTESIAN_POINT('',(0.03377331420779228,0.07688802480697632,0.003289544489234686));
#167=VERTEX_POINT('',#166);
#168=CARTESIAN_POINT('',(0.033742573112249374,0.07720017433166504,0.003289544489234686));
#169=VERTEX_POINT('',#168);
#170=CARTESIAN_POINT('',(-0.05305741727352142,0.07720017433166504,0.0032895482145249844));
#171=VERTEX_POINT('',#170);
#172=CARTESIAN_POINT('',(0.03377329930663109,-0.08248774707317352,0.003289544489234686));
#173=VERTEX_POINT('',#172);
#174=CARTESIAN_POINT('',(-0.05308815836906433,0.07688802480697632,0.0032895482145249844));
#175=VERTEX_POINT('',#174);
#176=CARTESIAN_POINT('',(-0.05317920818924904,0.07658788561820984,0.0032895482145249844));
#177=VERTEX_POINT('',#176);
#178=CARTESIAN_POINT('',(-0.05308816209435463,-0.08248773217201233,0.0032895482145249844));
#179=VERTEX_POINT('',#178);
#180=CARTESIAN_POINT('',(-0.05332706868648529,0.07631126046180725,0.0032895482145249844));
#181=VERTEX_POINT('',#180);
#182=CARTESIAN_POINT('',(-0.05352604761719704,0.07606879621744156,0.0032895482145249844));
#183=VERTEX_POINT('',#182);
#184=CARTESIAN_POINT('',(-0.05317921191453934,-0.08218759298324585,0.0032895482145249844));
#185=VERTEX_POINT('',#184);
#186=CARTESIAN_POINT('',(-0.05332706868648529,-0.08191096782684326,0.0032895482145249844));
#187=VERTEX_POINT('',#186);
#188=CARTESIAN_POINT('',(-0.05376850441098213,0.07586982101202011,0.0032895482145249844));
#189=VERTEX_POINT('',#188);
#190=CARTESIAN_POINT('',(-0.05404512584209442,0.07572196424007416,0.0032895482145249844));
#191=VERTEX_POINT('',#190);
#192=CARTESIAN_POINT('',(-0.053526051342487335,-0.08166851103305817,0.0032895482145249844));
#193=VERTEX_POINT('',#192);
#194=CARTESIAN_POINT('',(-0.05376850813627243,-0.08146954327821732,0.0032895482145249844));
#195=VERTEX_POINT('',#194);
#196=CARTESIAN_POINT('',(-0.054345276206731796,0.07563091069459915,0.0032895482145249844));
#197=VERTEX_POINT('',#196);
#198=CARTESIAN_POINT('',(-0.05465741828083992,0.07560016959905624,0.0032895482145249844));
#199=VERTEX_POINT('',#198);
#200=CARTESIAN_POINT('',(-0.05404512584209442,-0.08132168650627136,0.0032895482145249844));
#201=VERTEX_POINT('',#200);
#202=CARTESIAN_POINT('',(-0.054345279932022095,-0.08123063296079636,0.0032895482145249844));
#203=VERTEX_POINT('',#202);
#204=CARTESIAN_POINT('',(-0.05465742200613022,-0.08119988441467285,0.0032895482145249844));
#205=VERTEX_POINT('',#204);
#206=CARTESIAN_POINT('',(-0.05496956408023834,0.07563091069459915,0.0032895482145249844));
#207=VERTEX_POINT('',#206);
#208=CARTESIAN_POINT('',(-0.05496957153081894,-0.08123063296079636,0.0032895482145249844));
#209=VERTEX_POINT('',#208);
#210=CARTESIAN_POINT('',(-0.05526971071958542,0.07572196424007416,0.0032895482145249844));
#211=VERTEX_POINT('',#210);
#212=CARTESIAN_POINT('',(-0.05526971444487572,-0.08132168650627136,0.0032895482145249844));
#213=VERTEX_POINT('',#212);
#214=CARTESIAN_POINT('',(-0.05554632842540741,0.07586982101202011,0.0032895482145249844));
#215=VERTEX_POINT('',#214);
#216=CARTESIAN_POINT('',(-0.05554632842540741,-0.08146954327821732,0.0032895482145249844));
#217=VERTEX_POINT('',#216);
#218=CARTESIAN_POINT('',(-0.0557887889444828,0.07606879621744156,0.0032895482145249844));
#219=VERTEX_POINT('',#218);
#220=CARTESIAN_POINT('',(-0.0557887889444828,-0.08166851103305817,0.0032895482145249844));
#221=VERTEX_POINT('',#220);
#222=CARTESIAN_POINT('',(-0.05598776414990425,0.07631126046180725,0.0032895482145249844));
#223=VERTEX_POINT('',#222);
#224=CARTESIAN_POINT('',(-0.05598776787519455,-0.08191096782684326,0.0032895482145249844));
#225=VERTEX_POINT('',#224);
#226=CARTESIAN_POINT('',(-0.0561356246471405,0.07658788561820984,0.0032895482145249844));
#227=VERTEX_POINT('',#226);
#228=CARTESIAN_POINT('',(-0.0561356283724308,-0.08218759298324585,0.0032895482145249844));
#229=VERTEX_POINT('',#228);
#230=CARTESIAN_POINT('',(-0.05622667446732521,0.07688802480697632,0.0032895482145249844));
#231=VERTEX_POINT('',#230);
#232=CARTESIAN_POINT('',(-0.05622667819261551,-0.08248773217201233,0.0032895482145249844));
#233=VERTEX_POINT('',#232);
#234=CARTESIAN_POINT('',(-0.05625741556286812,0.07720017433166504,0.0032895482145249844));
#235=VERTEX_POINT('',#234);
#236=CARTESIAN_POINT('',(-0.05625741928815842,-0.08279988169670105,0.0032895482145249844));
#237=VERTEX_POINT('',#236);
#238=CARTESIAN_POINT('',(-0.05598776787519455,-0.08368879556655884,0.0032895482145249844));
#239=VERTEX_POINT('',#238);
#240=CARTESIAN_POINT('',(-0.05598776414990425,0.07808908820152283,0.0032895482145249844));
#241=VERTEX_POINT('',#240);
#242=CARTESIAN_POINT('',(-0.0557887889444828,0.07833154499530792,0.0032895482145249844));
#243=VERTEX_POINT('',#242);
#244=CARTESIAN_POINT('',(-0.059657420963048935,0.08220017701387405,0.0032895482145249844));
#245=VERTEX_POINT('',#244);
#246=CARTESIAN_POINT('',(-0.0561356246471405,0.07781246304512024,0.0032895482145249844));
#247=VERTEX_POINT('',#246);
#248=CARTESIAN_POINT('',(-0.0561356283724308,-0.08341217041015625,0.0032895482145249844));
#249=VERTEX_POINT('',#248);
#250=CARTESIAN_POINT('',(-0.05622667819261551,-0.08311203867197037,0.0032895482145249844));
#251=VERTEX_POINT('',#250);
#252=CARTESIAN_POINT('',(-0.05622667446732521,0.07751231640577316,0.0032895482145249844));
#253=VERTEX_POINT('',#252);
#254=CARTESIAN_POINT('',(-0.05554632842540741,0.07853052020072937,0.0032895482145249844));
#255=VERTEX_POINT('',#254);
#256=CARTESIAN_POINT('',(-0.05526971071958542,0.07867837697267532,0.0032895482145249844));
#257=VERTEX_POINT('',#256);
#258=CARTESIAN_POINT('',(0.03623148426413536,0.07853052020072937,0.003289544489234686));
#259=VERTEX_POINT('',#258);
#260=CARTESIAN_POINT('',(0.03595485910773277,0.07867837697267532,0.003289544489234686));
#261=VERTEX_POINT('',#260);
#262=CARTESIAN_POINT('',(-0.05496956408023834,0.07876943051815033,0.0032895482145249844));
#263=VERTEX_POINT('',#262);
#264=CARTESIAN_POINT('',(-0.05465741828083992,0.07880017161369324,0.0032895482145249844));
#265=VERTEX_POINT('',#264);
#266=CARTESIAN_POINT('',(0.03565471991896629,0.07876943051815033,0.003289544489234686));
#267=VERTEX_POINT('',#266);
#268=CARTESIAN_POINT('',(0.03534257039427757,0.07880017161369324,0.003289544489234686));
#269=VERTEX_POINT('',#268);
#270=CARTESIAN_POINT('',(-0.054345276206731796,0.07876943051815033,0.0032895482145249844));
#271=VERTEX_POINT('',#270);
#272=CARTESIAN_POINT('',(0.03503042086958885,0.07876943051815033,0.003289544489234686));
#273=VERTEX_POINT('',#272);
#274=CARTESIAN_POINT('',(0.03473028168082237,0.07867837697267532,0.003289544489234686));
#275=VERTEX_POINT('',#274);
#276=CARTESIAN_POINT('',(-0.05404512584209442,0.07867837697267532,0.0032895482145249844));
#277=VERTEX_POINT('',#276);
#278=CARTESIAN_POINT('',(-0.05376850441098213,0.07853052020072937,0.0032895482145249844));
#279=VERTEX_POINT('',#278);
#280=CARTESIAN_POINT('',(0.034453656524419785,0.07853052020072937,0.003289544489234686));
#281=VERTEX_POINT('',#280);
#282=CARTESIAN_POINT('',(-0.05352604761719704,0.07833154499530792,0.0032895482145249844));
#283=VERTEX_POINT('',#282);
#284=CARTESIAN_POINT('',(0.03421119973063469,0.07833154499530792,0.003289544489234686));
#285=VERTEX_POINT('',#284);
#286=CARTESIAN_POINT('',(-0.05332706868648529,0.07808908820152283,0.0032895482145249844));
#287=VERTEX_POINT('',#286);
#288=CARTESIAN_POINT('',(0.03401222452521324,0.07808908820152283,0.003289544489234686));
#289=VERTEX_POINT('',#288);
#290=CARTESIAN_POINT('',(-0.05317920818924904,0.07781246304512024,0.0032895482145249844));
#291=VERTEX_POINT('',#290);
#292=CARTESIAN_POINT('',(0.03386436030268669,0.07781246304512024,0.003289544489234686));
#293=VERTEX_POINT('',#292);
#294=CARTESIAN_POINT('',(-0.05308815836906433,0.07751231640577316,0.0032895482145249844));
#295=VERTEX_POINT('',#294);
#296=CARTESIAN_POINT('',(0.03377331420779228,0.07751231640577316,0.003289544489234686));
#297=VERTEX_POINT('',#296);
#298=CARTESIAN_POINT('',(-0.05554632842540741,0.07853052020072937,0.000289549701847136));
#299=VERTEX_POINT('',#298);
#300=CARTESIAN_POINT('',(-0.0557887889444828,0.07833154499530792,0.000289549701847136));
#301=VERTEX_POINT('',#300);
#302=CARTESIAN_POINT('',(-0.059657420963048935,0.08220017701387405,0.000289549701847136));
#303=VERTEX_POINT('',#302);
#304=CARTESIAN_POINT('',(0.04034257307648659,0.08220017701387405,0.0002895422512665391));
#305=VERTEX_POINT('',#304);
#306=CARTESIAN_POINT('',(0.036473941057920456,0.07833154499530792,0.00028954597655683756));
#307=VERTEX_POINT('',#306);
#308=CARTESIAN_POINT('',(0.03623148426413536,0.07853052020072937,0.00028954597655683756));
#309=VERTEX_POINT('',#308);
#310=CARTESIAN_POINT('',(0.03595485910773277,0.07867837697267532,0.00028954597655683756));
#311=VERTEX_POINT('',#310);
#312=CARTESIAN_POINT('',(-0.05526971071958542,0.07867837697267532,0.000289549701847136));
#313=VERTEX_POINT('',#312);
#314=CARTESIAN_POINT('',(-0.05496956408023834,0.07876943051815033,0.000289549701847136));
#315=VERTEX_POINT('',#314);
#316=CARTESIAN_POINT('',(0.03565471991896629,0.07876943051815033,0.00028954597655683756));
#317=VERTEX_POINT('',#316);
#318=CARTESIAN_POINT('',(0.03534257039427757,0.07880017161369324,0.00028954597655683756));
#319=VERTEX_POINT('',#318);
#320=CARTESIAN_POINT('',(-0.05465741828083992,0.07880017161369324,0.000289549701847136));
#321=VERTEX_POINT('',#320);
#322=CARTESIAN_POINT('',(-0.054345276206731796,0.07876943051815033,0.000289549701847136));
#323=VERTEX_POINT('',#322);
#324=CARTESIAN_POINT('',(0.03503042086958885,0.07876943051815033,0.00028954597655683756));
#325=VERTEX_POINT('',#324);
#326=CARTESIAN_POINT('',(-0.05404512584209442,0.07867837697267532,0.000289549701847136));
#327=VERTEX_POINT('',#326);
#328=CARTESIAN_POINT('',(-0.05376850441098213,0.07853052020072937,0.000289549701847136));
#329=VERTEX_POINT('',#328);
#330=CARTESIAN_POINT('',(0.03473028168082237,0.07867837697267532,0.00028954597655683756));
#331=VERTEX_POINT('',#330);
#332=CARTESIAN_POINT('',(0.034453656524419785,0.07853052020072937,0.00028954597655683756));
#333=VERTEX_POINT('',#332);
#334=CARTESIAN_POINT('',(0.03421119973063469,0.07833154499530792,0.00028954597655683756));
#335=VERTEX_POINT('',#334);
#336=CARTESIAN_POINT('',(-0.05352604761719704,0.07833154499530792,0.000289549701847136));
#337=VERTEX_POINT('',#336);
#338=CARTESIAN_POINT('',(0.03401222452521324,0.07808908820152283,0.00028954597655683756));
#339=VERTEX_POINT('',#338);
#340=CARTESIAN_POINT('',(-0.05332706868648529,0.07808908820152283,0.000289549701847136));
#341=VERTEX_POINT('',#340);
#342=CARTESIAN_POINT('',(0.03386436030268669,0.07781246304512024,0.00028954597655683756));
#343=VERTEX_POINT('',#342);
#344=CARTESIAN_POINT('',(-0.05317920818924904,0.07781246304512024,0.000289549701847136));
#345=VERTEX_POINT('',#344);
#346=CARTESIAN_POINT('',(0.03377331420779228,0.07751231640577316,0.00028954597655683756));
#347=VERTEX_POINT('',#346);
#348=CARTESIAN_POINT('',(0.033742573112249374,0.07720017433166504,0.00028954597655683756));
#349=VERTEX_POINT('',#348);
#350=CARTESIAN_POINT('',(-0.05305741727352142,0.07720017433166504,0.000289549701847136));
#351=VERTEX_POINT('',#350);
#352=CARTESIAN_POINT('',(-0.05308815836906433,0.07751231640577316,0.000289549701847136));
#353=VERTEX_POINT('',#352);
#354=CARTESIAN_POINT('',(0.03623146936297417,-0.08413025736808777,0.00028954597655683756));
#355=VERTEX_POINT('',#354);
#356=CARTESIAN_POINT('',(0.03647392615675926,-0.08393127471208572,0.00028954597655683756));
#357=VERTEX_POINT('',#356);
#358=CARTESIAN_POINT('',(0.04034256562590599,-0.08779982477426529,0.0002895422512665391));
#359=VERTEX_POINT('',#358);
#360=CARTESIAN_POINT('',(-0.05965743586421013,-0.08779982477426529,0.000289549701847136));
#361=VERTEX_POINT('',#360);
#362=CARTESIAN_POINT('',(-0.0557887889444828,-0.08393125981092453,0.000289549701847136));
#363=VERTEX_POINT('',#362);
#364=CARTESIAN_POINT('',(-0.05554632842540741,-0.08413024246692657,0.000289549701847136));
#365=VERTEX_POINT('',#364);
#366=CARTESIAN_POINT('',(-0.05526971444487572,-0.08427809923887253,0.000289549701847136));
#367=VERTEX_POINT('',#366);
#368=CARTESIAN_POINT('',(0.035954851657152176,-0.08427811414003372,0.00028954597655683756));
#369=VERTEX_POINT('',#368);
#370=CARTESIAN_POINT('',(0.0356547050178051,-0.08436915278434753,0.00028954597655683756));
#371=VERTEX_POINT('',#370);
#372=CARTESIAN_POINT('',(-0.05496957153081894,-0.08436915278434753,0.000289549701847136));
#373=VERTEX_POINT('',#372);
#374=CARTESIAN_POINT('',(-0.05465742200613022,-0.08439987897872925,0.000289549701847136));
#375=VERTEX_POINT('',#374);
#376=CARTESIAN_POINT('',(0.03534255549311638,-0.08439990133047104,0.00028954597655683756));
#377=VERTEX_POINT('',#376);
#378=CARTESIAN_POINT('',(0.035030413419008255,-0.08436915278434753,0.00028954597655683756));
#379=VERTEX_POINT('',#378);
#380=CARTESIAN_POINT('',(-0.054345279932022095,-0.08436915278434753,0.000289549701847136));
#381=VERTEX_POINT('',#380);
#382=CARTESIAN_POINT('',(0.03473026677966118,-0.08427811414003372,0.00028954597655683756));
#383=VERTEX_POINT('',#382);
#384=CARTESIAN_POINT('',(0.03445364162325859,-0.08413025736808777,0.00028954597655683756));
#385=VERTEX_POINT('',#384);
#386=CARTESIAN_POINT('',(-0.05404512584209442,-0.08427809923887253,0.000289549701847136));
#387=VERTEX_POINT('',#386);
#388=CARTESIAN_POINT('',(-0.05376850813627243,-0.08413024246692657,0.000289549701847136));
#389=VERTEX_POINT('',#388);
#390=CARTESIAN_POINT('',(-0.053526051342487335,-0.08393125981092453,0.000289549701847136));
#391=VERTEX_POINT('',#390);
#392=CARTESIAN_POINT('',(0.034211184829473495,-0.08393127471208572,0.00028954597655683756));
#393=VERTEX_POINT('',#392);
#394=CARTESIAN_POINT('',(-0.05332706868648529,-0.08368879556655884,0.000289549701847136));
#395=VERTEX_POINT('',#394);
#396=CARTESIAN_POINT('',(0.03401220962405205,-0.08368881046772003,0.00028954597655683756));
#397=VERTEX_POINT('',#396);
#398=CARTESIAN_POINT('',(-0.05317921191453934,-0.08341217041015625,0.000289549701847136));
#399=VERTEX_POINT('',#398);
#400=CARTESIAN_POINT('',(0.0338643454015255,-0.08341218531131744,0.00028954597655683756));
#401=VERTEX_POINT('',#400);
#402=CARTESIAN_POINT('',(-0.05308816209435463,-0.08311203867197037,0.000289549701847136));
#403=VERTEX_POINT('',#402);
#404=CARTESIAN_POINT('',(-0.05305742099881172,-0.08279988169670105,0.000289549701847136));
#405=VERTEX_POINT('',#404);
#406=CARTESIAN_POINT('',(0.03374255821108818,-0.08279989659786224,0.00028954597655683756));
#407=VERTEX_POINT('',#406);
#408=CARTESIAN_POINT('',(0.03377329930663109,-0.08311205357313156,0.00028954597655683756));
#409=VERTEX_POINT('',#408);
#410=CARTESIAN_POINT('',(-0.05598776787519455,-0.08368879556655884,0.000289549701847136));
#411=VERTEX_POINT('',#410);
#412=CARTESIAN_POINT('',(-0.05598776414990425,0.07808908820152283,0.000289549701847136));
#413=VERTEX_POINT('',#412);
#414=CARTESIAN_POINT('',(-0.0561356246471405,0.07781246304512024,0.000289549701847136));
#415=VERTEX_POINT('',#414);
#416=CARTESIAN_POINT('',(-0.0561356283724308,-0.08341217041015625,0.000289549701847136));
#417=VERTEX_POINT('',#416);
#418=CARTESIAN_POINT('',(-0.05622667819261551,-0.08311203867197037,0.000289549701847136));
#419=VERTEX_POINT('',#418);
#420=CARTESIAN_POINT('',(-0.05622667446732521,0.07751231640577316,0.000289549701847136));
#421=VERTEX_POINT('',#420);
#422=CARTESIAN_POINT('',(-0.05625741556286812,0.07720017433166504,0.000289549701847136));
#423=VERTEX_POINT('',#422);
#424=CARTESIAN_POINT('',(-0.05625741928815842,-0.08279988169670105,0.000289549701847136));
#425=VERTEX_POINT('',#424);
#426=CARTESIAN_POINT('',(-0.05622667819261551,-0.08248773217201233,0.000289549701847136));
#427=VERTEX_POINT('',#426);
#428=CARTESIAN_POINT('',(-0.05622667446732521,0.07688802480697632,0.000289549701847136));
#429=VERTEX_POINT('',#428);
#430=CARTESIAN_POINT('',(-0.0561356283724308,-0.08218759298324585,0.000289549701847136));
#431=VERTEX_POINT('',#430);
#432=CARTESIAN_POINT('',(-0.05598776787519455,-0.08191096782684326,0.000289549701847136));
#433=VERTEX_POINT('',#432);
#434=CARTESIAN_POINT('',(-0.0561356246471405,0.07658788561820984,0.000289549701847136));
#435=VERTEX_POINT('',#434);
#436=CARTESIAN_POINT('',(-0.05598776414990425,0.07631126046180725,0.000289549701847136));
#437=VERTEX_POINT('',#436);
#438=CARTESIAN_POINT('',(-0.0557887889444828,0.07606879621744156,0.000289549701847136));
#439=VERTEX_POINT('',#438);
#440=CARTESIAN_POINT('',(-0.0557887889444828,-0.08166851103305817,0.000289549701847136));
#441=VERTEX_POINT('',#440);
#442=CARTESIAN_POINT('',(-0.05554632842540741,0.07586982101202011,0.000289549701847136));
#443=VERTEX_POINT('',#442);
#444=CARTESIAN_POINT('',(-0.05554632842540741,-0.08146954327821732,0.000289549701847136));
#445=VERTEX_POINT('',#444);
#446=CARTESIAN_POINT('',(-0.05526971071958542,0.07572196424007416,0.000289549701847136));
#447=VERTEX_POINT('',#446);
#448=CARTESIAN_POINT('',(-0.05526971444487572,-0.08132168650627136,0.000289549701847136));
#449=VERTEX_POINT('',#448);
#450=CARTESIAN_POINT('',(-0.05496956408023834,0.07563091069459915,0.000289549701847136));
#451=VERTEX_POINT('',#450);
#452=CARTESIAN_POINT('',(-0.05496957153081894,-0.08123063296079636,0.000289549701847136));
#453=VERTEX_POINT('',#452);
#454=CARTESIAN_POINT('',(-0.05465741828083992,0.07560016959905624,0.000289549701847136));
#455=VERTEX_POINT('',#454);
#456=CARTESIAN_POINT('',(-0.05465742200613022,-0.08119988441467285,0.000289549701847136));
#457=VERTEX_POINT('',#456);
#458=CARTESIAN_POINT('',(-0.054345276206731796,0.07563091069459915,0.000289549701847136));
#459=VERTEX_POINT('',#458);
#460=CARTESIAN_POINT('',(-0.054345279932022095,-0.08123063296079636,0.000289549701847136));
#461=VERTEX_POINT('',#460);
#462=CARTESIAN_POINT('',(-0.05404512584209442,0.07572196424007416,0.000289549701847136));
#463=VERTEX_POINT('',#462);
#464=CARTESIAN_POINT('',(-0.05404512584209442,-0.08132168650627136,0.000289549701847136));
#465=VERTEX_POINT('',#464);
#466=CARTESIAN_POINT('',(-0.05376850441098213,0.07586982101202011,0.000289549701847136));
#467=VERTEX_POINT('',#466);
#468=CARTESIAN_POINT('',(-0.05376850813627243,-0.08146954327821732,0.000289549701847136));
#469=VERTEX_POINT('',#468);
#470=CARTESIAN_POINT('',(-0.05352604761719704,0.07606879621744156,0.000289549701847136));
#471=VERTEX_POINT('',#470);
#472=CARTESIAN_POINT('',(-0.053526051342487335,-0.08166851103305817,0.000289549701847136));
#473=VERTEX_POINT('',#472);
#474=CARTESIAN_POINT('',(-0.05332706868648529,0.07631126046180725,0.000289549701847136));
#475=VERTEX_POINT('',#474);
#476=CARTESIAN_POINT('',(-0.05332706868648529,-0.08191096782684326,0.000289549701847136));
#477=VERTEX_POINT('',#476);
#478=CARTESIAN_POINT('',(-0.05317920818924904,0.07658788561820984,0.000289549701847136));
#479=VERTEX_POINT('',#478);
#480=CARTESIAN_POINT('',(-0.05317921191453934,-0.08218759298324585,0.000289549701847136));
#481=VERTEX_POINT('',#480);
#482=CARTESIAN_POINT('',(-0.05308815836906433,0.07688802480697632,0.000289549701847136));
#483=VERTEX_POINT('',#482);
#484=CARTESIAN_POINT('',(-0.05308816209435463,-0.08248773217201233,0.000289549701847136));
#485=VERTEX_POINT('',#484);
#486=CARTESIAN_POINT('',(0.03377331420779228,0.07688802480697632,0.00028954597655683756));
#487=VERTEX_POINT('',#486);
#488=CARTESIAN_POINT('',(0.03386436030268669,0.07658788561820984,0.00028954597655683756));
#489=VERTEX_POINT('',#488);
#490=CARTESIAN_POINT('',(0.03377329930663109,-0.08248774707317352,0.00028954597655683756));
#491=VERTEX_POINT('',#490);
#492=CARTESIAN_POINT('',(0.03401222452521324,0.07631126046180725,0.00028954597655683756));
#493=VERTEX_POINT('',#492);
#494=CARTESIAN_POINT('',(0.03421119973063469,0.07606879621744156,0.00028954597655683756));
#495=VERTEX_POINT('',#494);
#496=CARTESIAN_POINT('',(0.0338643454015255,-0.08218760788440704,0.00028954597655683756));
#497=VERTEX_POINT('',#496);
#498=CARTESIAN_POINT('',(0.03401220962405205,-0.08191098272800446,0.00028954597655683756));
#499=VERTEX_POINT('',#498);
#500=CARTESIAN_POINT('',(0.034453656524419785,0.07586982101202011,0.00028954597655683756));
#501=VERTEX_POINT('',#500);
#502=CARTESIAN_POINT('',(0.03473028168082237,0.07572196424007416,0.00028954597655683756));
#503=VERTEX_POINT('',#502);
#504=CARTESIAN_POINT('',(0.034211184829473495,-0.08166852593421936,0.00028954597655683756));
#505=VERTEX_POINT('',#504);
#506=CARTESIAN_POINT('',(0.03445364162325859,-0.08146955817937851,0.00028954597655683756));
#507=VERTEX_POINT('',#506);
#508=CARTESIAN_POINT('',(0.03503042086958885,0.07563091069459915,0.00028954597655683756));
#509=VERTEX_POINT('',#508);
#510=CARTESIAN_POINT('',(0.03534257039427757,0.07560016959905624,0.00028954597655683756));
#511=VERTEX_POINT('',#510);
#512=CARTESIAN_POINT('',(0.03473026677966118,-0.08132170140743256,0.00028954597655683756));
#513=VERTEX_POINT('',#512);
#514=CARTESIAN_POINT('',(0.035030413419008255,-0.08123064786195755,0.00028954597655683756));
#515=VERTEX_POINT('',#514);
#516=CARTESIAN_POINT('',(0.03534255549311638,-0.08119989931583405,0.00028954597655683756));
#517=VERTEX_POINT('',#516);
#518=CARTESIAN_POINT('',(0.03565471991896629,0.07563091069459915,0.00028954597655683756));
#519=VERTEX_POINT('',#518);
#520=CARTESIAN_POINT('',(0.0356547050178051,-0.08123064786195755,0.00028954597655683756));
#521=VERTEX_POINT('',#520);
#522=CARTESIAN_POINT('',(0.03595485910773277,0.07572196424007416,0.00028954597655683756));
#523=VERTEX_POINT('',#522);
#524=CARTESIAN_POINT('',(0.035954851657152176,-0.08132170140743256,0.00028954597655683756));
#525=VERTEX_POINT('',#524);
#526=CARTESIAN_POINT('',(0.03623148426413536,0.07586982101202011,0.00028954597655683756));
#527=VERTEX_POINT('',#526);
#528=CARTESIAN_POINT('',(0.03623146936297417,-0.08146955817937851,0.00028954597655683756));
#529=VERTEX_POINT('',#528);
#530=CARTESIAN_POINT('',(0.036473941057920456,0.07606879621744156,0.00028954597655683756));
#531=VERTEX_POINT('',#530);
#532=CARTESIAN_POINT('',(0.03647392615675926,-0.08166852593421936,0.00028954597655683756));
#533=VERTEX_POINT('',#532);
#534=CARTESIAN_POINT('',(0.036672916263341904,0.07631126046180725,0.00028954597655683756));
#535=VERTEX_POINT('',#534);
#536=CARTESIAN_POINT('',(0.03667290881276131,-0.08191098272800446,0.00028954597655683756));
#537=VERTEX_POINT('',#536);
#538=CARTESIAN_POINT('',(0.036820780485868454,0.07658788561820984,0.00028954597655683756));
#539=VERTEX_POINT('',#538);
#540=CARTESIAN_POINT('',(0.03682076558470726,-0.08218760788440704,0.00028954597655683756));
#541=VERTEX_POINT('',#540);
#542=CARTESIAN_POINT('',(0.03691182658076286,0.07688802480697632,0.00028954597655683756));
#543=VERTEX_POINT('',#542);
#544=CARTESIAN_POINT('',(0.03691181167960167,-0.08248774707317352,0.00028954597655683756));
#545=VERTEX_POINT('',#544);
#546=CARTESIAN_POINT('',(0.03694256767630577,0.07720017433166504,0.00028954597655683756));
#547=VERTEX_POINT('',#546);
#548=CARTESIAN_POINT('',(0.03694255277514458,-0.08279989659786224,0.00028954597655683756));
#549=VERTEX_POINT('',#548);
#550=CARTESIAN_POINT('',(0.03667290881276131,-0.08368881046772003,0.00028954597655683756));
#551=VERTEX_POINT('',#550);
#552=CARTESIAN_POINT('',(0.036672916263341904,0.07808908820152283,0.00028954597655683756));
#553=VERTEX_POINT('',#552);
#554=CARTESIAN_POINT('',(0.036820780485868454,0.07781246304512024,0.00028954597655683756));
#555=VERTEX_POINT('',#554);
#556=CARTESIAN_POINT('',(0.03682076558470726,-0.08341218531131744,0.00028954597655683756));
#557=VERTEX_POINT('',#556);
#558=CARTESIAN_POINT('',(0.03691181167960167,-0.08311205357313156,0.00028954597655683756));
#559=VERTEX_POINT('',#558);
#560=CARTESIAN_POINT('',(0.03691182658076286,0.07751231640577316,0.00028954597655683756));
#561=VERTEX_POINT('',#560);
#562=FACE_SURFACE('',(#567),#563,.T.);
#563=PLANE('',#564);
#564=AXIS2_PLACEMENT_3D('',#34,#565,#566);
#565=DIRECTION('',(0,0,1));
#566=DIRECTION('',(-0.7071149521001895,0.7070986101784862,0));
#567=FACE_BOUND('',#568,.T.);
#568=EDGE_LOOP('',(#569,#570,#571));
#569=ORIENTED_EDGE('',*,*,#572,.T.);
#570=ORIENTED_EDGE('',*,*,#573,.T.);
#571=ORIENTED_EDGE('',*,*,#574,.T.);
#572=EDGE_CURVE('',#35,#37,#575,.F.);
#573=EDGE_CURVE('',#37,#39,#576,.T.);
#574=EDGE_CURVE('',#39,#35,#577,.T.);
#575=LINE('',#34,#578);
#576=LINE('',#36,#579);
#577=LINE('',#38,#580);
#578=VECTOR('',#581,1.0);
#579=VECTOR('',#582,1.0);
#580=VECTOR('',#583,1.0);
#581=DIRECTION('',(-0.7071149521001895,0.7070986101784862,0));
#582=DIRECTION('',(-0.7730049691985538,-0.6343999665781382,0));
#583=DIRECTION('',(0.7460327000251769,-0.6659093110125015,0));
#584=FACE_SURFACE('',(#589),#585,.T.);
#585=PLANE('',#586);
#586=AXIS2_PLACEMENT_3D('',#34,#587,#588);
#587=DIRECTION('',(0,0,1));
#588=DIRECTION('',(-0.7460327000251769,0.6659093110125015,0));
#589=FACE_BOUND('',#590,.T.);
#590=EDGE_LOOP('',(#591,#592,#593));
#591=ORIENTED_EDGE('',*,*,#594,.T.);
#592=ORIENTED_EDGE('',*,*,#595,.T.);
#593=ORIENTED_EDGE('',*,*,#596,.T.);
#594=EDGE_CURVE('',#35,#39,#597,.F.);
#595=EDGE_CURVE('',#39,#41,#598,.T.);
#596=EDGE_CURVE('',#41,#35,#599,.T.);
#597=LINE('',#34,#600);
#598=LINE('',#38,#601);
#599=LINE('',#40,#602);
#600=VECTOR('',#603,1.0);
#601=VECTOR('',#604,1.0);
#602=VECTOR('',#605,1.0);
#603=DIRECTION('',(-0.7460327000251769,0.6659093110125015,0));
#604=DIRECTION('',(-0.8819192393315626,-0.47140052534637483,0));
#605=DIRECTION('',(0.7798673150781275,-0.6259448624861719,0));
#606=FACE_SURFACE('',(#611),#607,.T.);
#607=PLANE('',#608);
#608=AXIS2_PLACEMENT_3D('',#42,#609,#610);
#609=DIRECTION('',(0,0,1));
#610=DIRECTION('',(-0.7730097492037787,0.6343941421828476,0));
#611=FACE_BOUND('',#612,.T.);
#612=EDGE_LOOP('',(#613,#614,#615));
#613=ORIENTED_EDGE('',*,*,#616,.T.);
#614=ORIENTED_EDGE('',*,*,#617,.T.);
#615=ORIENTED_EDGE('',*,*,#618,.T.);
#616=EDGE_CURVE('',#43,#45,#619,.F.);
#617=EDGE_CURVE('',#45,#47,#620,.T.);
#618=EDGE_CURVE('',#47,#43,#621,.T.);
#619=LINE('',#42,#622);
#620=LINE('',#44,#623);
#621=LINE('',#46,#624);
#622=VECTOR('',#625,1.0);
#623=VECTOR('',#626,1.0);
#624=VECTOR('',#627,1.0);
#625=DIRECTION('',(-0.7730097492037787,0.6343941421828476,0));
#626=DIRECTION('',(-0.7071142711726882,-0.7070992911210688,0));
#627=DIRECTION('',(0.746032255978652,0.6659098084871578,0));
#628=FACE_SURFACE('',(#633),#629,.T.);
#629=PLANE('',#630);
#630=AXIS2_PLACEMENT_3D('',#48,#631,#632);
#631=DIRECTION('',(0,0,1));
#632=DIRECTION('',(-0.8819165999880887,0.47140546312643583,0));
#633=FACE_BOUND('',#634,.T.);
#634=EDGE_LOOP('',(#635,#636,#637));
#635=ORIENTED_EDGE('',*,*,#638,.T.);
#636=ORIENTED_EDGE('',*,*,#639,.T.);
#637=ORIENTED_EDGE('',*,*,#640,.T.);
#638=EDGE_CURVE('',#49,#43,#641,.F.);
#639=EDGE_CURVE('',#43,#47,#642,.T.);
#640=EDGE_CURVE('',#47,#49,#643,.T.);
#641=LINE('',#48,#644);
#642=LINE('',#42,#645);
#643=LINE('',#46,#646);
#644=VECTOR('',#647,1.0);
#645=VECTOR('',#648,1.0);
#646=VECTOR('',#649,1.0);
#647=DIRECTION('',(-0.8819165999880887,0.47140546312643583,0));
#648=DIRECTION('',(-0.746032255978652,-0.6659098084871578,0));
#649=DIRECTION('',(0.7798665410497492,0.6259458268501356,0));
#650=FACE_SURFACE('',(#655),#651,.T.);
#651=PLANE('',#652);
#652=AXIS2_PLACEMENT_3D('',#34,#653,#654);
#653=DIRECTION('',(0,0,1));
#654=DIRECTION('',(-0.7798673150781275,0.6259448624861719,0));
#655=FACE_BOUND('',#656,.T.);
#656=EDGE_LOOP('',(#657,#658,#659));
#657=ORIENTED_EDGE('',*,*,#660,.T.);
#658=ORIENTED_EDGE('',*,*,#661,.T.);
#659=ORIENTED_EDGE('',*,*,#662,.T.);
#660=EDGE_CURVE('',#35,#41,#663,.F.);
#661=EDGE_CURVE('',#41,#51,#664,.T.);
#662=EDGE_CURVE('',#51,#35,#665,.T.);
#663=LINE('',#34,#666);
#664=LINE('',#40,#667);
#665=LINE('',#50,#668);
#666=VECTOR('',#669,1.0);
#667=VECTOR('',#670,1.0);
#668=VECTOR('',#671,1.0);
#669=DIRECTION('',(-0.7798673150781275,0.6259448624861719,0));
#670=DIRECTION('',(-0.9569490530878431,-0.2902559384306902,0));
#671=DIRECTION('',(0.8069868372602229,-0.590569423936545,0));
#672=FACE_SURFACE('',(#677),#673,.T.);
#673=PLANE('',#674);
#674=AXIS2_PLACEMENT_3D('',#34,#675,#676);
#675=DIRECTION('',(0,0,1));
#676=DIRECTION('',(-0.8069868372602229,0.590569423936545,0));
#677=FACE_BOUND('',#678,.T.);
#678=EDGE_LOOP('',(#679,#680,#681));
#679=ORIENTED_EDGE('',*,*,#682,.T.);
#680=ORIENTED_EDGE('',*,*,#683,.T.);
#681=ORIENTED_EDGE('',*,*,#684,.T.);
#682=EDGE_CURVE('',#35,#51,#685,.F.);
#683=EDGE_CURVE('',#51,#53,#686,.T.);
#684=EDGE_CURVE('',#53,#35,#687,.T.);
#685=LINE('',#34,#688);
#686=LINE('',#50,#689);
#687=LINE('',#52,#690);
#688=VECTOR('',#691,1.0);
#689=VECTOR('',#692,1.0);
#690=VECTOR('',#693,1.0);
#691=DIRECTION('',(-0.8069868372602229,0.590569423936545,0));
#692=DIRECTION('',(-0.9951833266875516,-0.09803135357169003,0));
#693=DIRECTION('',(0.8269329192850647,-0.5623005842097984,0));
#694=FACE_SURFACE('',(#699),#695,.T.);
#695=PLANE('',#696);
#696=AXIS2_PLACEMENT_3D('',#54,#697,#698);
#697=DIRECTION('',(0,0,1));
#698=DIRECTION('',(-0.9569348552447919,0.2903027433863298,0));
#699=FACE_BOUND('',#700,.T.);
#700=EDGE_LOOP('',(#701,#702,#703));
#701=ORIENTED_EDGE('',*,*,#704,.T.);
#702=ORIENTED_EDGE('',*,*,#705,.T.);
#703=ORIENTED_EDGE('',*,*,#706,.T.);
#704=EDGE_CURVE('',#55,#49,#707,.F.);
#705=EDGE_CURVE('',#49,#47,#708,.T.);
#706=EDGE_CURVE('',#47,#55,#709,.T.);
#707=LINE('',#54,#710);
#708=LINE('',#48,#711);
#709=LINE('',#46,#712);
#710=VECTOR('',#713,1.0);
#711=VECTOR('',#714,1.0);
#712=VECTOR('',#715,1.0);
#713=DIRECTION('',(-0.9569348552447919,0.2903027433863298,0));
#714=DIRECTION('',(-0.7798665410497492,-0.6259458268501356,0));
#715=DIRECTION('',(0.8069870609228706,0.5905691183113684,0));
#716=FACE_SURFACE('',(#721),#717,.T.);
#717=PLANE('',#718);
#718=AXIS2_PLACEMENT_3D('',#56,#719,#720);
#719=DIRECTION('',(0,0,1));
#720=DIRECTION('',(-0.9951902763953872,0.09796077668165401,0));
#721=FACE_BOUND('',#722,.T.);
#722=EDGE_LOOP('',(#723,#724,#725));
#723=ORIENTED_EDGE('',*,*,#726,.T.);
#724=ORIENTED_EDGE('',*,*,#727,.T.);
#725=ORIENTED_EDGE('',*,*,#728,.T.);
#726=EDGE_CURVE('',#57,#55,#729,.F.);
#727=EDGE_CURVE('',#55,#47,#730,.T.);
#728=EDGE_CURVE('',#47,#57,#731,.T.);
#729=LINE('',#56,#732);
#730=LINE('',#54,#733);
#731=LINE('',#46,#734);
#732=VECTOR('',#735,1.0);
#733=VECTOR('',#736,1.0);
#734=VECTOR('',#737,1.0);
#735=DIRECTION('',(-0.9951902763953872,0.09796077668165401,0));
#736=DIRECTION('',(-0.8069870609228706,-0.5905691183113684,0));
#737=DIRECTION('',(0.8269313951934628,0.5623028255694552,0));
#738=FACE_SURFACE('',(#743),#739,.T.);
#739=PLANE('',#740);
#740=AXIS2_PLACEMENT_3D('',#46,#741,#742);
#741=DIRECTION('',(3.7252902429507556E-08,5.4785024634405415E-08,0.9999999999999978));
#742=DIRECTION('',(0.9999999999999993,0,-3.725290242950761E-08));
#743=FACE_BOUND('',#744,.T.);
#744=EDGE_LOOP('',(#745,#746,#747));
#745=ORIENTED_EDGE('',*,*,#748,.T.);
#746=ORIENTED_EDGE('',*,*,#749,.T.);
#747=ORIENTED_EDGE('',*,*,#750,.T.);
#748=EDGE_CURVE('',#47,#35,#751,.F.);
#749=EDGE_CURVE('',#35,#53,#752,.T.);
#750=EDGE_CURVE('',#53,#47,#753,.T.);
#751=LINE('',#46,#754);
#752=LINE('',#34,#755);
#753=LINE('',#52,#756);
#754=VECTOR('',#757,1.0);
#755=VECTOR('',#758,1.0);
#756=VECTOR('',#759,1.0);
#757=DIRECTION('',(0.9999999999999993,0,-3.725290242950761E-08));
#758=DIRECTION('',(-0.8269329192850647,0.5623005842097984,0));
#759=DIRECTION('',(-0.9993602000511508,-0.03576577349537602,3.918849680645149E-08));
#760=FACE_SURFACE('',(#765),#761,.T.);
#761=PLANE('',#762);
#762=AXIS2_PLACEMENT_3D('',#46,#763,#764);
#763=DIRECTION('',(2.876358509467847E-08,2.91991857897154E-07,0.9999999999999568));
#764=DIRECTION('',(0.9993602000511508,0.03576577349537602,-3.918849680645149E-08));
#765=FACE_BOUND('',#766,.T.);
#766=EDGE_LOOP('',(#767,#768,#769));
#767=ORIENTED_EDGE('',*,*,#770,.T.);
#768=ORIENTED_EDGE('',*,*,#771,.T.);
#769=ORIENTED_EDGE('',*,*,#772,.T.);
#770=EDGE_CURVE('',#47,#53,#773,.F.);
#771=EDGE_CURVE('',#53,#59,#774,.T.);
#772=EDGE_CURVE('',#59,#47,#775,.T.);
#773=LINE('',#46,#776);
#774=LINE('',#52,#777);
#775=LINE('',#58,#778);
#776=VECTOR('',#779,1.0);
#777=VECTOR('',#780,1.0);
#778=VECTOR('',#781,1.0);
#779=DIRECTION('',(0.9993602000511508,0.03576577349537602,-3.918849680645149E-08));
#780=DIRECTION('',(-0.9951830984033126,0.09803367101349734,0));
#781=DIRECTION('',(-0.9993442888445763,-0.036207628391354635,3.9317057175104986E-08));
#782=FACE_SURFACE('',(#787),#783,.T.);
#783=PLANE('',#784);
#784=AXIS2_PLACEMENT_3D('',#60,#785,#786);
#785=DIRECTION('',(0,0,1));
#786=DIRECTION('',(-0.9951900484381406,-0.09796309248738255,0));
#787=FACE_BOUND('',#788,.T.);
#788=EDGE_LOOP('',(#789,#790,#791));
#789=ORIENTED_EDGE('',*,*,#792,.T.);
#790=ORIENTED_EDGE('',*,*,#793,.T.);
#791=ORIENTED_EDGE('',*,*,#794,.T.);
#792=EDGE_CURVE('',#61,#57,#795,.F.);
#793=EDGE_CURVE('',#57,#47,#796,.T.);
#794=EDGE_CURVE('',#47,#61,#797,.T.);
#795=LINE('',#60,#798);
#796=LINE('',#56,#799);
#797=LINE('',#46,#800);
#798=VECTOR('',#801,1.0);
#799=VECTOR('',#802,1.0);
#800=VECTOR('',#803,1.0);
#801=DIRECTION('',(-0.9951900484381406,-0.09796309248738255,0));
#802=DIRECTION('',(-0.8269313951934628,-0.5623028255694552,0));
#803=DIRECTION('',(0.8400462519129355,0.5425147874915752,0));
#804=FACE_SURFACE('',(#809),#805,.T.);
#805=PLANE('',#806);
#806=AXIS2_PLACEMENT_3D('',#62,#807,#808);
#807=DIRECTION('',(0,0,1));
#808=DIRECTION('',(-0.95693785797092,-0.2902928452132903,0));
#809=FACE_BOUND('',#810,.T.);
#810=EDGE_LOOP('',(#811,#812,#813));
#811=ORIENTED_EDGE('',*,*,#814,.T.);
#812=ORIENTED_EDGE('',*,*,#815,.T.);
#813=ORIENTED_EDGE('',*,*,#816,.T.);
#814=EDGE_CURVE('',#63,#61,#817,.F.);
#815=EDGE_CURVE('',#61,#47,#818,.T.);
#816=EDGE_CURVE('',#47,#63,#819,.T.);
#817=LINE('',#62,#820);
#818=LINE('',#60,#821);
#819=LINE('',#46,#822);
#820=VECTOR('',#823,1.0);
#821=VECTOR('',#824,1.0);
#822=VECTOR('',#825,1.0);
#823=DIRECTION('',(-0.95693785797092,-0.2902928452132903,0));
#824=DIRECTION('',(-0.8400462519129355,-0.5425147874915752,0));
#825=DIRECTION('',(0.8470451328593206,0.5315209712695594,0));
#826=FACE_SURFACE('',(#831),#827,.T.);
#827=PLANE('',#828);
#828=AXIS2_PLACEMENT_3D('',#46,#829,#830);
#829=DIRECTION('',(3.514475139948646E-08,1.1586924544793453E-07,0.9999999999999927));
#830=DIRECTION('',(0.9993442888445763,0.036207628391354635,-3.9317057175104986E-08));
#831=FACE_BOUND('',#832,.T.);
#832=EDGE_LOOP('',(#833,#834,#835));
#833=ORIENTED_EDGE('',*,*,#836,.T.);
#834=ORIENTED_EDGE('',*,*,#837,.T.);
#835=ORIENTED_EDGE('',*,*,#838,.T.);
#836=EDGE_CURVE('',#47,#59,#839,.F.);
#837=EDGE_CURVE('',#59,#65,#840,.T.);
#838=EDGE_CURVE('',#65,#47,#841,.T.);
#839=LINE('',#46,#842);
#840=LINE('',#58,#843);
#841=LINE('',#64,#844);
#842=VECTOR('',#845,1.0);
#843=VECTOR('',#846,1.0);
#844=VECTOR('',#847,1.0);
#845=DIRECTION('',(0.9993442888445763,0.036207628391354635,-3.9317057175104986E-08));
#846=DIRECTION('',(-0.9569490530878431,0.2902559384306902,0));
#847=DIRECTION('',(-0.9993046661738302,-0.037285173503797675,3.9440518985306716E-08));
#848=FACE_SURFACE('',(#853),#849,.T.);
#849=PLANE('',#850);
#850=AXIS2_PLACEMENT_3D('',#46,#851,#852);
#851=DIRECTION('',(3.689265754438025E-08,6.902245347985639E-08,0.9999999999999969));
#852=DIRECTION('',(0.9993046661738302,0.037285173503797675,-3.9440518985306716E-08));
#853=FACE_BOUND('',#854,.T.);
#854=EDGE_LOOP('',(#855,#856,#857));
#855=ORIENTED_EDGE('',*,*,#858,.T.);
#856=ORIENTED_EDGE('',*,*,#859,.T.);
#857=ORIENTED_EDGE('',*,*,#860,.T.);
#858=EDGE_CURVE('',#47,#65,#861,.F.);
#859=EDGE_CURVE('',#65,#67,#862,.T.);
#860=EDGE_CURVE('',#67,#47,#863,.T.);
#861=LINE('',#46,#864);
#862=LINE('',#64,#865);
#863=LINE('',#66,#866);
#864=VECTOR('',#867,1.0);
#865=VECTOR('',#868,1.0);
#866=VECTOR('',#869,1.0);
#867=DIRECTION('',(0.9993046661738302,0.037285173503797675,-3.9440518985306716E-08));
#868=DIRECTION('',(-0.8819245177697025,0.4713906500522448,0));
#869=DIRECTION('',(-0.9992406825477086,-0.03896226817817379,3.955391564844321E-08));
#870=FACE_SURFACE('',(#875),#871,.T.);
#871=PLANE('',#872);
#872=AXIS2_PLACEMENT_3D('',#68,#873,#874);
#873=DIRECTION('',(0,0,1));
#874=DIRECTION('',(-0.8819192393315626,-0.47140052534637483,0));
#875=FACE_BOUND('',#876,.T.);
#876=EDGE_LOOP('',(#877,#878,#879));
#877=ORIENTED_EDGE('',*,*,#880,.T.);
#878=ORIENTED_EDGE('',*,*,#881,.T.);
#879=ORIENTED_EDGE('',*,*,#882,.T.);
#880=EDGE_CURVE('',#69,#63,#883,.F.);
#881=EDGE_CURVE('',#63,#47,#884,.T.);
#882=EDGE_CURVE('',#47,#69,#885,.T.);
#883=LINE('',#68,#886);
#884=LINE('',#62,#887);
#885=LINE('',#46,#888);
#886=VECTOR('',#889,1.0);
#887=VECTOR('',#890,1.0);
#888=VECTOR('',#891,1.0);
#889=DIRECTION('',(-0.8819192393315626,-0.47140052534637483,0));
#890=DIRECTION('',(-0.8470451328593206,-0.5315209712695594,0));
#891=DIRECTION('',(0.8487098789733875,0.5288587158523324,0));
#892=FACE_SURFACE('',(#897),#893,.T.);
#893=PLANE('',#894);
#894=AXIS2_PLACEMENT_3D('',#68,#895,#896);
#895=DIRECTION('',(4.2226235688508093E-08,-6.776445637836865E-08,0.9999999999999968));
#896=DIRECTION('',(-0.8487098789733875,-0.5288587158523324,0));
#897=FACE_BOUND('',#898,.T.);
#898=EDGE_LOOP('',(#899,#900,#901));
#899=ORIENTED_EDGE('',*,*,#902,.T.);
#900=ORIENTED_EDGE('',*,*,#903,.T.);
#901=ORIENTED_EDGE('',*,*,#904,.T.);
#902=EDGE_CURVE('',#69,#47,#905,.F.);
#903=EDGE_CURVE('',#47,#67,#906,.T.);
#904=EDGE_CURVE('',#67,#69,#907,.T.);
#905=LINE('',#68,#908);
#906=LINE('',#46,#909);
#907=LINE('',#66,#910);
#908=VECTOR('',#911,1.0);
#909=VECTOR('',#912,1.0);
#910=VECTOR('',#913,1.0);
#911=DIRECTION('',(-0.8487098789733875,-0.5288587158523324,0));
#912=DIRECTION('',(0.9992406825477086,0.03896226817817379,-3.955391564844321E-08));
#913=DIRECTION('',(-0.9999999999999849,1.6890498853704927E-07,4.222624713426232E-08));
#914=FACE_SURFACE('',(#919),#915,.T.);
#915=PLANE('',#916);
#916=AXIS2_PLACEMENT_3D('',#68,#917,#918);
#917=DIRECTION('',(4.2226255824751285E-08,5.145193458827485E-08,0.9999999999999979));
#918=DIRECTION('',(0.9999999999999849,-1.6890498853704927E-07,-4.222624713426232E-08));
#919=FACE_BOUND('',#920,.T.);
#920=EDGE_LOOP('',(#921,#922,#923));
#921=ORIENTED_EDGE('',*,*,#924,.T.);
#922=ORIENTED_EDGE('',*,*,#925,.T.);
#923=ORIENTED_EDGE('',*,*,#926,.T.);
#924=EDGE_CURVE('',#69,#67,#927,.F.);
#925=EDGE_CURVE('',#67,#71,#928,.T.);
#926=EDGE_CURVE('',#71,#69,#929,.T.);
#927=LINE('',#68,#930);
#928=LINE('',#66,#931);
#929=LINE('',#70,#932);
#930=VECTOR('',#933,1.0);
#931=VECTOR('',#934,1.0);
#932=VECTOR('',#935,1.0);
#933=DIRECTION('',(0.9999999999999849,-1.6890498853704927E-07,-4.222624713426232E-08));
#934=DIRECTION('',(-0.7730049691985538,0.6343999665781382,0));
#935=DIRECTION('',(-0.9999974427755195,-0.002261513302997129,4.234250707727259E-08));
#936=FACE_SURFACE('',(#941),#937,.T.);
#937=PLANE('',#938);
#938=AXIS2_PLACEMENT_3D('',#72,#939,#940);
#939=DIRECTION('',(4.245961794636242E-08,-5.1736282143652445E-08,0.9999999999999979));
#940=DIRECTION('',(-0.7730049691985538,-0.6343999665781382,0));
#941=FACE_BOUND('',#942,.T.);
#942=EDGE_LOOP('',(#943,#944,#945));
#943=ORIENTED_EDGE('',*,*,#946,.T.);
#944=ORIENTED_EDGE('',*,*,#947,.T.);
#945=ORIENTED_EDGE('',*,*,#948,.T.);
#946=EDGE_CURVE('',#73,#69,#949,.F.);
#947=EDGE_CURVE('',#69,#71,#950,.T.);
#948=EDGE_CURVE('',#71,#73,#951,.T.);
#949=LINE('',#72,#952);
#950=LINE('',#68,#953);
#951=LINE('',#70,#954);
#952=VECTOR('',#955,1.0);
#953=VECTOR('',#956,1.0);
#954=VECTOR('',#957,1.0);
#955=DIRECTION('',(-0.7730049691985538,-0.6343999665781382,0));
#956=DIRECTION('',(0.9999974427755195,0.002261513302997129,-4.234250707727259E-08));
#957=DIRECTION('',(-0.9999999999999847,1.698385069326991E-07,4.2459626733174776E-08));
#958=FACE_SURFACE('',(#963),#959,.T.);
#959=PLANE('',#960);
#960=AXIS2_PLACEMENT_3D('',#72,#961,#962);
#961=DIRECTION('',(4.24596326510213E-08,3.484395874929093E-08,0.9999999999999986));
#962=DIRECTION('',(0.9999999999999847,-1.698385069326991E-07,-4.2459626733174776E-08));
#963=FACE_BOUND('',#964,.T.);
#964=EDGE_LOOP('',(#965,#966,#967));
#965=ORIENTED_EDGE('',*,*,#968,.T.);
#966=ORIENTED_EDGE('',*,*,#969,.T.);
#967=ORIENTED_EDGE('',*,*,#970,.T.);
#968=EDGE_CURVE('',#73,#71,#971,.F.);
#969=EDGE_CURVE('',#71,#75,#972,.T.);
#970=EDGE_CURVE('',#75,#73,#973,.T.);
#971=LINE('',#72,#974);
#972=LINE('',#70,#975);
#973=LINE('',#74,#976);
#974=VECTOR('',#977,1.0);
#975=VECTOR('',#978,1.0);
#976=VECTOR('',#979,1.0);
#977=DIRECTION('',(0.9999999999999847,-1.698385069326991E-07,-4.2459626733174776E-08));
#978=DIRECTION('',(-0.6343741235185938,0.7730261777003519,0));
#979=DIRECTION('',(-0.9999961645731835,-0.00276962793903867,4.255597460186641E-08));
#980=FACE_SURFACE('',(#985),#981,.T.);
#981=PLANE('',#982);
#982=AXIS2_PLACEMENT_3D('',#76,#983,#984);
#983=DIRECTION('',(4.2653086319489815E-08,-3.500402471605613E-08,0.9999999999999986));
#984=DIRECTION('',(-0.6343883178584885,-0.7730145290773501,0));
#985=FACE_BOUND('',#986,.T.);
#986=EDGE_LOOP('',(#987,#988,#989));
#987=ORIENTED_EDGE('',*,*,#990,.T.);
#988=ORIENTED_EDGE('',*,*,#991,.T.);
#989=ORIENTED_EDGE('',*,*,#992,.T.);
#990=EDGE_CURVE('',#77,#73,#993,.F.);
#991=EDGE_CURVE('',#73,#75,#994,.T.);
#992=EDGE_CURVE('',#75,#77,#995,.T.);
#993=LINE('',#76,#996);
#994=LINE('',#72,#997);
#995=LINE('',#74,#998);
#996=VECTOR('',#999,1.0);
#997=VECTOR('',#1000,1.0);
#998=VECTOR('',#1001,1.0);
#999=DIRECTION('',(-0.6343883178584885,-0.7730145290773501,0));
#1000=DIRECTION('',(0.9999961645731835,0.00276962793903867,-4.255597460186641E-08));
#1001=DIRECTION('',(-0.9999999999999846,1.7061236916643523E-07,4.265309229160881E-08));
#1002=FACE_SURFACE('',(#1007),#1003,.T.);
#1003=PLANE('',#1004);
#1004=AXIS2_PLACEMENT_3D('',#76,#1005,#1006);
#1005=DIRECTION('',(4.265309618145631E-08,2.279932522132035E-08,0.9999999999999989));
#1006=DIRECTION('',(0.9999999999999846,-1.7061236916643523E-07,-4.265309229160881E-08));
#1007=FACE_BOUND('',#1008,.T.);
#1008=EDGE_LOOP('',(#1009,#1010,#1011));
#1009=ORIENTED_EDGE('',*,*,#1012,.T.);
#1010=ORIENTED_EDGE('',*,*,#1013,.T.);
#1011=ORIENTED_EDGE('',*,*,#1014,.T.);
#1012=EDGE_CURVE('',#77,#75,#1015,.F.);
#1013=EDGE_CURVE('',#75,#79,#1016,.T.);
#1014=EDGE_CURVE('',#79,#77,#1017,.T.);
#1015=LINE('',#76,#1018);
#1016=LINE('',#74,#1019);
#1017=LINE('',#78,#1020);
#1018=VECTOR('',#1021,1.0);
#1019=VECTOR('',#1022,1.0);
#1020=VECTOR('',#1023,1.0);
#1021=DIRECTION('',(0.9999999999999846,-1.7061236916643523E-07,-4.265309229160881E-08));
#1022=DIRECTION('',(-0.471409125092743,0.8819146425699568,0));
#1023=DIRECTION('',(-0.9999949678238084,-0.0031724323568217963,4.2725210860607075E-08));
#1024=FACE_SURFACE('',(#1029),#1025,.T.);
#1025=PLANE('',#1026);
#1026=AXIS2_PLACEMENT_3D('',#80,#1027,#1028);
#1027=DIRECTION('',(4.2797997605515696E-08,-2.2875626548197023E-08,0.9999999999999989));
#1028=DIRECTION('',(-0.4713906500522448,-0.8819245177697025,0));
#1029=FACE_BOUND('',#1030,.T.);
#1030=EDGE_LOOP('',(#1031,#1032,#1033));
#1031=ORIENTED_EDGE('',*,*,#1034,.T.);
#1032=ORIENTED_EDGE('',*,*,#1035,.T.);
#1033=ORIENTED_EDGE('',*,*,#1036,.T.);
#1034=EDGE_CURVE('',#81,#77,#1037,.F.);
#1035=EDGE_CURVE('',#77,#79,#1038,.T.);
#1036=EDGE_CURVE('',#79,#81,#1039,.T.);
#1037=LINE('',#80,#1040);
#1038=LINE('',#76,#1041);
#1039=LINE('',#78,#1042);
#1040=VECTOR('',#1043,1.0);
#1041=VECTOR('',#1044,1.0);
#1042=VECTOR('',#1045,1.0);
#1043=DIRECTION('',(-0.4713906500522448,-0.8819245177697025,0));
#1044=DIRECTION('',(0.9999949678238084,0.0031724323568217963,-4.2725210860607075E-08));
#1045=DIRECTION('',(-0.9999999999999843,1.711920060865579E-07,4.279800152163948E-08));
#1046=FACE_SURFACE('',(#1051),#1047,.T.);
#1047=PLANE('',#1048);
#1048=AXIS2_PLACEMENT_3D('',#82,#1049,#1050);
#1049=DIRECTION('',(4.2918102001315264E-08,4.226557721493825E-09,0.999999999999999));
#1050=DIRECTION('',(-0.09800551131851819,0.9951858719612109,0));
#1051=FACE_BOUND('',#1052,.T.);
#1052=EDGE_LOOP('',(#1053,#1054,#1055));
#1053=ORIENTED_EDGE('',*,*,#1056,.T.);
#1054=ORIENTED_EDGE('',*,*,#1057,.T.);
#1055=ORIENTED_EDGE('',*,*,#1058,.T.);
#1056=EDGE_CURVE('',#83,#85,#1059,.F.);
#1057=EDGE_CURVE('',#85,#87,#1060,.T.);
#1058=EDGE_CURVE('',#87,#83,#1061,.T.);
#1059=LINE('',#82,#1062);
#1060=LINE('',#84,#1063);
#1061=LINE('',#86,#1064);
#1062=VECTOR('',#1065,1.0);
#1063=VECTOR('',#1066,1.0);
#1064=VECTOR('',#1067,1.0);
#1065=DIRECTION('',(-0.09800551131851819,0.9951858719612109,0));
#1066=DIRECTION('',(-0.9999999999999843,1.7167240510292521E-07,4.2918101275731303E-08));
#1067=DIRECTION('',(0.9999935374110055,-0.003595154547766785,-4.290262951104782E-08));
#1068=FACE_SURFACE('',(#1073),#1069,.T.);
#1069=PLANE('',#1070);
#1070=AXIS2_PLACEMENT_3D('',#80,#1071,#1072);
#1071=DIRECTION('',(4.279800374421494E-08,1.2982935872559306E-08,0.999999999999999));
#1072=DIRECTION('',(0.9999999999999843,-1.711920060865579E-07,-4.279800152163948E-08));
#1073=FACE_BOUND('',#1074,.T.);
#1074=EDGE_LOOP('',(#1075,#1076,#1077));
#1075=ORIENTED_EDGE('',*,*,#1078,.T.);
#1076=ORIENTED_EDGE('',*,*,#1079,.T.);
#1077=ORIENTED_EDGE('',*,*,#1080,.T.);
#1078=EDGE_CURVE('',#81,#79,#1081,.F.);
#1079=EDGE_CURVE('',#79,#83,#1082,.T.);
#1080=EDGE_CURVE('',#83,#81,#1083,.T.);
#1081=LINE('',#80,#1084);
#1082=LINE('',#78,#1085);
#1083=LINE('',#82,#1086);
#1084=VECTOR('',#1087,1.0);
#1085=VECTOR('',#1088,1.0);
#1086=VECTOR('',#1089,1.0);
#1087=DIRECTION('',(0.9999999999999843,-1.711920060865579E-07,-4.279800152163948E-08));
#1088=DIRECTION('',(-0.29029088887483345,0.9569384514357541,0));
#1089=DIRECTION('',(-0.9999940436173853,-0.0034514822539237827,4.284255919569751E-08));
#1090=FACE_SURFACE('',(#1095),#1091,.T.);
#1091=PLANE('',#1092);
#1092=AXIS2_PLACEMENT_3D('',#82,#1093,#1094);
#1093=DIRECTION('',(4.2887722304469524E-08,-4.223565940956185E-09,0.9999999999999991));
#1094=DIRECTION('',(-0.9999935374110055,0.003595154547766785,4.290262951104782E-08));
#1095=FACE_BOUND('',#1096,.T.);
#1096=EDGE_LOOP('',(#1097,#1098,#1099));
#1097=ORIENTED_EDGE('',*,*,#1100,.T.);
#1098=ORIENTED_EDGE('',*,*,#1101,.T.);
#1099=ORIENTED_EDGE('',*,*,#1102,.T.);
#1100=EDGE_CURVE('',#83,#87,#1103,.F.);
#1101=EDGE_CURVE('',#87,#89,#1104,.T.);
#1102=EDGE_CURVE('',#89,#83,#1105,.T.);
#1103=LINE('',#82,#1106);
#1104=LINE('',#86,#1107);
#1105=LINE('',#88,#1108);
#1106=VECTOR('',#1109,1.0);
#1107=VECTOR('',#1110,1.0);
#1108=VECTOR('',#1111,1.0);
#1109=DIRECTION('',(-0.9999935374110055,0.003595154547766785,4.290262951104782E-08));
#1110=DIRECTION('',(-0.09800551131851819,-0.9951858719612109,0));
#1111=DIRECTION('',(0.9999999999999843,-1.715508921161016E-07,-4.28877230290254E-08));
#1112=FACE_SURFACE('',(#1117),#1113,.T.);
#1113=PLANE('',#1114);
#1114=AXIS2_PLACEMENT_3D('',#82,#1115,#1116);
#1115=DIRECTION('',(4.288772079703154E-08,-1.3010684209222847E-08,0.999999999999999));
#1116=DIRECTION('',(-0.9999999999999843,1.715508921161016E-07,4.28877230290254E-08));
#1117=FACE_BOUND('',#1118,.T.);
#1118=EDGE_LOOP('',(#1119,#1120,#1121));
#1119=ORIENTED_EDGE('',*,*,#1122,.T.);
#1120=ORIENTED_EDGE('',*,*,#1123,.T.);
#1121=ORIENTED_EDGE('',*,*,#1124,.T.);
#1122=EDGE_CURVE('',#83,#89,#1125,.F.);
#1123=EDGE_CURVE('',#89,#81,#1126,.T.);
#1124=EDGE_CURVE('',#81,#83,#1127,.T.);
#1125=LINE('',#82,#1128);
#1126=LINE('',#88,#1129);
#1127=LINE('',#80,#1130);
#1128=VECTOR('',#1131,1.0);
#1129=VECTOR('',#1132,1.0);
#1130=VECTOR('',#1133,1.0);
#1131=DIRECTION('',(-0.9999999999999843,1.715508921161016E-07,4.28877230290254E-08));
#1132=DIRECTION('',(-0.2903017655953367,-0.9569351518740599,0));
#1133=DIRECTION('',(0.9999940436173853,0.0034514822539237827,-4.284255919569751E-08));
#1134=FACE_SURFACE('',(#1139),#1135,.T.);
#1135=PLANE('',#1136);
#1136=AXIS2_PLACEMENT_3D('',#90,#1137,#1138);
#1137=DIRECTION('',(0,0,1));
#1138=DIRECTION('',(-0.6343883178584885,-0.7730145290773501,0));
#1139=FACE_BOUND('',#1140,.T.);
#1140=EDGE_LOOP('',(#1141,#1142,#1143));
#1141=ORIENTED_EDGE('',*,*,#1144,.T.);
#1142=ORIENTED_EDGE('',*,*,#1145,.T.);
#1143=ORIENTED_EDGE('',*,*,#1146,.T.);
#1144=EDGE_CURVE('',#91,#37,#1147,.F.);
#1145=EDGE_CURVE('',#37,#35,#1148,.T.);
#1146=EDGE_CURVE('',#35,#91,#1149,.T.);
#1147=LINE('',#90,#1150);
#1148=LINE('',#36,#1151);
#1149=LINE('',#34,#1152);
#1150=VECTOR('',#1153,1.0);
#1151=VECTOR('',#1154,1.0);
#1152=VECTOR('',#1155,1.0);
#1153=DIRECTION('',(-0.6343883178584885,-0.7730145290773501,0));
#1154=DIRECTION('',(0.7071149521001895,-0.7070986101784862,0));
#1155=DIRECTION('',(-0.665925729341619,0.7460180446884866,0));
#1156=FACE_SURFACE('',(#1161),#1157,.T.);
#1157=PLANE('',#1158);
#1158=AXIS2_PLACEMENT_3D('',#92,#1159,#1160);
#1159=DIRECTION('',(0,0,1));
#1160=DIRECTION('',(-0.7071067811865476,-0.7071067811865476,0));
#1161=FACE_BOUND('',#1162,.T.);
#1162=EDGE_LOOP('',(#1163,#1164,#1165));
#1163=ORIENTED_EDGE('',*,*,#1166,.T.);
#1164=ORIENTED_EDGE('',*,*,#1167,.T.);
#1165=ORIENTED_EDGE('',*,*,#1168,.T.);
#1166=EDGE_CURVE('',#93,#95,#1169,.F.);
#1167=EDGE_CURVE('',#95,#97,#1170,.T.);
#1168=EDGE_CURVE('',#97,#93,#1171,.T.);
#1169=LINE('',#92,#1172);
#1170=LINE('',#94,#1173);
#1171=LINE('',#96,#1174);
#1172=VECTOR('',#1175,1.0);
#1173=VECTOR('',#1176,1.0);
#1174=VECTOR('',#1177,1.0);
#1175=DIRECTION('',(-0.7071067811865476,-0.7071067811865476,0));
#1176=DIRECTION('',(0.6343857723286809,-0.7730166181052922,0));
#1177=DIRECTION('',(0.6659190125333234,0.7460240403275511,0));
#1178=FACE_SURFACE('',(#1183),#1179,.T.);
#1179=PLANE('',#1180);
#1180=AXIS2_PLACEMENT_3D('',#92,#1181,#1182);
#1181=DIRECTION('',(0,0,1));
#1182=DIRECTION('',(-0.6659190125333234,-0.7460240403275511,0));
#1183=FACE_BOUND('',#1184,.T.);
#1184=EDGE_LOOP('',(#1185,#1186,#1187));
#1185=ORIENTED_EDGE('',*,*,#1188,.T.);
#1186=ORIENTED_EDGE('',*,*,#1189,.T.);
#1187=ORIENTED_EDGE('',*,*,#1190,.T.);
#1188=EDGE_CURVE('',#93,#97,#1191,.F.);
#1189=EDGE_CURVE('',#97,#99,#1192,.T.);
#1190=EDGE_CURVE('',#99,#93,#1193,.T.);
#1191=LINE('',#92,#1194);
#1192=LINE('',#96,#1195);
#1193=LINE('',#98,#1196);
#1194=VECTOR('',#1197,1.0);
#1195=VECTOR('',#1198,1.0);
#1196=VECTOR('',#1199,1.0);
#1197=DIRECTION('',(-0.6659190125333234,-0.7460240403275511,0));
#1198=DIRECTION('',(0.471409125092743,-0.8819146425699568,0));
#1199=DIRECTION('',(0.6259537218127456,0.7798602042345615,0));
#1200=FACE_SURFACE('',(#1205),#1201,.T.);
#1201=PLANE('',#1202);
#1202=AXIS2_PLACEMENT_3D('',#100,#1203,#1204);
#1203=DIRECTION('',(0,0,1));
#1204=DIRECTION('',(-0.4713906500522448,-0.8819245177697025,0));
#1205=FACE_BOUND('',#1206,.T.);
#1206=EDGE_LOOP('',(#1207,#1208,#1209));
#1207=ORIENTED_EDGE('',*,*,#1210,.T.);
#1208=ORIENTED_EDGE('',*,*,#1211,.T.);
#1209=ORIENTED_EDGE('',*,*,#1212,.T.);
#1210=EDGE_CURVE('',#101,#91,#1213,.F.);
#1211=EDGE_CURVE('',#91,#35,#1214,.T.);
#1212=EDGE_CURVE('',#35,#101,#1215,.T.);
#1213=LINE('',#100,#1216);
#1214=LINE('',#90,#1217);
#1215=LINE('',#34,#1218);
#1216=VECTOR('',#1219,1.0);
#1217=VECTOR('',#1220,1.0);
#1218=VECTOR('',#1221,1.0);
#1219=DIRECTION('',(-0.4713906500522448,-0.8819245177697025,0));
#1220=DIRECTION('',(0.665925729341619,-0.7460180446884866,0));
#1221=DIRECTION('',(-0.6259609916269541,0.7798543690724572,0));
#1222=FACE_SURFACE('',(#1227),#1223,.T.);
#1223=PLANE('',#1224);
#1224=AXIS2_PLACEMENT_3D('',#102,#1225,#1226);
#1225=DIRECTION('',(0,0,1));
#1226=DIRECTION('',(-0.29029088887483345,-0.9569384514357541,0));
#1227=FACE_BOUND('',#1228,.T.);
#1228=EDGE_LOOP('',(#1229,#1230,#1231));
#1229=ORIENTED_EDGE('',*,*,#1232,.T.);
#1230=ORIENTED_EDGE('',*,*,#1233,.T.);
#1231=ORIENTED_EDGE('',*,*,#1234,.T.);
#1232=EDGE_CURVE('',#103,#101,#1235,.F.);
#1233=EDGE_CURVE('',#101,#35,#1236,.T.);
#1234=EDGE_CURVE('',#35,#103,#1237,.T.);
#1235=LINE('',#102,#1238);
#1236=LINE('',#100,#1239);
#1237=LINE('',#34,#1240);
#1238=VECTOR('',#1241,1.0);
#1239=VECTOR('',#1242,1.0);
#1240=VECTOR('',#1243,1.0);
#1241=DIRECTION('',(-0.29029088887483345,-0.9569384514357541,0));
#1242=DIRECTION('',(0.6259609916269541,-0.7798543690724572,0));
#1243=DIRECTION('',(-0.5905859466012768,0.8069747453774955,0));
#1244=FACE_SURFACE('',(#1249),#1245,.T.);
#1245=PLANE('',#1246);
#1246=AXIS2_PLACEMENT_3D('',#92,#1247,#1248);
#1247=DIRECTION('',(0,0,1));
#1248=DIRECTION('',(-0.6259537218127456,-0.7798602042345615,0));
#1249=FACE_BOUND('',#1250,.T.);
#1250=EDGE_LOOP('',(#1251,#1252,#1253));
#1251=ORIENTED_EDGE('',*,*,#1254,.T.);
#1252=ORIENTED_EDGE('',*,*,#1255,.T.);
#1253=ORIENTED_EDGE('',*,*,#1256,.T.);
#1254=EDGE_CURVE('',#93,#99,#1257,.F.);
#1255=EDGE_CURVE('',#99,#105,#1258,.T.);
#1256=EDGE_CURVE('',#105,#93,#1259,.T.);
#1257=LINE('',#92,#1260);
#1258=LINE('',#98,#1261);
#1259=LINE('',#104,#1262);
#1260=VECTOR('',#1263,1.0);
#1261=VECTOR('',#1264,1.0);
#1262=VECTOR('',#1265,1.0);
#1263=DIRECTION('',(-0.6259537218127456,-0.7798602042345615,0));
#1264=DIRECTION('',(0.29027769140221843,-0.9569424548394738,0));
#1265=DIRECTION('',(0.590577776308879,0.8069807247574502,0));
#1266=FACE_SURFACE('',(#1271),#1267,.T.);
#1267=PLANE('',#1268);
#1268=AXIS2_PLACEMENT_3D('',#92,#1269,#1270);
#1269=DIRECTION('',(0,0,1));
#1270=DIRECTION('',(-0.590577776308879,-0.8069807247574502,0));
#1271=FACE_BOUND('',#1272,.T.);
#1272=EDGE_LOOP('',(#1273,#1274,#1275));
#1273=ORIENTED_EDGE('',*,*,#1276,.T.);
#1274=ORIENTED_EDGE('',*,*,#1277,.T.);
#1275=ORIENTED_EDGE('',*,*,#1278,.T.);
#1276=EDGE_CURVE('',#93,#105,#1279,.F.);
#1277=EDGE_CURVE('',#105,#107,#1280,.T.);
#1278=EDGE_CURVE('',#107,#93,#1281,.T.);
#1279=LINE('',#92,#1282);
#1280=LINE('',#104,#1283);
#1281=LINE('',#106,#1284);
#1282=VECTOR('',#1285,1.0);
#1283=VECTOR('',#1286,1.0);
#1284=VECTOR('',#1287,1.0);
#1285=DIRECTION('',(-0.590577776308879,-0.8069807247574502,0));
#1286=DIRECTION('',(0.09801014500243065,-0.9951854156269587,0));
#1287=DIRECTION('',(0.5623104258542927,0.8269262270454143,0));
#1288=FACE_SURFACE('',(#1293),#1289,.T.);
#1289=PLANE('',#1290);
#1290=AXIS2_PLACEMENT_3D('',#108,#1291,#1292);
#1291=DIRECTION('',(0,0,1));
#1292=DIRECTION('',(-0.09800551131851819,-0.9951858719612109,0));
#1293=FACE_BOUND('',#1294,.T.);
#1294=EDGE_LOOP('',(#1295,#1296,#1297));
#1295=ORIENTED_EDGE('',*,*,#1298,.T.);
#1296=ORIENTED_EDGE('',*,*,#1299,.T.);
#1297=ORIENTED_EDGE('',*,*,#1300,.T.);
#1298=EDGE_CURVE('',#109,#103,#1301,.F.);
#1299=EDGE_CURVE('',#103,#35,#1302,.T.);
#1300=EDGE_CURVE('',#35,#109,#1303,.T.);
#1301=LINE('',#108,#1304);
#1302=LINE('',#102,#1305);
#1303=LINE('',#34,#1306);
#1304=VECTOR('',#1307,1.0);
#1305=VECTOR('',#1308,1.0);
#1306=VECTOR('',#1309,1.0);
#1307=DIRECTION('',(-0.09800551131851819,-0.9951858719612109,0));
#1308=DIRECTION('',(0.5905859466012768,-0.8069747453774955,0));
#1309=DIRECTION('',(-0.5623169981656648,0.8269217578307851,0));
#1310=FACE_SURFACE('',(#1315),#1311,.T.);
#1311=PLANE('',#1312);
#1312=AXIS2_PLACEMENT_3D('',#110,#1313,#1314);
#1313=DIRECTION('',(0,0,1));
#1314=DIRECTION('',(0.09800782810597135,-0.9951856438021754,0));
#1315=FACE_BOUND('',#1316,.T.);
#1316=EDGE_LOOP('',(#1317,#1318,#1319));
#1317=ORIENTED_EDGE('',*,*,#1320,.T.);
#1318=ORIENTED_EDGE('',*,*,#1321,.T.);
#1319=ORIENTED_EDGE('',*,*,#1322,.T.);
#1320=EDGE_CURVE('',#111,#109,#1323,.F.);
#1321=EDGE_CURVE('',#109,#35,#1324,.T.);
#1322=EDGE_CURVE('',#35,#111,#1325,.T.);
#1323=LINE('',#110,#1326);
#1324=LINE('',#108,#1327);
#1325=LINE('',#34,#1328);
#1326=VECTOR('',#1329,1.0);
#1327=VECTOR('',#1330,1.0);
#1328=VECTOR('',#1331,1.0);
#1329=DIRECTION('',(0.09800782810597135,-0.9951856438021754,0));
#1330=DIRECTION('',(0.5623169981656648,-0.8269217578307851,0));
#1331=DIRECTION('',(-0.5425295712743475,0.8400367041343328,0));
#1332=FACE_SURFACE('',(#1337),#1333,.T.);
#1333=PLANE('',#1334);
#1334=AXIS2_PLACEMENT_3D('',#34,#1335,#1336);
#1335=DIRECTION('',(0,-0,1));
#1336=DIRECTION('',(4.3826944226794926E-08,0.999999999999999,0));
#1337=FACE_BOUND('',#1338,.T.);
#1338=EDGE_LOOP('',(#1339,#1340,#1341));
#1339=ORIENTED_EDGE('',*,*,#1342,.T.);
#1340=ORIENTED_EDGE('',*,*,#1343,.T.);
#1341=ORIENTED_EDGE('',*,*,#1344,.T.);
#1342=EDGE_CURVE('',#35,#93,#1345,.F.);
#1343=EDGE_CURVE('',#93,#107,#1346,.T.);
#1344=EDGE_CURVE('',#107,#35,#1347,.T.);
#1345=LINE('',#34,#1348);
#1346=LINE('',#92,#1349);
#1347=LINE('',#106,#1350);
#1348=VECTOR('',#1351,1.0);
#1349=VECTOR('',#1352,1.0);
#1350=VECTOR('',#1353,1.0);
#1351=DIRECTION('',(4.3826944226794926E-08,0.999999999999999,0));
#1352=DIRECTION('',(-0.5623104258542927,-0.8269262270454143,0));
#1353=DIRECTION('',(0.020601674924621147,-0.9997877629728723,0));
#1354=FACE_SURFACE('',(#1359),#1355,.T.);
#1355=PLANE('',#1356);
#1356=AXIS2_PLACEMENT_3D('',#34,#1357,#1358);
#1357=DIRECTION('',(0,0,1));
#1358=DIRECTION('',(-0.020601674924621147,0.9997877629728723,0));
#1359=FACE_BOUND('',#1360,.T.);
#1360=EDGE_LOOP('',(#1361,#1362,#1363));
#1361=ORIENTED_EDGE('',*,*,#1364,.T.);
#1362=ORIENTED_EDGE('',*,*,#1365,.T.);
#1363=ORIENTED_EDGE('',*,*,#1366,.T.);
#1364=EDGE_CURVE('',#35,#107,#1367,.F.);
#1365=EDGE_CURVE('',#107,#113,#1368,.T.);
#1366=EDGE_CURVE('',#113,#35,#1369,.T.);
#1367=LINE('',#34,#1370);
#1368=LINE('',#106,#1371);
#1369=LINE('',#112,#1372);
#1370=VECTOR('',#1373,1.0);
#1371=VECTOR('',#1374,1.0);
#1372=VECTOR('',#1375,1.0);
#1373=DIRECTION('',(-0.020601674924621147,0.9997877629728723,0));
#1374=DIRECTION('',(-0.09800782810597135,-0.9951856438021754,0));
#1375=DIRECTION('',(0.020827249186429884,-0.9997830893205417,0));
#1376=FACE_SURFACE('',(#1381),#1377,.T.);
#1377=PLANE('',#1378);
#1378=AXIS2_PLACEMENT_3D('',#114,#1379,#1380);
#1379=DIRECTION('',(0,0,1));
#1380=DIRECTION('',(0.2902842899954251,-0.9569404532058678,0));
#1381=FACE_BOUND('',#1382,.T.);
#1382=EDGE_LOOP('',(#1383,#1384,#1385));
#1383=ORIENTED_EDGE('',*,*,#1386,.T.);
#1384=ORIENTED_EDGE('',*,*,#1387,.T.);
#1385=ORIENTED_EDGE('',*,*,#1388,.T.);
#1386=EDGE_CURVE('',#115,#111,#1389,.F.);
#1387=EDGE_CURVE('',#111,#35,#1390,.T.);
#1388=EDGE_CURVE('',#35,#115,#1391,.T.);
#1389=LINE('',#114,#1392);
#1390=LINE('',#110,#1393);
#1391=LINE('',#34,#1394);
#1392=VECTOR('',#1395,1.0);
#1393=VECTOR('',#1396,1.0);
#1394=VECTOR('',#1397,1.0);
#1395=DIRECTION('',(0.2902842899954251,-0.9569404532058678,0));
#1396=DIRECTION('',(0.5425295712743475,-0.8400367041343328,0));
#1397=DIRECTION('',(-0.5315353676913022,0.8470360989316053,0));
#1398=FACE_SURFACE('',(#1403),#1399,.T.);
#1399=PLANE('',#1400);
#1400=AXIS2_PLACEMENT_3D('',#116,#1401,#1402);
#1401=DIRECTION('',(0,0,1));
#1402=DIRECTION('',(0.4713906500522448,-0.8819245177697025,0));
#1403=FACE_BOUND('',#1404,.T.);
#1404=EDGE_LOOP('',(#1405,#1406,#1407));
#1405=ORIENTED_EDGE('',*,*,#1408,.T.);
#1406=ORIENTED_EDGE('',*,*,#1409,.T.);
#1407=ORIENTED_EDGE('',*,*,#1410,.T.);
#1408=EDGE_CURVE('',#117,#115,#1411,.F.);
#1409=EDGE_CURVE('',#115,#35,#1412,.T.);
#1410=EDGE_CURVE('',#35,#117,#1413,.T.);
#1411=LINE('',#116,#1414);
#1412=LINE('',#114,#1415);
#1413=LINE('',#34,#1416);
#1414=VECTOR('',#1417,1.0);
#1415=VECTOR('',#1418,1.0);
#1416=VECTOR('',#1419,1.0);
#1417=DIRECTION('',(0.4713906500522448,-0.8819245177697025,0));
#1418=DIRECTION('',(0.5315353676913022,-0.8470360989316053,0));
#1419=DIRECTION('',(-0.5288719928948098,0.8487016054724253,0));
#1420=FACE_SURFACE('',(#1425),#1421,.T.);
#1421=PLANE('',#1422);
#1422=AXIS2_PLACEMENT_3D('',#34,#1423,#1424);
#1423=DIRECTION('',(0,0,1));
#1424=DIRECTION('',(-0.020827249186429884,0.9997830893205417,0));
#1425=FACE_BOUND('',#1426,.T.);
#1426=EDGE_LOOP('',(#1427,#1428,#1429));
#1427=ORIENTED_EDGE('',*,*,#1430,.T.);
#1428=ORIENTED_EDGE('',*,*,#1431,.T.);
#1429=ORIENTED_EDGE('',*,*,#1432,.T.);
#1430=EDGE_CURVE('',#35,#113,#1433,.F.);
#1431=EDGE_CURVE('',#113,#119,#1434,.T.);
#1432=EDGE_CURVE('',#119,#35,#1435,.T.);
#1433=LINE('',#34,#1436);
#1434=LINE('',#112,#1437);
#1435=LINE('',#118,#1438);
#1436=VECTOR('',#1439,1.0);
#1437=VECTOR('',#1440,1.0);
#1438=VECTOR('',#1441,1.0);
#1439=DIRECTION('',(-0.020827249186429884,0.9997830893205417,0));
#1440=DIRECTION('',(-0.2902842899954251,-0.9569404532058678,0));
#1441=DIRECTION('',(0.02141873749446316,-0.9997705925281775,0));
#1442=FACE_SURFACE('',(#1447),#1443,.T.);
#1443=PLANE('',#1444);
#1444=AXIS2_PLACEMENT_3D('',#34,#1445,#1446);
#1445=DIRECTION('',(0,0,1));
#1446=DIRECTION('',(-0.02141873749446316,0.9997705925281775,0));
#1447=FACE_BOUND('',#1448,.T.);
#1448=EDGE_LOOP('',(#1449,#1450,#1451));
#1449=ORIENTED_EDGE('',*,*,#1452,.T.);
#1450=ORIENTED_EDGE('',*,*,#1453,.T.);
#1451=ORIENTED_EDGE('',*,*,#1454,.T.);
#1452=EDGE_CURVE('',#35,#119,#1455,.F.);
#1453=EDGE_CURVE('',#119,#121,#1456,.T.);
#1454=EDGE_CURVE('',#121,#35,#1457,.T.);
#1455=LINE('',#34,#1458);
#1456=LINE('',#118,#1459);
#1457=LINE('',#120,#1460);
#1458=VECTOR('',#1461,1.0);
#1459=VECTOR('',#1462,1.0);
#1460=VECTOR('',#1463,1.0);
#1461=DIRECTION('',(-0.02141873749446316,0.9997705925281775,0));
#1462=DIRECTION('',(-0.471409125092743,-0.8819146425699568,0));
#1463=DIRECTION('',(0.02235517656755785,-0.9997500918132657,0));
#1464=FACE_SURFACE('',(#1469),#1465,.T.);
#1465=PLANE('',#1466);
#1466=AXIS2_PLACEMENT_3D('',#116,#1467,#1468);
#1467=DIRECTION('',(-0,0,1));
#1468=DIRECTION('',(0.5288719928948098,-0.8487016054724253,0));
#1469=FACE_BOUND('',#1470,.T.);
#1470=EDGE_LOOP('',(#1471,#1472,#1473));
#1471=ORIENTED_EDGE('',*,*,#1474,.T.);
#1472=ORIENTED_EDGE('',*,*,#1475,.T.);
#1473=ORIENTED_EDGE('',*,*,#1476,.T.);
#1474=EDGE_CURVE('',#117,#35,#1477,.F.);
#1475=EDGE_CURVE('',#35,#121,#1478,.T.);
#1476=EDGE_CURVE('',#121,#117,#1479,.T.);
#1477=LINE('',#116,#1480);
#1478=LINE('',#34,#1481);
#1479=LINE('',#120,#1482);
#1480=VECTOR('',#1483,1.0);
#1481=VECTOR('',#1484,1.0);
#1482=VECTOR('',#1485,1.0);
#1483=DIRECTION('',(0.5288719928948098,-0.8487016054724253,0));
#1484=DIRECTION('',(-0.02235517656755785,0.9997500918132657,0));
#1485=DIRECTION('',(-4.7089337420059915E-08,-0.999999999999999,0));
#1486=FACE_SURFACE('',(#1491),#1487,.T.);
#1487=PLANE('',#1488);
#1488=AXIS2_PLACEMENT_3D('',#116,#1489,#1490);
#1489=DIRECTION('',(0,-0,1));
#1490=DIRECTION('',(4.7089337420059915E-08,0.999999999999999,0));
#1491=FACE_BOUND('',#1492,.T.);
#1492=EDGE_LOOP('',(#1493,#1494,#1495));
#1493=ORIENTED_EDGE('',*,*,#1496,.T.);
#1494=ORIENTED_EDGE('',*,*,#1497,.T.);
#1495=ORIENTED_EDGE('',*,*,#1498,.T.);
#1496=EDGE_CURVE('',#117,#121,#1499,.F.);
#1497=EDGE_CURVE('',#121,#123,#1500,.T.);
#1498=EDGE_CURVE('',#123,#117,#1501,.T.);
#1499=LINE('',#116,#1502);
#1500=LINE('',#120,#1503);
#1501=LINE('',#122,#1504);
#1502=VECTOR('',#1505,1.0);
#1503=VECTOR('',#1506,1.0);
#1504=VECTOR('',#1507,1.0);
#1505=DIRECTION('',(4.7089337420059915E-08,0.999999999999999,0));
#1506=DIRECTION('',(-0.6343741235185938,-0.7730261777003519,0));
#1507=DIRECTION('',(0.001259449774941155,-0.9999992068928177,0));
#1508=FACE_SURFACE('',(#1513),#1509,.T.);
#1509=PLANE('',#1510);
#1510=AXIS2_PLACEMENT_3D('',#124,#1511,#1512);
#1511=DIRECTION('',(-0,0,1));
#1512=DIRECTION('',(0.6343999665781382,-0.7730049691985538,0));
#1513=FACE_BOUND('',#1514,.T.);
#1514=EDGE_LOOP('',(#1515,#1516,#1517));
#1515=ORIENTED_EDGE('',*,*,#1518,.T.);
#1516=ORIENTED_EDGE('',*,*,#1519,.T.);
#1517=ORIENTED_EDGE('',*,*,#1520,.T.);
#1518=EDGE_CURVE('',#125,#117,#1521,.F.);
#1519=EDGE_CURVE('',#117,#123,#1522,.T.);
#1520=EDGE_CURVE('',#123,#125,#1523,.T.);
#1521=LINE('',#124,#1524);
#1522=LINE('',#116,#1525);
#1523=LINE('',#122,#1526);
#1524=VECTOR('',#1527,1.0);
#1525=VECTOR('',#1528,1.0);
#1526=VECTOR('',#1529,1.0);
#1527=DIRECTION('',(0.6343999665781382,-0.7730049691985538,0));
#1528=DIRECTION('',(-0.001259449774941155,0.9999992068928177,0));
#1529=DIRECTION('',(-9.446820188515979E-08,-0.9999999999999956,0));
#1530=FACE_SURFACE('',(#1535),#1531,.T.);
#1531=PLANE('',#1532);
#1532=AXIS2_PLACEMENT_3D('',#124,#1533,#1534);
#1533=DIRECTION('',(0,-0,1));
#1534=DIRECTION('',(9.446820188515979E-08,0.9999999999999956,0));
#1535=FACE_BOUND('',#1536,.T.);
#1536=EDGE_LOOP('',(#1537,#1538,#1539));
#1537=ORIENTED_EDGE('',*,*,#1540,.T.);
#1538=ORIENTED_EDGE('',*,*,#1541,.T.);
#1539=ORIENTED_EDGE('',*,*,#1542,.T.);
#1540=EDGE_CURVE('',#125,#123,#1543,.F.);
#1541=EDGE_CURVE('',#123,#127,#1544,.T.);
#1542=EDGE_CURVE('',#127,#125,#1545,.T.);
#1543=LINE('',#124,#1546);
#1544=LINE('',#122,#1547);
#1545=LINE('',#126,#1548);
#1546=VECTOR('',#1549,1.0);
#1547=VECTOR('',#1550,1.0);
#1548=VECTOR('',#1551,1.0);
#1549=DIRECTION('',(9.446820188515979E-08,0.9999999999999956,0));
#1550=DIRECTION('',(-0.7730166181052922,-0.6343857723286809,0));
#1551=DIRECTION('',(0.0015389370920311871,-0.9999988158356122,0));
#1552=FACE_SURFACE('',(#1557),#1553,.T.);
#1553=PLANE('',#1554);
#1554=AXIS2_PLACEMENT_3D('',#128,#1555,#1556);
#1555=DIRECTION('',(-0,0,1));
#1556=DIRECTION('',(0.7730282671024689,-0.6343715774375094,0));
#1557=FACE_BOUND('',#1558,.T.);
#1558=EDGE_LOOP('',(#1559,#1560,#1561));
#1559=ORIENTED_EDGE('',*,*,#1562,.T.);
#1560=ORIENTED_EDGE('',*,*,#1563,.T.);
#1561=ORIENTED_EDGE('',*,*,#1564,.T.);
#1562=EDGE_CURVE('',#129,#125,#1565,.F.);
#1563=EDGE_CURVE('',#125,#127,#1566,.T.);
#1564=EDGE_CURVE('',#127,#129,#1567,.T.);
#1565=LINE('',#128,#1568);
#1566=LINE('',#124,#1569);
#1567=LINE('',#126,#1570);
#1568=VECTOR('',#1571,1.0);
#1569=VECTOR('',#1572,1.0);
#1570=VECTOR('',#1573,1.0);
#1571=DIRECTION('',(0.7730282671024689,-0.6343715774375094,0));
#1572=DIRECTION('',(-0.0015389370920311871,0.9999988158356122,0));
#1573=DIRECTION('',(-9.470713098289765E-08,-0.9999999999999956,0));
#1574=FACE_SURFACE('',(#1579),#1575,.T.);
#1575=PLANE('',#1576);
#1576=AXIS2_PLACEMENT_3D('',#128,#1577,#1578);
#1577=DIRECTION('',(0,-0,1));
#1578=DIRECTION('',(9.470713098289765E-08,0.9999999999999956,0));
#1579=FACE_BOUND('',#1580,.T.);
#1580=EDGE_LOOP('',(#1581,#1582,#1583));
#1581=ORIENTED_EDGE('',*,*,#1584,.T.);
#1582=ORIENTED_EDGE('',*,*,#1585,.T.);
#1583=ORIENTED_EDGE('',*,*,#1586,.T.);
#1584=EDGE_CURVE('',#129,#127,#1587,.F.);
#1585=EDGE_CURVE('',#127,#131,#1588,.T.);
#1586=EDGE_CURVE('',#131,#129,#1589,.T.);
#1587=LINE('',#128,#1590);
#1588=LINE('',#126,#1591);
#1589=LINE('',#130,#1592);
#1590=VECTOR('',#1593,1.0);
#1591=VECTOR('',#1594,1.0);
#1592=VECTOR('',#1595,1.0);
#1593=DIRECTION('',(9.470713098289765E-08,0.9999999999999956,0));
#1594=DIRECTION('',(-0.8819245177697025,-0.4713906500522448,0));
#1595=DIRECTION('',(0.0017596993954630748,-0.9999984517278202,0));
#1596=FACE_SURFACE('',(#1601),#1597,.T.);
#1597=PLANE('',#1598);
#1598=AXIS2_PLACEMENT_3D('',#132,#1599,#1600);
#1599=DIRECTION('',(-0,0,1));
#1600=DIRECTION('',(0.8819192393315626,-0.47140052534637483,0));
#1601=FACE_BOUND('',#1602,.T.);
#1602=EDGE_LOOP('',(#1603,#1604,#1605));
#1603=ORIENTED_EDGE('',*,*,#1606,.T.);
#1604=ORIENTED_EDGE('',*,*,#1607,.T.);
#1605=ORIENTED_EDGE('',*,*,#1608,.T.);
#1606=EDGE_CURVE('',#133,#129,#1609,.F.);
#1607=EDGE_CURVE('',#129,#131,#1610,.T.);
#1608=EDGE_CURVE('',#131,#133,#1611,.T.);
#1609=LINE('',#132,#1612);
#1610=LINE('',#128,#1613);
#1611=LINE('',#130,#1614);
#1612=VECTOR('',#1615,1.0);
#1613=VECTOR('',#1616,1.0);
#1614=VECTOR('',#1617,1.0);
#1615=DIRECTION('',(0.8819192393315626,-0.47140052534637483,0));
#1616=DIRECTION('',(-0.0017596993954630748,0.9999984517278202,0));
#1617=DIRECTION('',(-4.7442732352204926E-08,-0.9999999999999989,0));
#1618=FACE_SURFACE('',(#1623),#1619,.T.);
#1619=PLANE('',#1620);
#1620=AXIS2_PLACEMENT_3D('',#132,#1621,#1622);
#1621=DIRECTION('',(0,-0,1));
#1622=DIRECTION('',(4.7442732352204926E-08,0.9999999999999989,0));
#1623=FACE_BOUND('',#1624,.T.);
#1624=EDGE_LOOP('',(#1625,#1626,#1627));
#1625=ORIENTED_EDGE('',*,*,#1628,.T.);
#1626=ORIENTED_EDGE('',*,*,#1629,.T.);
#1627=ORIENTED_EDGE('',*,*,#1630,.T.);
#1628=EDGE_CURVE('',#133,#131,#1631,.F.);
#1629=EDGE_CURVE('',#131,#135,#1632,.T.);
#1630=EDGE_CURVE('',#135,#133,#1633,.T.);
#1631=LINE('',#132,#1634);
#1632=LINE('',#130,#1635);
#1633=LINE('',#134,#1636);
#1634=VECTOR('',#1637,1.0);
#1635=VECTOR('',#1638,1.0);
#1636=VECTOR('',#1639,1.0);
#1637=DIRECTION('',(4.7442732352204926E-08,0.9999999999999989,0));
#1638=DIRECTION('',(-0.9569338542678247,-0.290306042920442,0));
#1639=DIRECTION('',(0.0019122408058406546,-0.9999981716658788,0));
#1640=FACE_SURFACE('',(#1645),#1641,.T.);
#1641=PLANE('',#1642);
#1642=AXIS2_PLACEMENT_3D('',#136,#1643,#1644);
#1643=DIRECTION('',(-0,0,1));
#1644=DIRECTION('',(0.956935856187629,-0.2902994439237685,0));
#1645=FACE_BOUND('',#1646,.T.);
#1646=EDGE_LOOP('',(#1647,#1648,#1649));
#1647=ORIENTED_EDGE('',*,*,#1650,.T.);
#1648=ORIENTED_EDGE('',*,*,#1651,.T.);
#1649=ORIENTED_EDGE('',*,*,#1652,.T.);
#1650=EDGE_CURVE('',#137,#133,#1653,.F.);
#1651=EDGE_CURVE('',#133,#135,#1654,.T.);
#1652=EDGE_CURVE('',#135,#137,#1655,.T.);
#1653=LINE('',#136,#1656);
#1654=LINE('',#132,#1657);
#1655=LINE('',#134,#1658);
#1656=VECTOR('',#1659,1.0);
#1657=VECTOR('',#1660,1.0);
#1658=VECTOR('',#1661,1.0);
#1659=DIRECTION('',(0.956935856187629,-0.2902994439237685,0));
#1660=DIRECTION('',(-0.0019122408058406546,0.9999981716658788,0));
#1661=DIRECTION('',(-9.499562117684142E-08,-0.9999999999999954,0));
#1662=FACE_SURFACE('',(#1667),#1663,.T.);
#1663=PLANE('',#1664);
#1664=AXIS2_PLACEMENT_3D('',#136,#1665,#1666);
#1665=DIRECTION('',(0,-0,1));
#1666=DIRECTION('',(9.499562117684142E-08,0.9999999999999954,0));
#1667=FACE_BOUND('',#1668,.T.);
#1668=EDGE_LOOP('',(#1669,#1670,#1671));
#1669=ORIENTED_EDGE('',*,*,#1672,.T.);
#1670=ORIENTED_EDGE('',*,*,#1673,.T.);
#1671=ORIENTED_EDGE('',*,*,#1674,.T.);
#1672=EDGE_CURVE('',#137,#135,#1675,.F.);
#1673=EDGE_CURVE('',#135,#139,#1676,.T.);
#1674=EDGE_CURVE('',#139,#137,#1677,.T.);
#1675=LINE('',#136,#1678);
#1676=LINE('',#134,#1679);
#1677=LINE('',#138,#1680);
#1678=VECTOR('',#1681,1.0);
#1679=VECTOR('',#1682,1.0);
#1680=VECTOR('',#1683,1.0);
#1681=DIRECTION('',(9.499562117684142E-08,0.9999999999999954,0));
#1682=DIRECTION('',(-0.9951856438021754,-0.09800782810597135,0));
#1683=DIRECTION('',(0.00199025937871696,-0.9999980194318414,0));
#1684=FACE_SURFACE('',(#1689),#1685,.T.);
#1685=PLANE('',#1686);
#1686=AXIS2_PLACEMENT_3D('',#140,#1687,#1688);
#1687=DIRECTION('',(-0,0,1));
#1688=DIRECTION('',(0.9951833266875516,-0.09803135357169003,0));
#1689=FACE_BOUND('',#1690,.T.);
#1690=EDGE_LOOP('',(#1691,#1692,#1693));
#1691=ORIENTED_EDGE('',*,*,#1694,.T.);
#1692=ORIENTED_EDGE('',*,*,#1695,.T.);
#1693=ORIENTED_EDGE('',*,*,#1696,.T.);
#1694=EDGE_CURVE('',#141,#137,#1697,.F.);
#1695=EDGE_CURVE('',#137,#139,#1698,.T.);
#1696=EDGE_CURVE('',#139,#141,#1699,.T.);
#1697=LINE('',#140,#1700);
#1698=LINE('',#136,#1701);
#1699=LINE('',#138,#1702);
#1700=VECTOR('',#1703,1.0);
#1701=VECTOR('',#1704,1.0);
#1702=VECTOR('',#1705,1.0);
#1703=DIRECTION('',(0.9951833266875516,-0.09803135357169003,0));
#1704=DIRECTION('',(-0.00199025937871696,0.9999980194318414,0));
#1705=DIRECTION('',(-9.503287400935906E-08,-0.9999999999999954,0));
#1706=FACE_SURFACE('',(#1711),#1707,.T.);
#1707=PLANE('',#1708);
#1708=AXIS2_PLACEMENT_3D('',#140,#1709,#1710);
#1709=DIRECTION('',(0,-0,1));
#1710=DIRECTION('',(9.503287400935906E-08,0.9999999999999954,0));
#1711=FACE_BOUND('',#1712,.T.);
#1712=EDGE_LOOP('',(#1713,#1714,#1715));
#1713=ORIENTED_EDGE('',*,*,#1716,.T.);
#1714=ORIENTED_EDGE('',*,*,#1717,.T.);
#1715=ORIENTED_EDGE('',*,*,#1718,.T.);
#1716=EDGE_CURVE('',#141,#139,#1719,.F.);
#1717=EDGE_CURVE('',#139,#143,#1720,.T.);
#1718=EDGE_CURVE('',#143,#141,#1721,.T.);
#1719=LINE('',#140,#1722);
#1720=LINE('',#138,#1723);
#1721=LINE('',#142,#1724);
#1722=VECTOR('',#1725,1.0);
#1723=VECTOR('',#1726,1.0);
#1724=VECTOR('',#1727,1.0);
#1725=DIRECTION('',(9.503287400935906E-08,0.9999999999999954,0));
#1726=DIRECTION('',(-0.9951856438021754,0.09800782810597135,0));
#1727=DIRECTION('',(0.001990259473268083,-0.9999980194316532,0));
#1728=FACE_SURFACE('',(#1733),#1729,.T.);
#1729=PLANE('',#1730);
#1730=AXIS2_PLACEMENT_3D('',#144,#1731,#1732);
#1731=DIRECTION('',(0,0,1));
#1732=DIRECTION('',(0.9951830984033126,0.09803367101349734,0));
#1733=FACE_BOUND('',#1734,.T.);
#1734=EDGE_LOOP('',(#1735,#1736,#1737));
#1735=ORIENTED_EDGE('',*,*,#1738,.T.);
#1736=ORIENTED_EDGE('',*,*,#1739,.T.);
#1737=ORIENTED_EDGE('',*,*,#1740,.T.);
#1738=EDGE_CURVE('',#145,#141,#1741,.F.);
#1739=EDGE_CURVE('',#141,#143,#1742,.T.);
#1740=EDGE_CURVE('',#143,#145,#1743,.T.);
#1741=LINE('',#144,#1744);
#1742=LINE('',#140,#1745);
#1743=LINE('',#142,#1746);
#1744=VECTOR('',#1747,1.0);
#1745=VECTOR('',#1748,1.0);
#1746=VECTOR('',#1749,1.0);
#1747=DIRECTION('',(0.9951830984033126,0.09803367101349734,0));
#1748=DIRECTION('',(-0.001990259473268083,0.9999980194316532,0));
#1749=DIRECTION('',(-4.7497810588420876E-08,-0.9999999999999989,0));
#1750=FACE_SURFACE('',(#1755),#1751,.T.);
#1751=PLANE('',#1752);
#1752=AXIS2_PLACEMENT_3D('',#144,#1753,#1754);
#1753=DIRECTION('',(0,-0,1));
#1754=DIRECTION('',(4.7497810588420876E-08,0.9999999999999989,0));
#1755=FACE_BOUND('',#1756,.T.);
#1756=EDGE_LOOP('',(#1757,#1758,#1759));
#1757=ORIENTED_EDGE('',*,*,#1760,.T.);
#1758=ORIENTED_EDGE('',*,*,#1761,.T.);
#1759=ORIENTED_EDGE('',*,*,#1762,.T.);
#1760=EDGE_CURVE('',#145,#143,#1763,.F.);
#1761=EDGE_CURVE('',#143,#147,#1764,.T.);
#1762=EDGE_CURVE('',#147,#145,#1765,.T.);
#1763=LINE('',#144,#1766);
#1764=LINE('',#142,#1767);
#1765=LINE('',#146,#1768);
#1766=VECTOR('',#1769,1.0);
#1767=VECTOR('',#1770,1.0);
#1768=VECTOR('',#1771,1.0);
#1769=DIRECTION('',(4.7497810588420876E-08,0.9999999999999989,0));
#1770=DIRECTION('',(-0.9569338542678247,0.290306042920442,0));
#1771=DIRECTION('',(0.0019122408058406546,-0.9999981716658788,0));
#1772=FACE_SURFACE('',(#1777),#1773,.T.);
#1773=PLANE('',#1774);
#1774=AXIS2_PLACEMENT_3D('',#148,#1775,#1776);
#1775=DIRECTION('',(0,0,1));
#1776=DIRECTION('',(0.956935856187629,0.2902994439237685,0));
#1777=FACE_BOUND('',#1778,.T.);
#1778=EDGE_LOOP('',(#1779,#1780,#1781));
#1779=ORIENTED_EDGE('',*,*,#1782,.T.);
#1780=ORIENTED_EDGE('',*,*,#1783,.T.);
#1781=ORIENTED_EDGE('',*,*,#1784,.T.);
#1782=EDGE_CURVE('',#149,#145,#1785,.F.);
#1783=EDGE_CURVE('',#145,#147,#1786,.T.);
#1784=EDGE_CURVE('',#147,#149,#1787,.T.);
#1785=LINE('',#148,#1788);
#1786=LINE('',#144,#1789);
#1787=LINE('',#146,#1790);
#1788=VECTOR('',#1791,1.0);
#1789=VECTOR('',#1792,1.0);
#1790=VECTOR('',#1793,1.0);
#1791=DIRECTION('',(0.956935856187629,0.2902994439237685,0));
#1792=DIRECTION('',(-0.0019122408058406546,0.9999981716658788,0));
#1793=DIRECTION('',(-9.488546470440953E-08,-0.9999999999999956,0));
#1794=FACE_SURFACE('',(#1799),#1795,.T.);
#1795=PLANE('',#1796);
#1796=AXIS2_PLACEMENT_3D('',#148,#1797,#1798);
#1797=DIRECTION('',(0,-0,1));
#1798=DIRECTION('',(9.488546470440953E-08,0.9999999999999956,0));
#1799=FACE_BOUND('',#1800,.T.);
#1800=EDGE_LOOP('',(#1801,#1802,#1803));
#1801=ORIENTED_EDGE('',*,*,#1804,.T.);
#1802=ORIENTED_EDGE('',*,*,#1805,.T.);
#1803=ORIENTED_EDGE('',*,*,#1806,.T.);
#1804=EDGE_CURVE('',#149,#147,#1807,.F.);
#1805=EDGE_CURVE('',#147,#151,#1808,.T.);
#1806=EDGE_CURVE('',#151,#149,#1809,.T.);
#1807=LINE('',#148,#1810);
#1808=LINE('',#146,#1811);
#1809=LINE('',#150,#1812);
#1810=VECTOR('',#1813,1.0);
#1811=VECTOR('',#1814,1.0);
#1812=VECTOR('',#1815,1.0);
#1813=DIRECTION('',(9.488546470440953E-08,0.9999999999999956,0));
#1814=DIRECTION('',(-0.8819245177697025,0.4713906500522448,0));
#1815=DIRECTION('',(0.0017596993954630748,-0.9999984517278202,0));
#1816=FACE_SURFACE('',(#1821),#1817,.T.);
#1817=PLANE('',#1818);
#1818=AXIS2_PLACEMENT_3D('',#152,#1819,#1820);
#1819=DIRECTION('',(0,0,1));
#1820=DIRECTION('',(0.8819245177697025,0.4713906500522448,0));
#1821=FACE_BOUND('',#1822,.T.);
#1822=EDGE_LOOP('',(#1823,#1824,#1825));
#1823=ORIENTED_EDGE('',*,*,#1826,.T.);
#1824=ORIENTED_EDGE('',*,*,#1827,.T.);
#1825=ORIENTED_EDGE('',*,*,#1828,.T.);
#1826=EDGE_CURVE('',#153,#149,#1829,.F.);
#1827=EDGE_CURVE('',#149,#151,#1830,.T.);
#1828=EDGE_CURVE('',#151,#153,#1831,.T.);
#1829=LINE('',#152,#1832);
#1830=LINE('',#148,#1833);
#1831=LINE('',#150,#1834);
#1832=VECTOR('',#1835,1.0);
#1833=VECTOR('',#1836,1.0);
#1834=VECTOR('',#1837,1.0);
#1835=DIRECTION('',(0.8819245177697025,0.4713906500522448,0));
#1836=DIRECTION('',(-0.0017596993954630748,0.9999984517278202,0));
#1837=DIRECTION('',(-9.470713098289765E-08,-0.9999999999999956,0));
#1838=FACE_SURFACE('',(#1843),#1839,.T.);
#1839=PLANE('',#1840);
#1840=AXIS2_PLACEMENT_3D('',#152,#1841,#1842);
#1841=DIRECTION('',(0,-0,1));
#1842=DIRECTION('',(9.470713098289765E-08,0.9999999999999956,0));
#1843=FACE_BOUND('',#1844,.T.);
#1844=EDGE_LOOP('',(#1845,#1846,#1847));
#1845=ORIENTED_EDGE('',*,*,#1848,.T.);
#1846=ORIENTED_EDGE('',*,*,#1849,.T.);
#1847=ORIENTED_EDGE('',*,*,#1850,.T.);
#1848=EDGE_CURVE('',#153,#151,#1851,.F.);
#1849=EDGE_CURVE('',#151,#155,#1852,.T.);
#1850=EDGE_CURVE('',#155,#153,#1853,.T.);
#1851=LINE('',#152,#1854);
#1852=LINE('',#150,#1855);
#1853=LINE('',#154,#1856);
#1854=VECTOR('',#1857,1.0);
#1855=VECTOR('',#1858,1.0);
#1856=VECTOR('',#1859,1.0);
#1857=DIRECTION('',(9.470713098289765E-08,0.9999999999999956,0));
#1858=DIRECTION('',(-0.7730166181052922,0.6343857723286809,0));
#1859=DIRECTION('',(0.0015389370192492432,-0.9999988158357243,0));
#1860=FACE_SURFACE('',(#1865),#1861,.T.);
#1861=PLANE('',#1862);
#1862=AXIS2_PLACEMENT_3D('',#156,#1863,#1864);
#1863=DIRECTION('',(0,0,1));
#1864=DIRECTION('',(0.7730282671024689,0.6343715774375094,0));
#1865=FACE_BOUND('',#1866,.T.);
#1866=EDGE_LOOP('',(#1867,#1868,#1869));
#1867=ORIENTED_EDGE('',*,*,#1870,.T.);
#1868=ORIENTED_EDGE('',*,*,#1871,.T.);
#1869=ORIENTED_EDGE('',*,*,#1872,.T.);
#1870=EDGE_CURVE('',#157,#153,#1873,.F.);
#1871=EDGE_CURVE('',#153,#155,#1874,.T.);
#1872=EDGE_CURVE('',#155,#157,#1875,.T.);
#1873=LINE('',#156,#1876);
#1874=LINE('',#152,#1877);
#1875=LINE('',#154,#1878);
#1876=VECTOR('',#1879,1.0);
#1877=VECTOR('',#1880,1.0);
#1878=VECTOR('',#1881,1.0);
#1879=DIRECTION('',(0.7730282671024689,0.6343715774375094,0));
#1880=DIRECTION('',(-0.0015389370192492432,0.9999988158357243,0));
#1881=DIRECTION('',(-9.446820188515979E-08,-0.9999999999999956,0));
#1882=FACE_SURFACE('',(#1887),#1883,.T.);
#1883=PLANE('',#1884);
#1884=AXIS2_PLACEMENT_3D('',#156,#1885,#1886);
#1885=DIRECTION('',(0,-0,1));
#1886=DIRECTION('',(9.446820188515979E-08,0.9999999999999956,0));
#1887=FACE_BOUND('',#1888,.T.);
#1888=EDGE_LOOP('',(#1889,#1890,#1891));
#1889=ORIENTED_EDGE('',*,*,#1892,.T.);
#1890=ORIENTED_EDGE('',*,*,#1893,.T.);
#1891=ORIENTED_EDGE('',*,*,#1894,.T.);
#1892=EDGE_CURVE('',#157,#155,#1895,.F.);
#1893=EDGE_CURVE('',#155,#159,#1896,.T.);
#1894=EDGE_CURVE('',#159,#157,#1897,.T.);
#1895=LINE('',#156,#1898);
#1896=LINE('',#154,#1899);
#1897=LINE('',#158,#1900);
#1898=VECTOR('',#1901,1.0);
#1899=VECTOR('',#1902,1.0);
#1900=VECTOR('',#1903,1.0);
#1901=DIRECTION('',(9.446820188515979E-08,0.9999999999999956,0));
#1902=DIRECTION('',(-0.6343741235185938,0.7730261777003519,0));
#1903=DIRECTION('',(0.0012594025540488014,-0.9999992069522888,0));
#1904=FACE_SURFACE('',(#1909),#1905,.T.);
#1905=PLANE('',#1906);
#1906=AXIS2_PLACEMENT_3D('',#160,#1907,#1908);
#1907=DIRECTION('',(0,0,1));
#1908=DIRECTION('',(0.6343857723286809,0.7730166181052922,0));
#1909=FACE_BOUND('',#1910,.T.);
#1910=EDGE_LOOP('',(#1911,#1912,#1913));
#1911=ORIENTED_EDGE('',*,*,#1914,.T.);
#1912=ORIENTED_EDGE('',*,*,#1915,.T.);
#1913=ORIENTED_EDGE('',*,*,#1916,.T.);
#1914=EDGE_CURVE('',#161,#157,#1917,.F.);
#1915=EDGE_CURVE('',#157,#159,#1918,.T.);
#1916=EDGE_CURVE('',#159,#161,#1919,.T.);
#1917=LINE('',#160,#1920);
#1918=LINE('',#156,#1921);
#1919=LINE('',#158,#1922);
#1920=VECTOR('',#1923,1.0);
#1921=VECTOR('',#1924,1.0);
#1922=VECTOR('',#1925,1.0);
#1923=DIRECTION('',(0.6343857723286809,0.7730166181052922,0));
#1924=DIRECTION('',(-0.0012594025540488014,0.9999992069522888,0));
#1925=DIRECTION('',(-9.417867484011951E-08,-0.9999999999999956,0));
#1926=FACE_SURFACE('',(#1931),#1927,.T.);
#1927=PLANE('',#1928);
#1928=AXIS2_PLACEMENT_3D('',#160,#1929,#1930);
#1929=DIRECTION('',(0,-0,1));
#1930=DIRECTION('',(9.417867484011951E-08,0.9999999999999956,0));
#1931=FACE_BOUND('',#1932,.T.);
#1932=EDGE_LOOP('',(#1933,#1934,#1935));
#1933=ORIENTED_EDGE('',*,*,#1936,.T.);
#1934=ORIENTED_EDGE('',*,*,#1937,.T.);
#1935=ORIENTED_EDGE('',*,*,#1938,.T.);
#1936=EDGE_CURVE('',#161,#159,#1939,.F.);
#1937=EDGE_CURVE('',#159,#163,#1940,.T.);
#1938=EDGE_CURVE('',#163,#161,#1941,.T.);
#1939=LINE('',#160,#1942);
#1940=LINE('',#158,#1943);
#1941=LINE('',#162,#1944);
#1942=VECTOR('',#1945,1.0);
#1943=VECTOR('',#1946,1.0);
#1944=VECTOR('',#1947,1.0);
#1945=DIRECTION('',(9.417867484011951E-08,0.9999999999999956,0));
#1946=DIRECTION('',(-0.471409125092743,0.8819146425699568,0));
#1947=DIRECTION('',(0.0009328095435864944,-0.9999995649330831,0));
#1948=FACE_SURFACE('',(#1953),#1949,.T.);
#1949=PLANE('',#1950);
#1950=AXIS2_PLACEMENT_3D('',#164,#1951,#1952);
#1951=DIRECTION('',(0,0,1));
#1952=DIRECTION('',(0.471409125092743,0.8819146425699568,0));
#1953=FACE_BOUND('',#1954,.T.);
#1954=EDGE_LOOP('',(#1955,#1956,#1957));
#1955=ORIENTED_EDGE('',*,*,#1958,.T.);
#1956=ORIENTED_EDGE('',*,*,#1959,.T.);
#1957=ORIENTED_EDGE('',*,*,#1960,.T.);
#1958=EDGE_CURVE('',#165,#161,#1961,.F.);
#1959=EDGE_CURVE('',#161,#163,#1962,.T.);
#1960=EDGE_CURVE('',#163,#165,#1963,.T.);
#1961=LINE('',#164,#1964);
#1962=LINE('',#160,#1965);
#1963=LINE('',#162,#1966);
#1964=VECTOR('',#1967,1.0);
#1965=VECTOR('',#1968,1.0);
#1966=VECTOR('',#1969,1.0);
#1967=DIRECTION('',(0.471409125092743,0.8819146425699568,0));
#1968=DIRECTION('',(-0.0009328095435864944,0.9999995649330831,0));
#1969=DIRECTION('',(-9.385051096441401E-08,-0.9999999999999957,0));
#1970=FACE_SURFACE('',(#1975),#1971,.T.);
#1971=PLANE('',#1972);
#1972=AXIS2_PLACEMENT_3D('',#166,#1973,#1974);
#1973=DIRECTION('',(4.2918095749842396E-08,4.226657987966625E-09,0.9999999999999991));
#1974=DIRECTION('',(-0.09800782810597135,0.9951856438021754,0));
#1975=FACE_BOUND('',#1976,.T.);
#1976=EDGE_LOOP('',(#1977,#1978,#1979));
#1977=ORIENTED_EDGE('',*,*,#1980,.T.);
#1978=ORIENTED_EDGE('',*,*,#1981,.T.);
#1979=ORIENTED_EDGE('',*,*,#1982,.T.);
#1980=EDGE_CURVE('',#167,#169,#1983,.F.);
#1981=EDGE_CURVE('',#169,#171,#1984,.T.);
#1982=EDGE_CURVE('',#171,#167,#1985,.T.);
#1983=LINE('',#166,#1986);
#1984=LINE('',#168,#1987);
#1985=LINE('',#170,#1988);
#1986=VECTOR('',#1989,1.0);
#1987=VECTOR('',#1990,1.0);
#1988=VECTOR('',#1991,1.0);
#1989=DIRECTION('',(-0.09800782810597135,0.9951856438021754,0));
#1990=DIRECTION('',(-0.999999999999999,0,4.2918095749842396E-08));
#1991=DIRECTION('',(0.9999935383380791,-0.0035948966726279245,-4.290262402888014E-08));
#1992=FACE_SURFACE('',(#1997),#1993,.T.);
#1993=PLANE('',#1994);
#1994=AXIS2_PLACEMENT_3D('',#164,#1995,#1996);
#1995=DIRECTION('',(0,-0,1));
#1996=DIRECTION('',(9.385051096441401E-08,0.9999999999999957,0));
#1997=FACE_BOUND('',#1998,.T.);
#1998=EDGE_LOOP('',(#1999,#2000,#2001));
#1999=ORIENTED_EDGE('',*,*,#2002,.T.);
#2000=ORIENTED_EDGE('',*,*,#2003,.T.);
#2001=ORIENTED_EDGE('',*,*,#2004,.T.);
#2002=EDGE_CURVE('',#165,#163,#2005,.F.);
#2003=EDGE_CURVE('',#163,#167,#2006,.T.);
#2004=EDGE_CURVE('',#167,#165,#2007,.T.);
#2005=LINE('',#164,#2008);
#2006=LINE('',#162,#2009);
#2007=LINE('',#166,#2010);
#2008=VECTOR('',#2011,1.0);
#2009=VECTOR('',#2012,1.0);
#2010=VECTOR('',#2013,1.0);
#2011=DIRECTION('',(9.385051096441401E-08,0.9999999999999957,0));
#2012=DIRECTION('',(-0.2902842899954251,0.9569404532058678,0));
#2013=DIRECTION('',(0.0005722509305040857,-0.9999998362644228,0));
#2014=FACE_SURFACE('',(#2019),#2015,.T.);
#2015=PLANE('',#2016);
#2016=AXIS2_PLACEMENT_3D('',#86,#2017,#2018);
#2017=DIRECTION('',(4.2918100550131316E-08,-4.226658460708464E-09,0.9999999999999991));
#2018=DIRECTION('',(0.9999999999999843,-1.7167240510292521E-07,-4.2918101275731303E-08));
#2019=FACE_BOUND('',#2020,.T.);
#2020=EDGE_LOOP('',(#2021,#2022,#2023));
#2021=ORIENTED_EDGE('',*,*,#2024,.T.);
#2022=ORIENTED_EDGE('',*,*,#2025,.T.);
#2023=ORIENTED_EDGE('',*,*,#2026,.T.);
#2024=EDGE_CURVE('',#87,#85,#2027,.F.);
#2025=EDGE_CURVE('',#85,#173,#2028,.T.);
#2026=EDGE_CURVE('',#173,#87,#2029,.T.);
#2027=LINE('',#86,#2030);
#2028=LINE('',#84,#2031);
#2029=LINE('',#172,#2032);
#2030=VECTOR('',#2033,1.0);
#2031=VECTOR('',#2034,1.0);
#2032=VECTOR('',#2035,1.0);
#2033=DIRECTION('',(0.9999999999999843,-1.7167240510292521E-07,-4.2918101275731303E-08));
#2034=DIRECTION('',(0.09800782810597135,0.9951856438021754,0));
#2035=DIRECTION('',(-0.9999935389533192,-0.003594725527015905,4.290262957721756E-08));
#2036=FACE_SURFACE('',(#2041),#2037,.T.);
#2037=PLANE('',#2038);
#2038=AXIS2_PLACEMENT_3D('',#172,#2039,#2040);
#2039=DIRECTION('',(0,0,1));
#2040=DIRECTION('',(0.2902842899954251,0.9569404532058678,0));
#2041=FACE_BOUND('',#2042,.T.);
#2042=EDGE_LOOP('',(#2043,#2044,#2045));
#2043=ORIENTED_EDGE('',*,*,#2046,.T.);
#2044=ORIENTED_EDGE('',*,*,#2047,.T.);
#2045=ORIENTED_EDGE('',*,*,#2048,.T.);
#2046=EDGE_CURVE('',#173,#165,#2049,.F.);
#2047=EDGE_CURVE('',#165,#167,#2050,.T.);
#2048=EDGE_CURVE('',#167,#173,#2051,.T.);
#2049=LINE('',#172,#2052);
#2050=LINE('',#164,#2053);
#2051=LINE('',#166,#2054);
#2052=VECTOR('',#2055,1.0);
#2053=VECTOR('',#2056,1.0);
#2054=VECTOR('',#2057,1.0);
#2055=DIRECTION('',(0.2902842899954251,0.9569404532058678,0));
#2056=DIRECTION('',(-0.0005722509305040857,0.9999998362644228,0));
#2057=DIRECTION('',(-9.349702917864595E-08,-0.9999999999999957,0));
#2058=FACE_SURFACE('',(#2063),#2059,.T.);
#2059=PLANE('',#2060);
#2060=AXIS2_PLACEMENT_3D('',#166,#2061,#2062);
#2061=DIRECTION('',(4.288771751095638E-08,-4.2236662796020154E-09,0.9999999999999991));
#2062=DIRECTION('',(-0.9999935383380791,0.0035948966726279245,4.290262402888014E-08));
#2063=FACE_BOUND('',#2064,.T.);
#2064=EDGE_LOOP('',(#2065,#2066,#2067));
#2065=ORIENTED_EDGE('',*,*,#2068,.T.);
#2066=ORIENTED_EDGE('',*,*,#2069,.T.);
#2067=ORIENTED_EDGE('',*,*,#2070,.T.);
#2068=EDGE_CURVE('',#167,#171,#2071,.F.);
#2069=EDGE_CURVE('',#171,#175,#2072,.T.);
#2070=EDGE_CURVE('',#175,#167,#2073,.T.);
#2071=LINE('',#166,#2074);
#2072=LINE('',#170,#2075);
#2073=LINE('',#174,#2076);
#2074=VECTOR('',#2077,1.0);
#2075=VECTOR('',#2078,1.0);
#2076=VECTOR('',#2079,1.0);
#2077=DIRECTION('',(-0.9999935383380791,0.0035948966726279245,4.290262402888014E-08));
#2078=DIRECTION('',(-0.09800782810597135,-0.9951856438021754,0));
#2079=DIRECTION('',(0.999999999999999,0,-4.288771751095638E-08));
#2080=FACE_SURFACE('',(#2085),#2081,.T.);
#2081=PLANE('',#2082);
#2082=AXIS2_PLACEMENT_3D('',#166,#2083,#2084);
#2083=DIRECTION('',(4.288771751095637E-08,-1.3010360238373606E-08,0.999999999999999));
#2084=DIRECTION('',(-0.999999999999999,0,4.288771751095638E-08));
#2085=FACE_BOUND('',#2086,.T.);
#2086=EDGE_LOOP('',(#2087,#2088,#2089));
#2087=ORIENTED_EDGE('',*,*,#2090,.T.);
#2088=ORIENTED_EDGE('',*,*,#2091,.T.);
#2089=ORIENTED_EDGE('',*,*,#2092,.T.);
#2090=EDGE_CURVE('',#167,#175,#2093,.F.);
#2091=EDGE_CURVE('',#175,#177,#2094,.T.);
#2092=EDGE_CURVE('',#177,#167,#2095,.T.);
#2093=LINE('',#166,#2096);
#2094=LINE('',#174,#2097);
#2095=LINE('',#176,#2098);
#2096=VECTOR('',#2099,1.0);
#2097=VECTOR('',#2100,1.0);
#2098=VECTOR('',#2101,1.0);
#2099=DIRECTION('',(-0.999999999999999,0,4.288771751095638E-08));
#2100=DIRECTION('',(-0.2902951665141858,-0.9569371537872804,0));
#2101=DIRECTION('',(0.9999940427316669,0.003451738862575047,-4.2842553651264113E-08));
#2102=FACE_SURFACE('',(#2107),#2103,.T.);
#2103=PLANE('',#2104);
#2104=AXIS2_PLACEMENT_3D('',#86,#2105,#2106);
#2105=DIRECTION('',(4.2902906789320536E-08,-4.011294327929847E-15,0.9999999999999991));
#2106=DIRECTION('',(0.9999935389533192,0.003594725527015905,-4.290262957721756E-08));
#2107=FACE_BOUND('',#2108,.T.);
#2108=EDGE_LOOP('',(#2109,#2110,#2111));
#2109=ORIENTED_EDGE('',*,*,#2112,.T.);
#2110=ORIENTED_EDGE('',*,*,#2113,.T.);
#2111=ORIENTED_EDGE('',*,*,#2114,.T.);
#2112=EDGE_CURVE('',#87,#173,#2115,.F.);
#2113=EDGE_CURVE('',#173,#167,#2116,.T.);
#2114=EDGE_CURVE('',#167,#87,#2117,.T.);
#2115=LINE('',#86,#2118);
#2116=LINE('',#172,#2119);
#2117=LINE('',#166,#2120);
#2118=VECTOR('',#2121,1.0);
#2119=VECTOR('',#2122,1.0);
#2120=VECTOR('',#2123,1.0);
#2121=DIRECTION('',(0.9999935389533192,0.003594725527015905,-4.290262957721756E-08));
#2122=DIRECTION('',(9.349702917864595E-08,0.9999999999999957,0));
#2123=DIRECTION('',(-0.47769945599697267,-0.8785233233899917,2.049469170993164E-08));
#2124=FACE_SURFACE('',(#2129),#2125,.T.);
#2125=PLANE('',#2126);
#2126=AXIS2_PLACEMENT_3D('',#178,#2127,#2128);
#2127=DIRECTION('',(3.6324056015118585E-08,3.577264061446899E-09,0.9999999999999991));
#2128=DIRECTION('',(0.09800782810597135,-0.9951856438021754,0));
#2129=FACE_BOUND('',#2130,.T.);
#2130=EDGE_LOOP('',(#2131,#2132,#2133));
#2131=ORIENTED_EDGE('',*,*,#2134,.T.);
#2132=ORIENTED_EDGE('',*,*,#2135,.T.);
#2133=ORIENTED_EDGE('',*,*,#2136,.T.);
#2134=EDGE_CURVE('',#179,#87,#2137,.F.);
#2135=EDGE_CURVE('',#87,#167,#2138,.T.);
#2136=EDGE_CURVE('',#167,#179,#2139,.T.);
#2137=LINE('',#178,#2140);
#2138=LINE('',#86,#2141);
#2139=LINE('',#166,#2142);
#2140=VECTOR('',#2143,1.0);
#2141=VECTOR('',#2144,1.0);
#2142=VECTOR('',#2145,1.0);
#2143=DIRECTION('',(0.09800782810597135,-0.9951856438021754,0));
#2144=DIRECTION('',(0.47769945599697267,0.8785233233899917,-2.049469170993164E-08));
#2145=DIRECTION('',(-0.4785516727649635,-0.8780593923498882,2.052398807571241E-08));
#2146=FACE_SURFACE('',(#2151),#2147,.T.);
#2147=PLANE('',#2148);
#2148=AXIS2_PLACEMENT_3D('',#166,#2149,#2150);
#2149=DIRECTION('',(4.292200081473963E-08,-2.2942484571453223E-08,0.9999999999999989));
#2150=DIRECTION('',(-0.9999940427316669,-0.003451738862575047,4.2842553651264113E-08));
#2151=FACE_BOUND('',#2152,.T.);
#2152=EDGE_LOOP('',(#2153,#2154,#2155));
#2153=ORIENTED_EDGE('',*,*,#2156,.T.);
#2154=ORIENTED_EDGE('',*,*,#2157,.T.);
#2155=ORIENTED_EDGE('',*,*,#2158,.T.);
#2156=EDGE_CURVE('',#167,#177,#2159,.F.);
#2157=EDGE_CURVE('',#177,#181,#2160,.T.);
#2158=EDGE_CURVE('',#181,#167,#2161,.T.);
#2159=LINE('',#166,#2162);
#2160=LINE('',#176,#2163);
#2161=LINE('',#180,#2164);
#2162=VECTOR('',#2165,1.0);
#2163=VECTOR('',#2166,1.0);
#2164=VECTOR('',#2167,1.0);
#2165=DIRECTION('',(-0.9999940427316669,-0.003451738862575047,4.2842553651264113E-08));
#2166=DIRECTION('',(-0.471399887650071,-0.8819195801905639,0));
#2167=DIRECTION('',(0.9999780763730335,0.006621689609594224,-4.276914179710009E-08));
#2168=FACE_SURFACE('',(#2173),#2169,.T.);
#2169=PLANE('',#2170);
#2170=AXIS2_PLACEMENT_3D('',#166,#2171,#2172);
#2171=DIRECTION('',(4.300377170509584E-08,-3.5291160281539563E-08,0.9999999999999986));
#2172=DIRECTION('',(-0.9999780763730335,-0.006621689609594224,4.276914179710009E-08));
#2173=FACE_BOUND('',#2174,.T.);
#2174=EDGE_LOOP('',(#2175,#2176,#2177));
#2175=ORIENTED_EDGE('',*,*,#2178,.T.);
#2176=ORIENTED_EDGE('',*,*,#2179,.T.);
#2177=ORIENTED_EDGE('',*,*,#2180,.T.);
#2178=EDGE_CURVE('',#167,#181,#2181,.F.);
#2179=EDGE_CURVE('',#181,#183,#2182,.T.);
#2180=EDGE_CURVE('',#183,#167,#2183,.T.);
#2181=LINE('',#166,#2184);
#2182=LINE('',#180,#2185);
#2183=LINE('',#182,#2186);
#2184=VECTOR('',#2187,1.0);
#2185=VECTOR('',#2188,1.0);
#2186=VECTOR('',#2189,1.0);
#2187=DIRECTION('',(-0.9999780763730335,-0.006621689609594224,4.276914179710009E-08));
#2188=DIRECTION('',(-0.6343812207687514,-0.7730203533775477,0));
#2189=DIRECTION('',(0.9999559719567997,0.009383717170181374,-4.267071606648799E-08));
#2190=FACE_SURFACE('',(#2195),#2191,.T.);
#2191=PLANE('',#2192);
#2192=AXIS2_PLACEMENT_3D('',#184,#2193,#2194);
#2193=DIRECTION('',(2.7551988113293668E-08,8.35813401694234E-09,0.9999999999999994));
#2194=DIRECTION('',(0.2902951665141858,-0.9569371537872804,0));
#2195=FACE_BOUND('',#2196,.T.);
#2196=EDGE_LOOP('',(#2197,#2198,#2199));
#2197=ORIENTED_EDGE('',*,*,#2200,.T.);
#2198=ORIENTED_EDGE('',*,*,#2201,.T.);
#2199=ORIENTED_EDGE('',*,*,#2202,.T.);
#2200=EDGE_CURVE('',#185,#179,#2203,.F.);
#2201=EDGE_CURVE('',#179,#167,#2204,.T.);
#2202=EDGE_CURVE('',#167,#185,#2205,.T.);
#2203=LINE('',#184,#2206);
#2204=LINE('',#178,#2207);
#2205=LINE('',#166,#2208);
#2206=VECTOR('',#2209,1.0);
#2207=VECTOR('',#2210,1.0);
#2208=VECTOR('',#2211,1.0);
#2209=DIRECTION('',(0.2902951665141858,-0.9569371537872804,0));
#2210=DIRECTION('',(0.4785516727649635,0.8780593923498882,-2.052398807571241E-08));
#2211=DIRECTION('',(-0.47963419634385707,-0.8774685394346523,2.05488753246406E-08));
#2212=FACE_SURFACE('',(#2217),#2213,.T.);
#2213=PLANE('',#2214);
#2214=AXIS2_PLACEMENT_3D('',#186,#2215,#2216);
#2215=DIRECTION('',(2.1661333941439046E-08,1.1578031999242023E-08,0.9999999999999997));
#2216=DIRECTION('',(0.4713906500522448,-0.8819245177697025,0));
#2217=FACE_BOUND('',#2218,.T.);
#2218=EDGE_LOOP('',(#2219,#2220,#2221));
#2219=ORIENTED_EDGE('',*,*,#2222,.T.);
#2220=ORIENTED_EDGE('',*,*,#2223,.T.);
#2221=ORIENTED_EDGE('',*,*,#2224,.T.);
#2222=EDGE_CURVE('',#187,#185,#2225,.F.);
#2223=EDGE_CURVE('',#185,#167,#2226,.T.);
#2224=EDGE_CURVE('',#167,#187,#2227,.T.);
#2225=LINE('',#186,#2228);
#2226=LINE('',#184,#2229);
#2227=LINE('',#166,#2230);
#2228=VECTOR('',#2231,1.0);
#2229=VECTOR('',#2232,1.0);
#2230=VECTOR('',#2233,1.0);
#2231=DIRECTION('',(0.4713906500522448,-0.8819245177697025,0));
#2232=DIRECTION('',(0.47963419634385707,0.8774685394346523,-2.05488753246406E-08));
#2233=DIRECTION('',(-0.48090504356677916,-0.8767726838080859,2.056834693201363E-08));
#2234=FACE_SURFACE('',(#2239),#2235,.T.);
#2235=PLANE('',#2236);
#2236=AXIS2_PLACEMENT_3D('',#166,#2237,#2238);
#2237=DIRECTION('',(4.316619260728412E-08,-5.2599200173228486E-08,0.9999999999999977));
#2238=DIRECTION('',(-0.9999559719567997,-0.009383717170181374,4.267071606648799E-08));
#2239=FACE_BOUND('',#2240,.T.);
#2240=EDGE_LOOP('',(#2241,#2242,#2243));
#2241=ORIENTED_EDGE('',*,*,#2244,.T.);
#2242=ORIENTED_EDGE('',*,*,#2245,.T.);
#2243=ORIENTED_EDGE('',*,*,#2246,.T.);
#2244=EDGE_CURVE('',#167,#183,#2247,.F.);
#2245=EDGE_CURVE('',#183,#189,#2248,.T.);
#2246=EDGE_CURVE('',#189,#167,#2249,.T.);
#2247=LINE('',#166,#2250);
#2248=LINE('',#182,#2251);
#2249=LINE('',#188,#2252);
#2250=VECTOR('',#2253,1.0);
#2251=VECTOR('',#2254,1.0);
#2252=VECTOR('',#2255,1.0);
#2253=DIRECTION('',(-0.9999559719567997,-0.009383717170181374,4.267071606648799E-08));
#2254=DIRECTION('',(-0.7730166181052922,-0.6343857723286809,0));
#2255=DIRECTION('',(0.9999323661302564,0.011630269349636463,-4.2551530245046E-08));
#2256=FACE_SURFACE('',(#2261),#2257,.T.);
#2257=PLANE('',#2258);
#2258=AXIS2_PLACEMENT_3D('',#166,#2259,#2260);
#2259=DIRECTION('',(4.350100073166033E-08,-8.138490323329397E-08,0.9999999999999957));
#2260=DIRECTION('',(-0.9999323661302564,-0.011630269349636463,4.2551530245046E-08));
#2261=FACE_BOUND('',#2262,.T.);
#2262=EDGE_LOOP('',(#2263,#2264,#2265));
#2263=ORIENTED_EDGE('',*,*,#2266,.T.);
#2264=ORIENTED_EDGE('',*,*,#2267,.T.);
#2265=ORIENTED_EDGE('',*,*,#2268,.T.);
#2266=EDGE_CURVE('',#167,#189,#2269,.F.);
#2267=EDGE_CURVE('',#189,#191,#2270,.T.);
#2268=EDGE_CURVE('',#191,#167,#2271,.T.);
#2269=LINE('',#166,#2272);
#2270=LINE('',#188,#2273);
#2271=LINE('',#190,#2274);
#2272=VECTOR('',#2275,1.0);
#2273=VECTOR('',#2276,1.0);
#2274=VECTOR('',#2277,1.0);
#2275=DIRECTION('',(-0.9999323661302564,-0.011630269349636463,4.2551530245046E-08));
#2276=DIRECTION('',(-0.8819218785920993,-0.47139558765497835,0));
#2277=DIRECTION('',(0.9999118579061488,0.013276912994809462,-4.241662618305197E-08));
#2278=FACE_SURFACE('',(#2283),#2279,.T.);
#2279=PLANE('',#2280);
#2280=AXIS2_PLACEMENT_3D('',#192,#2281,#2282);
#2281=DIRECTION('',(1.7133628784232697E-08,1.4061453627327842E-08,0.9999999999999998));
#2282=DIRECTION('',(0.6343999665781382,-0.7730049691985538,0));
#2283=FACE_BOUND('',#2284,.T.);
#2284=EDGE_LOOP('',(#2285,#2286,#2287));
#2285=ORIENTED_EDGE('',*,*,#2288,.T.);
#2286=ORIENTED_EDGE('',*,*,#2289,.T.);
#2287=ORIENTED_EDGE('',*,*,#2290,.T.);
#2288=EDGE_CURVE('',#193,#187,#2291,.F.);
#2289=EDGE_CURVE('',#187,#167,#2292,.T.);
#2290=EDGE_CURVE('',#167,#193,#2293,.T.);
#2291=LINE('',#192,#2294);
#2292=LINE('',#186,#2295);
#2293=LINE('',#166,#2296);
#2294=VECTOR('',#2297,1.0);
#2295=VECTOR('',#2298,1.0);
#2296=VECTOR('',#2299,1.0);
#2297=DIRECTION('',(0.6343999665781382,-0.7730049691985538,0));
#2298=DIRECTION('',(0.48090504356677916,0.8767726838080859,-2.056834693201363E-08));
#2299=DIRECTION('',(-0.4823143288339852,-0.8759982238574586,2.0581603069951056E-08));
#2300=FACE_SURFACE('',(#2305),#2301,.T.);
#2301=PLANE('',#2302);
#2302=AXIS2_PLACEMENT_3D('',#194,#2303,#2304);
#2303=DIRECTION('',(1.3280318184076318E-08,1.6183041166306366E-08,0.9999999999999998));
#2304=DIRECTION('',(0.7730282671024689,-0.6343715774375094,0));
#2305=FACE_BOUND('',#2306,.T.);
#2306=EDGE_LOOP('',(#2307,#2308,#2309));
#2307=ORIENTED_EDGE('',*,*,#2310,.T.);
#2308=ORIENTED_EDGE('',*,*,#2311,.T.);
#2309=ORIENTED_EDGE('',*,*,#2312,.T.);
#2310=EDGE_CURVE('',#195,#193,#2313,.F.);
#2311=EDGE_CURVE('',#193,#167,#2314,.T.);
#2312=EDGE_CURVE('',#167,#195,#2315,.T.);
#2313=LINE('',#194,#2316);
#2314=LINE('',#192,#2317);
#2315=LINE('',#166,#2318);
#2316=VECTOR('',#2319,1.0);
#2317=VECTOR('',#2320,1.0);
#2318=VECTOR('',#2321,1.0);
#2319=DIRECTION('',(0.7730282671024689,-0.6343715774375094,0));
#2320=DIRECTION('',(0.4823143288339852,0.8759982238574586,-2.0581603069951056E-08));
#2321=DIRECTION('',(-0.48380646663947097,-0.8751750126905076,2.0588097074579064E-08));
#2322=FACE_SURFACE('',(#2327),#2323,.T.);
#2323=PLANE('',#2324);
#2324=AXIS2_PLACEMENT_3D('',#166,#2325,#2326);
#2325=DIRECTION('',(4.436209807205687E-08,-1.4623593011061673E-07,0.9999999999999882));
#2326=DIRECTION('',(-0.9999118579061488,-0.013276912994809462,4.241662618305197E-08));
#2327=FACE_BOUND('',#2328,.T.);
#2328=EDGE_LOOP('',(#2329,#2330,#2331));
#2329=ORIENTED_EDGE('',*,*,#2332,.T.);
#2330=ORIENTED_EDGE('',*,*,#2333,.T.);
#2331=ORIENTED_EDGE('',*,*,#2334,.T.);
#2332=EDGE_CURVE('',#167,#191,#2335,.F.);
#2333=EDGE_CURVE('',#191,#197,#2336,.T.);
#2334=EDGE_CURVE('',#197,#167,#2337,.T.);
#2335=LINE('',#166,#2338);
#2336=LINE('',#190,#2339);
#2337=LINE('',#196,#2340);
#2338=VECTOR('',#2341,1.0);
#2339=VECTOR('',#2342,1.0);
#2340=VECTOR('',#2343,1.0);
#2341=DIRECTION('',(-0.9999118579061488,-0.013276912994809462,4.241662618305197E-08));
#2342=DIRECTION('',(-0.9569368570963379,-0.2902961445327561,0));
#2343=DIRECTION('',(0.9998982538371635,0.014264710771324402,-4.2271571151399604E-08));
#2344=FACE_SURFACE('',(#2349),#2345,.T.);
#2345=PLANE('',#2346);
#2346=AXIS2_PLACEMENT_3D('',#166,#2347,#2348);
#2347=DIRECTION('',(4.943720897337251E-08,-5.019805792388369E-07,0.9999999999998728));
#2348=DIRECTION('',(-0.9998982538371635,-0.014264710771324402,4.2271571151399604E-08));
#2349=FACE_BOUND('',#2350,.T.);
#2350=EDGE_LOOP('',(#2351,#2352,#2353));
#2351=ORIENTED_EDGE('',*,*,#2354,.T.);
#2352=ORIENTED_EDGE('',*,*,#2355,.T.);
#2353=ORIENTED_EDGE('',*,*,#2356,.T.);
#2354=EDGE_CURVE('',#167,#197,#2357,.F.);
#2355=EDGE_CURVE('',#197,#199,#2358,.T.);
#2356=EDGE_CURVE('',#199,#167,#2359,.T.);
#2357=LINE('',#166,#2360);
#2358=LINE('',#196,#2361);
#2359=LINE('',#198,#2362);
#2360=VECTOR('',#2363,1.0);
#2361=VECTOR('',#2364,1.0);
#2362=VECTOR('',#2365,1.0);
#2363=DIRECTION('',(-0.9998982538371635,-0.014264710771324402,4.2271571151399604E-08));
#2364=DIRECTION('',(-0.9951854156269587,-0.09801014500243065,0));
#2365=DIRECTION('',(0.9998939700491566,0.014561890651094877,-4.212218084469138E-08));
#2366=FACE_SURFACE('',(#2371),#2367,.T.);
#2367=PLANE('',#2368);
#2368=AXIS2_PLACEMENT_3D('',#200,#2369,#2370);
#2369=DIRECTION('',(9.706207446762177E-09,1.8158849275683514E-08,0.9999999999999999));
#2370=DIRECTION('',(0.8819192393315626,-0.47140052534637483,0));
#2371=FACE_BOUND('',#2372,.T.);
#2372=EDGE_LOOP('',(#2373,#2374,#2375));
#2373=ORIENTED_EDGE('',*,*,#2376,.T.);
#2374=ORIENTED_EDGE('',*,*,#2377,.T.);
#2375=ORIENTED_EDGE('',*,*,#2378,.T.);
#2376=EDGE_CURVE('',#201,#195,#2379,.F.);
#2377=EDGE_CURVE('',#195,#167,#2380,.T.);
#2378=EDGE_CURVE('',#167,#201,#2381,.T.);
#2379=LINE('',#200,#2382);
#2380=LINE('',#194,#2383);
#2381=LINE('',#166,#2384);
#2382=VECTOR('',#2385,1.0);
#2383=VECTOR('',#2386,1.0);
#2384=VECTOR('',#2387,1.0);
#2385=DIRECTION('',(0.8819192393315626,-0.47140052534637483,0));
#2386=DIRECTION('',(0.48380646663947097,0.8751750126905076,-2.0588097074579064E-08));
#2387=DIRECTION('',(-0.48532260719210185,-0.8743351571041053,2.058756223829453E-08));
#2388=FACE_SURFACE('',(#2393),#2389,.T.);
#2389=PLANE('',#2390);
#2390=AXIS2_PLACEMENT_3D('',#202,#2391,#2392);
#2391=DIRECTION('',(6.1135483396158965E-09,2.0153048720216512E-08,0.9999999999999998));
#2392=DIRECTION('',(0.95693785797092,-0.2902928452132903,0));
#2393=FACE_BOUND('',#2394,.T.);
#2394=EDGE_LOOP('',(#2395,#2396,#2397));
#2395=ORIENTED_EDGE('',*,*,#2398,.T.);
#2396=ORIENTED_EDGE('',*,*,#2399,.T.);
#2397=ORIENTED_EDGE('',*,*,#2400,.T.);
#2398=EDGE_CURVE('',#203,#201,#2401,.F.);
#2399=EDGE_CURVE('',#201,#167,#2402,.T.);
#2400=EDGE_CURVE('',#167,#203,#2403,.T.);
#2401=LINE('',#202,#2404);
#2402=LINE('',#200,#2405);
#2403=LINE('',#166,#2406);
#2404=VECTOR('',#2407,1.0);
#2405=VECTOR('',#2408,1.0);
#2406=VECTOR('',#2409,1.0);
#2407=DIRECTION('',(0.95693785797092,-0.2902928452132903,0));
#2408=DIRECTION('',(0.48532260719210185,0.8743351571041053,-2.058756223829453E-08));
#2409=DIRECTION('',(-0.4868029688002412,-0.8735118027635751,2.0580019400407293E-08));
#2410=FACE_SURFACE('',(#2415),#2411,.T.);
#2411=PLANE('',#2412);
#2412=AXIS2_PLACEMENT_3D('',#202,#2413,#2414);
#2413=DIRECTION('',(4.2125426507928196E-08,8.384169983707896E-11,0.999999999999999));
#2414=DIRECTION('',(0.4868029688002412,0.8735118027635751,-2.0580019400407293E-08));
#2415=FACE_BOUND('',#2416,.T.);
#2416=EDGE_LOOP('',(#2417,#2418,#2419));
#2417=ORIENTED_EDGE('',*,*,#2420,.T.);
#2418=ORIENTED_EDGE('',*,*,#2421,.T.);
#2419=ORIENTED_EDGE('',*,*,#2422,.T.);
#2420=EDGE_CURVE('',#203,#167,#2423,.F.);
#2421=EDGE_CURVE('',#167,#199,#2424,.T.);
#2422=EDGE_CURVE('',#199,#203,#2425,.T.);
#2423=LINE('',#202,#2426);
#2424=LINE('',#166,#2427);
#2425=LINE('',#198,#2428);
#2426=VECTOR('',#2429,1.0);
#2427=VECTOR('',#2430,1.0);
#2428=VECTOR('',#2431,1.0);
#2429=DIRECTION('',(0.4868029688002412,0.8735118027635751,-2.0580019400407293E-08));
#2430=DIRECTION('',(-0.9998939700491566,-0.014561890651094877,4.212218084469138E-08));
#2431=DIRECTION('',(0.0019902833212407547,-0.9999980193841892,0));
#2432=FACE_SURFACE('',(#2437),#2433,.T.);
#2433=PLANE('',#2434);
#2434=AXIS2_PLACEMENT_3D('',#204,#2435,#2436);
#2435=DIRECTION('',(-0,0,1));
#2436=DIRECTION('',(0.9951830984033126,-0.09803367101349734,0));
#2437=FACE_BOUND('',#2438,.T.);
#2438=EDGE_LOOP('',(#2439,#2440,#2441));
#2439=ORIENTED_EDGE('',*,*,#2442,.T.);
#2440=ORIENTED_EDGE('',*,*,#2443,.T.);
#2441=ORIENTED_EDGE('',*,*,#2444,.T.);
#2442=EDGE_CURVE('',#205,#203,#2445,.F.);
#2443=EDGE_CURVE('',#203,#199,#2446,.T.);
#2444=EDGE_CURVE('',#199,#205,#2447,.T.);
#2445=LINE('',#204,#2448);
#2446=LINE('',#202,#2449);
#2447=LINE('',#198,#2450);
#2448=VECTOR('',#2451,1.0);
#2449=VECTOR('',#2452,1.0);
#2450=VECTOR('',#2453,1.0);
#2451=DIRECTION('',(0.9951830984033126,-0.09803367101349734,0));
#2452=DIRECTION('',(-0.0019902833212407547,0.9999980193841892,0));
#2453=DIRECTION('',(-2.375822076015187E-08,-0.9999999999999997,0));
#2454=FACE_SURFACE('',(#2459),#2455,.T.);
#2455=PLANE('',#2456);
#2456=AXIS2_PLACEMENT_3D('',#204,#2457,#2458);
#2457=DIRECTION('',(0,-0,1));
#2458=DIRECTION('',(2.375822076015187E-08,0.9999999999999997,0));
#2459=FACE_BOUND('',#2460,.T.);
#2460=EDGE_LOOP('',(#2461,#2462,#2463));
#2461=ORIENTED_EDGE('',*,*,#2464,.T.);
#2462=ORIENTED_EDGE('',*,*,#2465,.T.);
#2463=ORIENTED_EDGE('',*,*,#2466,.T.);
#2464=EDGE_CURVE('',#205,#199,#2467,.F.);
#2465=EDGE_CURVE('',#199,#207,#2468,.T.);
#2466=EDGE_CURVE('',#207,#205,#2469,.T.);
#2467=LINE('',#204,#2470);
#2468=LINE('',#198,#2471);
#2469=LINE('',#206,#2472);
#2470=VECTOR('',#2473,1.0);
#2471=VECTOR('',#2474,1.0);
#2472=VECTOR('',#2475,1.0);
#2473=DIRECTION('',(2.375822076015187E-08,0.9999999999999997,0));
#2474=DIRECTION('',(-0.9951855297165898,0.09800898654057474,0));
#2475=DIRECTION('',(0.001990307169215689,-0.9999980193367245,0));
#2476=FACE_SURFACE('',(#2481),#2477,.T.);
#2477=PLANE('',#2478);
#2478=AXIS2_PLACEMENT_3D('',#208,#2479,#2480);
#2479=DIRECTION('',(0,0,1));
#2480=DIRECTION('',(0.9951833266875516,0.09803135357169003,0));
#2481=FACE_BOUND('',#2482,.T.);
#2482=EDGE_LOOP('',(#2483,#2484,#2485));
#2483=ORIENTED_EDGE('',*,*,#2486,.T.);
#2484=ORIENTED_EDGE('',*,*,#2487,.T.);
#2485=ORIENTED_EDGE('',*,*,#2488,.T.);
#2486=EDGE_CURVE('',#209,#205,#2489,.F.);
#2487=EDGE_CURVE('',#205,#207,#2490,.T.);
#2488=EDGE_CURVE('',#207,#209,#2491,.T.);
#2489=LINE('',#208,#2492);
#2490=LINE('',#204,#2493);
#2491=LINE('',#206,#2494);
#2492=VECTOR('',#2495,1.0);
#2493=VECTOR('',#2496,1.0);
#2494=VECTOR('',#2497,1.0);
#2495=DIRECTION('',(0.9951833266875516,0.09803135357169003,0));
#2496=DIRECTION('',(-0.001990307169215689,0.9999980193367245,0));
#2497=DIRECTION('',(-4.7497815100505326E-08,-0.9999999999999989,0));
#2498=FACE_SURFACE('',(#2503),#2499,.T.);
#2499=PLANE('',#2500);
#2500=AXIS2_PLACEMENT_3D('',#208,#2501,#2502);
#2501=DIRECTION('',(0,-0,1));
#2502=DIRECTION('',(4.7497815100505326E-08,0.9999999999999989,0));
#2503=FACE_BOUND('',#2504,.T.);
#2504=EDGE_LOOP('',(#2505,#2506,#2507));
#2505=ORIENTED_EDGE('',*,*,#2508,.T.);
#2506=ORIENTED_EDGE('',*,*,#2509,.T.);
#2507=ORIENTED_EDGE('',*,*,#2510,.T.);
#2508=EDGE_CURVE('',#209,#207,#2511,.F.);
#2509=EDGE_CURVE('',#207,#211,#2512,.T.);
#2510=EDGE_CURVE('',#211,#209,#2513,.T.);
#2511=LINE('',#208,#2514);
#2512=LINE('',#206,#2515);
#2513=LINE('',#210,#2516);
#2514=VECTOR('',#2517,1.0);
#2515=VECTOR('',#2518,1.0);
#2516=VECTOR('',#2519,1.0);
#2517=DIRECTION('',(4.7497815100505326E-08,0.9999999999999989,0));
#2518=DIRECTION('',(-0.956935856187629,0.2902994439237685,0));
#2519=DIRECTION('',(0.0019122884573887476,-0.9999981715747563,0));
#2520=FACE_SURFACE('',(#2525),#2521,.T.);
#2521=PLANE('',#2522);
#2522=AXIS2_PLACEMENT_3D('',#212,#2523,#2524);
#2523=DIRECTION('',(0,0,1));
#2524=DIRECTION('',(0.9569348552447919,0.2903027433863298,0));
#2525=FACE_BOUND('',#2526,.T.);
#2526=EDGE_LOOP('',(#2527,#2528,#2529));
#2527=ORIENTED_EDGE('',*,*,#2530,.T.);
#2528=ORIENTED_EDGE('',*,*,#2531,.T.);
#2529=ORIENTED_EDGE('',*,*,#2532,.T.);
#2530=EDGE_CURVE('',#213,#209,#2533,.F.);
#2531=EDGE_CURVE('',#209,#211,#2534,.T.);
#2532=EDGE_CURVE('',#211,#213,#2535,.T.);
#2533=LINE('',#212,#2536);
#2534=LINE('',#208,#2537);
#2535=LINE('',#210,#2538);
#2536=VECTOR('',#2539,1.0);
#2537=VECTOR('',#2540,1.0);
#2538=VECTOR('',#2541,1.0);
#2539=DIRECTION('',(0.9569348552447919,0.2903027433863298,0));
#2540=DIRECTION('',(-0.0019122884573887476,0.9999981715747563,0));
#2541=DIRECTION('',(-2.3721368426915547E-08,-0.9999999999999997,0));
#2542=FACE_SURFACE('',(#2547),#2543,.T.);
#2543=PLANE('',#2544);
#2544=AXIS2_PLACEMENT_3D('',#212,#2545,#2546);
#2545=DIRECTION('',(0,-0,1));
#2546=DIRECTION('',(2.3721368426915547E-08,0.9999999999999997,0));
#2547=FACE_BOUND('',#2548,.T.);
#2548=EDGE_LOOP('',(#2549,#2550,#2551));
#2549=ORIENTED_EDGE('',*,*,#2552,.T.);
#2550=ORIENTED_EDGE('',*,*,#2553,.T.);
#2551=ORIENTED_EDGE('',*,*,#2554,.T.);
#2552=EDGE_CURVE('',#213,#211,#2555,.F.);
#2553=EDGE_CURVE('',#211,#215,#2556,.T.);
#2554=EDGE_CURVE('',#215,#213,#2557,.T.);
#2555=LINE('',#212,#2558);
#2556=LINE('',#210,#2559);
#2557=LINE('',#214,#2560);
#2558=VECTOR('',#2561,1.0);
#2559=VECTOR('',#2562,1.0);
#2560=VECTOR('',#2563,1.0);
#2561=DIRECTION('',(2.3721368426915547E-08,0.9999999999999997,0));
#2562=DIRECTION('',(-0.8819192393315626,0.47140052534637483,0));
#2563=DIRECTION('',(0.0017597232612210749,-0.9999984516858232,0));
#2564=FACE_SURFACE('',(#2569),#2565,.T.);
#2565=PLANE('',#2566);
#2566=AXIS2_PLACEMENT_3D('',#216,#2567,#2568);
#2567=DIRECTION('',(0,0,1));
#2568=DIRECTION('',(0.8819165999880887,0.47140546312643583,0));
#2569=FACE_BOUND('',#2570,.T.);
#2570=EDGE_LOOP('',(#2571,#2572,#2573));
#2571=ORIENTED_EDGE('',*,*,#2574,.T.);
#2572=ORIENTED_EDGE('',*,*,#2575,.T.);
#2573=ORIENTED_EDGE('',*,*,#2576,.T.);
#2574=EDGE_CURVE('',#217,#213,#2577,.F.);
#2575=EDGE_CURVE('',#213,#215,#2578,.T.);
#2576=EDGE_CURVE('',#215,#217,#2579,.T.);
#2577=LINE('',#216,#2580);
#2578=LINE('',#212,#2581);
#2579=LINE('',#214,#2582);
#2580=VECTOR('',#2583,1.0);
#2581=VECTOR('',#2584,1.0);
#2582=VECTOR('',#2585,1.0);
#2583=DIRECTION('',(0.8819165999880887,0.47140546312643583,0));
#2584=DIRECTION('',(-0.0017597232612210749,0.9999984516858232,0));
#2585=DIRECTION('',(0,-1,0));
#2586=FACE_SURFACE('',(#2591),#2587,.T.);
#2587=PLANE('',#2588);
#2588=AXIS2_PLACEMENT_3D('',#216,#2589,#2590);
#2589=DIRECTION('',(0,-0,1));
#2590=DIRECTION('',(0,1,0));
#2591=FACE_BOUND('',#2592,.T.);
#2592=EDGE_LOOP('',(#2593,#2594,#2595));
#2593=ORIENTED_EDGE('',*,*,#2596,.T.);
#2594=ORIENTED_EDGE('',*,*,#2597,.T.);
#2595=ORIENTED_EDGE('',*,*,#2598,.T.);
#2596=EDGE_CURVE('',#217,#215,#2599,.F.);
#2597=EDGE_CURVE('',#215,#219,#2600,.T.);
#2598=EDGE_CURVE('',#219,#217,#2601,.T.);
#2599=LINE('',#216,#2602);
#2600=LINE('',#214,#2603);
#2601=LINE('',#218,#2604);
#2602=VECTOR('',#2605,1.0);
#2603=VECTOR('',#2606,1.0);
#2604=VECTOR('',#2607,1.0);
#2605=DIRECTION('',(0,1,0));
#2606=DIRECTION('',(-0.7730213979686489,0.6343799478881689,0));
#2607=DIRECTION('',(0.0015390553987959042,-0.9999988156535383,0));
#2608=FACE_SURFACE('',(#2613),#2609,.T.);
#2609=PLANE('',#2610);
#2610=AXIS2_PLACEMENT_3D('',#220,#2611,#2612);
#2611=DIRECTION('',(0,0,1));
#2612=DIRECTION('',(0.7730330468239465,0.6343657529517859,0));
#2613=FACE_BOUND('',#2614,.T.);
#2614=EDGE_LOOP('',(#2615,#2616,#2617));
#2615=ORIENTED_EDGE('',*,*,#2618,.T.);
#2616=ORIENTED_EDGE('',*,*,#2619,.T.);
#2617=ORIENTED_EDGE('',*,*,#2620,.T.);
#2618=EDGE_CURVE('',#221,#217,#2621,.F.);
#2619=EDGE_CURVE('',#217,#219,#2622,.T.);
#2620=EDGE_CURVE('',#219,#221,#2623,.T.);
#2621=LINE('',#220,#2624);
#2622=LINE('',#216,#2625);
#2623=LINE('',#218,#2626);
#2624=VECTOR('',#2627,1.0);
#2625=VECTOR('',#2628,1.0);
#2626=VECTOR('',#2629,1.0);
#2627=DIRECTION('',(0.7730330468239465,0.6343657529517859,0));
#2628=DIRECTION('',(-0.0015390553987959042,0.9999988156535383,0));
#2629=DIRECTION('',(0,-1,0));
#2630=FACE_SURFACE('',(#2635),#2631,.T.);
#2631=PLANE('',#2632);
#2632=AXIS2_PLACEMENT_3D('',#220,#2633,#2634);
#2633=DIRECTION('',(0,-0,1));
#2634=DIRECTION('',(0,1,0));
#2635=FACE_BOUND('',#2636,.T.);
#2636=EDGE_LOOP('',(#2637,#2638,#2639));
#2637=ORIENTED_EDGE('',*,*,#2640,.T.);
#2638=ORIENTED_EDGE('',*,*,#2641,.T.);
#2639=ORIENTED_EDGE('',*,*,#2642,.T.);
#2640=EDGE_CURVE('',#221,#219,#2643,.F.);
#2641=EDGE_CURVE('',#219,#223,#2644,.T.);
#2642=EDGE_CURVE('',#223,#221,#2645,.T.);
#2643=LINE('',#220,#2646);
#2644=LINE('',#218,#2647);
#2645=LINE('',#222,#2648);
#2646=VECTOR('',#2649,1.0);
#2647=VECTOR('',#2650,1.0);
#2648=VECTOR('',#2651,1.0);
#2649=DIRECTION('',(0,1,0));
#2650=DIRECTION('',(-0.6343741235185938,0.7730261777003519,0));
#2651=DIRECTION('',(0.0012594969958379543,-0.9999992068333442,0));
#2652=FACE_SURFACE('',(#2657),#2653,.T.);
#2653=PLANE('',#2654);
#2654=AXIS2_PLACEMENT_3D('',#224,#2655,#2656);
#2655=DIRECTION('',(0,0,1));
#2656=DIRECTION('',(0.6343928695336223,0.773010793640617,0));
#2657=FACE_BOUND('',#2658,.T.);
#2658=EDGE_LOOP('',(#2659,#2660,#2661));
#2659=ORIENTED_EDGE('',*,*,#2662,.T.);
#2660=ORIENTED_EDGE('',*,*,#2663,.T.);
#2661=ORIENTED_EDGE('',*,*,#2664,.T.);
#2662=EDGE_CURVE('',#225,#221,#2665,.F.);
#2663=EDGE_CURVE('',#221,#223,#2666,.T.);
#2664=EDGE_CURVE('',#223,#225,#2667,.T.);
#2665=LINE('',#224,#2668);
#2666=LINE('',#220,#2669);
#2667=LINE('',#222,#2670);
#2668=VECTOR('',#2671,1.0);
#2669=VECTOR('',#2672,1.0);
#2670=VECTOR('',#2673,1.0);
#2671=DIRECTION('',(0.6343928695336223,0.773010793640617,0));
#2672=DIRECTION('',(-0.0012594969958379543,0.9999992068333442,0));
#2673=DIRECTION('',(-2.354467092743588E-08,-0.9999999999999997,0));
#2674=FACE_SURFACE('',(#2679),#2675,.T.);
#2675=PLANE('',#2676);
#2676=AXIS2_PLACEMENT_3D('',#224,#2677,#2678);
#2677=DIRECTION('',(0,-0,1));
#2678=DIRECTION('',(2.354467092743588E-08,0.9999999999999997,0));
#2679=FACE_BOUND('',#2680,.T.);
#2680=EDGE_LOOP('',(#2681,#2682,#2683));
#2681=ORIENTED_EDGE('',*,*,#2684,.T.);
#2682=ORIENTED_EDGE('',*,*,#2685,.T.);
#2683=ORIENTED_EDGE('',*,*,#2686,.T.);
#2684=EDGE_CURVE('',#225,#223,#2687,.F.);
#2685=EDGE_CURVE('',#223,#227,#2688,.T.);
#2686=EDGE_CURVE('',#227,#225,#2689,.T.);
#2687=LINE('',#224,#2690);
#2688=LINE('',#222,#2691);
#2689=LINE('',#226,#2692);
#2690=VECTOR('',#2693,1.0);
#2691=VECTOR('',#2694,1.0);
#2692=VECTOR('',#2695,1.0);
#2693=DIRECTION('',(2.354467092743588E-08,0.9999999999999997,0));
#2694=DIRECTION('',(-0.471399887650071,0.8819195801905639,0));
#2695=DIRECTION('',(0.0009328566383801978,-0.9999995648891515,0));
#2696=FACE_SURFACE('',(#2701),#2697,.T.);
#2697=PLANE('',#2698);
#2698=AXIS2_PLACEMENT_3D('',#228,#2699,#2700);
#2699=DIRECTION('',(0,0,1));
#2700=DIRECTION('',(0.471399887650071,0.8819195801905639,0));
#2701=FACE_BOUND('',#2702,.T.);
#2702=EDGE_LOOP('',(#2703,#2704,#2705));
#2703=ORIENTED_EDGE('',*,*,#2706,.T.);
#2704=ORIENTED_EDGE('',*,*,#2707,.T.);
#2705=ORIENTED_EDGE('',*,*,#2708,.T.);
#2706=EDGE_CURVE('',#229,#225,#2709,.F.);
#2707=EDGE_CURVE('',#225,#227,#2710,.T.);
#2708=EDGE_CURVE('',#227,#229,#2711,.T.);
#2709=LINE('',#228,#2712);
#2710=LINE('',#224,#2713);
#2711=LINE('',#226,#2714);
#2712=VECTOR('',#2715,1.0);
#2713=VECTOR('',#2716,1.0);
#2714=VECTOR('',#2717,1.0);
#2715=DIRECTION('',(0.471399887650071,0.8819195801905639,0));
#2716=DIRECTION('',(-0.0009328566383801978,0.9999995648891515,0));
#2717=DIRECTION('',(-2.3462629943083407E-08,-0.9999999999999997,0));
#2718=FACE_SURFACE('',(#2723),#2719,.T.);
#2719=PLANE('',#2720);
#2720=AXIS2_PLACEMENT_3D('',#228,#2721,#2722);
#2721=DIRECTION('',(0,-0,1));
#2722=DIRECTION('',(2.3462629943083407E-08,0.9999999999999997,0));
#2723=FACE_BOUND('',#2724,.T.);
#2724=EDGE_LOOP('',(#2725,#2726,#2727));
#2725=ORIENTED_EDGE('',*,*,#2728,.T.);
#2726=ORIENTED_EDGE('',*,*,#2729,.T.);
#2727=ORIENTED_EDGE('',*,*,#2730,.T.);
#2728=EDGE_CURVE('',#229,#227,#2731,.F.);
#2729=EDGE_CURVE('',#227,#231,#2732,.T.);
#2730=EDGE_CURVE('',#231,#229,#2733,.T.);
#2731=LINE('',#228,#2734);
#2732=LINE('',#226,#2735);
#2733=LINE('',#230,#2736);
#2734=VECTOR('',#2737,1.0);
#2735=VECTOR('',#2738,1.0);
#2736=VECTOR('',#2739,1.0);
#2737=DIRECTION('',(2.3462629943083407E-08,0.9999999999999997,0));
#2738=DIRECTION('',(-0.2902951665141858,0.9569371537872804,0));
#2739=DIRECTION('',(0.0005723446575081406,-0.999999836210783,0));
#2740=FACE_SURFACE('',(#2745),#2741,.T.);
#2741=PLANE('',#2742);
#2742=AXIS2_PLACEMENT_3D('',#232,#2743,#2744);
#2743=DIRECTION('',(0,0,1));
#2744=DIRECTION('',(0.2902951665141858,0.9569371537872804,0));
#2745=FACE_BOUND('',#2746,.T.);
#2746=EDGE_LOOP('',(#2747,#2748,#2749));
#2747=ORIENTED_EDGE('',*,*,#2750,.T.);
#2748=ORIENTED_EDGE('',*,*,#2751,.T.);
#2749=ORIENTED_EDGE('',*,*,#2752,.T.);
#2750=EDGE_CURVE('',#233,#229,#2753,.F.);
#2751=EDGE_CURVE('',#229,#231,#2754,.T.);
#2752=EDGE_CURVE('',#231,#233,#2755,.T.);
#2753=LINE('',#232,#2756);
#2754=LINE('',#228,#2757);
#2755=LINE('',#230,#2758);
#2756=VECTOR('',#2759,1.0);
#2757=VECTOR('',#2760,1.0);
#2758=VECTOR('',#2761,1.0);
#2759=DIRECTION('',(0.2902951665141858,0.9569371537872804,0));
#2760=DIRECTION('',(-0.0005723446575081406,0.999999836210783,0));
#2761=DIRECTION('',(-2.3374259480085405E-08,-0.9999999999999997,0));
#2762=FACE_SURFACE('',(#2767),#2763,.T.);
#2763=PLANE('',#2764);
#2764=AXIS2_PLACEMENT_3D('',#232,#2765,#2766);
#2765=DIRECTION('',(0,-0,1));
#2766=DIRECTION('',(2.3374259480085405E-08,0.9999999999999997,0));
#2767=FACE_BOUND('',#2768,.T.);
#2768=EDGE_LOOP('',(#2769,#2770,#2771));
#2769=ORIENTED_EDGE('',*,*,#2772,.T.);
#2770=ORIENTED_EDGE('',*,*,#2773,.T.);
#2771=ORIENTED_EDGE('',*,*,#2774,.T.);
#2772=EDGE_CURVE('',#233,#231,#2775,.F.);
#2773=EDGE_CURVE('',#231,#235,#2776,.T.);
#2774=EDGE_CURVE('',#235,#233,#2777,.T.);
#2775=LINE('',#232,#2778);
#2776=LINE('',#230,#2779);
#2777=LINE('',#234,#2780);
#2778=VECTOR('',#2781,1.0);
#2779=VECTOR('',#2782,1.0);
#2780=VECTOR('',#2783,1.0);
#2781=DIRECTION('',(2.3374259480085405E-08,0.9999999999999997,0));
#2782=DIRECTION('',(-0.09800782810597135,0.9951856438021754,0));
#2783=DIRECTION('',(0.00019248401683123162,-0.9999999814749515,0));
#2784=FACE_SURFACE('',(#2789),#2785,.T.);
#2785=PLANE('',#2786);
#2786=AXIS2_PLACEMENT_3D('',#236,#2787,#2788);
#2787=DIRECTION('',(0,0,1));
#2788=DIRECTION('',(0.09800782810597135,0.9951856438021754,0));
#2789=FACE_BOUND('',#2790,.T.);
#2790=EDGE_LOOP('',(#2791,#2792,#2793));
#2791=ORIENTED_EDGE('',*,*,#2794,.T.);
#2792=ORIENTED_EDGE('',*,*,#2795,.T.);
#2793=ORIENTED_EDGE('',*,*,#2796,.T.);
#2794=EDGE_CURVE('',#237,#233,#2797,.F.);
#2795=EDGE_CURVE('',#233,#235,#2798,.T.);
#2796=EDGE_CURVE('',#235,#237,#2799,.T.);
#2797=LINE('',#236,#2800);
#2798=LINE('',#232,#2801);
#2799=LINE('',#234,#2802);
#2800=VECTOR('',#2803,1.0);
#2801=VECTOR('',#2804,1.0);
#2802=VECTOR('',#2805,1.0);
#2803=DIRECTION('',(0.09800782810597135,0.9951856438021754,0));
#2804=DIRECTION('',(-0.00019248401683123162,0.9999999814749515,0));
#2805=DIRECTION('',(-2.328305621218947E-08,-0.9999999999999997,0));
#2806=FACE_SURFACE('',(#2811),#2807,.T.);
#2807=PLANE('',#2808);
#2808=AXIS2_PLACEMENT_3D('',#46,#2809,#2810);
#2809=DIRECTION('',(0,0,1));
#2810=DIRECTION('',(0.7071142711726882,0.7070992911210688,0));
#2811=FACE_BOUND('',#2812,.T.);
#2812=EDGE_LOOP('',(#2813,#2814,#2815));
#2813=ORIENTED_EDGE('',*,*,#2816,.T.);
#2814=ORIENTED_EDGE('',*,*,#2817,.T.);
#2815=ORIENTED_EDGE('',*,*,#2818,.T.);
#2816=EDGE_CURVE('',#47,#45,#2819,.F.);
#2817=EDGE_CURVE('',#45,#239,#2820,.T.);
#2818=EDGE_CURVE('',#239,#47,#2821,.T.);
#2819=LINE('',#46,#2822);
#2820=LINE('',#44,#2823);
#2821=LINE('',#238,#2824);
#2822=VECTOR('',#2825,1.0);
#2823=VECTOR('',#2826,1.0);
#2824=VECTOR('',#2827,1.0);
#2825=DIRECTION('',(0.7071142711726882,0.7070992911210688,0));
#2826=DIRECTION('',(-0.6343812207687514,0.7730203533775477,0));
#2827=DIRECTION('',(-0.6659255146773373,-0.7460182363064078,0));
#2828=FACE_SURFACE('',(#2833),#2829,.T.);
#2829=PLANE('',#2830);
#2830=AXIS2_PLACEMENT_3D('',#240,#2831,#2832);
#2831=DIRECTION('',(0,-0,1));
#2832=DIRECTION('',(0.6343857723286809,0.7730166181052922,0));
#2833=FACE_BOUND('',#2834,.T.);
#2834=EDGE_LOOP('',(#2835,#2836,#2837));
#2835=ORIENTED_EDGE('',*,*,#2838,.T.);
#2836=ORIENTED_EDGE('',*,*,#2839,.T.);
#2837=ORIENTED_EDGE('',*,*,#2840,.T.);
#2838=EDGE_CURVE('',#241,#243,#2841,.F.);
#2839=EDGE_CURVE('',#243,#245,#2842,.T.);
#2840=EDGE_CURVE('',#245,#241,#2843,.T.);
#2841=LINE('',#240,#2844);
#2842=LINE('',#242,#2845);
#2843=LINE('',#244,#2846);
#2844=VECTOR('',#2847,1.0);
#2845=VECTOR('',#2848,1.0);
#2846=VECTOR('',#2849,1.0);
#2847=DIRECTION('',(0.6343857723286809,0.7730166181052922,0));
#2848=DIRECTION('',(-0.7071067811865476,0.7071067811865476,0));
#2849=DIRECTION('',(0.6659190125333234,-0.7460240403275511,0));
#2850=FACE_SURFACE('',(#2855),#2851,.T.);
#2851=PLANE('',#2852);
#2852=AXIS2_PLACEMENT_3D('',#246,#2853,#2854);
#2853=DIRECTION('',(0,-0,1));
#2854=DIRECTION('',(0.471399887650071,0.8819195801905639,0));
#2855=FACE_BOUND('',#2856,.T.);
#2856=EDGE_LOOP('',(#2857,#2858,#2859));
#2857=ORIENTED_EDGE('',*,*,#2860,.T.);
#2858=ORIENTED_EDGE('',*,*,#2861,.T.);
#2859=ORIENTED_EDGE('',*,*,#2862,.T.);
#2860=EDGE_CURVE('',#247,#241,#2863,.F.);
#2861=EDGE_CURVE('',#241,#245,#2864,.T.);
#2862=EDGE_CURVE('',#245,#247,#2865,.T.);
#2863=LINE('',#246,#2866);
#2864=LINE('',#240,#2867);
#2865=LINE('',#244,#2868);
#2866=VECTOR('',#2869,1.0);
#2867=VECTOR('',#2870,1.0);
#2868=VECTOR('',#2871,1.0);
#2869=DIRECTION('',(0.471399887650071,0.8819195801905639,0));
#2870=DIRECTION('',(-0.6659190125333234,0.7460240403275511,0));
#2871=DIRECTION('',(0.62595412450365,-0.7798598810150892,0));
#2872=FACE_SURFACE('',(#2877),#2873,.T.);
#2873=PLANE('',#2874);
#2874=AXIS2_PLACEMENT_3D('',#46,#2875,#2876);
#2875=DIRECTION('',(0,0,1));
#2876=DIRECTION('',(0.6659255146773373,0.7460182363064078,0));
#2877=FACE_BOUND('',#2878,.T.);
#2878=EDGE_LOOP('',(#2879,#2880,#2881));
#2879=ORIENTED_EDGE('',*,*,#2882,.T.);
#2880=ORIENTED_EDGE('',*,*,#2883,.T.);
#2881=ORIENTED_EDGE('',*,*,#2884,.T.);
#2882=EDGE_CURVE('',#47,#239,#2885,.F.);
#2883=EDGE_CURVE('',#239,#249,#2886,.T.);
#2884=EDGE_CURVE('',#249,#47,#2887,.T.);
#2885=LINE('',#46,#2888);
#2886=LINE('',#238,#2889);
#2887=LINE('',#248,#2890);
#2888=VECTOR('',#2891,1.0);
#2889=VECTOR('',#2892,1.0);
#2890=VECTOR('',#2893,1.0);
#2891=DIRECTION('',(0.6659255146773373,0.7460182363064078,0));
#2892=DIRECTION('',(-0.471399887650071,0.8819195801905639,0));
#2893=DIRECTION('',(-0.6259605041105188,-0.7798547603840763,0));
#2894=FACE_SURFACE('',(#2899),#2895,.T.);
#2895=PLANE('',#2896);
#2896=AXIS2_PLACEMENT_3D('',#46,#2897,#2898);
#2897=DIRECTION('',(0,0,1));
#2898=DIRECTION('',(0.6259605041105188,0.7798547603840763,0));
#2899=FACE_BOUND('',#2900,.T.);
#2900=EDGE_LOOP('',(#2901,#2902,#2903));
#2901=ORIENTED_EDGE('',*,*,#2904,.T.);
#2902=ORIENTED_EDGE('',*,*,#2905,.T.);
#2903=ORIENTED_EDGE('',*,*,#2906,.T.);
#2904=EDGE_CURVE('',#47,#249,#2907,.F.);
#2905=EDGE_CURVE('',#249,#251,#2908,.T.);
#2906=EDGE_CURVE('',#251,#47,#2909,.T.);
#2907=LINE('',#46,#2910);
#2908=LINE('',#248,#2911);
#2909=LINE('',#250,#2912);
#2910=VECTOR('',#2913,1.0);
#2911=VECTOR('',#2914,1.0);
#2912=VECTOR('',#2915,1.0);
#2913=DIRECTION('',(0.6259605041105188,0.7798547603840763,0));
#2914=DIRECTION('',(-0.2903017655953367,0.9569351518740599,0));
#2915=DIRECTION('',(-0.5905851416934563,-0.8069753344501429,0));
#2916=FACE_SURFACE('',(#2921),#2917,.T.);
#2917=PLANE('',#2918);
#2918=AXIS2_PLACEMENT_3D('',#252,#2919,#2920);
#2919=DIRECTION('',(0,-0,1));
#2920=DIRECTION('',(0.2902885677192421,0.9569391555639841,0));
#2921=FACE_BOUND('',#2922,.T.);
#2922=EDGE_LOOP('',(#2923,#2924,#2925));
#2923=ORIENTED_EDGE('',*,*,#2926,.T.);
#2924=ORIENTED_EDGE('',*,*,#2927,.T.);
#2925=ORIENTED_EDGE('',*,*,#2928,.T.);
#2926=EDGE_CURVE('',#253,#247,#2929,.F.);
#2927=EDGE_CURVE('',#247,#245,#2930,.T.);
#2928=EDGE_CURVE('',#245,#253,#2931,.T.);
#2929=LINE('',#252,#2932);
#2930=LINE('',#246,#2933);
#2931=LINE('',#244,#2934);
#2932=VECTOR('',#2935,1.0);
#2933=VECTOR('',#2936,1.0);
#2934=VECTOR('',#2937,1.0);
#2935=DIRECTION('',(0.2902885677192421,0.9569391555639841,0));
#2936=DIRECTION('',(-0.62595412450365,0.7798598810150892,0));
#2937=DIRECTION('',(0.590577776308879,-0.8069807247574502,0));
#2938=FACE_SURFACE('',(#2943),#2939,.T.);
#2939=PLANE('',#2940);
#2940=AXIS2_PLACEMENT_3D('',#234,#2941,#2942);
#2941=DIRECTION('',(0,-0,1));
#2942=DIRECTION('',(0.09801014500243065,0.9951854156269587,0));
#2943=FACE_BOUND('',#2944,.T.);
#2944=EDGE_LOOP('',(#2945,#2946,#2947));
#2945=ORIENTED_EDGE('',*,*,#2948,.T.);
#2946=ORIENTED_EDGE('',*,*,#2949,.T.);
#2947=ORIENTED_EDGE('',*,*,#2950,.T.);
#2948=EDGE_CURVE('',#235,#253,#2951,.F.);
#2949=EDGE_CURVE('',#253,#245,#2952,.T.);
#2950=EDGE_CURVE('',#245,#235,#2953,.T.);
#2951=LINE('',#234,#2954);
#2952=LINE('',#252,#2955);
#2953=LINE('',#244,#2956);
#2954=VECTOR('',#2957,1.0);
#2955=VECTOR('',#2958,1.0);
#2956=VECTOR('',#2959,1.0);
#2957=DIRECTION('',(0.09801014500243065,0.9951854156269587,0));
#2958=DIRECTION('',(-0.590577776308879,0.8069807247574502,0));
#2959=DIRECTION('',(0.5623104258542927,-0.8269262270454143,0));
#2960=FACE_SURFACE('',(#2965),#2961,.T.);
#2961=PLANE('',#2962);
#2962=AXIS2_PLACEMENT_3D('',#46,#2963,#2964);
#2963=DIRECTION('',(0,0,1));
#2964=DIRECTION('',(0.5905851416934563,0.8069753344501429,0));
#2965=FACE_BOUND('',#2966,.T.);
#2966=EDGE_LOOP('',(#2967,#2968,#2969));
#2967=ORIENTED_EDGE('',*,*,#2970,.T.);
#2968=ORIENTED_EDGE('',*,*,#2971,.T.);
#2969=ORIENTED_EDGE('',*,*,#2972,.T.);
#2970=EDGE_CURVE('',#47,#251,#2973,.F.);
#2971=EDGE_CURVE('',#251,#237,#2974,.T.);
#2972=EDGE_CURVE('',#237,#47,#2975,.T.);
#2973=LINE('',#46,#2976);
#2974=LINE('',#250,#2977);
#2975=LINE('',#236,#2978);
#2976=VECTOR('',#2979,1.0);
#2977=VECTOR('',#2980,1.0);
#2978=VECTOR('',#2981,1.0);
#2979=DIRECTION('',(0.5905851416934563,0.8069753344501429,0));
#2980=DIRECTION('',(-0.09800551131851819,0.9951858719612109,0));
#2981=DIRECTION('',(-0.5623162735134644,-0.8269222506027583,0));
#2982=FACE_SURFACE('',(#2987),#2983,.T.);
#2983=PLANE('',#2984);
#2984=AXIS2_PLACEMENT_3D('',#236,#2985,#2986);
#2985=DIRECTION('',(0,-0,1));
#2986=DIRECTION('',(2.328305621218947E-08,0.9999999999999997,0));
#2987=FACE_BOUND('',#2988,.T.);
#2988=EDGE_LOOP('',(#2989,#2990,#2991));
#2989=ORIENTED_EDGE('',*,*,#2992,.T.);
#2990=ORIENTED_EDGE('',*,*,#2993,.T.);
#2991=ORIENTED_EDGE('',*,*,#2994,.T.);
#2992=EDGE_CURVE('',#237,#235,#2995,.F.);
#2993=EDGE_CURVE('',#235,#245,#2996,.T.);
#2994=EDGE_CURVE('',#245,#237,#2997,.T.);
#2995=LINE('',#236,#2998);
#2996=LINE('',#234,#2999);
#2997=LINE('',#244,#3000);
#2998=VECTOR('',#3001,1.0);
#2999=VECTOR('',#3002,1.0);
#3000=VECTOR('',#3003,1.0);
#3001=DIRECTION('',(2.328305621218947E-08,0.9999999999999997,0));
#3002=DIRECTION('',(-0.5623104258542927,0.8269262270454143,0));
#3003=DIRECTION('',(0.02060169004876444,-0.9997877626612234,0));
#3004=FACE_SURFACE('',(#3009),#3005,.T.);
#3005=PLANE('',#3006);
#3006=AXIS2_PLACEMENT_3D('',#244,#3007,#3008);
#3007=DIRECTION('',(0,0,1));
#3008=DIRECTION('',(-8.76538884535896E-08,-0.9999999999999961,0));
#3009=FACE_BOUND('',#3010,.T.);
#3010=EDGE_LOOP('',(#3011,#3012,#3013));
#3011=ORIENTED_EDGE('',*,*,#3014,.T.);
#3012=ORIENTED_EDGE('',*,*,#3015,.T.);
#3013=ORIENTED_EDGE('',*,*,#3016,.T.);
#3014=EDGE_CURVE('',#245,#47,#3017,.F.);
#3015=EDGE_CURVE('',#47,#237,#3018,.T.);
#3016=EDGE_CURVE('',#237,#245,#3019,.T.);
#3017=LINE('',#244,#3020);
#3018=LINE('',#46,#3021);
#3019=LINE('',#236,#3022);
#3020=VECTOR('',#3023,1.0);
#3021=VECTOR('',#3024,1.0);
#3022=VECTOR('',#3025,1.0);
#3023=DIRECTION('',(-8.76538884535896E-08,-0.9999999999999961,0));
#3024=DIRECTION('',(0.5623162735134644,0.8269222506027583,0));
#3025=DIRECTION('',(-0.02060169004876444,0.9997877626612234,0));
#3026=FACE_SURFACE('',(#3031),#3027,.T.);
#3027=PLANE('',#3028);
#3028=AXIS2_PLACEMENT_3D('',#244,#3029,#3030);
#3029=DIRECTION('',(0,0,1));
#3030=DIRECTION('',(0.7071067811865476,-0.7071067811865476,0));
#3031=FACE_BOUND('',#3032,.T.);
#3032=EDGE_LOOP('',(#3033,#3034,#3035));
#3033=ORIENTED_EDGE('',*,*,#3036,.T.);
#3034=ORIENTED_EDGE('',*,*,#3037,.T.);
#3035=ORIENTED_EDGE('',*,*,#3038,.T.);
#3036=EDGE_CURVE('',#245,#243,#3039,.F.);
#3037=EDGE_CURVE('',#243,#255,#3040,.T.);
#3038=EDGE_CURVE('',#255,#245,#3041,.T.);
#3039=LINE('',#244,#3042);
#3040=LINE('',#242,#3043);
#3041=LINE('',#254,#3044);
#3042=VECTOR('',#3045,1.0);
#3043=VECTOR('',#3046,1.0);
#3044=VECTOR('',#3047,1.0);
#3045=DIRECTION('',(0.7071067811865476,-0.7071067811865476,0));
#3046=DIRECTION('',(0.7730213979686489,0.6343799478881689,0));
#3047=DIRECTION('',(-0.746024340104742,0.6659186766950485,0));
#3048=FACE_SURFACE('',(#3053),#3049,.T.);
#3049=PLANE('',#3050);
#3050=AXIS2_PLACEMENT_3D('',#244,#3051,#3052);
#3051=DIRECTION('',(0,0,1));
#3052=DIRECTION('',(0.746024340104742,-0.6659186766950485,0));
#3053=FACE_BOUND('',#3054,.T.);
#3054=EDGE_LOOP('',(#3055,#3056,#3057));
#3055=ORIENTED_EDGE('',*,*,#3058,.T.);
#3056=ORIENTED_EDGE('',*,*,#3059,.T.);
#3057=ORIENTED_EDGE('',*,*,#3060,.T.);
#3058=EDGE_CURVE('',#245,#255,#3061,.F.);
#3059=EDGE_CURVE('',#255,#257,#3062,.T.);
#3060=EDGE_CURVE('',#257,#245,#3063,.T.);
#3061=LINE('',#244,#3064);
#3062=LINE('',#254,#3065);
#3063=LINE('',#256,#3066);
#3064=VECTOR('',#3067,1.0);
#3065=VECTOR('',#3068,1.0);
#3066=VECTOR('',#3069,1.0);
#3067=DIRECTION('',(0.746024340104742,-0.6659186766950485,0));
#3068=DIRECTION('',(0.8819192393315626,0.47140052534637483,0));
#3069=DIRECTION('',(-0.7798592983633339,0.625954850413549,0));
#3070=FACE_SURFACE('',(#3075),#3071,.T.);
#3071=PLANE('',#3072);
#3072=AXIS2_PLACEMENT_3D('',#258,#3073,#3074);
#3073=DIRECTION('',(-0,0,1));
#3074=DIRECTION('',(0.7730166181052922,-0.6343857723286809,0));
#3075=FACE_BOUND('',#3076,.T.);
#3076=EDGE_LOOP('',(#3077,#3078,#3079));
#3077=ORIENTED_EDGE('',*,*,#3080,.T.);
#3078=ORIENTED_EDGE('',*,*,#3081,.T.);
#3079=ORIENTED_EDGE('',*,*,#3082,.T.);
#3080=EDGE_CURVE('',#259,#95,#3083,.F.);
#3081=EDGE_CURVE('',#95,#93,#3084,.T.);
#3082=EDGE_CURVE('',#93,#259,#3085,.T.);
#3083=LINE('',#258,#3086);
#3084=LINE('',#94,#3087);
#3085=LINE('',#92,#3088);
#3086=VECTOR('',#3089,1.0);
#3087=VECTOR('',#3090,1.0);
#3088=VECTOR('',#3091,1.0);
#3089=DIRECTION('',(0.7730166181052922,-0.6343857723286809,0));
#3090=DIRECTION('',(0.7071067811865476,0.7071067811865476,0));
#3091=DIRECTION('',(-0.7460240403275511,-0.6659190125333234,0));
#3092=FACE_SURFACE('',(#3097),#3093,.T.);
#3093=PLANE('',#3094);
#3094=AXIS2_PLACEMENT_3D('',#260,#3095,#3096);
#3095=DIRECTION('',(-0,0,1));
#3096=DIRECTION('',(0.8819245177697025,-0.4713906500522448,0));
#3097=FACE_BOUND('',#3098,.T.);
#3098=EDGE_LOOP('',(#3099,#3100,#3101));
#3099=ORIENTED_EDGE('',*,*,#3102,.T.);
#3100=ORIENTED_EDGE('',*,*,#3103,.T.);
#3101=ORIENTED_EDGE('',*,*,#3104,.T.);
#3102=EDGE_CURVE('',#261,#259,#3105,.F.);
#3103=EDGE_CURVE('',#259,#93,#3106,.T.);
#3104=EDGE_CURVE('',#93,#261,#3107,.T.);
#3105=LINE('',#260,#3108);
#3106=LINE('',#258,#3109);
#3107=LINE('',#92,#3110);
#3108=VECTOR('',#3111,1.0);
#3109=VECTOR('',#3112,1.0);
#3110=VECTOR('',#3113,1.0);
#3111=DIRECTION('',(0.8819245177697025,-0.4713906500522448,0));
#3112=DIRECTION('',(0.7460240403275511,0.6659190125333234,0));
#3113=DIRECTION('',(-0.779859557795677,-0.6259545271940536,0));
#3114=FACE_SURFACE('',(#3119),#3115,.T.);
#3115=PLANE('',#3116);
#3116=AXIS2_PLACEMENT_3D('',#244,#3117,#3118);
#3117=DIRECTION('',(0,0,1));
#3118=DIRECTION('',(0.7798592983633339,-0.625954850413549,0));
#3119=FACE_BOUND('',#3120,.T.);
#3120=EDGE_LOOP('',(#3121,#3122,#3123));
#3121=ORIENTED_EDGE('',*,*,#3124,.T.);
#3122=ORIENTED_EDGE('',*,*,#3125,.T.);
#3123=ORIENTED_EDGE('',*,*,#3126,.T.);
#3124=EDGE_CURVE('',#245,#257,#3127,.F.);
#3125=EDGE_CURVE('',#257,#263,#3128,.T.);
#3126=EDGE_CURVE('',#263,#245,#3129,.T.);
#3127=LINE('',#244,#3130);
#3128=LINE('',#256,#3131);
#3129=LINE('',#262,#3132);
#3130=VECTOR('',#3133,1.0);
#3131=VECTOR('',#3134,1.0);
#3132=VECTOR('',#3135,1.0);
#3133=DIRECTION('',(0.7798592983633339,-0.625954850413549,0));
#3134=DIRECTION('',(0.956935856187629,0.2902994439237685,0));
#3135=DIRECTION('',(-0.8069805010898228,0.5905780819339796,0));
#3136=FACE_SURFACE('',(#3141),#3137,.T.);
#3137=PLANE('',#3138);
#3138=AXIS2_PLACEMENT_3D('',#244,#3139,#3140);
#3139=DIRECTION('',(0,0,1));
#3140=DIRECTION('',(0.8069805010898228,-0.5905780819339796,0));
#3141=FACE_BOUND('',#3142,.T.);
#3142=EDGE_LOOP('',(#3143,#3144,#3145));
#3143=ORIENTED_EDGE('',*,*,#3146,.T.);
#3144=ORIENTED_EDGE('',*,*,#3147,.T.);
#3145=ORIENTED_EDGE('',*,*,#3148,.T.);
#3146=EDGE_CURVE('',#245,#263,#3149,.F.);
#3147=EDGE_CURVE('',#263,#265,#3150,.T.);
#3148=EDGE_CURVE('',#265,#245,#3151,.T.);
#3149=LINE('',#244,#3152);
#3150=LINE('',#262,#3153);
#3151=LINE('',#264,#3154);
#3152=VECTOR('',#3155,1.0);
#3153=VECTOR('',#3156,1.0);
#3154=VECTOR('',#3157,1.0);
#3155=DIRECTION('',(0.8069805010898228,-0.5905780819339796,0));
#3156=DIRECTION('',(0.9951855297165898,0.09800898654057474,0));
#3157=DIRECTION('',(-0.8269262270454143,0.5623104258542927,0));
#3158=FACE_SURFACE('',(#3163),#3159,.T.);
#3159=PLANE('',#3160);
#3160=AXIS2_PLACEMENT_3D('',#266,#3161,#3162);
#3161=DIRECTION('',(-0,0,1));
#3162=DIRECTION('',(0.9569338542678247,-0.290306042920442,0));
#3163=FACE_BOUND('',#3164,.T.);
#3164=EDGE_LOOP('',(#3165,#3166,#3167));
#3165=ORIENTED_EDGE('',*,*,#3168,.T.);
#3166=ORIENTED_EDGE('',*,*,#3169,.T.);
#3167=ORIENTED_EDGE('',*,*,#3170,.T.);
#3168=EDGE_CURVE('',#267,#261,#3171,.F.);
#3169=EDGE_CURVE('',#261,#93,#3172,.T.);
#3170=EDGE_CURVE('',#93,#267,#3173,.T.);
#3171=LINE('',#266,#3174);
#3172=LINE('',#260,#3175);
#3173=LINE('',#92,#3176);
#3174=VECTOR('',#3177,1.0);
#3175=VECTOR('',#3178,1.0);
#3176=VECTOR('',#3179,1.0);
#3177=DIRECTION('',(0.9569338542678247,-0.290306042920442,0));
#3178=DIRECTION('',(0.779859557795677,0.6259545271940536,0));
#3179=DIRECTION('',(-0.8069802774218482,-0.590578387559312,0));
#3180=FACE_SURFACE('',(#3185),#3181,.T.);
#3181=PLANE('',#3182);
#3182=AXIS2_PLACEMENT_3D('',#268,#3183,#3184);
#3183=DIRECTION('',(-0,0,1));
#3184=DIRECTION('',(0.9951856438021754,-0.09800782810597135,0));
#3185=FACE_BOUND('',#3186,.T.);
#3186=EDGE_LOOP('',(#3187,#3188,#3189));
#3187=ORIENTED_EDGE('',*,*,#3190,.T.);
#3188=ORIENTED_EDGE('',*,*,#3191,.T.);
#3189=ORIENTED_EDGE('',*,*,#3192,.T.);
#3190=EDGE_CURVE('',#269,#267,#3193,.F.);
#3191=EDGE_CURVE('',#267,#93,#3194,.T.);
#3192=EDGE_CURVE('',#93,#269,#3195,.T.);
#3193=LINE('',#268,#3196);
#3194=LINE('',#266,#3197);
#3195=LINE('',#92,#3198);
#3196=VECTOR('',#3199,1.0);
#3197=VECTOR('',#3200,1.0);
#3198=VECTOR('',#3201,1.0);
#3199=DIRECTION('',(0.9951856438021754,-0.09800782810597135,0));
#3200=DIRECTION('',(0.8069802774218482,0.590578387559312,0));
#3201=DIRECTION('',(-0.8269262270454143,-0.5623104258542927,0));
#3202=FACE_SURFACE('',(#3207),#3203,.T.);
#3203=PLANE('',#3204);
#3204=AXIS2_PLACEMENT_3D('',#92,#3205,#3206);
#3205=DIRECTION('',(3.7252905205065236E-08,5.478362650115161E-08,0.9999999999999978));
#3206=DIRECTION('',(-0.9999999999999993,0,3.7252905205065296E-08));
#3207=FACE_BOUND('',#3208,.T.);
#3208=EDGE_LOOP('',(#3209,#3210,#3211));
#3209=ORIENTED_EDGE('',*,*,#3212,.T.);
#3210=ORIENTED_EDGE('',*,*,#3213,.T.);
#3211=ORIENTED_EDGE('',*,*,#3214,.T.);
#3212=EDGE_CURVE('',#93,#245,#3215,.F.);
#3213=EDGE_CURVE('',#245,#265,#3216,.T.);
#3214=EDGE_CURVE('',#265,#93,#3217,.T.);
#3215=LINE('',#92,#3218);
#3216=LINE('',#244,#3219);
#3217=LINE('',#264,#3220);
#3218=VECTOR('',#3221,1.0);
#3219=VECTOR('',#3222,1.0);
#3220=VECTOR('',#3223,1.0);
#3221=DIRECTION('',(-0.9999999999999993,0,3.7252905205065296E-08));
#3222=DIRECTION('',(0.8269262270454143,-0.5623104258542927,0));
#3223=DIRECTION('',(0.9993601692351572,0.035766634539415726,-3.9188495598045894E-08));
#3224=FACE_SURFACE('',(#3229),#3225,.T.);
#3225=PLANE('',#3226);
#3226=AXIS2_PLACEMENT_3D('',#92,#3227,#3228);
#3227=DIRECTION('',(2.8761542645954313E-08,2.92041887821681E-07,0.9999999999999568));
#3228=DIRECTION('',(-0.9993601692351572,-0.035766634539415726,3.9188495598045894E-08));
#3229=FACE_BOUND('',#3230,.T.);
#3230=EDGE_LOOP('',(#3231,#3232,#3233));
#3231=ORIENTED_EDGE('',*,*,#3234,.T.);
#3232=ORIENTED_EDGE('',*,*,#3235,.T.);
#3233=ORIENTED_EDGE('',*,*,#3236,.T.);
#3234=EDGE_CURVE('',#93,#265,#3237,.F.);
#3235=EDGE_CURVE('',#265,#271,#3238,.T.);
#3236=EDGE_CURVE('',#271,#93,#3239,.T.);
#3237=LINE('',#92,#3240);
#3238=LINE('',#264,#3241);
#3239=LINE('',#270,#3242);
#3240=VECTOR('',#3243,1.0);
#3241=VECTOR('',#3244,1.0);
#3242=VECTOR('',#3245,1.0);
#3243=DIRECTION('',(-0.9993601692351572,-0.035766634539415726,3.9188495598045894E-08));
#3244=DIRECTION('',(0.9951854156269587,-0.09801014500243065,0));
#3245=DIRECTION('',(0.9993442603913897,0.03620841370157737,-3.93170560556754E-08));
#3246=FACE_SURFACE('',(#3251),#3247,.T.);
#3247=PLANE('',#3248);
#3248=AXIS2_PLACEMENT_3D('',#272,#3249,#3250);
#3249=DIRECTION('',(0,0,1));
#3250=DIRECTION('',(0.9951856438021754,0.09800782810597135,0));
#3251=FACE_BOUND('',#3252,.T.);
#3252=EDGE_LOOP('',(#3253,#3254,#3255));
#3253=ORIENTED_EDGE('',*,*,#3256,.T.);
#3254=ORIENTED_EDGE('',*,*,#3257,.T.);
#3255=ORIENTED_EDGE('',*,*,#3258,.T.);
#3256=EDGE_CURVE('',#273,#269,#3259,.F.);
#3257=EDGE_CURVE('',#269,#93,#3260,.T.);
#3258=EDGE_CURVE('',#93,#273,#3261,.T.);
#3259=LINE('',#272,#3262);
#3260=LINE('',#268,#3263);
#3261=LINE('',#92,#3264);
#3262=VECTOR('',#3265,1.0);
#3263=VECTOR('',#3266,1.0);
#3264=VECTOR('',#3267,1.0);
#3265=DIRECTION('',(0.9951856438021754,0.09800782810597135,0));
#3266=DIRECTION('',(0.8269262270454143,0.5623104258542927,0));
#3267=DIRECTION('',(-0.8400407089726801,-0.5425233702511597,0));
#3268=FACE_SURFACE('',(#3273),#3269,.T.);
#3269=PLANE('',#3270);
#3270=AXIS2_PLACEMENT_3D('',#274,#3271,#3272);
#3271=DIRECTION('',(0,0,1));
#3272=DIRECTION('',(0.9569338542678247,0.290306042920442,0));
#3273=FACE_BOUND('',#3274,.T.);
#3274=EDGE_LOOP('',(#3275,#3276,#3277));
#3275=ORIENTED_EDGE('',*,*,#3278,.T.);
#3276=ORIENTED_EDGE('',*,*,#3279,.T.);
#3277=ORIENTED_EDGE('',*,*,#3280,.T.);
#3278=EDGE_CURVE('',#275,#273,#3281,.F.);
#3279=EDGE_CURVE('',#273,#93,#3282,.T.);
#3280=EDGE_CURVE('',#93,#275,#3283,.T.);
#3281=LINE('',#274,#3284);
#3282=LINE('',#272,#3285);
#3283=LINE('',#92,#3286);
#3284=VECTOR('',#3287,1.0);
#3285=VECTOR('',#3288,1.0);
#3286=VECTOR('',#3289,1.0);
#3287=DIRECTION('',(0.9569338542678247,0.290306042920442,0));
#3288=DIRECTION('',(0.8400407089726801,0.5425233702511597,0));
#3289=DIRECTION('',(-0.8470392759206677,-0.5315303049194757,0));
#3290=FACE_SURFACE('',(#3295),#3291,.T.);
#3291=PLANE('',#3292);
#3292=AXIS2_PLACEMENT_3D('',#92,#3293,#3294);
#3293=DIRECTION('',(3.514523715807237E-08,1.1585332227571594E-07,0.9999999999999927));
#3294=DIRECTION('',(-0.9993442603913897,-0.03620841370157737,3.93170560556754E-08));
#3295=FACE_BOUND('',#3296,.T.);
#3296=EDGE_LOOP('',(#3297,#3298,#3299));
#3297=ORIENTED_EDGE('',*,*,#3300,.T.);
#3298=ORIENTED_EDGE('',*,*,#3301,.T.);
#3299=ORIENTED_EDGE('',*,*,#3302,.T.);
#3300=EDGE_CURVE('',#93,#271,#3303,.F.);
#3301=EDGE_CURVE('',#271,#277,#3304,.T.);
#3302=EDGE_CURVE('',#277,#93,#3305,.T.);
#3303=LINE('',#92,#3306);
#3304=LINE('',#270,#3307);
#3305=LINE('',#276,#3308);
#3306=VECTOR('',#3309,1.0);
#3307=VECTOR('',#3310,1.0);
#3308=VECTOR('',#3311,1.0);
#3309=DIRECTION('',(-0.9993442603913897,-0.03620841370157737,3.93170560556754E-08));
#3310=DIRECTION('',(0.9569368570963379,-0.2902961445327561,0));
#3311=DIRECTION('',(0.9993046308499742,0.03728612022985452,-3.944051914778302E-08));
#3312=FACE_SURFACE('',(#3317),#3313,.T.);
#3313=PLANE('',#3314);
#3314=AXIS2_PLACEMENT_3D('',#92,#3315,#3316);
#3315=DIRECTION('',(3.689263021062617E-08,6.90214728216187E-08,0.9999999999999969));
#3316=DIRECTION('',(-0.9993046308499742,-0.03728612022985452,3.944051914778302E-08));
#3317=FACE_BOUND('',#3318,.T.);
#3318=EDGE_LOOP('',(#3319,#3320,#3321));
#3319=ORIENTED_EDGE('',*,*,#3322,.T.);
#3320=ORIENTED_EDGE('',*,*,#3323,.T.);
#3321=ORIENTED_EDGE('',*,*,#3324,.T.);
#3322=EDGE_CURVE('',#93,#277,#3325,.F.);
#3323=EDGE_CURVE('',#277,#279,#3326,.T.);
#3324=EDGE_CURVE('',#279,#93,#3327,.T.);
#3325=LINE('',#92,#3328);
#3326=LINE('',#276,#3329);
#3327=LINE('',#278,#3330);
#3328=VECTOR('',#3331,1.0);
#3329=VECTOR('',#3332,1.0);
#3330=VECTOR('',#3333,1.0);
#3331=DIRECTION('',(-0.9993046308499742,-0.03728612022985452,3.944051914778302E-08));
#3332=DIRECTION('',(0.8819218785920993,-0.47139558765497835,0));
#3333=DIRECTION('',(0.9992406455886985,0.038963216031013125,-3.955391418545877E-08));
#3334=FACE_SURFACE('',(#3339),#3335,.T.);
#3335=PLANE('',#3336);
#3336=AXIS2_PLACEMENT_3D('',#280,#3337,#3338);
#3337=DIRECTION('',(0,0,1));
#3338=DIRECTION('',(0.8819245177697025,0.4713906500522448,0));
#3339=FACE_BOUND('',#3340,.T.);
#3340=EDGE_LOOP('',(#3341,#3342,#3343));
#3341=ORIENTED_EDGE('',*,*,#3344,.T.);
#3342=ORIENTED_EDGE('',*,*,#3345,.T.);
#3343=ORIENTED_EDGE('',*,*,#3346,.T.);
#3344=EDGE_CURVE('',#281,#275,#3347,.F.);
#3345=EDGE_CURVE('',#275,#93,#3348,.T.);
#3346=EDGE_CURVE('',#93,#281,#3349,.T.);
#3347=LINE('',#280,#3350);
#3348=LINE('',#274,#3351);
#3349=LINE('',#92,#3352);
#3350=VECTOR('',#3353,1.0);
#3351=VECTOR('',#3354,1.0);
#3352=VECTOR('',#3355,1.0);
#3353=DIRECTION('',(0.8819245177697025,0.4713906500522448,0));
#3354=DIRECTION('',(0.8470392759206677,0.5315303049194757,0));
#3355=DIRECTION('',(-0.8487046088534772,-0.5288671732210898,0));
#3356=FACE_SURFACE('',(#3361),#3357,.T.);
#3357=PLANE('',#3358);
#3358=AXIS2_PLACEMENT_3D('',#280,#3359,#3360);
#3359=DIRECTION('',(4.222624178509566E-08,-6.77629617268574E-08,0.9999999999999968));
#3360=DIRECTION('',(0.8487046088534772,0.5288671732210898,0));
#3361=FACE_BOUND('',#3362,.T.);
#3362=EDGE_LOOP('',(#3363,#3364,#3365));
#3363=ORIENTED_EDGE('',*,*,#3366,.T.);
#3364=ORIENTED_EDGE('',*,*,#3367,.T.);
#3365=ORIENTED_EDGE('',*,*,#3368,.T.);
#3366=EDGE_CURVE('',#281,#93,#3369,.F.);
#3367=EDGE_CURVE('',#93,#279,#3370,.T.);
#3368=EDGE_CURVE('',#279,#281,#3371,.T.);
#3369=LINE('',#280,#3372);
#3370=LINE('',#92,#3373);
#3371=LINE('',#278,#3374);
#3372=VECTOR('',#3375,1.0);
#3373=VECTOR('',#3376,1.0);
#3374=VECTOR('',#3377,1.0);
#3375=DIRECTION('',(0.8487046088534772,0.5288671732210898,0));
#3376=DIRECTION('',(-0.9992406455886985,-0.038963216031013125,3.955391418545877E-08));
#3377=DIRECTION('',(0.999999999999999,0,-4.222624178509575E-08));
#3378=FACE_SURFACE('',(#3383),#3379,.T.);
#3379=PLANE('',#3380);
#3380=AXIS2_PLACEMENT_3D('',#280,#3381,#3382);
#3381=DIRECTION('',(4.22262417850957E-08,5.1453844086369516E-08,0.9999999999999979));
#3382=DIRECTION('',(-0.999999999999999,0,4.222624178509575E-08));
#3383=FACE_BOUND('',#3384,.T.);
#3384=EDGE_LOOP('',(#3385,#3386,#3387));
#3385=ORIENTED_EDGE('',*,*,#3388,.T.);
#3386=ORIENTED_EDGE('',*,*,#3389,.T.);
#3387=ORIENTED_EDGE('',*,*,#3390,.T.);
#3388=EDGE_CURVE('',#281,#279,#3391,.F.);
#3389=EDGE_CURVE('',#279,#283,#3392,.T.);
#3390=EDGE_CURVE('',#283,#281,#3393,.T.);
#3391=LINE('',#280,#3394);
#3392=LINE('',#278,#3395);
#3393=LINE('',#282,#3396);
#3394=VECTOR('',#3397,1.0);
#3395=VECTOR('',#3398,1.0);
#3396=VECTOR('',#3399,1.0);
#3397=DIRECTION('',(-0.999999999999999,0,4.222624178509575E-08));
#3398=DIRECTION('',(0.7730166181052922,-0.6343857723286809,0));
#3399=DIRECTION('',(0.9999974425846498,0.0022615977002937273,-4.234250169051388E-08));
#3400=FACE_SURFACE('',(#3405),#3401,.T.);
#3401=PLANE('',#3402);
#3402=AXIS2_PLACEMENT_3D('',#284,#3403,#3404);
#3403=DIRECTION('',(4.2459621324716307E-08,-5.173822351340216E-08,0.9999999999999977));
#3404=DIRECTION('',(0.7730166181052922,0.6343857723286809,0));
#3405=FACE_BOUND('',#3406,.T.);
#3406=EDGE_LOOP('',(#3407,#3408,#3409));
#3407=ORIENTED_EDGE('',*,*,#3410,.T.);
#3408=ORIENTED_EDGE('',*,*,#3411,.T.);
#3409=ORIENTED_EDGE('',*,*,#3412,.T.);
#3410=EDGE_CURVE('',#285,#281,#3413,.F.);
#3411=EDGE_CURVE('',#281,#283,#3414,.T.);
#3412=EDGE_CURVE('',#283,#285,#3415,.T.);
#3413=LINE('',#284,#3416);
#3414=LINE('',#280,#3417);
#3415=LINE('',#282,#3418);
#3416=VECTOR('',#3419,1.0);
#3417=VECTOR('',#3420,1.0);
#3418=VECTOR('',#3421,1.0);
#3419=DIRECTION('',(0.7730166181052922,0.6343857723286809,0));
#3420=DIRECTION('',(-0.9999974425846498,-0.0022615977002937273,4.234250169051388E-08));
#3421=DIRECTION('',(0.999999999999999,0,-4.2459621324716366E-08));
#3422=FACE_SURFACE('',(#3427),#3423,.T.);
#3423=PLANE('',#3424);
#3424=AXIS2_PLACEMENT_3D('',#284,#3425,#3426);
#3425=DIRECTION('',(4.2459621324716346E-08,3.4845672574166836E-08,0.9999999999999986));
#3426=DIRECTION('',(-0.999999999999999,0,4.2459621324716366E-08));
#3427=FACE_BOUND('',#3428,.T.);
#3428=EDGE_LOOP('',(#3429,#3430,#3431));
#3429=ORIENTED_EDGE('',*,*,#3432,.T.);
#3430=ORIENTED_EDGE('',*,*,#3433,.T.);
#3431=ORIENTED_EDGE('',*,*,#3434,.T.);
#3432=EDGE_CURVE('',#285,#283,#3435,.F.);
#3433=EDGE_CURVE('',#283,#287,#3436,.T.);
#3434=EDGE_CURVE('',#287,#285,#3437,.T.);
#3435=LINE('',#284,#3438);
#3436=LINE('',#282,#3439);
#3437=LINE('',#286,#3440);
#3438=VECTOR('',#3441,1.0);
#3439=VECTOR('',#3442,1.0);
#3440=VECTOR('',#3443,1.0);
#3441=DIRECTION('',(-0.999999999999999,0,4.2459621324716366E-08));
#3442=DIRECTION('',(0.6343928695336223,-0.773010793640617,0));
#3443=DIRECTION('',(0.9999961643381053,0.0027697128146002116,-4.255597096982686E-08));
#3444=FACE_SURFACE('',(#3449),#3445,.T.);
#3445=PLANE('',#3446);
#3446=AXIS2_PLACEMENT_3D('',#288,#3447,#3448);
#3447=DIRECTION('',(4.265308501446552E-08,-3.5003788593089425E-08,0.9999999999999986));
#3448=DIRECTION('',(0.6343857723286809,0.7730166181052922,0));
#3449=FACE_BOUND('',#3450,.T.);
#3450=EDGE_LOOP('',(#3451,#3452,#3453));
#3451=ORIENTED_EDGE('',*,*,#3454,.T.);
#3452=ORIENTED_EDGE('',*,*,#3455,.T.);
#3453=ORIENTED_EDGE('',*,*,#3456,.T.);
#3454=EDGE_CURVE('',#289,#285,#3457,.F.);
#3455=EDGE_CURVE('',#285,#287,#3458,.T.);
#3456=EDGE_CURVE('',#287,#289,#3459,.T.);
#3457=LINE('',#288,#3460);
#3458=LINE('',#284,#3461);
#3459=LINE('',#286,#3462);
#3460=VECTOR('',#3463,1.0);
#3461=VECTOR('',#3464,1.0);
#3462=VECTOR('',#3465,1.0);
#3463=DIRECTION('',(0.6343857723286809,0.7730166181052922,0));
#3464=DIRECTION('',(-0.9999961643381053,-0.0027697128146002116,4.255597096982686E-08));
#3465=DIRECTION('',(0.999999999999999,0,-4.265308501446554E-08));
#3466=FACE_SURFACE('',(#3471),#3467,.T.);
#3467=PLANE('',#3468);
#3468=AXIS2_PLACEMENT_3D('',#288,#3469,#3470);
#3469=DIRECTION('',(4.265308501446553E-08,2.2798744846330954E-08,0.9999999999999989));
#3470=DIRECTION('',(-0.999999999999999,0,4.265308501446554E-08));
#3471=FACE_BOUND('',#3472,.T.);
#3472=EDGE_LOOP('',(#3473,#3474,#3475));
#3473=ORIENTED_EDGE('',*,*,#3476,.T.);
#3474=ORIENTED_EDGE('',*,*,#3477,.T.);
#3475=ORIENTED_EDGE('',*,*,#3478,.T.);
#3476=EDGE_CURVE('',#289,#287,#3479,.F.);
#3477=EDGE_CURVE('',#287,#291,#3480,.T.);
#3478=EDGE_CURVE('',#291,#289,#3481,.T.);
#3479=LINE('',#288,#3482);
#3480=LINE('',#286,#3483);
#3481=LINE('',#290,#3484);
#3482=VECTOR('',#3485,1.0);
#3483=VECTOR('',#3486,1.0);
#3484=VECTOR('',#3487,1.0);
#3485=DIRECTION('',(-0.999999999999999,0,4.265308501446554E-08));
#3486=DIRECTION('',(0.471399887650071,-0.8819195801905639,0));
#3487=DIRECTION('',(0.9999949672837753,0.003172602578197939,-4.2725201710271744E-08));
#3488=FACE_SURFACE('',(#3493),#3489,.T.);
#3489=PLANE('',#3490);
#3490=AXIS2_PLACEMENT_3D('',#292,#3491,#3492);
#3491=DIRECTION('',(4.2797996026634E-08,-2.287677841910629E-08,0.9999999999999989));
#3492=DIRECTION('',(0.471409125092743,0.8819146425699568,0));
#3493=FACE_BOUND('',#3494,.T.);
#3494=EDGE_LOOP('',(#3495,#3496,#3497));
#3495=ORIENTED_EDGE('',*,*,#3498,.T.);
#3496=ORIENTED_EDGE('',*,*,#3499,.T.);
#3497=ORIENTED_EDGE('',*,*,#3500,.T.);
#3498=EDGE_CURVE('',#293,#289,#3501,.F.);
#3499=EDGE_CURVE('',#289,#291,#3502,.T.);
#3500=EDGE_CURVE('',#291,#293,#3503,.T.);
#3501=LINE('',#292,#3504);
#3502=LINE('',#288,#3505);
#3503=LINE('',#290,#3506);
#3504=VECTOR('',#3507,1.0);
#3505=VECTOR('',#3508,1.0);
#3506=VECTOR('',#3509,1.0);
#3507=DIRECTION('',(0.471409125092743,0.8819146425699568,0));
#3508=DIRECTION('',(-0.9999949672837753,-0.003172602578197939,4.2725201710271744E-08));
#3509=DIRECTION('',(0.999999999999999,0,-4.279799602663401E-08));
#3510=FACE_SURFACE('',(#3515),#3511,.T.);
#3511=PLANE('',#3512);
#3512=AXIS2_PLACEMENT_3D('',#294,#3513,#3514);
#3513=DIRECTION('',(4.2918095749842396E-08,4.2267588748979524E-09,0.999999999999999));
#3514=DIRECTION('',(0.09801014500243065,-0.9951854156269587,0));
#3515=FACE_BOUND('',#3516,.T.);
#3516=EDGE_LOOP('',(#3517,#3518,#3519));
#3517=ORIENTED_EDGE('',*,*,#3520,.T.);
#3518=ORIENTED_EDGE('',*,*,#3521,.T.);
#3519=ORIENTED_EDGE('',*,*,#3522,.T.);
#3520=EDGE_CURVE('',#295,#171,#3523,.F.);
#3521=EDGE_CURVE('',#171,#169,#3524,.T.);
#3522=EDGE_CURVE('',#169,#295,#3525,.T.);
#3523=LINE('',#294,#3526);
#3524=LINE('',#170,#3527);
#3525=LINE('',#168,#3528);
#3526=VECTOR('',#3529,1.0);
#3527=VECTOR('',#3530,1.0);
#3528=VECTOR('',#3531,1.0);
#3529=DIRECTION('',(0.09801014500243065,-0.9951854156269587,0));
#3530=DIRECTION('',(0.999999999999999,0,-4.2918095749842396E-08));
#3531=DIRECTION('',(-0.9999935386465344,0.0035948108684887123,4.290262404211376E-08));
#3532=FACE_SURFACE('',(#3537),#3533,.T.);
#3533=PLANE('',#3534);
#3534=AXIS2_PLACEMENT_3D('',#292,#3535,#3536);
#3535=DIRECTION('',(4.279799602663401E-08,1.2982820167394337E-08,0.999999999999999));
#3536=DIRECTION('',(-0.999999999999999,0,4.279799602663401E-08));
#3537=FACE_BOUND('',#3538,.T.);
#3538=EDGE_LOOP('',(#3539,#3540,#3541));
#3539=ORIENTED_EDGE('',*,*,#3542,.T.);
#3540=ORIENTED_EDGE('',*,*,#3543,.T.);
#3541=ORIENTED_EDGE('',*,*,#3544,.T.);
#3542=EDGE_CURVE('',#293,#291,#3545,.F.);
#3543=EDGE_CURVE('',#291,#295,#3546,.T.);
#3544=EDGE_CURVE('',#295,#293,#3547,.T.);
#3545=LINE('',#292,#3548);
#3546=LINE('',#290,#3549);
#3547=LINE('',#294,#3550);
#3548=VECTOR('',#3551,1.0);
#3549=VECTOR('',#3552,1.0);
#3550=VECTOR('',#3553,1.0);
#3551=DIRECTION('',(-0.999999999999999,0,4.279799602663401E-08));
#3552=DIRECTION('',(0.2902885677192421,-0.9569391555639841,0));
#3553=DIRECTION('',(0.9999940424353918,0.0034518246945455197,-4.284255547406627E-08));
#3554=FACE_SURFACE('',(#3559),#3555,.T.);
#3555=PLANE('',#3556);
#3556=AXIS2_PLACEMENT_3D('',#294,#3557,#3558);
#3557=DIRECTION('',(4.288771751095638E-08,-4.2237670951236666E-09,0.9999999999999991));
#3558=DIRECTION('',(0.9999935386465344,-0.0035948108684887123,-4.290262404211376E-08));
#3559=FACE_BOUND('',#3560,.T.);
#3560=EDGE_LOOP('',(#3561,#3562,#3563));
#3561=ORIENTED_EDGE('',*,*,#3564,.T.);
#3562=ORIENTED_EDGE('',*,*,#3565,.T.);
#3563=ORIENTED_EDGE('',*,*,#3566,.T.);
#3564=EDGE_CURVE('',#295,#169,#3567,.F.);
#3565=EDGE_CURVE('',#169,#297,#3568,.T.);
#3566=EDGE_CURVE('',#297,#295,#3569,.T.);
#3567=LINE('',#294,#3570);
#3568=LINE('',#168,#3571);
#3569=LINE('',#296,#3572);
#3570=VECTOR('',#3573,1.0);
#3571=VECTOR('',#3574,1.0);
#3572=VECTOR('',#3575,1.0);
#3573=DIRECTION('',(0.9999935386465344,-0.0035948108684887123,-4.290262404211376E-08));
#3574=DIRECTION('',(0.09801014500243065,0.9951854156269587,0));
#3575=DIRECTION('',(-0.999999999999999,0,4.288771751095638E-08));
#3576=FACE_SURFACE('',(#3581),#3577,.T.);
#3577=PLANE('',#3578);
#3578=AXIS2_PLACEMENT_3D('',#294,#3579,#3580);
#3579=DIRECTION('',(4.288771751095637E-08,-1.3009504976638623E-08,0.999999999999999));
#3580=DIRECTION('',(0.999999999999999,0,-4.288771751095638E-08));
#3581=FACE_BOUND('',#3582,.T.);
#3582=EDGE_LOOP('',(#3583,#3584,#3585));
#3583=ORIENTED_EDGE('',*,*,#3586,.T.);
#3584=ORIENTED_EDGE('',*,*,#3587,.T.);
#3585=ORIENTED_EDGE('',*,*,#3588,.T.);
#3586=EDGE_CURVE('',#295,#297,#3589,.F.);
#3587=EDGE_CURVE('',#297,#293,#3590,.T.);
#3588=EDGE_CURVE('',#293,#295,#3591,.T.);
#3589=LINE('',#294,#3592);
#3590=LINE('',#296,#3593);
#3591=LINE('',#292,#3594);
#3592=VECTOR('',#3595,1.0);
#3593=VECTOR('',#3596,1.0);
#3594=VECTOR('',#3597,1.0);
#3595=DIRECTION('',(0.999999999999999,0,-4.288771751095638E-08));
#3596=DIRECTION('',(0.29027769140221843,0.9569424548394738,0));
#3597=DIRECTION('',(-0.9999940424353918,-0.0034518246945455197,4.284255547406627E-08));
#3598=FACE_SURFACE('',(#3603),#3599,.T.);
#3599=PLANE('',#3600);
#3600=AXIS2_PLACEMENT_3D('',#298,#3601,#3602);
#3601=DIRECTION('',(-0,0,-1));
#3602=DIRECTION('',(-0.7730213979686489,-0.6343799478881689,0));
#3603=FACE_BOUND('',#3604,.T.);
#3604=EDGE_LOOP('',(#3605,#3606,#3607));
#3605=ORIENTED_EDGE('',*,*,#3608,.T.);
#3606=ORIENTED_EDGE('',*,*,#3609,.T.);
#3607=ORIENTED_EDGE('',*,*,#3610,.T.);
#3608=EDGE_CURVE('',#299,#301,#3611,.F.);
#3609=EDGE_CURVE('',#301,#303,#3612,.T.);
#3610=EDGE_CURVE('',#303,#299,#3613,.T.);
#3611=LINE('',#298,#3614);
#3612=LINE('',#300,#3615);
#3613=LINE('',#302,#3616);
#3614=VECTOR('',#3617,1.0);
#3615=VECTOR('',#3618,1.0);
#3616=VECTOR('',#3619,1.0);
#3617=DIRECTION('',(-0.7730213979686489,-0.6343799478881689,0));
#3618=DIRECTION('',(-0.7071067811865476,0.7071067811865476,0));
#3619=DIRECTION('',(0.746024340104742,-0.6659186766950485,0));
#3620=FACE_SURFACE('',(#3625),#3621,.T.);
#3621=PLANE('',#3622);
#3622=AXIS2_PLACEMENT_3D('',#304,#3623,#3624);
#3623=DIRECTION('',(-4.340480899782639E-07,-5.288996084802165E-07,-0.9999999999997659));
#3624=DIRECTION('',(-0.7071067811863836,-0.7071067811863836,6.809068475079718E-07));
#3625=FACE_BOUND('',#3626,.T.);
#3626=EDGE_LOOP('',(#3627,#3628,#3629));
#3627=ORIENTED_EDGE('',*,*,#3630,.T.);
#3628=ORIENTED_EDGE('',*,*,#3631,.T.);
#3629=ORIENTED_EDGE('',*,*,#3632,.T.);
#3630=EDGE_CURVE('',#305,#307,#3633,.F.);
#3631=EDGE_CURVE('',#307,#309,#3634,.T.);
#3632=EDGE_CURVE('',#309,#305,#3635,.T.);
#3633=LINE('',#304,#3636);
#3634=LINE('',#306,#3637);
#3635=LINE('',#308,#3638);
#3636=VECTOR('',#3639,1.0);
#3637=VECTOR('',#3640,1.0);
#3638=VECTOR('',#3641,1.0);
#3639=DIRECTION('',(-0.7071067811863836,-0.7071067811863836,6.809068475079718E-07));
#3640=DIRECTION('',(-0.7730166181052922,0.6343857723286809,0));
#3641=DIRECTION('',(0.7460240403273806,0.6659190125331712,-6.760146147904518E-07));
#3642=FACE_SURFACE('',(#3647),#3643,.T.);
#3643=PLANE('',#3644);
#3644=AXIS2_PLACEMENT_3D('',#304,#3645,#3646);
#3645=DIRECTION('',(-3.3938324026673524E-07,-6.34951924647183E-07,-0.9999999999997409));
#3646=DIRECTION('',(-0.7460240403273806,-0.6659190125331712,6.760146147904518E-07));
#3647=FACE_BOUND('',#3648,.T.);
#3648=EDGE_LOOP('',(#3649,#3650,#3651));
#3649=ORIENTED_EDGE('',*,*,#3652,.T.);
#3650=ORIENTED_EDGE('',*,*,#3653,.T.);
#3651=ORIENTED_EDGE('',*,*,#3654,.T.);
#3652=EDGE_CURVE('',#305,#309,#3655,.F.);
#3653=EDGE_CURVE('',#309,#311,#3656,.T.);
#3654=EDGE_CURVE('',#311,#305,#3657,.T.);
#3655=LINE('',#304,#3658);
#3656=LINE('',#308,#3659);
#3657=LINE('',#310,#3660);
#3658=VECTOR('',#3661,1.0);
#3659=VECTOR('',#3662,1.0);
#3660=VECTOR('',#3663,1.0);
#3661=DIRECTION('',(-0.7460240403273806,-0.6659190125331712,6.760146147904518E-07));
#3662=DIRECTION('',(-0.8819245177697025,0.4713906500522448,0));
#3663=DIRECTION('',(0.779859557795506,0.6259545271939164,-6.621222954611884E-07));
#3664=FACE_SURFACE('',(#3669),#3665,.T.);
#3665=PLANE('',#3666);
#3666=AXIS2_PLACEMENT_3D('',#312,#3667,#3668);
#3667=DIRECTION('',(-0,0,-1));
#3668=DIRECTION('',(-0.8819192393315626,-0.47140052534637483,0));
#3669=FACE_BOUND('',#3670,.T.);
#3670=EDGE_LOOP('',(#3671,#3672,#3673));
#3671=ORIENTED_EDGE('',*,*,#3674,.T.);
#3672=ORIENTED_EDGE('',*,*,#3675,.T.);
#3673=ORIENTED_EDGE('',*,*,#3676,.T.);
#3674=EDGE_CURVE('',#313,#299,#3677,.F.);
#3675=EDGE_CURVE('',#299,#303,#3678,.T.);
#3676=EDGE_CURVE('',#303,#313,#3679,.T.);
#3677=LINE('',#312,#3680);
#3678=LINE('',#298,#3681);
#3679=LINE('',#302,#3682);
#3680=VECTOR('',#3683,1.0);
#3681=VECTOR('',#3684,1.0);
#3682=VECTOR('',#3685,1.0);
#3683=DIRECTION('',(-0.8819192393315626,-0.47140052534637483,0));
#3684=DIRECTION('',(-0.746024340104742,0.6659186766950485,0));
#3685=DIRECTION('',(0.7798592983633339,-0.625954850413549,0));
#3686=FACE_SURFACE('',(#3691),#3687,.T.);
#3687=PLANE('',#3688);
#3688=AXIS2_PLACEMENT_3D('',#314,#3689,#3690);
#3689=DIRECTION('',(-0,0,-1));
#3690=DIRECTION('',(-0.956935856187629,-0.2902994439237685,0));
#3691=FACE_BOUND('',#3692,.T.);
#3692=EDGE_LOOP('',(#3693,#3694,#3695));
#3693=ORIENTED_EDGE('',*,*,#3696,.T.);
#3694=ORIENTED_EDGE('',*,*,#3697,.T.);
#3695=ORIENTED_EDGE('',*,*,#3698,.T.);
#3696=EDGE_CURVE('',#315,#313,#3699,.F.);
#3697=EDGE_CURVE('',#313,#303,#3700,.T.);
#3698=EDGE_CURVE('',#303,#315,#3701,.T.);
#3699=LINE('',#314,#3702);
#3700=LINE('',#312,#3703);
#3701=LINE('',#302,#3704);
#3702=VECTOR('',#3705,1.0);
#3703=VECTOR('',#3706,1.0);
#3704=VECTOR('',#3707,1.0);
#3705=DIRECTION('',(-0.956935856187629,-0.2902994439237685,0));
#3706=DIRECTION('',(-0.7798592983633339,0.625954850413549,0));
#3707=DIRECTION('',(0.8069805010898228,-0.5905780819339796,0));
#3708=FACE_SURFACE('',(#3713),#3709,.T.);
#3709=PLANE('',#3710);
#3710=AXIS2_PLACEMENT_3D('',#304,#3711,#3712);
#3711=DIRECTION('',(-2.3288013464624994E-07,-7.67641219547462E-07,-0.9999999999996783));
#3712=DIRECTION('',(-0.779859557795506,-0.6259545271939164,6.621222954611884E-07));
#3713=FACE_BOUND('',#3714,.T.);
#3714=EDGE_LOOP('',(#3715,#3716,#3717));
#3715=ORIENTED_EDGE('',*,*,#3718,.T.);
#3716=ORIENTED_EDGE('',*,*,#3719,.T.);
#3717=ORIENTED_EDGE('',*,*,#3720,.T.);
#3718=EDGE_CURVE('',#305,#311,#3721,.F.);
#3719=EDGE_CURVE('',#311,#317,#3722,.T.);
#3720=EDGE_CURVE('',#317,#305,#3723,.T.);
#3721=LINE('',#304,#3724);
#3722=LINE('',#310,#3725);
#3723=LINE('',#316,#3726);
#3724=VECTOR('',#3727,1.0);
#3725=VECTOR('',#3728,1.0);
#3726=VECTOR('',#3729,1.0);
#3727=DIRECTION('',(-0.779859557795506,-0.6259545271939164,6.621222954611884E-07));
#3728=DIRECTION('',(-0.9569338542678247,0.290306042920442,0));
#3729=DIRECTION('',(0.8069802774216823,0.5905783875591906,-6.412819893273466E-07));
#3730=FACE_SURFACE('',(#3735),#3731,.T.);
#3731=PLANE('',#3732);
#3732=AXIS2_PLACEMENT_3D('',#304,#3733,#3734);
#3733=DIRECTION('',(-9.425352413888132E-08,-9.57063899011772E-07,-0.9999999999995376));
#3734=DIRECTION('',(-0.8069802774216823,-0.5905783875591906,6.412819893273466E-07));
#3735=FACE_BOUND('',#3736,.T.);
#3736=EDGE_LOOP('',(#3737,#3738,#3739));
#3737=ORIENTED_EDGE('',*,*,#3740,.T.);
#3738=ORIENTED_EDGE('',*,*,#3741,.T.);
#3739=ORIENTED_EDGE('',*,*,#3742,.T.);
#3740=EDGE_CURVE('',#305,#317,#3743,.F.);
#3741=EDGE_CURVE('',#317,#319,#3744,.T.);
#3742=EDGE_CURVE('',#319,#305,#3745,.T.);
#3743=LINE('',#304,#3746);
#3744=LINE('',#316,#3747);
#3745=LINE('',#318,#3748);
#3746=VECTOR('',#3749,1.0);
#3747=VECTOR('',#3750,1.0);
#3748=VECTOR('',#3751,1.0);
#3749=DIRECTION('',(-0.8069802774216823,-0.5905783875591906,6.412819893273466E-07));
#3750=DIRECTION('',(-0.9951856438021754,0.09800782810597135,0));
#3751=DIRECTION('',(0.8269262270452574,0.562310425854186,-6.161077197251462E-07));
#3752=FACE_SURFACE('',(#3757),#3753,.T.);
#3753=PLANE('',#3754);
#3754=AXIS2_PLACEMENT_3D('',#320,#3755,#3756);
#3755=DIRECTION('',(-0,0,-1));
#3756=DIRECTION('',(-0.9951855297165898,-0.09800898654057474,0));
#3757=FACE_BOUND('',#3758,.T.);
#3758=EDGE_LOOP('',(#3759,#3760,#3761));
#3759=ORIENTED_EDGE('',*,*,#3762,.T.);
#3760=ORIENTED_EDGE('',*,*,#3763,.T.);
#3761=ORIENTED_EDGE('',*,*,#3764,.T.);
#3762=EDGE_CURVE('',#321,#315,#3765,.F.);
#3763=EDGE_CURVE('',#315,#303,#3766,.T.);
#3764=EDGE_CURVE('',#303,#321,#3767,.T.);
#3765=LINE('',#320,#3768);
#3766=LINE('',#314,#3769);
#3767=LINE('',#302,#3770);
#3768=VECTOR('',#3771,1.0);
#3769=VECTOR('',#3772,1.0);
#3770=VECTOR('',#3773,1.0);
#3771=DIRECTION('',(-0.9951855297165898,-0.09800898654057474,0));
#3772=DIRECTION('',(-0.8069805010898228,0.5905780819339796,0));
#3773=DIRECTION('',(0.8269262270454143,-0.5623104258542927,0));
#3774=FACE_SURFACE('',(#3779),#3775,.T.);
#3775=PLANE('',#3776);
#3776=AXIS2_PLACEMENT_3D('',#322,#3777,#3778);
#3777=DIRECTION('',(0,0,-1));
#3778=DIRECTION('',(-0.9951854156269587,0.09801014500243065,0));
#3779=FACE_BOUND('',#3780,.T.);
#3780=EDGE_LOOP('',(#3781,#3782,#3783));
#3781=ORIENTED_EDGE('',*,*,#3784,.T.);
#3782=ORIENTED_EDGE('',*,*,#3785,.T.);
#3783=ORIENTED_EDGE('',*,*,#3786,.T.);
#3784=EDGE_CURVE('',#323,#321,#3787,.F.);
#3785=EDGE_CURVE('',#321,#303,#3788,.T.);
#3786=EDGE_CURVE('',#303,#323,#3789,.T.);
#3787=LINE('',#322,#3790);
#3788=LINE('',#320,#3791);
#3789=LINE('',#302,#3792);
#3790=VECTOR('',#3793,1.0);
#3791=VECTOR('',#3794,1.0);
#3792=VECTOR('',#3795,1.0);
#3793=DIRECTION('',(-0.9951854156269587,0.09801014500243065,0));
#3794=DIRECTION('',(-0.8269262270454143,0.5623104258542927,0));
#3795=DIRECTION('',(0.84004036218993,-0.5425239072076098,0));
#3796=FACE_SURFACE('',(#3801),#3797,.T.);
#3797=PLANE('',#3798);
#3798=AXIS2_PLACEMENT_3D('',#302,#3799,#3800);
#3799=DIRECTION('',(-7.450581041009421E-08,-9.861046239488799E-07,-0.999999999999511));
#3800=DIRECTION('',(0.9999999999999972,0,-7.450581041013043E-08));
#3801=FACE_BOUND('',#3802,.T.);
#3802=EDGE_LOOP('',(#3803,#3804,#3805));
#3803=ORIENTED_EDGE('',*,*,#3806,.T.);
#3804=ORIENTED_EDGE('',*,*,#3807,.T.);
#3805=ORIENTED_EDGE('',*,*,#3808,.T.);
#3806=EDGE_CURVE('',#303,#305,#3809,.F.);
#3807=EDGE_CURVE('',#305,#319,#3810,.T.);
#3808=EDGE_CURVE('',#319,#303,#3811,.T.);
#3809=LINE('',#302,#3812);
#3810=LINE('',#304,#3813);
#3811=LINE('',#318,#3814);
#3812=VECTOR('',#3815,1.0);
#3813=VECTOR('',#3816,1.0);
#3814=VECTOR('',#3817,1.0);
#3815=DIRECTION('',(0.9999999999999972,0,-7.450581041013043E-08));
#3816=DIRECTION('',(-0.8269262270452574,-0.562310425854186,6.161077197251462E-07));
#3817=DIRECTION('',(-0.9993601692351572,0.035766634539415726,3.9188495598045894E-08));
#3818=FACE_SURFACE('',(#3823),#3819,.T.);
#3819=PLANE('',#3820);
#3820=AXIS2_PLACEMENT_3D('',#302,#3821,#3822);
#3821=DIRECTION('',(-2.8761359662487795E-08,2.920470005864248E-07,-0.999999999999957));
#3822=DIRECTION('',(0.9993601692351572,-0.035766634539415726,-3.9188495598045894E-08));
#3823=FACE_BOUND('',#3824,.T.);
#3824=EDGE_LOOP('',(#3825,#3826,#3827));
#3825=ORIENTED_EDGE('',*,*,#3828,.T.);
#3826=ORIENTED_EDGE('',*,*,#3829,.T.);
#3827=ORIENTED_EDGE('',*,*,#3830,.T.);
#3828=EDGE_CURVE('',#303,#319,#3831,.F.);
#3829=EDGE_CURVE('',#319,#325,#3832,.T.);
#3830=EDGE_CURVE('',#325,#303,#3833,.T.);
#3831=LINE('',#302,#3834);
#3832=LINE('',#318,#3835);
#3833=LINE('',#324,#3836);
#3834=VECTOR('',#3837,1.0);
#3835=VECTOR('',#3838,1.0);
#3836=VECTOR('',#3839,1.0);
#3837=DIRECTION('',(0.9993601692351572,-0.035766634539415726,-3.9188495598045894E-08));
#3838=DIRECTION('',(-0.9951856438021754,-0.09800782810597135,0));
#3839=DIRECTION('',(-0.9993442602882966,0.036208416546927025,3.931705914531011E-08));
#3840=FACE_SURFACE('',(#3845),#3841,.T.);
#3841=PLANE('',#3842);
#3842=AXIS2_PLACEMENT_3D('',#326,#3843,#3844);
#3843=DIRECTION('',(0,0,-1));
#3844=DIRECTION('',(-0.9569368570963379,0.2902961445327561,0));
#3845=FACE_BOUND('',#3846,.T.);
#3846=EDGE_LOOP('',(#3847,#3848,#3849));
#3847=ORIENTED_EDGE('',*,*,#3850,.T.);
#3848=ORIENTED_EDGE('',*,*,#3851,.T.);
#3849=ORIENTED_EDGE('',*,*,#3852,.T.);
#3850=EDGE_CURVE('',#327,#323,#3853,.F.);
#3851=EDGE_CURVE('',#323,#303,#3854,.T.);
#3852=EDGE_CURVE('',#303,#327,#3855,.T.);
#3853=LINE('',#326,#3856);
#3854=LINE('',#322,#3857);
#3855=LINE('',#302,#3858);
#3856=VECTOR('',#3859,1.0);
#3857=VECTOR('',#3860,1.0);
#3858=VECTOR('',#3861,1.0);
#3859=DIRECTION('',(-0.9569368570963379,0.2902961445327561,0));
#3860=DIRECTION('',(-0.84004036218993,0.5425239072076098,0));
#3861=DIRECTION('',(0.8470394347677379,-0.5315300517829177,0));
#3862=FACE_SURFACE('',(#3867),#3863,.T.);
#3863=PLANE('',#3864);
#3864=AXIS2_PLACEMENT_3D('',#328,#3865,#3866);
#3865=DIRECTION('',(0,0,-1));
#3866=DIRECTION('',(-0.8819218785920993,0.47139558765497835,0));
#3867=FACE_BOUND('',#3868,.T.);
#3868=EDGE_LOOP('',(#3869,#3870,#3871));
#3869=ORIENTED_EDGE('',*,*,#3872,.T.);
#3870=ORIENTED_EDGE('',*,*,#3873,.T.);
#3871=ORIENTED_EDGE('',*,*,#3874,.T.);
#3872=EDGE_CURVE('',#329,#327,#3875,.F.);
#3873=EDGE_CURVE('',#327,#303,#3876,.T.);
#3874=EDGE_CURVE('',#303,#329,#3877,.T.);
#3875=LINE('',#328,#3878);
#3876=LINE('',#326,#3879);
#3877=LINE('',#302,#3880);
#3878=VECTOR('',#3881,1.0);
#3879=VECTOR('',#3882,1.0);
#3880=VECTOR('',#3883,1.0);
#3881=DIRECTION('',(-0.8819218785920993,0.47139558765497835,0));
#3882=DIRECTION('',(-0.8470394347677379,0.5315300517829177,0));
#3883=DIRECTION('',(0.8487046088534772,-0.5288671732210898,0));
#3884=FACE_SURFACE('',(#3889),#3885,.T.);
#3885=PLANE('',#3886);
#3886=AXIS2_PLACEMENT_3D('',#302,#3887,#3888);
#3887=DIRECTION('',(-3.51453792484901E-08,1.158494769369262E-07,-0.9999999999999927));
#3888=DIRECTION('',(0.9993442602882966,-0.036208416546927025,-3.931705914531011E-08));
#3889=FACE_BOUND('',#3890,.T.);
#3890=EDGE_LOOP('',(#3891,#3892,#3893));
#3891=ORIENTED_EDGE('',*,*,#3894,.T.);
#3892=ORIENTED_EDGE('',*,*,#3895,.T.);
#3893=ORIENTED_EDGE('',*,*,#3896,.T.);
#3894=EDGE_CURVE('',#303,#325,#3897,.F.);
#3895=EDGE_CURVE('',#325,#331,#3898,.T.);
#3896=EDGE_CURVE('',#331,#303,#3899,.T.);
#3897=LINE('',#302,#3900);
#3898=LINE('',#324,#3901);
#3899=LINE('',#330,#3902);
#3900=VECTOR('',#3903,1.0);
#3901=VECTOR('',#3904,1.0);
#3902=VECTOR('',#3905,1.0);
#3903=DIRECTION('',(0.9993442602882966,-0.036208416546927025,-3.931705914531011E-08));
#3904=DIRECTION('',(-0.9569338542678247,-0.290306042920442,0));
#3905=DIRECTION('',(-0.9993046309048066,0.037286118760293245,3.944051759331022E-08));
#3906=FACE_SURFACE('',(#3911),#3907,.T.);
#3907=PLANE('',#3908);
#3908=AXIS2_PLACEMENT_3D('',#302,#3909,#3910);
#3909=DIRECTION('',(-3.6892596430359754E-08,6.902233914166778E-08,-0.9999999999999969));
#3910=DIRECTION('',(0.9993046309048066,-0.037286118760293245,-3.944051759331022E-08));
#3911=FACE_BOUND('',#3912,.T.);
#3912=EDGE_LOOP('',(#3913,#3914,#3915));
#3913=ORIENTED_EDGE('',*,*,#3916,.T.);
#3914=ORIENTED_EDGE('',*,*,#3917,.T.);
#3915=ORIENTED_EDGE('',*,*,#3918,.T.);
#3916=EDGE_CURVE('',#303,#331,#3919,.F.);
#3917=EDGE_CURVE('',#331,#333,#3920,.T.);
#3918=EDGE_CURVE('',#333,#303,#3921,.T.);
#3919=LINE('',#302,#3922);
#3920=LINE('',#330,#3923);
#3921=LINE('',#332,#3924);
#3922=VECTOR('',#3925,1.0);
#3923=VECTOR('',#3926,1.0);
#3924=VECTOR('',#3927,1.0);
#3925=DIRECTION('',(0.9993046309048066,-0.037286118760293245,-3.944051759331022E-08));
#3926=DIRECTION('',(-0.8819245177697025,-0.4713906500522448,0));
#3927=DIRECTION('',(-0.9992406455886985,0.038963216031013125,3.955391418545877E-08));
#3928=FACE_SURFACE('',(#3933),#3929,.T.);
#3929=PLANE('',#3930);
#3930=AXIS2_PLACEMENT_3D('',#328,#3931,#3932);
#3931=DIRECTION('',(-4.222624178509566E-08,-6.77629617268574E-08,-0.9999999999999968));
#3932=DIRECTION('',(-0.8487046088534772,0.5288671732210898,0));
#3933=FACE_BOUND('',#3934,.T.);
#3934=EDGE_LOOP('',(#3935,#3936,#3937));
#3935=ORIENTED_EDGE('',*,*,#3938,.T.);
#3936=ORIENTED_EDGE('',*,*,#3939,.T.);
#3937=ORIENTED_EDGE('',*,*,#3940,.T.);
#3938=EDGE_CURVE('',#329,#303,#3941,.F.);
#3939=EDGE_CURVE('',#303,#333,#3942,.T.);
#3940=EDGE_CURVE('',#333,#329,#3943,.T.);
#3941=LINE('',#328,#3944);
#3942=LINE('',#302,#3945);
#3943=LINE('',#332,#3946);
#3944=VECTOR('',#3947,1.0);
#3945=VECTOR('',#3948,1.0);
#3946=VECTOR('',#3949,1.0);
#3947=DIRECTION('',(-0.8487046088534772,0.5288671732210898,0));
#3948=DIRECTION('',(0.9992406455886985,-0.038963216031013125,-3.955391418545877E-08));
#3949=DIRECTION('',(-0.999999999999999,0,4.222624178509575E-08));
#3950=FACE_SURFACE('',(#3955),#3951,.T.);
#3951=PLANE('',#3952);
#3952=AXIS2_PLACEMENT_3D('',#328,#3953,#3954);
#3953=DIRECTION('',(-4.22262417850957E-08,5.1453844086369516E-08,-0.9999999999999979));
#3954=DIRECTION('',(0.999999999999999,0,-4.222624178509575E-08));
#3955=FACE_BOUND('',#3956,.T.);
#3956=EDGE_LOOP('',(#3957,#3958,#3959));
#3957=ORIENTED_EDGE('',*,*,#3960,.T.);
#3958=ORIENTED_EDGE('',*,*,#3961,.T.);
#3959=ORIENTED_EDGE('',*,*,#3962,.T.);
#3960=EDGE_CURVE('',#329,#333,#3963,.F.);
#3961=EDGE_CURVE('',#333,#335,#3964,.T.);
#3962=EDGE_CURVE('',#335,#329,#3965,.T.);
#3963=LINE('',#328,#3966);
#3964=LINE('',#332,#3967);
#3965=LINE('',#334,#3968);
#3966=VECTOR('',#3969,1.0);
#3967=VECTOR('',#3970,1.0);
#3968=VECTOR('',#3971,1.0);
#3969=DIRECTION('',(0.999999999999999,0,-4.222624178509575E-08));
#3970=DIRECTION('',(-0.7730166181052922,-0.6343857723286809,0));
#3971=DIRECTION('',(-0.9999974425846498,0.0022615977002937273,4.234250169051388E-08));
#3972=FACE_SURFACE('',(#3977),#3973,.T.);
#3973=PLANE('',#3974);
#3974=AXIS2_PLACEMENT_3D('',#336,#3975,#3976);
#3975=DIRECTION('',(-4.2459621324716307E-08,-5.173822351340216E-08,-0.9999999999999977));
#3976=DIRECTION('',(-0.7730166181052922,0.6343857723286809,0));
#3977=FACE_BOUND('',#3978,.T.);
#3978=EDGE_LOOP('',(#3979,#3980,#3981));
#3979=ORIENTED_EDGE('',*,*,#3982,.T.);
#3980=ORIENTED_EDGE('',*,*,#3983,.T.);
#3981=ORIENTED_EDGE('',*,*,#3984,.T.);
#3982=EDGE_CURVE('',#337,#329,#3985,.F.);
#3983=EDGE_CURVE('',#329,#335,#3986,.T.);
#3984=EDGE_CURVE('',#335,#337,#3987,.T.);
#3985=LINE('',#336,#3988);
#3986=LINE('',#328,#3989);
#3987=LINE('',#334,#3990);
#3988=VECTOR('',#3991,1.0);
#3989=VECTOR('',#3992,1.0);
#3990=VECTOR('',#3993,1.0);
#3991=DIRECTION('',(-0.7730166181052922,0.6343857723286809,0));
#3992=DIRECTION('',(0.9999974425846498,-0.0022615977002937273,-4.234250169051388E-08));
#3993=DIRECTION('',(-0.999999999999999,0,4.2459621324716366E-08));
#3994=FACE_SURFACE('',(#3999),#3995,.T.);
#3995=PLANE('',#3996);
#3996=AXIS2_PLACEMENT_3D('',#336,#3997,#3998);
#3997=DIRECTION('',(-4.2459621324716346E-08,3.484502019230148E-08,-0.9999999999999986));
#3998=DIRECTION('',(0.999999999999999,0,-4.2459621324716366E-08));
#3999=FACE_BOUND('',#4000,.T.);
#4000=EDGE_LOOP('',(#4001,#4002,#4003));
#4001=ORIENTED_EDGE('',*,*,#4004,.T.);
#4002=ORIENTED_EDGE('',*,*,#4005,.T.);
#4003=ORIENTED_EDGE('',*,*,#4006,.T.);
#4004=EDGE_CURVE('',#337,#335,#4007,.F.);
#4005=EDGE_CURVE('',#335,#339,#4008,.T.);
#4006=EDGE_CURVE('',#339,#337,#4009,.T.);
#4007=LINE('',#336,#4010);
#4008=LINE('',#334,#4011);
#4009=LINE('',#338,#4012);
#4010=VECTOR('',#4013,1.0);
#4011=VECTOR('',#4014,1.0);
#4012=VECTOR('',#4015,1.0);
#4013=DIRECTION('',(0.999999999999999,0,-4.2459621324716366E-08));
#4014=DIRECTION('',(-0.6343857723286809,-0.7730166181052922,0));
#4015=DIRECTION('',(-0.9999961643384316,0.0027697126967328504,4.255596915882322E-08));
#4016=FACE_SURFACE('',(#4021),#4017,.T.);
#4017=PLANE('',#4018);
#4018=AXIS2_PLACEMENT_3D('',#340,#4019,#4020);
#4019=DIRECTION('',(-4.265308501446552E-08,-3.5004443947477826E-08,-0.9999999999999986));
#4020=DIRECTION('',(-0.6343928695336223,0.773010793640617,0));
#4021=FACE_BOUND('',#4022,.T.);
#4022=EDGE_LOOP('',(#4023,#4024,#4025));
#4023=ORIENTED_EDGE('',*,*,#4026,.T.);
#4024=ORIENTED_EDGE('',*,*,#4027,.T.);
#4025=ORIENTED_EDGE('',*,*,#4028,.T.);
#4026=EDGE_CURVE('',#341,#337,#4029,.F.);
#4027=EDGE_CURVE('',#337,#339,#4030,.T.);
#4028=EDGE_CURVE('',#339,#341,#4031,.T.);
#4029=LINE('',#340,#4032);
#4030=LINE('',#336,#4033);
#4031=LINE('',#338,#4034);
#4032=VECTOR('',#4035,1.0);
#4033=VECTOR('',#4036,1.0);
#4034=VECTOR('',#4037,1.0);
#4035=DIRECTION('',(-0.6343928695336223,0.773010793640617,0));
#4036=DIRECTION('',(0.9999961643384316,-0.0027697126967328504,-4.255596915882322E-08));
#4037=DIRECTION('',(-0.999999999999999,0,4.265308501446554E-08));
#4038=FACE_SURFACE('',(#4043),#4039,.T.);
#4039=PLANE('',#4040);
#4040=AXIS2_PLACEMENT_3D('',#340,#4041,#4042);
#4041=DIRECTION('',(-4.265308501446553E-08,2.2799319252237743E-08,-0.9999999999999989));
#4042=DIRECTION('',(0.999999999999999,0,-4.265308501446554E-08));
#4043=FACE_BOUND('',#4044,.T.);
#4044=EDGE_LOOP('',(#4045,#4046,#4047));
#4045=ORIENTED_EDGE('',*,*,#4048,.T.);
#4046=ORIENTED_EDGE('',*,*,#4049,.T.);
#4047=ORIENTED_EDGE('',*,*,#4050,.T.);
#4048=EDGE_CURVE('',#341,#339,#4051,.F.);
#4049=EDGE_CURVE('',#339,#343,#4052,.T.);
#4050=EDGE_CURVE('',#343,#341,#4053,.T.);
#4051=LINE('',#340,#4054);
#4052=LINE('',#338,#4055);
#4053=LINE('',#342,#4056);
#4054=VECTOR('',#4057,1.0);
#4055=VECTOR('',#4058,1.0);
#4056=VECTOR('',#4059,1.0);
#4057=DIRECTION('',(0.999999999999999,0,-4.265308501446554E-08));
#4058=DIRECTION('',(-0.471409125092743,-0.8819146425699568,0));
#4059=DIRECTION('',(-0.9999949672833454,0.0031726027137473473,4.2725203535705493E-08));
#4060=FACE_SURFACE('',(#4065),#4061,.T.);
#4061=PLANE('',#4062);
#4062=AXIS2_PLACEMENT_3D('',#344,#4063,#4064);
#4063=DIRECTION('',(-4.2797996026634E-08,-2.2876202061693738E-08,-0.9999999999999989));
#4064=DIRECTION('',(-0.471399887650071,0.8819195801905639,0));
#4065=FACE_BOUND('',#4066,.T.);
#4066=EDGE_LOOP('',(#4067,#4068,#4069));
#4067=ORIENTED_EDGE('',*,*,#4070,.T.);
#4068=ORIENTED_EDGE('',*,*,#4071,.T.);
#4069=ORIENTED_EDGE('',*,*,#4072,.T.);
#4070=EDGE_CURVE('',#345,#341,#4073,.F.);
#4071=EDGE_CURVE('',#341,#343,#4074,.T.);
#4072=EDGE_CURVE('',#343,#345,#4075,.T.);
#4073=LINE('',#344,#4076);
#4074=LINE('',#340,#4077);
#4075=LINE('',#342,#4078);
#4076=VECTOR('',#4079,1.0);
#4077=VECTOR('',#4080,1.0);
#4078=VECTOR('',#4081,1.0);
#4079=DIRECTION('',(-0.471399887650071,0.8819195801905639,0));
#4080=DIRECTION('',(0.9999949672833454,-0.0031726027137473473,-4.2725203535705493E-08));
#4081=DIRECTION('',(-0.999999999999999,0,4.279799602663401E-08));
#4082=FACE_SURFACE('',(#4087),#4083,.T.);
#4083=PLANE('',#4084);
#4084=AXIS2_PLACEMENT_3D('',#346,#4085,#4086);
#4085=DIRECTION('',(-4.2918095749842396E-08,4.2267588748979524E-09,-0.999999999999999));
#4086=DIRECTION('',(-0.09801014500243065,-0.9951854156269587,0));
#4087=FACE_BOUND('',#4088,.T.);
#4088=EDGE_LOOP('',(#4089,#4090,#4091));
#4089=ORIENTED_EDGE('',*,*,#4092,.T.);
#4090=ORIENTED_EDGE('',*,*,#4093,.T.);
#4091=ORIENTED_EDGE('',*,*,#4094,.T.);
#4092=EDGE_CURVE('',#347,#349,#4095,.F.);
#4093=EDGE_CURVE('',#349,#351,#4096,.T.);
#4094=EDGE_CURVE('',#351,#347,#4097,.T.);
#4095=LINE('',#346,#4098);
#4096=LINE('',#348,#4099);
#4097=LINE('',#350,#4100);
#4098=VECTOR('',#4101,1.0);
#4099=VECTOR('',#4102,1.0);
#4100=VECTOR('',#4103,1.0);
#4101=DIRECTION('',(-0.09801014500243065,-0.9951854156269587,0));
#4102=DIRECTION('',(-0.999999999999999,0,4.2918095749842396E-08));
#4103=DIRECTION('',(0.9999935386465344,0.0035948108684887123,-4.290262404211376E-08));
#4104=FACE_SURFACE('',(#4109),#4105,.T.);
#4105=PLANE('',#4106);
#4106=AXIS2_PLACEMENT_3D('',#344,#4107,#4108);
#4107=DIRECTION('',(-4.279799602663401E-08,1.2982288977174321E-08,-0.999999999999999));
#4108=DIRECTION('',(0.999999999999999,0,-4.279799602663401E-08));
#4109=FACE_BOUND('',#4110,.T.);
#4110=EDGE_LOOP('',(#4111,#4112,#4113));
#4111=ORIENTED_EDGE('',*,*,#4114,.T.);
#4112=ORIENTED_EDGE('',*,*,#4115,.T.);
#4113=ORIENTED_EDGE('',*,*,#4116,.T.);
#4114=EDGE_CURVE('',#345,#343,#4117,.F.);
#4115=EDGE_CURVE('',#343,#347,#4118,.T.);
#4116=EDGE_CURVE('',#347,#345,#4119,.T.);
#4117=LINE('',#344,#4120);
#4118=LINE('',#342,#4121);
#4119=LINE('',#346,#4122);
#4120=VECTOR('',#4123,1.0);
#4121=VECTOR('',#4124,1.0);
#4122=VECTOR('',#4125,1.0);
#4123=DIRECTION('',(0.999999999999999,0,-4.279799602663401E-08));
#4124=DIRECTION('',(-0.29027769140221843,-0.9569424548394738,0));
#4125=DIRECTION('',(-0.9999940424359024,0.0034518245466614167,4.284255363859273E-08));
#4126=FACE_SURFACE('',(#4131),#4127,.T.);
#4127=PLANE('',#4128);
#4128=AXIS2_PLACEMENT_3D('',#346,#4129,#4130);
#4129=DIRECTION('',(-4.288771751095638E-08,-4.2237670951236666E-09,-0.9999999999999991));
#4130=DIRECTION('',(-0.9999935386465344,-0.0035948108684887123,4.290262404211376E-08));
#4131=FACE_BOUND('',#4132,.T.);
#4132=EDGE_LOOP('',(#4133,#4134,#4135));
#4133=ORIENTED_EDGE('',*,*,#4136,.T.);
#4134=ORIENTED_EDGE('',*,*,#4137,.T.);
#4135=ORIENTED_EDGE('',*,*,#4138,.T.);
#4136=EDGE_CURVE('',#347,#351,#4139,.F.);
#4137=EDGE_CURVE('',#351,#353,#4140,.T.);
#4138=EDGE_CURVE('',#353,#347,#4141,.T.);
#4139=LINE('',#346,#4142);
#4140=LINE('',#350,#4143);
#4141=LINE('',#352,#4144);
#4142=VECTOR('',#4145,1.0);
#4143=VECTOR('',#4146,1.0);
#4144=VECTOR('',#4147,1.0);
#4145=DIRECTION('',(-0.9999935386465344,-0.0035948108684887123,4.290262404211376E-08));
#4146=DIRECTION('',(-0.09801014500243065,0.9951854156269587,0));
#4147=DIRECTION('',(0.999999999999999,0,-4.288771751095638E-08));
#4148=FACE_SURFACE('',(#4153),#4149,.T.);
#4149=PLANE('',#4150);
#4150=AXIS2_PLACEMENT_3D('',#346,#4151,#4152);
#4151=DIRECTION('',(-4.288771751095637E-08,-1.3010037280442903E-08,-0.999999999999999));
#4152=DIRECTION('',(-0.999999999999999,0,4.288771751095638E-08));
#4153=FACE_BOUND('',#4154,.T.);
#4154=EDGE_LOOP('',(#4155,#4156,#4157));
#4155=ORIENTED_EDGE('',*,*,#4158,.T.);
#4156=ORIENTED_EDGE('',*,*,#4159,.T.);
#4157=ORIENTED_EDGE('',*,*,#4160,.T.);
#4158=EDGE_CURVE('',#347,#353,#4161,.F.);
#4159=EDGE_CURVE('',#353,#345,#4162,.T.);
#4160=EDGE_CURVE('',#345,#347,#4163,.T.);
#4161=LINE('',#346,#4164);
#4162=LINE('',#352,#4165);
#4163=LINE('',#344,#4166);
#4164=VECTOR('',#4167,1.0);
#4165=VECTOR('',#4168,1.0);
#4166=VECTOR('',#4169,1.0);
#4167=DIRECTION('',(-0.999999999999999,0,4.288771751095638E-08));
#4168=DIRECTION('',(-0.2902885677192421,0.9569391555639841,0));
#4169=DIRECTION('',(0.9999940424359024,-0.0034518245466614167,-4.284255363859273E-08));
#4170=FACE_SURFACE('',(#4175),#4171,.T.);
#4171=PLANE('',#4172);
#4172=AXIS2_PLACEMENT_3D('',#354,#4173,#4174);
#4173=DIRECTION('',(-4.3406169045558625E-07,5.28896376635552E-07,-0.999999999999766));
#4174=DIRECTION('',(0.7730049691985538,0.6343999665781382,0));
#4175=FACE_BOUND('',#4176,.T.);
#4176=EDGE_LOOP('',(#4177,#4178,#4179));
#4177=ORIENTED_EDGE('',*,*,#4180,.T.);
#4178=ORIENTED_EDGE('',*,*,#4181,.T.);
#4179=ORIENTED_EDGE('',*,*,#4182,.T.);
#4180=EDGE_CURVE('',#355,#357,#4183,.F.);
#4181=EDGE_CURVE('',#357,#359,#4184,.T.);
#4182=EDGE_CURVE('',#359,#355,#4185,.T.);
#4183=LINE('',#354,#4186);
#4184=LINE('',#356,#4187);
#4185=LINE('',#358,#4188);
#4186=VECTOR('',#4189,1.0);
#4187=VECTOR('',#4190,1.0);
#4188=VECTOR('',#4191,1.0);
#4189=DIRECTION('',(0.7730049691985538,0.6343999665781382,0));
#4190=DIRECTION('',(0.7071149521000255,-0.7070986101783223,-6.809134043024666E-07));
#4191=DIRECTION('',(-0.7460327000250063,0.6659093110123494,6.760212366704662E-07));
#4192=FACE_SURFACE('',(#4197),#4193,.T.);
#4193=PLANE('',#4194);
#4194=AXIS2_PLACEMENT_3D('',#360,#4195,#4196);
#4195=DIRECTION('',(0,0,-1));
#4196=DIRECTION('',(0.7071142711726882,0.7070992911210688,0));
#4197=FACE_BOUND('',#4198,.T.);
#4198=EDGE_LOOP('',(#4199,#4200,#4201));
#4199=ORIENTED_EDGE('',*,*,#4202,.T.);
#4200=ORIENTED_EDGE('',*,*,#4203,.T.);
#4201=ORIENTED_EDGE('',*,*,#4204,.T.);
#4202=EDGE_CURVE('',#361,#363,#4205,.F.);
#4203=EDGE_CURVE('',#363,#365,#4206,.T.);
#4204=EDGE_CURVE('',#365,#361,#4207,.T.);
#4205=LINE('',#360,#4208);
#4206=LINE('',#362,#4209);
#4207=LINE('',#364,#4210);
#4208=VECTOR('',#4211,1.0);
#4209=VECTOR('',#4212,1.0);
#4210=VECTOR('',#4213,1.0);
#4211=DIRECTION('',(0.7071142711726882,0.7070992911210688,0));
#4212=DIRECTION('',(0.7730097492037787,-0.6343941421828476,0));
#4213=DIRECTION('',(-0.746032255978652,-0.6659098084871578,0));
#4214=FACE_SURFACE('',(#4219),#4215,.T.);
#4215=PLANE('',#4216);
#4216=AXIS2_PLACEMENT_3D('',#360,#4217,#4218);
#4217=DIRECTION('',(0,0,-1));
#4218=DIRECTION('',(0.746032255978652,0.6659098084871578,0));
#4219=FACE_BOUND('',#4220,.T.);
#4220=EDGE_LOOP('',(#4221,#4222,#4223));
#4221=ORIENTED_EDGE('',*,*,#4224,.T.);
#4222=ORIENTED_EDGE('',*,*,#4225,.T.);
#4223=ORIENTED_EDGE('',*,*,#4226,.T.);
#4224=EDGE_CURVE('',#361,#365,#4227,.F.);
#4225=EDGE_CURVE('',#365,#367,#4228,.T.);
#4226=EDGE_CURVE('',#367,#361,#4229,.T.);
#4227=LINE('',#360,#4230);
#4228=LINE('',#364,#4231);
#4229=LINE('',#366,#4232);
#4230=VECTOR('',#4233,1.0);
#4231=VECTOR('',#4234,1.0);
#4232=VECTOR('',#4235,1.0);
#4233=DIRECTION('',(0.746032255978652,0.6659098084871578,0));
#4234=DIRECTION('',(0.8819165999880887,-0.47140546312643583,0));
#4235=DIRECTION('',(-0.7798665410497492,-0.6259458268501356,0));
#4236=FACE_SURFACE('',(#4241),#4237,.T.);
#4237=PLANE('',#4238);
#4238=AXIS2_PLACEMENT_3D('',#368,#4239,#4240);
#4239=DIRECTION('',(-3.3939389926225964E-07,6.349547643189677E-07,-0.9999999999997409));
#4240=DIRECTION('',(0.8819192393315626,0.47140052534637483,0));
#4241=FACE_BOUND('',#4242,.T.);
#4242=EDGE_LOOP('',(#4243,#4244,#4245));
#4243=ORIENTED_EDGE('',*,*,#4246,.T.);
#4244=ORIENTED_EDGE('',*,*,#4247,.T.);
#4245=ORIENTED_EDGE('',*,*,#4248,.T.);
#4246=EDGE_CURVE('',#369,#355,#4249,.F.);
#4247=EDGE_CURVE('',#355,#359,#4250,.T.);
#4248=EDGE_CURVE('',#359,#369,#4251,.T.);
#4249=LINE('',#368,#4252);
#4250=LINE('',#354,#4253);
#4251=LINE('',#358,#4254);
#4252=VECTOR('',#4255,1.0);
#4253=VECTOR('',#4256,1.0);
#4254=VECTOR('',#4257,1.0);
#4255=DIRECTION('',(0.8819192393315626,0.47140052534637483,0));
#4256=DIRECTION('',(0.7460327000250063,-0.6659093110123494,-6.760212366704662E-07));
#4257=DIRECTION('',(-0.7798673150779566,0.6259448624860346,6.621288816081572E-07));
#4258=FACE_SURFACE('',(#4263),#4259,.T.);
#4259=PLANE('',#4260);
#4260=AXIS2_PLACEMENT_3D('',#370,#4261,#4262);
#4261=DIRECTION('',(-2.328525707897487E-07,7.676950498621022E-07,-0.9999999999996783));
#4262=DIRECTION('',(0.9569490530878431,0.2902559384306902,0));
#4263=FACE_BOUND('',#4264,.T.);
#4264=EDGE_LOOP('',(#4265,#4266,#4267));
#4265=ORIENTED_EDGE('',*,*,#4268,.T.);
#4266=ORIENTED_EDGE('',*,*,#4269,.T.);
#4267=ORIENTED_EDGE('',*,*,#4270,.T.);
#4268=EDGE_CURVE('',#371,#369,#4271,.F.);
#4269=EDGE_CURVE('',#369,#359,#4272,.T.);
#4270=EDGE_CURVE('',#359,#371,#4273,.T.);
#4271=LINE('',#370,#4274);
#4272=LINE('',#368,#4275);
#4273=LINE('',#358,#4276);
#4274=VECTOR('',#4277,1.0);
#4275=VECTOR('',#4278,1.0);
#4276=VECTOR('',#4279,1.0);
#4277=DIRECTION('',(0.9569490530878431,0.2902559384306902,0));
#4278=DIRECTION('',(0.7798673150779566,-0.6259448624860346,-6.621288816081572E-07));
#4279=DIRECTION('',(-0.8069868372600569,0.5905694239364235,6.412861830056048E-07));
#4280=FACE_SURFACE('',(#4285),#4281,.T.);
#4281=PLANE('',#4282);
#4282=AXIS2_PLACEMENT_3D('',#360,#4283,#4284);
#4283=DIRECTION('',(0,0,-1));
#4284=DIRECTION('',(0.7798665410497492,0.6259458268501356,0));
#4285=FACE_BOUND('',#4286,.T.);
#4286=EDGE_LOOP('',(#4287,#4288,#4289));
#4287=ORIENTED_EDGE('',*,*,#4290,.T.);
#4288=ORIENTED_EDGE('',*,*,#4291,.T.);
#4289=ORIENTED_EDGE('',*,*,#4292,.T.);
#4290=EDGE_CURVE('',#361,#367,#4293,.F.);
#4291=EDGE_CURVE('',#367,#373,#4294,.T.);
#4292=EDGE_CURVE('',#373,#361,#4295,.T.);
#4293=LINE('',#360,#4296);
#4294=LINE('',#366,#4297);
#4295=LINE('',#372,#4298);
#4296=VECTOR('',#4299,1.0);
#4297=VECTOR('',#4300,1.0);
#4298=VECTOR('',#4301,1.0);
#4299=DIRECTION('',(0.7798665410497492,0.6259458268501356,0));
#4300=DIRECTION('',(0.9569348552447919,-0.2903027433863298,0));
#4301=DIRECTION('',(-0.8069870609228706,-0.5905691183113684,0));
#4302=FACE_SURFACE('',(#4307),#4303,.T.);
#4303=PLANE('',#4304);
#4304=AXIS2_PLACEMENT_3D('',#360,#4305,#4306);
#4305=DIRECTION('',(0,0,-1));
#4306=DIRECTION('',(0.8069870609228706,0.5905691183113684,0));
#4307=FACE_BOUND('',#4308,.T.);
#4308=EDGE_LOOP('',(#4309,#4310,#4311));
#4309=ORIENTED_EDGE('',*,*,#4312,.T.);
#4310=ORIENTED_EDGE('',*,*,#4313,.T.);
#4311=ORIENTED_EDGE('',*,*,#4314,.T.);
#4312=EDGE_CURVE('',#361,#373,#4315,.F.);
#4313=EDGE_CURVE('',#373,#375,#4316,.T.);
#4314=EDGE_CURVE('',#375,#361,#4317,.T.);
#4315=LINE('',#360,#4318);
#4316=LINE('',#372,#4319);
#4317=LINE('',#374,#4320);
#4318=VECTOR('',#4321,1.0);
#4319=VECTOR('',#4322,1.0);
#4320=VECTOR('',#4323,1.0);
#4321=DIRECTION('',(0.8069870609228706,0.5905691183113684,0));
#4322=DIRECTION('',(0.9951902763953872,-0.09796077668165401,0));
#4323=DIRECTION('',(-0.8269313951934628,-0.5623028255694552,0));
#4324=FACE_SURFACE('',(#4329),#4325,.T.);
#4325=PLANE('',#4326);
#4326=AXIS2_PLACEMENT_3D('',#376,#4327,#4328);
#4327=DIRECTION('',(-9.427544464469999E-08,9.570545260078388E-07,-0.9999999999995376));
#4328=DIRECTION('',(0.9951833266875516,0.09803135357169003,0));
#4329=FACE_BOUND('',#4330,.T.);
#4330=EDGE_LOOP('',(#4331,#4332,#4333));
#4331=ORIENTED_EDGE('',*,*,#4334,.T.);
#4332=ORIENTED_EDGE('',*,*,#4335,.T.);
#4333=ORIENTED_EDGE('',*,*,#4336,.T.);
#4334=EDGE_CURVE('',#377,#371,#4337,.F.);
#4335=EDGE_CURVE('',#371,#359,#4338,.T.);
#4336=EDGE_CURVE('',#359,#377,#4339,.T.);
#4337=LINE('',#376,#4340);
#4338=LINE('',#370,#4341);
#4339=LINE('',#358,#4342);
#4340=VECTOR('',#4343,1.0);
#4341=VECTOR('',#4344,1.0);
#4342=VECTOR('',#4345,1.0);
#4343=DIRECTION('',(0.9951833266875516,0.09803135357169003,0));
#4344=DIRECTION('',(0.8069868372600569,-0.5905694239364235,-6.412861830056048E-07));
#4345=DIRECTION('',(-0.8269329192849079,0.5623005842096916,6.161117877519467E-07));
#4346=FACE_SURFACE('',(#4351),#4347,.T.);
#4347=PLANE('',#4348);
#4348=AXIS2_PLACEMENT_3D('',#378,#4349,#4350);
#4349=DIRECTION('',(1.2622063551070854E-07,1.2813214259077138E-06,-0.9999999999991712));
#4350=DIRECTION('',(0.9951830984033126,-0.09803367101349734,0));
#4351=FACE_BOUND('',#4352,.T.);
#4352=EDGE_LOOP('',(#4353,#4354,#4355));
#4353=ORIENTED_EDGE('',*,*,#4356,.T.);
#4354=ORIENTED_EDGE('',*,*,#4357,.T.);
#4355=ORIENTED_EDGE('',*,*,#4358,.T.);
#4356=EDGE_CURVE('',#379,#377,#4359,.F.);
#4357=EDGE_CURVE('',#377,#359,#4360,.T.);
#4358=EDGE_CURVE('',#359,#379,#4361,.T.);
#4359=LINE('',#378,#4362);
#4360=LINE('',#376,#4363);
#4361=LINE('',#358,#4364);
#4362=VECTOR('',#4365,1.0);
#4363=VECTOR('',#4366,1.0);
#4364=VECTOR('',#4367,1.0);
#4365=DIRECTION('',(0.9951830984033126,-0.09803367101349734,0));
#4366=DIRECTION('',(0.8269329192849079,-0.5623005842096916,-6.161117877519467E-07));
#4367=DIRECTION('',(-0.8400460785260069,0.5425150559687084,5.891050152008856E-07));
#4368=FACE_SURFACE('',(#4373),#4369,.T.);
#4369=PLANE('',#4370);
#4370=AXIS2_PLACEMENT_3D('',#358,#4371,#4372);
#4371=DIRECTION('',(-7.450580485901462E-08,1.0956941057459914E-07,-0.9999999999999912));
#4372=DIRECTION('',(-0.9999999999999972,0,7.450580485901507E-08));
#4373=FACE_BOUND('',#4374,.T.);
#4374=EDGE_LOOP('',(#4375,#4376,#4377));
#4375=ORIENTED_EDGE('',*,*,#4378,.T.);
#4376=ORIENTED_EDGE('',*,*,#4379,.T.);
#4377=ORIENTED_EDGE('',*,*,#4380,.T.);
#4378=EDGE_CURVE('',#359,#361,#4381,.F.);
#4379=EDGE_CURVE('',#361,#375,#4382,.T.);
#4380=EDGE_CURVE('',#375,#359,#4383,.T.);
#4381=LINE('',#358,#4384);
#4382=LINE('',#360,#4385);
#4383=LINE('',#374,#4386);
#4384=VECTOR('',#4387,1.0);
#4385=VECTOR('',#4388,1.0);
#4386=VECTOR('',#4389,1.0);
#4387=DIRECTION('',(-0.9999999999999972,0,7.450580485901507E-08));
#4388=DIRECTION('',(0.8269313951934628,0.5623028255694552,0));
#4389=DIRECTION('',(0.9993601915967297,-0.035766009726295865,-7.837699602328971E-08));
#4390=FACE_SURFACE('',(#4395),#4391,.T.);
#4391=PLANE('',#4392);
#4392=AXIS2_PLACEMENT_3D('',#358,#4393,#4394);
#4393=DIRECTION('',(-5.7515921119105884E-08,5.842942568586181E-07,-0.9999999999998276));
#4394=DIRECTION('',(-0.9993601915967297,0.035766009726295865,7.837699602328971E-08));
#4395=FACE_BOUND('',#4396,.T.);
#4396=EDGE_LOOP('',(#4397,#4398,#4399));
#4397=ORIENTED_EDGE('',*,*,#4400,.T.);
#4398=ORIENTED_EDGE('',*,*,#4401,.T.);
#4399=ORIENTED_EDGE('',*,*,#4402,.T.);
#4400=EDGE_CURVE('',#359,#375,#4403,.F.);
#4401=EDGE_CURVE('',#375,#381,#4404,.T.);
#4402=EDGE_CURVE('',#381,#359,#4405,.T.);
#4403=LINE('',#358,#4406);
#4404=LINE('',#374,#4407);
#4405=LINE('',#380,#4408);
#4406=VECTOR('',#4409,1.0);
#4407=VECTOR('',#4410,1.0);
#4408=VECTOR('',#4411,1.0);
#4409=DIRECTION('',(-0.9993601915967297,0.035766009726295865,7.837699602328971E-08));
#4410=DIRECTION('',(0.9951900484381406,0.09796309248738255,0));
#4411=DIRECTION('',(0.9993442887930296,-0.03620762981399855,-7.863411743984465E-08));
#4412=FACE_SURFACE('',(#4417),#4413,.T.);
#4413=PLANE('',#4414);
#4414=AXIS2_PLACEMENT_3D('',#382,#4415,#4416);
#4415=DIRECTION('',(6.210389939559468E-07,2.04751255188766E-06,-0.999999999997711));
#4416=DIRECTION('',(0.9569490530878431,-0.2902559384306902,0));
#4417=FACE_BOUND('',#4418,.T.);
#4418=EDGE_LOOP('',(#4419,#4420,#4421));
#4419=ORIENTED_EDGE('',*,*,#4422,.T.);
#4420=ORIENTED_EDGE('',*,*,#4423,.T.);
#4421=ORIENTED_EDGE('',*,*,#4424,.T.);
#4422=EDGE_CURVE('',#383,#379,#4425,.F.);
#4423=EDGE_CURVE('',#379,#359,#4426,.T.);
#4424=EDGE_CURVE('',#359,#383,#4427,.T.);
#4425=LINE('',#382,#4428);
#4426=LINE('',#378,#4429);
#4427=LINE('',#358,#4430);
#4428=VECTOR('',#4431,1.0);
#4429=VECTOR('',#4432,1.0);
#4430=VECTOR('',#4433,1.0);
#4431=DIRECTION('',(0.9569490530878431,-0.2902559384306902,0));
#4432=DIRECTION('',(0.8400460785260069,-0.5425150559687084,-5.891050152008856E-07));
#4433=DIRECTION('',(-0.8470456688731158,0.5315201170632958,5.622457212374818E-07));
#4434=FACE_SURFACE('',(#4439),#4435,.T.);
#4435=PLANE('',#4436);
#4436=AXIS2_PLACEMENT_3D('',#384,#4437,#4438);
#4437=DIRECTION('',(3.8150675514393075E-06,7.13760786343354E-06,-0.9999999999672499));
#4438=DIRECTION('',(0.8819245177697025,-0.4713906500522448,0));
#4439=FACE_BOUND('',#4440,.T.);
#4440=EDGE_LOOP('',(#4441,#4442,#4443));
#4441=ORIENTED_EDGE('',*,*,#4444,.T.);
#4442=ORIENTED_EDGE('',*,*,#4445,.T.);
#4443=ORIENTED_EDGE('',*,*,#4446,.T.);
#4444=EDGE_CURVE('',#385,#383,#4447,.F.);
#4445=EDGE_CURVE('',#383,#359,#4448,.T.);
#4446=EDGE_CURVE('',#359,#385,#4449,.T.);
#4447=LINE('',#384,#4450);
#4448=LINE('',#382,#4451);
#4449=LINE('',#358,#4452);
#4450=VECTOR('',#4453,1.0);
#4451=VECTOR('',#4454,1.0);
#4452=VECTOR('',#4455,1.0);
#4453=DIRECTION('',(0.8819245177697025,-0.4713906500522448,0));
#4454=DIRECTION('',(0.8470456688731158,-0.5315201170632958,-5.622457212374818E-07));
#4455=DIRECTION('',(-0.8487106927331032,0.5288574099322122,5.368881833791983E-07));
#4456=FACE_SURFACE('',(#4461),#4457,.T.);
#4457=PLANE('',#4458);
#4458=AXIS2_PLACEMENT_3D('',#358,#4459,#4460);
#4459=DIRECTION('',(-7.029054657666851E-08,2.3170975856211994E-07,-0.9999999999999707));
#4460=DIRECTION('',(-0.9993442887930296,0.03620762981399855,7.863411743984465E-08));
#4461=FACE_BOUND('',#4462,.T.);
#4462=EDGE_LOOP('',(#4463,#4464,#4465));
#4463=ORIENTED_EDGE('',*,*,#4466,.T.);
#4464=ORIENTED_EDGE('',*,*,#4467,.T.);
#4465=ORIENTED_EDGE('',*,*,#4468,.T.);
#4466=EDGE_CURVE('',#359,#381,#4469,.F.);
#4467=EDGE_CURVE('',#381,#387,#4470,.T.);
#4468=EDGE_CURVE('',#387,#359,#4471,.T.);
#4469=LINE('',#358,#4472);
#4470=LINE('',#380,#4473);
#4471=LINE('',#386,#4474);
#4472=VECTOR('',#4475,1.0);
#4473=VECTOR('',#4476,1.0);
#4474=VECTOR('',#4477,1.0);
#4475=DIRECTION('',(-0.9993442887930296,0.03620762981399855,7.863411743984465E-08));
#4476=DIRECTION('',(0.95693785797092,0.2902928452132903,0));
#4477=DIRECTION('',(0.999304660131229,-0.03728533545514511,-7.88810468334577E-08));
#4478=FACE_SURFACE('',(#4483),#4479,.T.);
#4479=PLANE('',#4480);
#4480=AXIS2_PLACEMENT_3D('',#358,#4481,#4482);
#4481=DIRECTION('',(-7.378543255835552E-08,1.380414086467153E-07,-0.9999999999999878));
#4482=DIRECTION('',(-0.999304660131229,0.03728533545514511,7.88810468334577E-08));
#4483=FACE_BOUND('',#4484,.T.);
#4484=EDGE_LOOP('',(#4485,#4486,#4487));
#4485=ORIENTED_EDGE('',*,*,#4488,.T.);
#4486=ORIENTED_EDGE('',*,*,#4489,.T.);
#4487=ORIENTED_EDGE('',*,*,#4490,.T.);
#4488=EDGE_CURVE('',#359,#387,#4491,.F.);
#4489=EDGE_CURVE('',#387,#389,#4492,.T.);
#4490=EDGE_CURVE('',#389,#359,#4493,.T.);
#4491=LINE('',#358,#4494);
#4492=LINE('',#386,#4495);
#4493=LINE('',#388,#4496);
#4494=VECTOR('',#4497,1.0);
#4495=VECTOR('',#4498,1.0);
#4496=VECTOR('',#4499,1.0);
#4497=DIRECTION('',(-0.999304660131229,0.03728533545514511,7.88810468334577E-08));
#4498=DIRECTION('',(0.8819192393315626,0.47140052534637483,0));
#4499=DIRECTION('',(0.9992406763278878,-0.03896242769360059,-7.91078339358783E-08));
#4500=FACE_SURFACE('',(#4505),#4501,.T.);
#4501=PLANE('',#4502);
#4502=AXIS2_PLACEMENT_3D('',#384,#4503,#4504);
#4503=DIRECTION('',(-4.2226087110163347E-08,9.474206890672201E-07,-0.9999999999995504));
#4504=DIRECTION('',(0.8487106927331032,-0.5288574099322122,-5.368881833791983E-07));
#4505=FACE_BOUND('',#4506,.T.);
#4506=EDGE_LOOP('',(#4507,#4508,#4509));
#4507=ORIENTED_EDGE('',*,*,#4510,.T.);
#4508=ORIENTED_EDGE('',*,*,#4511,.T.);
#4509=ORIENTED_EDGE('',*,*,#4512,.T.);
#4510=EDGE_CURVE('',#385,#359,#4513,.F.);
#4511=EDGE_CURVE('',#359,#389,#4514,.T.);
#4512=EDGE_CURVE('',#389,#385,#4515,.T.);
#4513=LINE('',#384,#4516);
#4514=LINE('',#358,#4517);
#4515=LINE('',#388,#4518);
#4516=VECTOR('',#4519,1.0);
#4517=VECTOR('',#4520,1.0);
#4518=VECTOR('',#4521,1.0);
#4519=DIRECTION('',(0.8487106927331032,-0.5288574099322122,-5.368881833791983E-07));
#4520=DIRECTION('',(-0.9992406763278878,0.03896242769360059,7.91078339358783E-08));
#4521=DIRECTION('',(0.9999999999999849,-1.6890498853704927E-07,-4.222624713426232E-08));
#4522=FACE_SURFACE('',(#4527),#4523,.T.);
#4523=PLANE('',#4524);
#4524=AXIS2_PLACEMENT_3D('',#384,#4525,#4526);
#4525=DIRECTION('',(-4.222623844377802E-08,5.145191340987098E-08,-0.9999999999999979));
#4526=DIRECTION('',(-0.9999999999999849,1.6890498853704927E-07,4.222624713426232E-08));
#4527=FACE_BOUND('',#4528,.T.);
#4528=EDGE_LOOP('',(#4529,#4530,#4531));
#4529=ORIENTED_EDGE('',*,*,#4532,.T.);
#4530=ORIENTED_EDGE('',*,*,#4533,.T.);
#4531=ORIENTED_EDGE('',*,*,#4534,.T.);
#4532=EDGE_CURVE('',#385,#389,#4535,.F.);
#4533=EDGE_CURVE('',#389,#391,#4536,.T.);
#4534=EDGE_CURVE('',#391,#385,#4537,.T.);
#4535=LINE('',#384,#4538);
#4536=LINE('',#388,#4539);
#4537=LINE('',#390,#4540);
#4538=VECTOR('',#4541,1.0);
#4539=VECTOR('',#4542,1.0);
#4540=VECTOR('',#4543,1.0);
#4541=DIRECTION('',(-0.9999999999999849,1.6890498853704927E-07,4.222624713426232E-08));
#4542=DIRECTION('',(0.7730049691985538,0.6343999665781382,0));
#4543=DIRECTION('',(0.9999974420093991,-0.0022618520413208915,-4.234250704483304E-08));
#4544=FACE_SURFACE('',(#4549),#4545,.T.);
#4545=PLANE('',#4546);
#4546=AXIS2_PLACEMENT_3D('',#392,#4547,#4548);
#4547=DIRECTION('',(-4.245963551999188E-08,-5.173630355680443E-08,-0.9999999999999979));
#4548=DIRECTION('',(0.7730049691985538,-0.6343999665781382,0));
#4549=FACE_BOUND('',#4550,.T.);
#4550=EDGE_LOOP('',(#4551,#4552,#4553));
#4551=ORIENTED_EDGE('',*,*,#4554,.T.);
#4552=ORIENTED_EDGE('',*,*,#4555,.T.);
#4553=ORIENTED_EDGE('',*,*,#4556,.T.);
#4554=EDGE_CURVE('',#393,#385,#4557,.F.);
#4555=EDGE_CURVE('',#385,#391,#4558,.T.);
#4556=EDGE_CURVE('',#391,#393,#4559,.T.);
#4557=LINE('',#392,#4560);
#4558=LINE('',#384,#4561);
#4559=LINE('',#390,#4562);
#4560=VECTOR('',#4563,1.0);
#4561=VECTOR('',#4564,1.0);
#4562=VECTOR('',#4565,1.0);
#4563=DIRECTION('',(0.7730049691985538,-0.6343999665781382,0));
#4564=DIRECTION('',(-0.9999974420093991,0.0022618520413208915,4.234250704483304E-08));
#4565=DIRECTION('',(0.9999999999999847,-1.698385069326991E-07,-4.2459626733174776E-08));
#4566=FACE_SURFACE('',(#4571),#4567,.T.);
#4567=PLANE('',#4568);
#4568=AXIS2_PLACEMENT_3D('',#392,#4569,#4570);
#4569=DIRECTION('',(-4.2459620815109495E-08,3.484525375992162E-08,-0.9999999999999986));
#4570=DIRECTION('',(-0.9999999999999847,1.698385069326991E-07,4.2459626733174776E-08));
#4571=FACE_BOUND('',#4572,.T.);
#4572=EDGE_LOOP('',(#4573,#4574,#4575));
#4573=ORIENTED_EDGE('',*,*,#4576,.T.);
#4574=ORIENTED_EDGE('',*,*,#4577,.T.);
#4575=ORIENTED_EDGE('',*,*,#4578,.T.);
#4576=EDGE_CURVE('',#393,#391,#4579,.F.);
#4577=EDGE_CURVE('',#391,#395,#4580,.T.);
#4578=EDGE_CURVE('',#395,#393,#4581,.T.);
#4579=LINE('',#392,#4582);
#4580=LINE('',#390,#4583);
#4581=LINE('',#394,#4584);
#4582=VECTOR('',#4585,1.0);
#4583=VECTOR('',#4586,1.0);
#4584=VECTOR('',#4587,1.0);
#4585=DIRECTION('',(-0.9999999999999847,1.698385069326991E-07,4.2459626733174776E-08));
#4586=DIRECTION('',(0.6343883178584885,0.7730145290773501,0));
#4587=DIRECTION('',(0.9999961636295623,-0.002769968619980007,-4.255597818374569E-08));
#4588=FACE_SURFACE('',(#4593),#4589,.T.);
#4589=PLANE('',#4590);
#4590=AXIS2_PLACEMENT_3D('',#396,#4591,#4592);
#4591=DIRECTION('',(-4.265309826350705E-08,-3.500272384922162E-08,-0.9999999999999986));
#4592=DIRECTION('',(0.6343741235185938,-0.7730261777003519,0));
#4593=FACE_BOUND('',#4594,.T.);
#4594=EDGE_LOOP('',(#4595,#4596,#4597));
#4595=ORIENTED_EDGE('',*,*,#4598,.T.);
#4596=ORIENTED_EDGE('',*,*,#4599,.T.);
#4597=ORIENTED_EDGE('',*,*,#4600,.T.);
#4598=EDGE_CURVE('',#397,#393,#4601,.F.);
#4599=EDGE_CURVE('',#393,#395,#4602,.T.);
#4600=EDGE_CURVE('',#395,#397,#4603,.T.);
#4601=LINE('',#396,#4604);
#4602=LINE('',#392,#4605);
#4603=LINE('',#394,#4606);
#4604=VECTOR('',#4607,1.0);
#4605=VECTOR('',#4608,1.0);
#4606=VECTOR('',#4609,1.0);
#4607=DIRECTION('',(0.6343741235185938,-0.7730261777003519,0));
#4608=DIRECTION('',(-0.9999961636295623,0.002769968619980007,4.255597818374569E-08));
#4609=DIRECTION('',(0.9999999999999846,-1.7061236916643523E-07,-4.265309229160881E-08));
#4610=FACE_SURFACE('',(#4615),#4611,.T.);
#4611=PLANE('',#4612);
#4612=AXIS2_PLACEMENT_3D('',#396,#4613,#4614);
#4613=DIRECTION('',(-4.265308840195924E-08,2.2798172251047217E-08,-0.9999999999999989));
#4614=DIRECTION('',(-0.9999999999999846,1.7061236916643523E-07,4.265309229160881E-08));
#4615=FACE_BOUND('',#4616,.T.);
#4616=EDGE_LOOP('',(#4617,#4618,#4619));
#4617=ORIENTED_EDGE('',*,*,#4620,.T.);
#4618=ORIENTED_EDGE('',*,*,#4621,.T.);
#4619=ORIENTED_EDGE('',*,*,#4622,.T.);
#4620=EDGE_CURVE('',#397,#395,#4623,.F.);
#4621=EDGE_CURVE('',#395,#399,#4624,.T.);
#4622=EDGE_CURVE('',#399,#397,#4625,.T.);
#4623=LINE('',#396,#4626);
#4624=LINE('',#394,#4627);
#4625=LINE('',#398,#4628);
#4626=VECTOR('',#4629,1.0);
#4627=VECTOR('',#4630,1.0);
#4628=VECTOR('',#4631,1.0);
#4629=DIRECTION('',(-0.9999999999999846,1.7061236916643523E-07,4.265309229160881E-08));
#4630=DIRECTION('',(0.4713906500522448,0.8819245177697025,0));
#4631=DIRECTION('',(0.9999949667402729,-0.00317277388395462,-4.272520716340722E-08));
#4632=FACE_SURFACE('',(#4637),#4633,.T.);
#4633=PLANE('',#4634);
#4634=AXIS2_PLACEMENT_3D('',#400,#4635,#4636);
#4635=DIRECTION('',(-4.279800543796255E-08,-2.2876783449736177E-08,-0.9999999999999989));
#4636=DIRECTION('',(0.471409125092743,-0.8819146425699568,0));
#4637=FACE_BOUND('',#4638,.T.);
#4638=EDGE_LOOP('',(#4639,#4640,#4641));
#4639=ORIENTED_EDGE('',*,*,#4642,.T.);
#4640=ORIENTED_EDGE('',*,*,#4643,.T.);
#4641=ORIENTED_EDGE('',*,*,#4644,.T.);
#4642=EDGE_CURVE('',#401,#397,#4645,.F.);
#4643=EDGE_CURVE('',#397,#399,#4646,.T.);
#4644=EDGE_CURVE('',#399,#401,#4647,.T.);
#4645=LINE('',#400,#4648);
#4646=LINE('',#396,#4649);
#4647=LINE('',#398,#4650);
#4648=VECTOR('',#4651,1.0);
#4649=VECTOR('',#4652,1.0);
#4650=VECTOR('',#4653,1.0);
#4651=DIRECTION('',(0.471409125092743,-0.8819146425699568,0));
#4652=DIRECTION('',(-0.9999949667402729,0.00317277388395462,4.272520716340722E-08));
#4653=DIRECTION('',(0.9999999999999843,-1.711920060865579E-07,-4.279800152163948E-08));
#4654=FACE_SURFACE('',(#4659),#4655,.T.);
#4655=PLANE('',#4656);
#4656=AXIS2_PLACEMENT_3D('',#402,#4657,#4658);
#4657=DIRECTION('',(-4.2918100550148633E-08,4.226557578583509E-09,-0.9999999999999991));
#4658=DIRECTION('',(0.09800551131851819,0.9951858719612109,0));
#4659=FACE_BOUND('',#4660,.T.);
#4660=EDGE_LOOP('',(#4661,#4662,#4663));
#4661=ORIENTED_EDGE('',*,*,#4664,.T.);
#4662=ORIENTED_EDGE('',*,*,#4665,.T.);
#4663=ORIENTED_EDGE('',*,*,#4666,.T.);
#4664=EDGE_CURVE('',#403,#405,#4667,.F.);
#4665=EDGE_CURVE('',#405,#407,#4668,.T.);
#4666=EDGE_CURVE('',#407,#403,#4669,.T.);
#4667=LINE('',#402,#4670);
#4668=LINE('',#404,#4671);
#4669=LINE('',#406,#4672);
#4670=VECTOR('',#4673,1.0);
#4671=VECTOR('',#4674,1.0);
#4672=VECTOR('',#4675,1.0);
#4673=DIRECTION('',(0.09800551131851819,0.9951858719612109,0));
#4674=DIRECTION('',(0.9999999999999843,-1.7167240510292521E-07,-4.2918101275731303E-08));
#4675=DIRECTION('',(-0.9999935386448712,-0.00359481133116624,4.290262956398424E-08));
#4676=FACE_SURFACE('',(#4681),#4677,.T.);
#4677=PLANE('',#4678);
#4678=AXIS2_PLACEMENT_3D('',#400,#4679,#4680);
#4679=DIRECTION('',(-4.279799929897456E-08,1.2983465740712426E-08,-0.9999999999999991));
#4680=DIRECTION('',(-0.9999999999999843,1.711920060865579E-07,4.279800152163948E-08));
#4681=FACE_BOUND('',#4682,.T.);
#4682=EDGE_LOOP('',(#4683,#4684,#4685));
#4683=ORIENTED_EDGE('',*,*,#4686,.T.);
#4684=ORIENTED_EDGE('',*,*,#4687,.T.);
#4685=ORIENTED_EDGE('',*,*,#4688,.T.);
#4686=EDGE_CURVE('',#401,#399,#4689,.F.);
#4687=EDGE_CURVE('',#399,#403,#4690,.T.);
#4688=EDGE_CURVE('',#403,#401,#4691,.T.);
#4689=LINE('',#400,#4692);
#4690=LINE('',#398,#4693);
#4691=LINE('',#402,#4694);
#4692=VECTOR('',#4695,1.0);
#4693=VECTOR('',#4696,1.0);
#4694=VECTOR('',#4697,1.0);
#4695=DIRECTION('',(-0.9999999999999843,1.711920060865579E-07,4.279800152163948E-08));
#4696=DIRECTION('',(0.2903017655953367,0.9569351518740599,0));
#4697=DIRECTION('',(0.9999940424338605,-0.003451825138197907,-4.284256098048786E-08));
#4698=FACE_SURFACE('',(#4703),#4699,.T.);
#4699=PLANE('',#4700);
#4700=AXIS2_PLACEMENT_3D('',#402,#4701,#4702);
#4701=DIRECTION('',(-4.288772375358256E-08,-4.223566083664263E-09,-0.9999999999999991));
#4702=DIRECTION('',(0.9999935386448712,0.00359481133116624,-4.290262956398424E-08));
#4703=FACE_BOUND('',#4704,.T.);
#4704=EDGE_LOOP('',(#4705,#4706,#4707));
#4705=ORIENTED_EDGE('',*,*,#4708,.T.);
#4706=ORIENTED_EDGE('',*,*,#4709,.T.);
#4707=ORIENTED_EDGE('',*,*,#4710,.T.);
#4708=EDGE_CURVE('',#403,#407,#4711,.F.);
#4709=EDGE_CURVE('',#407,#409,#4712,.T.);
#4710=EDGE_CURVE('',#409,#403,#4713,.T.);
#4711=LINE('',#402,#4714);
#4712=LINE('',#406,#4715);
#4713=LINE('',#408,#4716);
#4714=VECTOR('',#4717,1.0);
#4715=VECTOR('',#4718,1.0);
#4716=VECTOR('',#4719,1.0);
#4717=DIRECTION('',(0.9999935386448712,0.00359481133116624,-4.290262956398424E-08));
#4718=DIRECTION('',(0.09800551131851819,-0.9951858719612109,0));
#4719=DIRECTION('',(-0.9999999999999843,1.715508921161016E-07,4.28877230290254E-08));
#4720=FACE_SURFACE('',(#4725),#4721,.T.);
#4721=PLANE('',#4722);
#4722=AXIS2_PLACEMENT_3D('',#402,#4723,#4724);
#4723=DIRECTION('',(-4.2887725260929414E-08,-1.3010153233089826E-08,-0.999999999999999));
#4724=DIRECTION('',(0.9999999999999843,-1.715508921161016E-07,-4.28877230290254E-08));
#4725=FACE_BOUND('',#4726,.T.);
#4726=EDGE_LOOP('',(#4727,#4728,#4729));
#4727=ORIENTED_EDGE('',*,*,#4730,.T.);
#4728=ORIENTED_EDGE('',*,*,#4731,.T.);
#4729=ORIENTED_EDGE('',*,*,#4732,.T.);
#4730=EDGE_CURVE('',#403,#409,#4733,.F.);
#4731=EDGE_CURVE('',#409,#401,#4734,.T.);
#4732=EDGE_CURVE('',#401,#403,#4735,.T.);
#4733=LINE('',#402,#4736);
#4734=LINE('',#408,#4737);
#4735=LINE('',#400,#4738);
#4736=VECTOR('',#4739,1.0);
#4737=VECTOR('',#4740,1.0);
#4738=VECTOR('',#4741,1.0);
#4739=DIRECTION('',(0.9999999999999843,-1.715508921161016E-07,-4.28877230290254E-08));
#4740=DIRECTION('',(0.29029088887483345,-0.9569384514357541,0));
#4741=DIRECTION('',(-0.9999940424338605,0.003451825138197907,4.284256098048786E-08));
#4742=FACE_SURFACE('',(#4747),#4743,.T.);
#4743=PLANE('',#4744);
#4744=AXIS2_PLACEMENT_3D('',#410,#4745,#4746);
#4745=DIRECTION('',(0,-0,-1));
#4746=DIRECTION('',(0.6343812207687514,-0.7730203533775477,0));
#4747=FACE_BOUND('',#4748,.T.);
#4748=EDGE_LOOP('',(#4749,#4750,#4751));
#4749=ORIENTED_EDGE('',*,*,#4752,.T.);
#4750=ORIENTED_EDGE('',*,*,#4753,.T.);
#4751=ORIENTED_EDGE('',*,*,#4754,.T.);
#4752=EDGE_CURVE('',#411,#363,#4755,.F.);
#4753=EDGE_CURVE('',#363,#361,#4756,.T.);
#4754=EDGE_CURVE('',#361,#411,#4757,.T.);
#4755=LINE('',#410,#4758);
#4756=LINE('',#362,#4759);
#4757=LINE('',#360,#4760);
#4758=VECTOR('',#4761,1.0);
#4759=VECTOR('',#4762,1.0);
#4760=VECTOR('',#4763,1.0);
#4761=DIRECTION('',(0.6343812207687514,-0.7730203533775477,0));
#4762=DIRECTION('',(-0.7071142711726882,-0.7070992911210688,0));
#4763=DIRECTION('',(0.6659255146773373,0.7460182363064078,0));
#4764=FACE_SURFACE('',(#4769),#4765,.T.);
#4765=PLANE('',#4766);
#4766=AXIS2_PLACEMENT_3D('',#302,#4767,#4768);
#4767=DIRECTION('',(0,0,-1));
#4768=DIRECTION('',(0.7071067811865476,-0.7071067811865476,0));
#4769=FACE_BOUND('',#4770,.T.);
#4770=EDGE_LOOP('',(#4771,#4772,#4773));
#4771=ORIENTED_EDGE('',*,*,#4774,.T.);
#4772=ORIENTED_EDGE('',*,*,#4775,.T.);
#4773=ORIENTED_EDGE('',*,*,#4776,.T.);
#4774=EDGE_CURVE('',#303,#301,#4777,.F.);
#4775=EDGE_CURVE('',#301,#413,#4778,.T.);
#4776=EDGE_CURVE('',#413,#303,#4779,.T.);
#4777=LINE('',#302,#4780);
#4778=LINE('',#300,#4781);
#4779=LINE('',#412,#4782);
#4780=VECTOR('',#4783,1.0);
#4781=VECTOR('',#4784,1.0);
#4782=VECTOR('',#4785,1.0);
#4783=DIRECTION('',(0.7071067811865476,-0.7071067811865476,0));
#4784=DIRECTION('',(-0.6343857723286809,-0.7730166181052922,0));
#4785=DIRECTION('',(-0.6659190125333234,0.7460240403275511,0));
#4786=FACE_SURFACE('',(#4791),#4787,.T.);
#4787=PLANE('',#4788);
#4788=AXIS2_PLACEMENT_3D('',#302,#4789,#4790);
#4789=DIRECTION('',(0,0,-1));
#4790=DIRECTION('',(0.6659190125333234,-0.7460240403275511,0));
#4791=FACE_BOUND('',#4792,.T.);
#4792=EDGE_LOOP('',(#4793,#4794,#4795));
#4793=ORIENTED_EDGE('',*,*,#4796,.T.);
#4794=ORIENTED_EDGE('',*,*,#4797,.T.);
#4795=ORIENTED_EDGE('',*,*,#4798,.T.);
#4796=EDGE_CURVE('',#303,#413,#4799,.F.);
#4797=EDGE_CURVE('',#413,#415,#4800,.T.);
#4798=EDGE_CURVE('',#415,#303,#4801,.T.);
#4799=LINE('',#302,#4802);
#4800=LINE('',#412,#4803);
#4801=LINE('',#414,#4804);
#4802=VECTOR('',#4805,1.0);
#4803=VECTOR('',#4806,1.0);
#4804=VECTOR('',#4807,1.0);
#4805=DIRECTION('',(0.6659190125333234,-0.7460240403275511,0));
#4806=DIRECTION('',(-0.471399887650071,-0.8819195801905639,0));
#4807=DIRECTION('',(-0.62595412450365,0.7798598810150892,0));
#4808=FACE_SURFACE('',(#4813),#4809,.T.);
#4809=PLANE('',#4810);
#4810=AXIS2_PLACEMENT_3D('',#416,#4811,#4812);
#4811=DIRECTION('',(0,-0,-1));
#4812=DIRECTION('',(0.471399887650071,-0.8819195801905639,0));
#4813=FACE_BOUND('',#4814,.T.);
#4814=EDGE_LOOP('',(#4815,#4816,#4817));
#4815=ORIENTED_EDGE('',*,*,#4818,.T.);
#4816=ORIENTED_EDGE('',*,*,#4819,.T.);
#4817=ORIENTED_EDGE('',*,*,#4820,.T.);
#4818=EDGE_CURVE('',#417,#411,#4821,.F.);
#4819=EDGE_CURVE('',#411,#361,#4822,.T.);
#4820=EDGE_CURVE('',#361,#417,#4823,.T.);
#4821=LINE('',#416,#4824);
#4822=LINE('',#410,#4825);
#4823=LINE('',#360,#4826);
#4824=VECTOR('',#4827,1.0);
#4825=VECTOR('',#4828,1.0);
#4826=VECTOR('',#4829,1.0);
#4827=DIRECTION('',(0.471399887650071,-0.8819195801905639,0));
#4828=DIRECTION('',(-0.6659255146773373,-0.7460182363064078,0));
#4829=DIRECTION('',(0.6259605041105188,0.7798547603840763,0));
#4830=FACE_SURFACE('',(#4835),#4831,.T.);
#4831=PLANE('',#4832);
#4832=AXIS2_PLACEMENT_3D('',#418,#4833,#4834);
#4833=DIRECTION('',(0,-0,-1));
#4834=DIRECTION('',(0.2903017655953367,-0.9569351518740599,0));
#4835=FACE_BOUND('',#4836,.T.);
#4836=EDGE_LOOP('',(#4837,#4838,#4839));
#4837=ORIENTED_EDGE('',*,*,#4840,.T.);
#4838=ORIENTED_EDGE('',*,*,#4841,.T.);
#4839=ORIENTED_EDGE('',*,*,#4842,.T.);
#4840=EDGE_CURVE('',#419,#417,#4843,.F.);
#4841=EDGE_CURVE('',#417,#361,#4844,.T.);
#4842=EDGE_CURVE('',#361,#419,#4845,.T.);
#4843=LINE('',#418,#4846);
#4844=LINE('',#416,#4847);
#4845=LINE('',#360,#4848);
#4846=VECTOR('',#4849,1.0);
#4847=VECTOR('',#4850,1.0);
#4848=VECTOR('',#4851,1.0);
#4849=DIRECTION('',(0.2903017655953367,-0.9569351518740599,0));
#4850=DIRECTION('',(-0.6259605041105188,-0.7798547603840763,0));
#4851=DIRECTION('',(0.5905851416934563,0.8069753344501429,0));
#4852=FACE_SURFACE('',(#4857),#4853,.T.);
#4853=PLANE('',#4854);
#4854=AXIS2_PLACEMENT_3D('',#302,#4855,#4856);
#4855=DIRECTION('',(0,0,-1));
#4856=DIRECTION('',(0.62595412450365,-0.7798598810150892,0));
#4857=FACE_BOUND('',#4858,.T.);
#4858=EDGE_LOOP('',(#4859,#4860,#4861));
#4859=ORIENTED_EDGE('',*,*,#4862,.T.);
#4860=ORIENTED_EDGE('',*,*,#4863,.T.);
#4861=ORIENTED_EDGE('',*,*,#4864,.T.);
#4862=EDGE_CURVE('',#303,#415,#4865,.F.);
#4863=EDGE_CURVE('',#415,#421,#4866,.T.);
#4864=EDGE_CURVE('',#421,#303,#4867,.T.);
#4865=LINE('',#302,#4868);
#4866=LINE('',#414,#4869);
#4867=LINE('',#420,#4870);
#4868=VECTOR('',#4871,1.0);
#4869=VECTOR('',#4872,1.0);
#4870=VECTOR('',#4873,1.0);
#4871=DIRECTION('',(0.62595412450365,-0.7798598810150892,0));
#4872=DIRECTION('',(-0.2902885677192421,-0.9569391555639841,0));
#4873=DIRECTION('',(-0.590577776308879,0.8069807247574502,0));
#4874=FACE_SURFACE('',(#4879),#4875,.T.);
#4875=PLANE('',#4876);
#4876=AXIS2_PLACEMENT_3D('',#302,#4877,#4878);
#4877=DIRECTION('',(0,0,-1));
#4878=DIRECTION('',(0.590577776308879,-0.8069807247574502,0));
#4879=FACE_BOUND('',#4880,.T.);
#4880=EDGE_LOOP('',(#4881,#4882,#4883));
#4881=ORIENTED_EDGE('',*,*,#4884,.T.);
#4882=ORIENTED_EDGE('',*,*,#4885,.T.);
#4883=ORIENTED_EDGE('',*,*,#4886,.T.);
#4884=EDGE_CURVE('',#303,#421,#4887,.F.);
#4885=EDGE_CURVE('',#421,#423,#4888,.T.);
#4886=EDGE_CURVE('',#423,#303,#4889,.T.);
#4887=LINE('',#302,#4890);
#4888=LINE('',#420,#4891);
#4889=LINE('',#422,#4892);
#4890=VECTOR('',#4893,1.0);
#4891=VECTOR('',#4894,1.0);
#4892=VECTOR('',#4895,1.0);
#4893=DIRECTION('',(0.590577776308879,-0.8069807247574502,0));
#4894=DIRECTION('',(-0.09801014500243065,-0.9951854156269587,0));
#4895=DIRECTION('',(-0.5623104258542927,0.8269262270454143,0));
#4896=FACE_SURFACE('',(#4901),#4897,.T.);
#4897=PLANE('',#4898);
#4898=AXIS2_PLACEMENT_3D('',#424,#4899,#4900);
#4899=DIRECTION('',(0,-0,-1));
#4900=DIRECTION('',(0.09800551131851819,-0.9951858719612109,0));
#4901=FACE_BOUND('',#4902,.T.);
#4902=EDGE_LOOP('',(#4903,#4904,#4905));
#4903=ORIENTED_EDGE('',*,*,#4906,.T.);
#4904=ORIENTED_EDGE('',*,*,#4907,.T.);
#4905=ORIENTED_EDGE('',*,*,#4908,.T.);
#4906=EDGE_CURVE('',#425,#419,#4909,.F.);
#4907=EDGE_CURVE('',#419,#361,#4910,.T.);
#4908=EDGE_CURVE('',#361,#425,#4911,.T.);
#4909=LINE('',#424,#4912);
#4910=LINE('',#418,#4913);
#4911=LINE('',#360,#4914);
#4912=VECTOR('',#4915,1.0);
#4913=VECTOR('',#4916,1.0);
#4914=VECTOR('',#4917,1.0);
#4915=DIRECTION('',(0.09800551131851819,-0.9951858719612109,0));
#4916=DIRECTION('',(-0.5905851416934563,-0.8069753344501429,0));
#4917=DIRECTION('',(0.5623162735134644,0.8269222506027583,0));
#4918=FACE_SURFACE('',(#4923),#4919,.T.);
#4919=PLANE('',#4920);
#4920=AXIS2_PLACEMENT_3D('',#426,#4921,#4922);
#4921=DIRECTION('',(0,0,-1));
#4922=DIRECTION('',(-0.09800782810597135,-0.9951856438021754,0));
#4923=FACE_BOUND('',#4924,.T.);
#4924=EDGE_LOOP('',(#4925,#4926,#4927));
#4925=ORIENTED_EDGE('',*,*,#4928,.T.);
#4926=ORIENTED_EDGE('',*,*,#4929,.T.);
#4927=ORIENTED_EDGE('',*,*,#4930,.T.);
#4928=EDGE_CURVE('',#427,#425,#4931,.F.);
#4929=EDGE_CURVE('',#425,#361,#4932,.T.);
#4930=EDGE_CURVE('',#361,#427,#4933,.T.);
#4931=LINE('',#426,#4934);
#4932=LINE('',#424,#4935);
#4933=LINE('',#360,#4936);
#4934=VECTOR('',#4937,1.0);
#4935=VECTOR('',#4938,1.0);
#4936=VECTOR('',#4939,1.0);
#4937=DIRECTION('',(-0.09800782810597135,-0.9951856438021754,0));
#4938=DIRECTION('',(-0.5623162735134644,-0.8269222506027583,0));
#4939=DIRECTION('',(0.5425289130565547,0.8400371292375552,0));
#4940=FACE_SURFACE('',(#4945),#4941,.T.);
#4941=PLANE('',#4942);
#4942=AXIS2_PLACEMENT_3D('',#360,#4943,#4944);
#4943=DIRECTION('',(0,0,-1));
#4944=DIRECTION('',(8.76538884535896E-08,0.9999999999999961,0));
#4945=FACE_BOUND('',#4946,.T.);
#4946=EDGE_LOOP('',(#4947,#4948,#4949));
#4947=ORIENTED_EDGE('',*,*,#4950,.T.);
#4948=ORIENTED_EDGE('',*,*,#4951,.T.);
#4949=ORIENTED_EDGE('',*,*,#4952,.T.);
#4950=EDGE_CURVE('',#361,#303,#4953,.F.);
#4951=EDGE_CURVE('',#303,#423,#4954,.T.);
#4952=EDGE_CURVE('',#423,#361,#4955,.T.);
#4953=LINE('',#360,#4956);
#4954=LINE('',#302,#4957);
#4955=LINE('',#422,#4958);
#4956=VECTOR('',#4959,1.0);
#4957=VECTOR('',#4960,1.0);
#4958=VECTOR('',#4961,1.0);
#4959=DIRECTION('',(8.76538884535896E-08,0.9999999999999961,0));
#4960=DIRECTION('',(0.5623104258542927,-0.8269262270454143,0));
#4961=DIRECTION('',(-0.020601810303489246,-0.9997877601832396,0));
#4962=FACE_SURFACE('',(#4967),#4963,.T.);
#4963=PLANE('',#4964);
#4964=AXIS2_PLACEMENT_3D('',#360,#4965,#4966);
#4965=DIRECTION('',(0,0,-1));
#4966=DIRECTION('',(0.020601810303489246,0.9997877601832396,0));
#4967=FACE_BOUND('',#4968,.T.);
#4968=EDGE_LOOP('',(#4969,#4970,#4971));
#4969=ORIENTED_EDGE('',*,*,#4972,.T.);
#4970=ORIENTED_EDGE('',*,*,#4973,.T.);
#4971=ORIENTED_EDGE('',*,*,#4974,.T.);
#4972=EDGE_CURVE('',#361,#423,#4975,.F.);
#4973=EDGE_CURVE('',#423,#429,#4976,.T.);
#4974=EDGE_CURVE('',#429,#361,#4977,.T.);
#4975=LINE('',#360,#4978);
#4976=LINE('',#422,#4979);
#4977=LINE('',#428,#4980);
#4978=VECTOR('',#4981,1.0);
#4979=VECTOR('',#4982,1.0);
#4980=VECTOR('',#4983,1.0);
#4981=DIRECTION('',(0.020601810303489246,0.9997877601832396,0));
#4982=DIRECTION('',(0.09800782810597135,-0.9951856438021754,0));
#4983=DIRECTION('',(-0.020827384819993095,-0.9997830864950457,0));
#4984=FACE_SURFACE('',(#4989),#4985,.T.);
#4985=PLANE('',#4986);
#4986=AXIS2_PLACEMENT_3D('',#430,#4987,#4988);
#4987=DIRECTION('',(0,0,-1));
#4988=DIRECTION('',(-0.2902951665141858,-0.9569371537872804,0));
#4989=FACE_BOUND('',#4990,.T.);
#4990=EDGE_LOOP('',(#4991,#4992,#4993));
#4991=ORIENTED_EDGE('',*,*,#4994,.T.);
#4992=ORIENTED_EDGE('',*,*,#4995,.T.);
#4993=ORIENTED_EDGE('',*,*,#4996,.T.);
#4994=EDGE_CURVE('',#431,#427,#4997,.F.);
#4995=EDGE_CURVE('',#427,#361,#4998,.T.);
#4996=EDGE_CURVE('',#361,#431,#4999,.T.);
#4997=LINE('',#430,#5000);
#4998=LINE('',#426,#5001);
#4999=LINE('',#360,#5002);
#5000=VECTOR('',#5003,1.0);
#5001=VECTOR('',#5004,1.0);
#5002=VECTOR('',#5005,1.0);
#5003=DIRECTION('',(-0.2902951665141858,-0.9569371537872804,0));
#5004=DIRECTION('',(-0.5425289130565547,-0.8400371292375552,0));
#5005=DIRECTION('',(0.5315351619214043,0.8470362280570923,0));
#5006=FACE_SURFACE('',(#5011),#5007,.T.);
#5007=PLANE('',#5008);
#5008=AXIS2_PLACEMENT_3D('',#432,#5009,#5010);
#5009=DIRECTION('',(0,0,-1));
#5010=DIRECTION('',(-0.471399887650071,-0.8819195801905639,0));
#5011=FACE_BOUND('',#5012,.T.);
#5012=EDGE_LOOP('',(#5013,#5014,#5015));
#5013=ORIENTED_EDGE('',*,*,#5016,.T.);
#5014=ORIENTED_EDGE('',*,*,#5017,.T.);
#5015=ORIENTED_EDGE('',*,*,#5018,.T.);
#5016=EDGE_CURVE('',#433,#431,#5019,.F.);
#5017=EDGE_CURVE('',#431,#361,#5020,.T.);
#5018=EDGE_CURVE('',#361,#433,#5021,.T.);
#5019=LINE('',#432,#5022);
#5020=LINE('',#430,#5023);
#5021=LINE('',#360,#5024);
#5022=VECTOR('',#5025,1.0);
#5023=VECTOR('',#5026,1.0);
#5024=VECTOR('',#5027,1.0);
#5025=DIRECTION('',(-0.471399887650071,-0.8819195801905639,0));
#5026=DIRECTION('',(-0.5315351619214043,-0.8470362280570923,0));
#5027=DIRECTION('',(0.5288721891088521,0.848701483200784,0));
#5028=FACE_SURFACE('',(#5033),#5029,.T.);
#5029=PLANE('',#5030);
#5030=AXIS2_PLACEMENT_3D('',#360,#5031,#5032);
#5031=DIRECTION('',(0,0,-1));
#5032=DIRECTION('',(0.020827384819993095,0.9997830864950457,0));
#5033=FACE_BOUND('',#5034,.T.);
#5034=EDGE_LOOP('',(#5035,#5036,#5037));
#5035=ORIENTED_EDGE('',*,*,#5038,.T.);
#5036=ORIENTED_EDGE('',*,*,#5039,.T.);
#5037=ORIENTED_EDGE('',*,*,#5040,.T.);
#5038=EDGE_CURVE('',#361,#429,#5041,.F.);
#5039=EDGE_CURVE('',#429,#435,#5042,.T.);
#5040=EDGE_CURVE('',#435,#361,#5043,.T.);
#5041=LINE('',#360,#5044);
#5042=LINE('',#428,#5045);
#5043=LINE('',#434,#5046);
#5044=VECTOR('',#5047,1.0);
#5045=VECTOR('',#5048,1.0);
#5046=VECTOR('',#5049,1.0);
#5047=DIRECTION('',(0.020827384819993095,0.9997830864950457,0));
#5048=DIRECTION('',(0.2902951665141858,-0.9569371537872804,0));
#5049=DIRECTION('',(-0.021418896016588772,-0.9997705891320421,0));
#5050=FACE_SURFACE('',(#5055),#5051,.T.);
#5051=PLANE('',#5052);
#5052=AXIS2_PLACEMENT_3D('',#360,#5053,#5054);
#5053=DIRECTION('',(0,0,-1));
#5054=DIRECTION('',(0.021418896016588772,0.9997705891320421,0));
#5055=FACE_BOUND('',#5056,.T.);
#5056=EDGE_LOOP('',(#5057,#5058,#5059));
#5057=ORIENTED_EDGE('',*,*,#5060,.T.);
#5058=ORIENTED_EDGE('',*,*,#5061,.T.);
#5059=ORIENTED_EDGE('',*,*,#5062,.T.);
#5060=EDGE_CURVE('',#361,#435,#5063,.F.);
#5061=EDGE_CURVE('',#435,#437,#5064,.T.);
#5062=EDGE_CURVE('',#437,#361,#5065,.T.);
#5063=LINE('',#360,#5066);
#5064=LINE('',#434,#5067);
#5065=LINE('',#436,#5068);
#5066=VECTOR('',#5069,1.0);
#5067=VECTOR('',#5070,1.0);
#5068=VECTOR('',#5071,1.0);
#5069=DIRECTION('',(0.021418896016588772,0.9997705891320421,0));
#5070=DIRECTION('',(0.471399887650071,-0.8819195801905639,0));
#5071=DIRECTION('',(-0.022355312664325444,-0.9997500887700288,0));
#5072=FACE_SURFACE('',(#5077),#5073,.T.);
#5073=PLANE('',#5074);
#5074=AXIS2_PLACEMENT_3D('',#432,#5075,#5076);
#5075=DIRECTION('',(-0,0,-1));
#5076=DIRECTION('',(-0.5288721891088521,-0.848701483200784,0));
#5077=FACE_BOUND('',#5078,.T.);
#5078=EDGE_LOOP('',(#5079,#5080,#5081));
#5079=ORIENTED_EDGE('',*,*,#5082,.T.);
#5080=ORIENTED_EDGE('',*,*,#5083,.T.);
#5081=ORIENTED_EDGE('',*,*,#5084,.T.);
#5082=EDGE_CURVE('',#433,#361,#5085,.F.);
#5083=EDGE_CURVE('',#361,#437,#5086,.T.);
#5084=EDGE_CURVE('',#437,#433,#5087,.T.);
#5085=LINE('',#432,#5088);
#5086=LINE('',#360,#5089);
#5087=LINE('',#436,#5090);
#5088=VECTOR('',#5091,1.0);
#5089=VECTOR('',#5092,1.0);
#5090=VECTOR('',#5093,1.0);
#5091=DIRECTION('',(-0.5288721891088521,-0.848701483200784,0));
#5092=DIRECTION('',(0.022355312664325444,0.9997500887700288,0));
#5093=DIRECTION('',(-2.354467092743588E-08,-0.9999999999999997,0));
#5094=FACE_SURFACE('',(#5099),#5095,.T.);
#5095=PLANE('',#5096);
#5096=AXIS2_PLACEMENT_3D('',#432,#5097,#5098);
#5097=DIRECTION('',(0,0,-1));
#5098=DIRECTION('',(2.354467092743588E-08,0.9999999999999997,0));
#5099=FACE_BOUND('',#5100,.T.);
#5100=EDGE_LOOP('',(#5101,#5102,#5103));
#5101=ORIENTED_EDGE('',*,*,#5104,.T.);
#5102=ORIENTED_EDGE('',*,*,#5105,.T.);
#5103=ORIENTED_EDGE('',*,*,#5106,.T.);
#5104=EDGE_CURVE('',#433,#437,#5107,.F.);
#5105=EDGE_CURVE('',#437,#439,#5108,.T.);
#5106=EDGE_CURVE('',#439,#433,#5109,.T.);
#5107=LINE('',#432,#5110);
#5108=LINE('',#436,#5111);
#5109=LINE('',#438,#5112);
#5110=VECTOR('',#5113,1.0);
#5111=VECTOR('',#5114,1.0);
#5112=VECTOR('',#5115,1.0);
#5113=DIRECTION('',(2.354467092743588E-08,0.9999999999999997,0));
#5114=DIRECTION('',(0.6343741235185938,-0.7730261777003519,0));
#5115=DIRECTION('',(-0.001259520635988486,-0.9999992068035691,0));
#5116=FACE_SURFACE('',(#5121),#5117,.T.);
#5117=PLANE('',#5118);
#5118=AXIS2_PLACEMENT_3D('',#440,#5119,#5120);
#5119=DIRECTION('',(-0,0,-1));
#5120=DIRECTION('',(-0.6343928695336223,-0.773010793640617,0));
#5121=FACE_BOUND('',#5122,.T.);
#5122=EDGE_LOOP('',(#5123,#5124,#5125));
#5123=ORIENTED_EDGE('',*,*,#5126,.T.);
#5124=ORIENTED_EDGE('',*,*,#5127,.T.);
#5125=ORIENTED_EDGE('',*,*,#5128,.T.);
#5126=EDGE_CURVE('',#441,#433,#5129,.F.);
#5127=EDGE_CURVE('',#433,#439,#5130,.T.);
#5128=EDGE_CURVE('',#439,#441,#5131,.T.);
#5129=LINE('',#440,#5132);
#5130=LINE('',#432,#5133);
#5131=LINE('',#438,#5134);
#5132=VECTOR('',#5135,1.0);
#5133=VECTOR('',#5136,1.0);
#5134=VECTOR('',#5137,1.0);
#5135=DIRECTION('',(-0.6343928695336223,-0.773010793640617,0));
#5136=DIRECTION('',(0.001259520635988486,0.9999992068035691,0));
#5137=DIRECTION('',(0,-1,0));
#5138=FACE_SURFACE('',(#5143),#5139,.T.);
#5139=PLANE('',#5140);
#5140=AXIS2_PLACEMENT_3D('',#440,#5141,#5142);
#5141=DIRECTION('',(0,0,-1));
#5142=DIRECTION('',(0,1,0));
#5143=FACE_BOUND('',#5144,.T.);
#5144=EDGE_LOOP('',(#5145,#5146,#5147));
#5145=ORIENTED_EDGE('',*,*,#5148,.T.);
#5146=ORIENTED_EDGE('',*,*,#5149,.T.);
#5147=ORIENTED_EDGE('',*,*,#5150,.T.);
#5148=EDGE_CURVE('',#441,#439,#5151,.F.);
#5149=EDGE_CURVE('',#439,#443,#5152,.T.);
#5150=EDGE_CURVE('',#443,#441,#5153,.T.);
#5151=LINE('',#440,#5154);
#5152=LINE('',#438,#5155);
#5153=LINE('',#442,#5156);
#5154=VECTOR('',#5157,1.0);
#5155=VECTOR('',#5158,1.0);
#5156=VECTOR('',#5159,1.0);
#5157=DIRECTION('',(0,1,0));
#5158=DIRECTION('',(0.7730213979686489,-0.6343799478881689,0));
#5159=DIRECTION('',(-0.0015390554715834536,-0.9999988156534263,0));
#5160=FACE_SURFACE('',(#5165),#5161,.T.);
#5161=PLANE('',#5162);
#5162=AXIS2_PLACEMENT_3D('',#444,#5163,#5164);
#5163=DIRECTION('',(-0,0,-1));
#5164=DIRECTION('',(-0.7730330468239465,-0.6343657529517859,0));
#5165=FACE_BOUND('',#5166,.T.);
#5166=EDGE_LOOP('',(#5167,#5168,#5169));
#5167=ORIENTED_EDGE('',*,*,#5170,.T.);
#5168=ORIENTED_EDGE('',*,*,#5171,.T.);
#5169=ORIENTED_EDGE('',*,*,#5172,.T.);
#5170=EDGE_CURVE('',#445,#441,#5173,.F.);
#5171=EDGE_CURVE('',#441,#443,#5174,.T.);
#5172=EDGE_CURVE('',#443,#445,#5175,.T.);
#5173=LINE('',#444,#5176);
#5174=LINE('',#440,#5177);
#5175=LINE('',#442,#5178);
#5176=VECTOR('',#5179,1.0);
#5177=VECTOR('',#5180,1.0);
#5178=VECTOR('',#5181,1.0);
#5179=DIRECTION('',(-0.7730330468239465,-0.6343657529517859,0));
#5180=DIRECTION('',(0.0015390554715834536,0.9999988156534263,0));
#5181=DIRECTION('',(0,-1,0));
#5182=FACE_SURFACE('',(#5187),#5183,.T.);
#5183=PLANE('',#5184);
#5184=AXIS2_PLACEMENT_3D('',#444,#5185,#5186);
#5185=DIRECTION('',(0,0,-1));
#5186=DIRECTION('',(0,1,0));
#5187=FACE_BOUND('',#5188,.T.);
#5188=EDGE_LOOP('',(#5189,#5190,#5191));
#5189=ORIENTED_EDGE('',*,*,#5192,.T.);
#5190=ORIENTED_EDGE('',*,*,#5193,.T.);
#5191=ORIENTED_EDGE('',*,*,#5194,.T.);
#5192=EDGE_CURVE('',#445,#443,#5195,.F.);
#5193=EDGE_CURVE('',#443,#447,#5196,.T.);
#5194=EDGE_CURVE('',#447,#445,#5197,.T.);
#5195=LINE('',#444,#5198);
#5196=LINE('',#442,#5199);
#5197=LINE('',#446,#5200);
#5198=VECTOR('',#5201,1.0);
#5199=VECTOR('',#5202,1.0);
#5200=VECTOR('',#5203,1.0);
#5201=DIRECTION('',(0,1,0));
#5202=DIRECTION('',(0.8819192393315626,-0.47140052534637483,0));
#5203=DIRECTION('',(-0.0017597469601667325,-0.9999984516441195,0));
#5204=FACE_SURFACE('',(#5209),#5205,.T.);
#5205=PLANE('',#5206);
#5206=AXIS2_PLACEMENT_3D('',#448,#5207,#5208);
#5207=DIRECTION('',(-0,0,-1));
#5208=DIRECTION('',(-0.8819165999880887,-0.47140546312643583,0));
#5209=FACE_BOUND('',#5210,.T.);
#5210=EDGE_LOOP('',(#5211,#5212,#5213));
#5211=ORIENTED_EDGE('',*,*,#5214,.T.);
#5212=ORIENTED_EDGE('',*,*,#5215,.T.);
#5213=ORIENTED_EDGE('',*,*,#5216,.T.);
#5214=EDGE_CURVE('',#449,#445,#5217,.F.);
#5215=EDGE_CURVE('',#445,#447,#5218,.T.);
#5216=EDGE_CURVE('',#447,#449,#5219,.T.);
#5217=LINE('',#448,#5220);
#5218=LINE('',#444,#5221);
#5219=LINE('',#446,#5222);
#5220=VECTOR('',#5223,1.0);
#5221=VECTOR('',#5224,1.0);
#5222=VECTOR('',#5225,1.0);
#5223=DIRECTION('',(-0.8819165999880887,-0.47140546312643583,0));
#5224=DIRECTION('',(0.0017597469601667325,0.9999984516441195,0));
#5225=DIRECTION('',(-2.3721368426915547E-08,-0.9999999999999997,0));
#5226=FACE_SURFACE('',(#5231),#5227,.T.);
#5227=PLANE('',#5228);
#5228=AXIS2_PLACEMENT_3D('',#448,#5229,#5230);
#5229=DIRECTION('',(0,0,-1));
#5230=DIRECTION('',(2.3721368426915547E-08,0.9999999999999997,0));
#5231=FACE_BOUND('',#5232,.T.);
#5232=EDGE_LOOP('',(#5233,#5234,#5235));
#5233=ORIENTED_EDGE('',*,*,#5236,.T.);
#5234=ORIENTED_EDGE('',*,*,#5237,.T.);
#5235=ORIENTED_EDGE('',*,*,#5238,.T.);
#5236=EDGE_CURVE('',#449,#447,#5239,.F.);
#5237=EDGE_CURVE('',#447,#451,#5240,.T.);
#5238=EDGE_CURVE('',#451,#449,#5241,.T.);
#5239=LINE('',#448,#5242);
#5240=LINE('',#446,#5243);
#5241=LINE('',#450,#5244);
#5242=VECTOR('',#5245,1.0);
#5243=VECTOR('',#5246,1.0);
#5244=VECTOR('',#5247,1.0);
#5245=DIRECTION('',(2.3721368426915547E-08,0.9999999999999997,0));
#5246=DIRECTION('',(0.956935856187629,-0.2902994439237685,0));
#5247=DIRECTION('',(-0.0019123596623881539,-0.999998171438589,0));
#5248=FACE_SURFACE('',(#5253),#5249,.T.);
#5249=PLANE('',#5250);
#5250=AXIS2_PLACEMENT_3D('',#452,#5251,#5252);
#5251=DIRECTION('',(-0,0,-1));
#5252=DIRECTION('',(-0.9569348552447919,-0.2903027433863298,0));
#5253=FACE_BOUND('',#5254,.T.);
#5254=EDGE_LOOP('',(#5255,#5256,#5257));
#5255=ORIENTED_EDGE('',*,*,#5258,.T.);
#5256=ORIENTED_EDGE('',*,*,#5259,.T.);
#5257=ORIENTED_EDGE('',*,*,#5260,.T.);
#5258=EDGE_CURVE('',#453,#449,#5261,.F.);
#5259=EDGE_CURVE('',#449,#451,#5262,.T.);
#5260=EDGE_CURVE('',#451,#453,#5263,.T.);
#5261=LINE('',#452,#5264);
#5262=LINE('',#448,#5265);
#5263=LINE('',#450,#5266);
#5264=VECTOR('',#5267,1.0);
#5265=VECTOR('',#5268,1.0);
#5266=VECTOR('',#5269,1.0);
#5267=DIRECTION('',(-0.9569348552447919,-0.2903027433863298,0));
#5268=DIRECTION('',(0.0019123596623881539,0.999998171438589,0));
#5269=DIRECTION('',(-4.7497815100505326E-08,-0.9999999999999989,0));
#5270=FACE_SURFACE('',(#5275),#5271,.T.);
#5271=PLANE('',#5272);
#5272=AXIS2_PLACEMENT_3D('',#452,#5273,#5274);
#5273=DIRECTION('',(0,0,-1));
#5274=DIRECTION('',(4.7497815100505326E-08,0.9999999999999989,0));
#5275=FACE_BOUND('',#5276,.T.);
#5276=EDGE_LOOP('',(#5277,#5278,#5279));
#5277=ORIENTED_EDGE('',*,*,#5280,.T.);
#5278=ORIENTED_EDGE('',*,*,#5281,.T.);
#5279=ORIENTED_EDGE('',*,*,#5282,.T.);
#5280=EDGE_CURVE('',#453,#451,#5283,.F.);
#5281=EDGE_CURVE('',#451,#455,#5284,.T.);
#5282=EDGE_CURVE('',#455,#453,#5285,.T.);
#5283=LINE('',#452,#5286);
#5284=LINE('',#450,#5287);
#5285=LINE('',#454,#5288);
#5286=VECTOR('',#5289,1.0);
#5287=VECTOR('',#5290,1.0);
#5288=VECTOR('',#5291,1.0);
#5289=DIRECTION('',(4.7497815100505326E-08,0.9999999999999989,0));
#5290=DIRECTION('',(0.9951855297165898,-0.09800898654057474,0));
#5291=DIRECTION('',(-0.001990378334926881,-0.9999980191950801,0));
#5292=FACE_SURFACE('',(#5297),#5293,.T.);
#5293=PLANE('',#5294);
#5294=AXIS2_PLACEMENT_3D('',#456,#5295,#5296);
#5295=DIRECTION('',(-0,0,-1));
#5296=DIRECTION('',(-0.9951833266875516,-0.09803135357169003,0));
#5297=FACE_BOUND('',#5298,.T.);
#5298=EDGE_LOOP('',(#5299,#5300,#5301));
#5299=ORIENTED_EDGE('',*,*,#5302,.T.);
#5300=ORIENTED_EDGE('',*,*,#5303,.T.);
#5301=ORIENTED_EDGE('',*,*,#5304,.T.);
#5302=EDGE_CURVE('',#457,#453,#5305,.F.);
#5303=EDGE_CURVE('',#453,#455,#5306,.T.);
#5304=EDGE_CURVE('',#455,#457,#5307,.T.);
#5305=LINE('',#456,#5308);
#5306=LINE('',#452,#5309);
#5307=LINE('',#454,#5310);
#5308=VECTOR('',#5311,1.0);
#5309=VECTOR('',#5312,1.0);
#5310=VECTOR('',#5313,1.0);
#5311=DIRECTION('',(-0.9951833266875516,-0.09803135357169003,0));
#5312=DIRECTION('',(0.001990378334926881,0.9999980191950801,0));
#5313=DIRECTION('',(-2.375822076015187E-08,-0.9999999999999997,0));
#5314=FACE_SURFACE('',(#5319),#5315,.T.);
#5315=PLANE('',#5316);
#5316=AXIS2_PLACEMENT_3D('',#456,#5317,#5318);
#5317=DIRECTION('',(0,0,-1));
#5318=DIRECTION('',(2.375822076015187E-08,0.9999999999999997,0));
#5319=FACE_BOUND('',#5320,.T.);
#5320=EDGE_LOOP('',(#5321,#5322,#5323));
#5321=ORIENTED_EDGE('',*,*,#5324,.T.);
#5322=ORIENTED_EDGE('',*,*,#5325,.T.);
#5323=ORIENTED_EDGE('',*,*,#5326,.T.);
#5324=EDGE_CURVE('',#457,#455,#5327,.F.);
#5325=EDGE_CURVE('',#455,#459,#5328,.T.);
#5326=EDGE_CURVE('',#459,#457,#5329,.T.);
#5327=LINE('',#456,#5330);
#5328=LINE('',#454,#5331);
#5329=LINE('',#458,#5332);
#5330=VECTOR('',#5333,1.0);
#5331=VECTOR('',#5334,1.0);
#5332=VECTOR('',#5335,1.0);
#5333=DIRECTION('',(2.375822076015187E-08,0.9999999999999997,0));
#5334=DIRECTION('',(0.9951854156269587,0.09801014500243065,0));
#5335=DIRECTION('',(-0.0019903309226383505,-0.9999980192894475,0));
#5336=FACE_SURFACE('',(#5341),#5337,.T.);
#5337=PLANE('',#5338);
#5338=AXIS2_PLACEMENT_3D('',#460,#5339,#5340);
#5339=DIRECTION('',(0,0,-1));
#5340=DIRECTION('',(-0.9951830984033126,0.09803367101349734,0));
#5341=FACE_BOUND('',#5342,.T.);
#5342=EDGE_LOOP('',(#5343,#5344,#5345));
#5343=ORIENTED_EDGE('',*,*,#5346,.T.);
#5344=ORIENTED_EDGE('',*,*,#5347,.T.);
#5345=ORIENTED_EDGE('',*,*,#5348,.T.);
#5346=EDGE_CURVE('',#461,#457,#5349,.F.);
#5347=EDGE_CURVE('',#457,#459,#5350,.T.);
#5348=EDGE_CURVE('',#459,#461,#5351,.T.);
#5349=LINE('',#460,#5352);
#5350=LINE('',#456,#5353);
#5351=LINE('',#458,#5354);
#5352=VECTOR('',#5355,1.0);
#5353=VECTOR('',#5356,1.0);
#5354=VECTOR('',#5357,1.0);
#5355=DIRECTION('',(-0.9951830984033126,0.09803367101349734,0));
#5356=DIRECTION('',(0.0019903309226383505,0.9999980192894475,0));
#5357=DIRECTION('',(-2.374890755025268E-08,-0.9999999999999997,0));
#5358=FACE_SURFACE('',(#5363),#5359,.T.);
#5359=PLANE('',#5360);
#5360=AXIS2_PLACEMENT_3D('',#460,#5361,#5362);
#5361=DIRECTION('',(0,0,-1));
#5362=DIRECTION('',(2.374890755025268E-08,0.9999999999999997,0));
#5363=FACE_BOUND('',#5364,.T.);
#5364=EDGE_LOOP('',(#5365,#5366,#5367));
#5365=ORIENTED_EDGE('',*,*,#5368,.T.);
#5366=ORIENTED_EDGE('',*,*,#5369,.T.);
#5367=ORIENTED_EDGE('',*,*,#5370,.T.);
#5368=EDGE_CURVE('',#461,#459,#5371,.F.);
#5369=EDGE_CURVE('',#459,#463,#5372,.T.);
#5370=EDGE_CURVE('',#463,#461,#5373,.T.);
#5371=LINE('',#460,#5374);
#5372=LINE('',#458,#5375);
#5373=LINE('',#462,#5376);
#5374=VECTOR('',#5377,1.0);
#5375=VECTOR('',#5378,1.0);
#5376=VECTOR('',#5379,1.0);
#5377=DIRECTION('',(2.374890755025268E-08,0.9999999999999997,0));
#5378=DIRECTION('',(0.9569368570963379,0.2902961445327561,0));
#5379=DIRECTION('',(-0.001912383397387949,-0.9999981713931987,0));
#5380=FACE_SURFACE('',(#5385),#5381,.T.);
#5381=PLANE('',#5382);
#5382=AXIS2_PLACEMENT_3D('',#464,#5383,#5384);
#5383=DIRECTION('',(0,0,-1));
#5384=DIRECTION('',(-0.95693785797092,0.2902928452132903,0));
#5385=FACE_BOUND('',#5386,.T.);
#5386=EDGE_LOOP('',(#5387,#5388,#5389));
#5387=ORIENTED_EDGE('',*,*,#5390,.T.);
#5388=ORIENTED_EDGE('',*,*,#5391,.T.);
#5389=ORIENTED_EDGE('',*,*,#5392,.T.);
#5390=EDGE_CURVE('',#465,#461,#5393,.F.);
#5391=EDGE_CURVE('',#461,#463,#5394,.T.);
#5392=EDGE_CURVE('',#463,#465,#5395,.T.);
#5393=LINE('',#464,#5396);
#5394=LINE('',#460,#5397);
#5395=LINE('',#462,#5398);
#5396=VECTOR('',#5399,1.0);
#5397=VECTOR('',#5400,1.0);
#5398=VECTOR('',#5401,1.0);
#5399=DIRECTION('',(-0.95693785797092,0.2902928452132903,0));
#5400=DIRECTION('',(0.001912383397387949,0.9999981713931987,0));
#5401=DIRECTION('',(0,-1,0));
#5402=FACE_SURFACE('',(#5407),#5403,.T.);
#5403=PLANE('',#5404);
#5404=AXIS2_PLACEMENT_3D('',#464,#5405,#5406);
#5405=DIRECTION('',(0,0,-1));
#5406=DIRECTION('',(0,1,0));
#5407=FACE_BOUND('',#5408,.T.);
#5408=EDGE_LOOP('',(#5409,#5410,#5411));
#5409=ORIENTED_EDGE('',*,*,#5412,.T.);
#5410=ORIENTED_EDGE('',*,*,#5413,.T.);
#5411=ORIENTED_EDGE('',*,*,#5414,.T.);
#5412=EDGE_CURVE('',#465,#463,#5415,.F.);
#5413=EDGE_CURVE('',#463,#467,#5416,.T.);
#5414=EDGE_CURVE('',#467,#465,#5417,.T.);
#5415=LINE('',#464,#5418);
#5416=LINE('',#462,#5419);
#5417=LINE('',#466,#5420);
#5418=VECTOR('',#5421,1.0);
#5419=VECTOR('',#5422,1.0);
#5420=VECTOR('',#5423,1.0);
#5421=DIRECTION('',(0,1,0));
#5422=DIRECTION('',(0.8819218785920993,0.47139558765497835,0));
#5423=DIRECTION('',(-0.001759770659112387,-0.999998451602415,0));
#5424=FACE_SURFACE('',(#5429),#5425,.T.);
#5425=PLANE('',#5426);
#5426=AXIS2_PLACEMENT_3D('',#468,#5427,#5428);
#5427=DIRECTION('',(0,0,-1));
#5428=DIRECTION('',(-0.8819192393315626,0.47140052534637483,0));
#5429=FACE_BOUND('',#5430,.T.);
#5430=EDGE_LOOP('',(#5431,#5432,#5433));
#5431=ORIENTED_EDGE('',*,*,#5434,.T.);
#5432=ORIENTED_EDGE('',*,*,#5435,.T.);
#5433=ORIENTED_EDGE('',*,*,#5436,.T.);
#5434=EDGE_CURVE('',#469,#465,#5437,.F.);
#5435=EDGE_CURVE('',#465,#467,#5438,.T.);
#5436=EDGE_CURVE('',#467,#469,#5439,.T.);
#5437=LINE('',#468,#5440);
#5438=LINE('',#464,#5441);
#5439=LINE('',#466,#5442);
#5440=VECTOR('',#5443,1.0);
#5441=VECTOR('',#5444,1.0);
#5442=VECTOR('',#5445,1.0);
#5443=DIRECTION('',(-0.8819192393315626,0.47140052534637483,0));
#5444=DIRECTION('',(0.001759770659112387,0.999998451602415,0));
#5445=DIRECTION('',(-2.3676784988084885E-08,-0.9999999999999997,0));
#5446=FACE_SURFACE('',(#5451),#5447,.T.);
#5447=PLANE('',#5448);
#5448=AXIS2_PLACEMENT_3D('',#468,#5449,#5450);
#5449=DIRECTION('',(0,0,-1));
#5450=DIRECTION('',(2.3676784988084885E-08,0.9999999999999997,0));
#5451=FACE_BOUND('',#5452,.T.);
#5452=EDGE_LOOP('',(#5453,#5454,#5455));
#5453=ORIENTED_EDGE('',*,*,#5456,.T.);
#5454=ORIENTED_EDGE('',*,*,#5457,.T.);
#5455=ORIENTED_EDGE('',*,*,#5458,.T.);
#5456=EDGE_CURVE('',#469,#467,#5459,.F.);
#5457=EDGE_CURVE('',#467,#471,#5460,.T.);
#5458=EDGE_CURVE('',#471,#469,#5461,.T.);
#5459=LINE('',#468,#5462);
#5460=LINE('',#466,#5463);
#5461=LINE('',#470,#5464);
#5462=VECTOR('',#5465,1.0);
#5463=VECTOR('',#5466,1.0);
#5464=VECTOR('',#5467,1.0);
#5465=DIRECTION('',(2.3676784988084885E-08,0.9999999999999997,0));
#5466=DIRECTION('',(0.7730166181052922,0.6343857723286809,0));
#5467=DIRECTION('',(-0.0015390553987959042,-0.9999988156535383,0));
#5468=FACE_SURFACE('',(#5473),#5469,.T.);
#5469=PLANE('',#5470);
#5470=AXIS2_PLACEMENT_3D('',#472,#5471,#5472);
#5471=DIRECTION('',(0,0,-1));
#5472=DIRECTION('',(-0.7730282671024689,0.6343715774375094,0));
#5473=FACE_BOUND('',#5474,.T.);
#5474=EDGE_LOOP('',(#5475,#5476,#5477));
#5475=ORIENTED_EDGE('',*,*,#5478,.T.);
#5476=ORIENTED_EDGE('',*,*,#5479,.T.);
#5477=ORIENTED_EDGE('',*,*,#5480,.T.);
#5478=EDGE_CURVE('',#473,#469,#5481,.F.);
#5479=EDGE_CURVE('',#469,#471,#5482,.T.);
#5480=EDGE_CURVE('',#471,#473,#5483,.T.);
#5481=LINE('',#472,#5484);
#5482=LINE('',#468,#5485);
#5483=LINE('',#470,#5486);
#5484=VECTOR('',#5487,1.0);
#5485=VECTOR('',#5488,1.0);
#5486=VECTOR('',#5489,1.0);
#5487=DIRECTION('',(-0.7730282671024689,0.6343715774375094,0));
#5488=DIRECTION('',(0.0015390553987959042,0.9999988156535383,0));
#5489=DIRECTION('',(-2.3617052702350544E-08,-0.9999999999999997,0));
#5490=FACE_SURFACE('',(#5495),#5491,.T.);
#5491=PLANE('',#5492);
#5492=AXIS2_PLACEMENT_3D('',#472,#5493,#5494);
#5493=DIRECTION('',(0,0,-1));
#5494=DIRECTION('',(2.3617052702350544E-08,0.9999999999999997,0));
#5495=FACE_BOUND('',#5496,.T.);
#5496=EDGE_LOOP('',(#5497,#5498,#5499));
#5497=ORIENTED_EDGE('',*,*,#5500,.T.);
#5498=ORIENTED_EDGE('',*,*,#5501,.T.);
#5499=ORIENTED_EDGE('',*,*,#5502,.T.);
#5500=EDGE_CURVE('',#473,#471,#5503,.F.);
#5501=EDGE_CURVE('',#471,#475,#5504,.T.);
#5502=EDGE_CURVE('',#475,#473,#5505,.T.);
#5503=LINE('',#472,#5506);
#5504=LINE('',#470,#5507);
#5505=LINE('',#474,#5508);
#5506=VECTOR('',#5509,1.0);
#5507=VECTOR('',#5510,1.0);
#5508=VECTOR('',#5511,1.0);
#5509=DIRECTION('',(2.3617052702350544E-08,0.9999999999999997,0));
#5510=DIRECTION('',(0.6343812207687514,0.7730203533775477,0));
#5511=DIRECTION('',(-0.0012595441573371585,-0.9999992067739433,0));
#5512=FACE_SURFACE('',(#5517),#5513,.T.);
#5513=PLANE('',#5514);
#5514=AXIS2_PLACEMENT_3D('',#476,#5515,#5516);
#5515=DIRECTION('',(0,0,-1));
#5516=DIRECTION('',(-0.6343999665781382,0.7730049691985538,0));
#5517=FACE_BOUND('',#5518,.T.);
#5518=EDGE_LOOP('',(#5519,#5520,#5521));
#5519=ORIENTED_EDGE('',*,*,#5522,.T.);
#5520=ORIENTED_EDGE('',*,*,#5523,.T.);
#5521=ORIENTED_EDGE('',*,*,#5524,.T.);
#5522=EDGE_CURVE('',#477,#473,#5525,.F.);
#5523=EDGE_CURVE('',#473,#475,#5526,.T.);
#5524=EDGE_CURVE('',#475,#477,#5527,.T.);
#5525=LINE('',#476,#5528);
#5526=LINE('',#472,#5529);
#5527=LINE('',#474,#5530);
#5528=VECTOR('',#5531,1.0);
#5529=VECTOR('',#5532,1.0);
#5530=VECTOR('',#5533,1.0);
#5531=DIRECTION('',(-0.6343999665781382,0.7730049691985538,0));
#5532=DIRECTION('',(0.0012595441573371585,0.9999992067739433,0));
#5533=DIRECTION('',(0,-1,0));
#5534=FACE_SURFACE('',(#5539),#5535,.T.);
#5535=PLANE('',#5536);
#5536=AXIS2_PLACEMENT_3D('',#476,#5537,#5538);
#5537=DIRECTION('',(0,0,-1));
#5538=DIRECTION('',(0,1,0));
#5539=FACE_BOUND('',#5540,.T.);
#5540=EDGE_LOOP('',(#5541,#5542,#5543));
#5541=ORIENTED_EDGE('',*,*,#5544,.T.);
#5542=ORIENTED_EDGE('',*,*,#5545,.T.);
#5543=ORIENTED_EDGE('',*,*,#5546,.T.);
#5544=EDGE_CURVE('',#477,#475,#5547,.F.);
#5545=EDGE_CURVE('',#475,#479,#5548,.T.);
#5546=EDGE_CURVE('',#479,#477,#5549,.T.);
#5547=LINE('',#476,#5550);
#5548=LINE('',#474,#5551);
#5549=LINE('',#478,#5552);
#5550=VECTOR('',#5553,1.0);
#5551=VECTOR('',#5554,1.0);
#5552=VECTOR('',#5555,1.0);
#5553=DIRECTION('',(0,1,0));
#5554=DIRECTION('',(0.471399887650071,0.8819195801905639,0));
#5555=DIRECTION('',(-0.00093288014192836,-0.9999995648672257,0));
#5556=FACE_SURFACE('',(#5561),#5557,.T.);
#5557=PLANE('',#5558);
#5558=AXIS2_PLACEMENT_3D('',#480,#5559,#5560);
#5559=DIRECTION('',(0,0,-1));
#5560=DIRECTION('',(-0.4713906500522448,0.8819245177697025,0));
#5561=FACE_BOUND('',#5562,.T.);
#5562=EDGE_LOOP('',(#5563,#5564,#5565));
#5563=ORIENTED_EDGE('',*,*,#5566,.T.);
#5564=ORIENTED_EDGE('',*,*,#5567,.T.);
#5565=ORIENTED_EDGE('',*,*,#5568,.T.);
#5566=EDGE_CURVE('',#481,#477,#5569,.F.);
#5567=EDGE_CURVE('',#477,#479,#5570,.T.);
#5568=EDGE_CURVE('',#479,#481,#5571,.T.);
#5569=LINE('',#480,#5572);
#5570=LINE('',#476,#5573);
#5571=LINE('',#478,#5574);
#5572=VECTOR('',#5575,1.0);
#5573=VECTOR('',#5576,1.0);
#5574=VECTOR('',#5577,1.0);
#5575=DIRECTION('',(-0.4713906500522448,0.8819245177697025,0));
#5576=DIRECTION('',(0.00093288014192836,0.9999995648672257,0));
#5577=DIRECTION('',(-2.3462629943083407E-08,-0.9999999999999997,0));
#5578=FACE_SURFACE('',(#5583),#5579,.T.);
#5579=PLANE('',#5580);
#5580=AXIS2_PLACEMENT_3D('',#482,#5581,#5582);
#5581=DIRECTION('',(-4.2918095749842396E-08,4.226657987966625E-09,-0.9999999999999991));
#5582=DIRECTION('',(0.09800782810597135,0.9951856438021754,0));
#5583=FACE_BOUND('',#5584,.T.);
#5584=EDGE_LOOP('',(#5585,#5586,#5587));
#5585=ORIENTED_EDGE('',*,*,#5588,.T.);
#5586=ORIENTED_EDGE('',*,*,#5589,.T.);
#5587=ORIENTED_EDGE('',*,*,#5590,.T.);
#5588=EDGE_CURVE('',#483,#351,#5591,.F.);
#5589=EDGE_CURVE('',#351,#349,#5592,.T.);
#5590=EDGE_CURVE('',#349,#483,#5593,.T.);
#5591=LINE('',#482,#5594);
#5592=LINE('',#350,#5595);
#5593=LINE('',#348,#5596);
#5594=VECTOR('',#5597,1.0);
#5595=VECTOR('',#5598,1.0);
#5596=VECTOR('',#5599,1.0);
#5597=DIRECTION('',(0.09800782810597135,0.9951856438021754,0));
#5598=DIRECTION('',(0.999999999999999,0,-4.2918095749842396E-08));
#5599=DIRECTION('',(-0.9999935383380791,-0.0035948966726279245,4.290262402888014E-08));
#5600=FACE_SURFACE('',(#5605),#5601,.T.);
#5601=PLANE('',#5602);
#5602=AXIS2_PLACEMENT_3D('',#480,#5603,#5604);
#5603=DIRECTION('',(0,0,-1));
#5604=DIRECTION('',(2.3462629943083407E-08,0.9999999999999997,0));
#5605=FACE_BOUND('',#5606,.T.);
#5606=EDGE_LOOP('',(#5607,#5608,#5609));
#5607=ORIENTED_EDGE('',*,*,#5610,.T.);
#5608=ORIENTED_EDGE('',*,*,#5611,.T.);
#5609=ORIENTED_EDGE('',*,*,#5612,.T.);
#5610=EDGE_CURVE('',#481,#479,#5613,.F.);
#5611=EDGE_CURVE('',#479,#483,#5614,.T.);
#5612=EDGE_CURVE('',#483,#481,#5615,.T.);
#5613=LINE('',#480,#5616);
#5614=LINE('',#478,#5617);
#5615=LINE('',#482,#5618);
#5616=VECTOR('',#5619,1.0);
#5617=VECTOR('',#5620,1.0);
#5618=VECTOR('',#5621,1.0);
#5619=DIRECTION('',(2.3462629943083407E-08,0.9999999999999997,0));
#5620=DIRECTION('',(0.2902951665141858,0.9569371537872804,0));
#5621=DIRECTION('',(-0.0005723914942078131,-0.9999998361839754,0));
#5622=FACE_SURFACE('',(#5627),#5623,.T.);
#5623=PLANE('',#5624);
#5624=AXIS2_PLACEMENT_3D('',#406,#5625,#5626);
#5625=DIRECTION('',(-4.291810200133259E-08,-4.226658603625603E-09,-0.9999999999999991));
#5626=DIRECTION('',(-0.9999999999999843,1.7167240510292521E-07,4.2918101275731303E-08));
#5627=FACE_BOUND('',#5628,.T.);
#5628=EDGE_LOOP('',(#5629,#5630,#5631));
#5629=ORIENTED_EDGE('',*,*,#5632,.T.);
#5630=ORIENTED_EDGE('',*,*,#5633,.T.);
#5631=ORIENTED_EDGE('',*,*,#5634,.T.);
#5632=EDGE_CURVE('',#407,#405,#5635,.F.);
#5633=EDGE_CURVE('',#405,#485,#5636,.T.);
#5634=EDGE_CURVE('',#485,#407,#5637,.T.);
#5635=LINE('',#406,#5638);
#5636=LINE('',#404,#5639);
#5637=LINE('',#484,#5640);
#5638=VECTOR('',#5641,1.0);
#5639=VECTOR('',#5642,1.0);
#5640=VECTOR('',#5643,1.0);
#5641=DIRECTION('',(-0.9999999999999843,1.7167240510292521E-07,4.2918101275731303E-08));
#5642=DIRECTION('',(-0.09800782810597135,0.9951856438021754,0));
#5643=DIRECTION('',(0.999993537719483,-0.003595068743616768,-4.29026295242824E-08));
#5644=FACE_SURFACE('',(#5649),#5645,.T.);
#5645=PLANE('',#5646);
#5646=AXIS2_PLACEMENT_3D('',#484,#5647,#5648);
#5647=DIRECTION('',(0,0,-1));
#5648=DIRECTION('',(-0.2902951665141858,0.9569371537872804,0));
#5649=FACE_BOUND('',#5650,.T.);
#5650=EDGE_LOOP('',(#5651,#5652,#5653));
#5651=ORIENTED_EDGE('',*,*,#5654,.T.);
#5652=ORIENTED_EDGE('',*,*,#5655,.T.);
#5653=ORIENTED_EDGE('',*,*,#5656,.T.);
#5654=EDGE_CURVE('',#485,#481,#5657,.F.);
#5655=EDGE_CURVE('',#481,#483,#5658,.T.);
#5656=EDGE_CURVE('',#483,#485,#5659,.T.);
#5657=LINE('',#484,#5660);
#5658=LINE('',#480,#5661);
#5659=LINE('',#482,#5662);
#5660=VECTOR('',#5663,1.0);
#5661=VECTOR('',#5664,1.0);
#5662=VECTOR('',#5665,1.0);
#5663=DIRECTION('',(-0.2902951665141858,0.9569371537872804,0));
#5664=DIRECTION('',(0.0005723914942078131,0.9999998361839754,0));
#5665=DIRECTION('',(-2.3374259480085405E-08,-0.9999999999999997,0));
#5666=FACE_SURFACE('',(#5671),#5667,.T.);
#5667=PLANE('',#5668);
#5668=AXIS2_PLACEMENT_3D('',#482,#5669,#5670);
#5669=DIRECTION('',(-4.288771751095638E-08,-4.2236662796020154E-09,-0.9999999999999991));
#5670=DIRECTION('',(0.9999935383380791,0.0035948966726279245,-4.290262402888014E-08));
#5671=FACE_BOUND('',#5672,.T.);
#5672=EDGE_LOOP('',(#5673,#5674,#5675));
#5673=ORIENTED_EDGE('',*,*,#5676,.T.);
#5674=ORIENTED_EDGE('',*,*,#5677,.T.);
#5675=ORIENTED_EDGE('',*,*,#5678,.T.);
#5676=EDGE_CURVE('',#483,#349,#5679,.F.);
#5677=EDGE_CURVE('',#349,#487,#5680,.T.);
#5678=EDGE_CURVE('',#487,#483,#5681,.T.);
#5679=LINE('',#482,#5682);
#5680=LINE('',#348,#5683);
#5681=LINE('',#486,#5684);
#5682=VECTOR('',#5685,1.0);
#5683=VECTOR('',#5686,1.0);
#5684=VECTOR('',#5687,1.0);
#5685=DIRECTION('',(0.9999935383380791,0.0035948966726279245,-4.290262402888014E-08));
#5686=DIRECTION('',(0.09800782810597135,-0.9951856438021754,0));
#5687=DIRECTION('',(-0.999999999999999,0,4.288771751095638E-08));
#5688=FACE_SURFACE('',(#5693),#5689,.T.);
#5689=PLANE('',#5690);
#5690=AXIS2_PLACEMENT_3D('',#482,#5691,#5692);
#5691=DIRECTION('',(-4.288771751095637E-08,-1.3009827921355547E-08,-0.999999999999999));
#5692=DIRECTION('',(0.999999999999999,0,-4.288771751095638E-08));
#5693=FACE_BOUND('',#5694,.T.);
#5694=EDGE_LOOP('',(#5695,#5696,#5697));
#5695=ORIENTED_EDGE('',*,*,#5698,.T.);
#5696=ORIENTED_EDGE('',*,*,#5699,.T.);
#5697=ORIENTED_EDGE('',*,*,#5700,.T.);
#5698=EDGE_CURVE('',#483,#487,#5701,.F.);
#5699=EDGE_CURVE('',#487,#489,#5702,.T.);
#5700=EDGE_CURVE('',#489,#483,#5703,.T.);
#5701=LINE('',#482,#5704);
#5702=LINE('',#486,#5705);
#5703=LINE('',#488,#5706);
#5704=VECTOR('',#5707,1.0);
#5705=VECTOR('',#5708,1.0);
#5706=VECTOR('',#5709,1.0);
#5707=DIRECTION('',(0.999999999999999,0,-4.288771751095638E-08));
#5708=DIRECTION('',(0.2902842899954251,-0.9569404532058678,0));
#5709=DIRECTION('',(-0.9999940427311564,0.00345173901045548,4.2842555486737665E-08));
#5710=FACE_SURFACE('',(#5715),#5711,.T.);
#5711=PLANE('',#5712);
#5712=AXIS2_PLACEMENT_3D('',#406,#5713,#5714);
#5713=DIRECTION('',(-4.2902906771295695E-08,1.002823675322179E-15,-0.9999999999999991));
#5714=DIRECTION('',(-0.999993537719483,0.003595068743616768,4.29026295242824E-08));
#5715=FACE_BOUND('',#5716,.T.);
#5716=EDGE_LOOP('',(#5717,#5718,#5719));
#5717=ORIENTED_EDGE('',*,*,#5720,.T.);
#5718=ORIENTED_EDGE('',*,*,#5721,.T.);
#5719=ORIENTED_EDGE('',*,*,#5722,.T.);
#5720=EDGE_CURVE('',#407,#485,#5723,.F.);
#5721=EDGE_CURVE('',#485,#483,#5724,.T.);
#5722=EDGE_CURVE('',#483,#407,#5725,.T.);
#5723=LINE('',#406,#5726);
#5724=LINE('',#484,#5727);
#5725=LINE('',#482,#5728);
#5726=VECTOR('',#5729,1.0);
#5727=VECTOR('',#5730,1.0);
#5728=VECTOR('',#5731,1.0);
#5729=DIRECTION('',(-0.999993537719483,0.003595068743616768,4.29026295242824E-08));
#5730=DIRECTION('',(2.3374259480085405E-08,0.9999999999999997,0));
#5731=DIRECTION('',(0.4776993425035866,-0.8785233851023208,-2.0494691237144694E-08));
#5732=FACE_SURFACE('',(#5737),#5733,.T.);
#5733=PLANE('',#5734);
#5734=AXIS2_PLACEMENT_3D('',#490,#5735,#5736);
#5735=DIRECTION('',(-3.632406209254188E-08,3.577264659963428E-09,-0.9999999999999993));
#5736=DIRECTION('',(-0.09800782810597135,-0.9951856438021754,0));
#5737=FACE_BOUND('',#5738,.T.);
#5738=EDGE_LOOP('',(#5739,#5740,#5741));
#5739=ORIENTED_EDGE('',*,*,#5742,.T.);
#5740=ORIENTED_EDGE('',*,*,#5743,.T.);
#5741=ORIENTED_EDGE('',*,*,#5744,.T.);
#5742=EDGE_CURVE('',#491,#407,#5745,.F.);
#5743=EDGE_CURVE('',#407,#483,#5746,.T.);
#5744=EDGE_CURVE('',#483,#491,#5747,.T.);
#5745=LINE('',#490,#5748);
#5746=LINE('',#406,#5749);
#5747=LINE('',#482,#5750);
#5748=VECTOR('',#5751,1.0);
#5749=VECTOR('',#5752,1.0);
#5750=VECTOR('',#5753,1.0);
#5751=DIRECTION('',(-0.09800782810597135,-0.9951856438021754,0));
#5752=DIRECTION('',(-0.4776993425035866,0.8785233851023208,2.0494691237144694E-08));
#5753=DIRECTION('',(0.47855155914973346,-0.878059454271383,-2.052398760414945E-08));
#5754=FACE_SURFACE('',(#5759),#5755,.T.);
#5755=PLANE('',#5756);
#5756=AXIS2_PLACEMENT_3D('',#482,#5757,#5758);
#5757=DIRECTION('',(-4.2922004655937576E-08,-2.294306465206144E-08,-0.9999999999999989));
#5758=DIRECTION('',(0.9999940427311564,-0.00345173901045548,-4.2842555486737665E-08));
#5759=FACE_BOUND('',#5760,.T.);
#5760=EDGE_LOOP('',(#5761,#5762,#5763));
#5761=ORIENTED_EDGE('',*,*,#5764,.T.);
#5762=ORIENTED_EDGE('',*,*,#5765,.T.);
#5763=ORIENTED_EDGE('',*,*,#5766,.T.);
#5764=EDGE_CURVE('',#483,#489,#5767,.F.);
#5765=EDGE_CURVE('',#489,#493,#5768,.T.);
#5766=EDGE_CURVE('',#493,#483,#5769,.T.);
#5767=LINE('',#482,#5770);
#5768=LINE('',#488,#5771);
#5769=LINE('',#492,#5772);
#5770=VECTOR('',#5773,1.0);
#5771=VECTOR('',#5774,1.0);
#5772=VECTOR('',#5775,1.0);
#5773=DIRECTION('',(0.9999940427311564,-0.00345173901045548,-4.2842555486737665E-08));
#5774=DIRECTION('',(0.471409125092743,-0.8819146425699568,0));
#5775=DIRECTION('',(-0.9999780763730335,0.006621689609594224,4.276914179710009E-08));
#5776=FACE_SURFACE('',(#5781),#5777,.T.);
#5777=PLANE('',#5778);
#5778=AXIS2_PLACEMENT_3D('',#482,#5779,#5780);
#5779=DIRECTION('',(-4.300376730599667E-08,-3.529049594917331E-08,-0.9999999999999986));
#5780=DIRECTION('',(0.9999780763730335,-0.006621689609594224,-4.276914179710009E-08));
#5781=FACE_BOUND('',#5782,.T.);
#5782=EDGE_LOOP('',(#5783,#5784,#5785));
#5783=ORIENTED_EDGE('',*,*,#5786,.T.);
#5784=ORIENTED_EDGE('',*,*,#5787,.T.);
#5785=ORIENTED_EDGE('',*,*,#5788,.T.);
#5786=EDGE_CURVE('',#483,#493,#5789,.F.);
#5787=EDGE_CURVE('',#493,#495,#5790,.T.);
#5788=EDGE_CURVE('',#495,#483,#5791,.T.);
#5789=LINE('',#482,#5792);
#5790=LINE('',#492,#5793);
#5791=LINE('',#494,#5794);
#5792=VECTOR('',#5795,1.0);
#5793=VECTOR('',#5796,1.0);
#5794=VECTOR('',#5797,1.0);
#5795=DIRECTION('',(0.9999780763730335,-0.006621689609594224,-4.276914179710009E-08));
#5796=DIRECTION('',(0.6343741235185938,-0.7730261777003519,0));
#5797=DIRECTION('',(-0.9999559719530424,0.009383717570573692,4.267071788719791E-08));
#5798=FACE_SURFACE('',(#5803),#5799,.T.);
#5799=PLANE('',#5800);
#5800=AXIS2_PLACEMENT_3D('',#496,#5801,#5802);
#5801=DIRECTION('',(-2.7552394086911957E-08,8.3579151956624E-09,-0.9999999999999994));
#5802=DIRECTION('',(-0.2902842899954251,-0.9569404532058678,0));
#5803=FACE_BOUND('',#5804,.T.);
#5804=EDGE_LOOP('',(#5805,#5806,#5807));
#5805=ORIENTED_EDGE('',*,*,#5808,.T.);
#5806=ORIENTED_EDGE('',*,*,#5809,.T.);
#5807=ORIENTED_EDGE('',*,*,#5810,.T.);
#5808=EDGE_CURVE('',#497,#491,#5811,.F.);
#5809=EDGE_CURVE('',#491,#483,#5812,.T.);
#5810=EDGE_CURVE('',#483,#497,#5813,.T.);
#5811=LINE('',#496,#5814);
#5812=LINE('',#490,#5815);
#5813=LINE('',#482,#5816);
#5814=VECTOR('',#5817,1.0);
#5815=VECTOR('',#5818,1.0);
#5816=VECTOR('',#5819,1.0);
#5817=DIRECTION('',(-0.2902842899954251,-0.9569404532058678,0));
#5818=DIRECTION('',(-0.47855155914973346,0.878059454271383,2.052398760414945E-08));
#5819=DIRECTION('',(0.4796340668209655,-0.8774686102333126,-2.0548875057745284E-08));
#5820=FACE_SURFACE('',(#5825),#5821,.T.);
#5821=PLANE('',#5822);
#5822=AXIS2_PLACEMENT_3D('',#498,#5823,#5824);
#5823=DIRECTION('',(-2.1660796116646716E-08,1.1578327939317246E-08,-0.9999999999999997));
#5824=DIRECTION('',(-0.471409125092743,-0.8819146425699568,0));
#5825=FACE_BOUND('',#5826,.T.);
#5826=EDGE_LOOP('',(#5827,#5828,#5829));
#5827=ORIENTED_EDGE('',*,*,#5830,.T.);
#5828=ORIENTED_EDGE('',*,*,#5831,.T.);
#5829=ORIENTED_EDGE('',*,*,#5832,.T.);
#5830=EDGE_CURVE('',#499,#497,#5833,.F.);
#5831=EDGE_CURVE('',#497,#483,#5834,.T.);
#5832=EDGE_CURVE('',#483,#499,#5835,.T.);
#5833=LINE('',#498,#5836);
#5834=LINE('',#496,#5837);
#5835=LINE('',#482,#5838);
#5836=VECTOR('',#5839,1.0);
#5837=VECTOR('',#5840,1.0);
#5838=VECTOR('',#5841,1.0);
#5839=DIRECTION('',(-0.471409125092743,-0.8819146425699568,0));
#5840=DIRECTION('',(-0.4796340668209655,0.8774686102333126,2.0548875057745284E-08));
#5841=DIRECTION('',(0.4809049456306165,-0.876772737525531,-2.0568346262115385E-08));
#5842=FACE_SURFACE('',(#5847),#5843,.T.);
#5843=PLANE('',#5844);
#5844=AXIS2_PLACEMENT_3D('',#482,#5845,#5846);
#5845=DIRECTION('',(-4.3166194470604385E-08,-5.259920244373579E-08,-0.9999999999999977));
#5846=DIRECTION('',(0.9999559719530424,-0.009383717570573692,-4.267071788719791E-08));
#5847=FACE_BOUND('',#5848,.T.);
#5848=EDGE_LOOP('',(#5849,#5850,#5851));
#5849=ORIENTED_EDGE('',*,*,#5852,.T.);
#5850=ORIENTED_EDGE('',*,*,#5853,.T.);
#5851=ORIENTED_EDGE('',*,*,#5854,.T.);
#5852=EDGE_CURVE('',#483,#495,#5855,.F.);
#5853=EDGE_CURVE('',#495,#501,#5856,.T.);
#5854=EDGE_CURVE('',#501,#483,#5857,.T.);
#5855=LINE('',#482,#5858);
#5856=LINE('',#494,#5859);
#5857=LINE('',#500,#5860);
#5858=VECTOR('',#5861,1.0);
#5859=VECTOR('',#5862,1.0);
#5860=VECTOR('',#5863,1.0);
#5861=DIRECTION('',(0.9999559719530424,-0.009383717570573692,-4.267071788719791E-08));
#5862=DIRECTION('',(0.7730166181052922,-0.6343857723286809,0));
#5863=DIRECTION('',(-0.9999323661245008,0.011630269844488771,4.255153205555635E-08));
#5864=FACE_SURFACE('',(#5869),#5865,.T.);
#5865=PLANE('',#5866);
#5866=AXIS2_PLACEMENT_3D('',#482,#5867,#5868);
#5867=DIRECTION('',(-4.3501015655429855E-08,-8.138602717333332E-08,-0.9999999999999957));
#5868=DIRECTION('',(0.9999323661245008,-0.011630269844488771,-4.255153205555635E-08));
#5869=FACE_BOUND('',#5870,.T.);
#5870=EDGE_LOOP('',(#5871,#5872,#5873));
#5871=ORIENTED_EDGE('',*,*,#5874,.T.);
#5872=ORIENTED_EDGE('',*,*,#5875,.T.);
#5873=ORIENTED_EDGE('',*,*,#5876,.T.);
#5874=EDGE_CURVE('',#483,#501,#5877,.F.);
#5875=EDGE_CURVE('',#501,#503,#5878,.T.);
#5876=EDGE_CURVE('',#503,#483,#5879,.T.);
#5877=LINE('',#482,#5880);
#5878=LINE('',#500,#5881);
#5879=LINE('',#502,#5882);
#5880=VECTOR('',#5883,1.0);
#5881=VECTOR('',#5884,1.0);
#5882=VECTOR('',#5885,1.0);
#5883=DIRECTION('',(0.9999323661245008,-0.011630269844488771,-4.255153205555635E-08));
#5884=DIRECTION('',(0.8819245177697025,-0.4713906500522448,0));
#5885=DIRECTION('',(-0.9999118579061488,0.013276912994809462,4.241662618305197E-08));
#5886=FACE_SURFACE('',(#5891),#5887,.T.);
#5887=PLANE('',#5888);
#5888=AXIS2_PLACEMENT_3D('',#504,#5889,#5890);
#5889=DIRECTION('',(-1.713401354395968E-08,1.4061242877050801E-08,-0.9999999999999998));
#5890=DIRECTION('',(-0.6343857723286809,-0.7730166181052922,0));
#5891=FACE_BOUND('',#5892,.T.);
#5892=EDGE_LOOP('',(#5893,#5894,#5895));
#5893=ORIENTED_EDGE('',*,*,#5896,.T.);
#5894=ORIENTED_EDGE('',*,*,#5897,.T.);
#5895=ORIENTED_EDGE('',*,*,#5898,.T.);
#5896=EDGE_CURVE('',#505,#499,#5899,.F.);
#5897=EDGE_CURVE('',#499,#483,#5900,.T.);
#5898=EDGE_CURVE('',#483,#505,#5901,.T.);
#5899=LINE('',#504,#5902);
#5900=LINE('',#498,#5903);
#5901=LINE('',#482,#5904);
#5902=VECTOR('',#5905,1.0);
#5903=VECTOR('',#5906,1.0);
#5904=VECTOR('',#5907,1.0);
#5905=DIRECTION('',(-0.6343857723286809,-0.7730166181052922,0));
#5906=DIRECTION('',(-0.4809049456306165,0.876772737525531,2.0568346262115385E-08));
#5907=DIRECTION('',(0.48231419928795244,-0.8759982951839694,-2.0581602811508085E-08));
#5908=FACE_SURFACE('',(#5913),#5909,.T.);
#5909=PLANE('',#5910);
#5910=AXIS2_PLACEMENT_3D('',#506,#5911,#5912);
#5911=DIRECTION('',(-1.3280318382613684E-08,1.6183041408238702E-08,-0.9999999999999998));
#5912=DIRECTION('',(-0.7730282671024689,-0.6343715774375094,0));
#5913=FACE_BOUND('',#5914,.T.);
#5914=EDGE_LOOP('',(#5915,#5916,#5917));
#5915=ORIENTED_EDGE('',*,*,#5918,.T.);
#5916=ORIENTED_EDGE('',*,*,#5919,.T.);
#5917=ORIENTED_EDGE('',*,*,#5920,.T.);
#5918=EDGE_CURVE('',#507,#505,#5921,.F.);
#5919=EDGE_CURVE('',#505,#483,#5922,.T.);
#5920=EDGE_CURVE('',#483,#507,#5923,.T.);
#5921=LINE('',#506,#5924);
#5922=LINE('',#504,#5925);
#5923=LINE('',#482,#5926);
#5924=VECTOR('',#5927,1.0);
#5925=VECTOR('',#5928,1.0);
#5926=VECTOR('',#5929,1.0);
#5927=DIRECTION('',(-0.7730282671024689,-0.6343715774375094,0));
#5928=DIRECTION('',(-0.48231419928795244,0.8759982951839694,2.0581602811508085E-08));
#5929=DIRECTION('',(0.48380633715579546,-0.8751750842705089,-2.0588096821163548E-08));
#5930=FACE_SURFACE('',(#5935),#5931,.T.);
#5931=PLANE('',#5932);
#5932=AXIS2_PLACEMENT_3D('',#482,#5933,#5934);
#5933=DIRECTION('',(-4.436202246385365E-08,-1.462302358999984E-07,-0.9999999999999882));
#5934=DIRECTION('',(0.9999118579061488,-0.013276912994809462,-4.241662618305197E-08));
#5935=FACE_BOUND('',#5936,.T.);
#5936=EDGE_LOOP('',(#5937,#5938,#5939));
#5937=ORIENTED_EDGE('',*,*,#5940,.T.);
#5938=ORIENTED_EDGE('',*,*,#5941,.T.);
#5939=ORIENTED_EDGE('',*,*,#5942,.T.);
#5940=EDGE_CURVE('',#483,#503,#5943,.F.);
#5941=EDGE_CURVE('',#503,#509,#5944,.T.);
#5942=EDGE_CURVE('',#509,#483,#5945,.T.);
#5943=LINE('',#482,#5946);
#5944=LINE('',#502,#5947);
#5945=LINE('',#508,#5948);
#5946=VECTOR('',#5949,1.0);
#5947=VECTOR('',#5950,1.0);
#5948=VECTOR('',#5951,1.0);
#5949=DIRECTION('',(0.9999118579061488,-0.013276912994809462,-4.241662618305197E-08));
#5950=DIRECTION('',(0.9569338542678247,-0.290306042920442,0));
#5951=DIRECTION('',(-0.9998982538113589,0.014264712580115782,4.2271576511512033E-08));
#5952=FACE_SURFACE('',(#5957),#5953,.T.);
#5953=PLANE('',#5954);
#5954=AXIS2_PLACEMENT_3D('',#482,#5955,#5956);
#5955=DIRECTION('',(-4.943741619735614E-08,-5.019946652943366E-07,-0.9999999999998728));
#5956=DIRECTION('',(0.9998982538113589,-0.014264712580115782,-4.2271576511512033E-08));
#5957=FACE_BOUND('',#5958,.T.);
#5958=EDGE_LOOP('',(#5959,#5960,#5961));
#5959=ORIENTED_EDGE('',*,*,#5962,.T.);
#5960=ORIENTED_EDGE('',*,*,#5963,.T.);
#5961=ORIENTED_EDGE('',*,*,#5964,.T.);
#5962=EDGE_CURVE('',#483,#509,#5965,.F.);
#5963=EDGE_CURVE('',#509,#511,#5966,.T.);
#5964=EDGE_CURVE('',#511,#483,#5967,.T.);
#5965=LINE('',#482,#5968);
#5966=LINE('',#508,#5969);
#5967=LINE('',#510,#5970);
#5968=VECTOR('',#5971,1.0);
#5969=VECTOR('',#5972,1.0);
#5970=VECTOR('',#5973,1.0);
#5971=DIRECTION('',(0.9998982538113589,-0.014264712580115782,-4.2271576511512033E-08));
#5972=DIRECTION('',(0.9951856438021754,-0.09800782810597135,0));
#5973=DIRECTION('',(-0.9998939700402247,0.014561891264408459,4.212218261878145E-08));
#5974=FACE_SURFACE('',(#5979),#5975,.T.);
#5975=PLANE('',#5976);
#5976=AXIS2_PLACEMENT_3D('',#512,#5977,#5978);
#5977=DIRECTION('',(-9.706005508602545E-09,1.8158960570591855E-08,-0.9999999999999998));
#5978=DIRECTION('',(-0.8819245177697025,-0.4713906500522448,0));
#5979=FACE_BOUND('',#5980,.T.);
#5980=EDGE_LOOP('',(#5981,#5982,#5983));
#5981=ORIENTED_EDGE('',*,*,#5984,.T.);
#5982=ORIENTED_EDGE('',*,*,#5985,.T.);
#5983=ORIENTED_EDGE('',*,*,#5986,.T.);
#5984=EDGE_CURVE('',#513,#507,#5987,.F.);
#5985=EDGE_CURVE('',#507,#483,#5988,.T.);
#5986=EDGE_CURVE('',#483,#513,#5989,.T.);
#5987=LINE('',#512,#5990);
#5988=LINE('',#506,#5991);
#5989=LINE('',#482,#5992);
#5990=VECTOR('',#5993,1.0);
#5991=VECTOR('',#5994,1.0);
#5992=VECTOR('',#5995,1.0);
#5993=DIRECTION('',(-0.8819245177697025,-0.4713906500522448,0));
#5994=DIRECTION('',(-0.48380633715579546,0.8751750842705089,2.0588096821163548E-08));
#5995=DIRECTION('',(0.48532250929440723,-0.8743352114447751,-2.0587561578766093E-08));
#5996=FACE_SURFACE('',(#6001),#5997,.T.);
#5997=PLANE('',#5998);
#5998=AXIS2_PLACEMENT_3D('',#514,#5999,#6000);
#5999=DIRECTION('',(-6.113677882246424E-09,2.015297549188259E-08,-0.9999999999999998));
#6000=DIRECTION('',(-0.956935856187629,-0.2902994439237685,0));
#6001=FACE_BOUND('',#6002,.T.);
#6002=EDGE_LOOP('',(#6003,#6004,#6005));
#6003=ORIENTED_EDGE('',*,*,#6006,.T.);
#6004=ORIENTED_EDGE('',*,*,#6007,.T.);
#6005=ORIENTED_EDGE('',*,*,#6008,.T.);
#6006=EDGE_CURVE('',#515,#513,#6009,.F.);
#6007=EDGE_CURVE('',#513,#483,#6010,.T.);
#6008=EDGE_CURVE('',#483,#515,#6011,.T.);
#6009=LINE('',#514,#6012);
#6010=LINE('',#512,#6013);
#6011=LINE('',#482,#6014);
#6012=VECTOR('',#6015,1.0);
#6013=VECTOR('',#6016,1.0);
#6014=VECTOR('',#6017,1.0);
#6015=DIRECTION('',(-0.956935856187629,-0.2902994439237685,0));
#6016=DIRECTION('',(-0.48532250929440723,0.8743352114447751,2.0587561578766093E-08));
#6017=DIRECTION('',(0.4868028395772713,-0.8735118747787605,-2.05800191576231E-08));
#6018=FACE_SURFACE('',(#6023),#6019,.T.);
#6019=PLANE('',#6020);
#6020=AXIS2_PLACEMENT_3D('',#514,#6021,#6022);
#6021=DIRECTION('',(-4.2125428209734985E-08,8.384669840252872E-11,-0.9999999999999991));
#6022=DIRECTION('',(-0.4868028395772713,0.8735118747787605,2.05800191576231E-08));
#6023=FACE_BOUND('',#6024,.T.);
#6024=EDGE_LOOP('',(#6025,#6026,#6027));
#6025=ORIENTED_EDGE('',*,*,#6028,.T.);
#6026=ORIENTED_EDGE('',*,*,#6029,.T.);
#6027=ORIENTED_EDGE('',*,*,#6030,.T.);
#6028=EDGE_CURVE('',#515,#483,#6031,.F.);
#6029=EDGE_CURVE('',#483,#511,#6032,.T.);
#6030=EDGE_CURVE('',#511,#515,#6033,.T.);
#6031=LINE('',#514,#6034);
#6032=LINE('',#482,#6035);
#6033=LINE('',#510,#6036);
#6034=VECTOR('',#6037,1.0);
#6035=VECTOR('',#6038,1.0);
#6036=VECTOR('',#6039,1.0);
#6037=DIRECTION('',(-0.4868028395772713,0.8735118747787605,2.05800191576231E-08));
#6038=DIRECTION('',(0.9998939700402247,-0.014561891264408459,-4.212218261878145E-08));
#6039=DIRECTION('',(-0.0019904018992326082,-0.9999980191481779,0));
#6040=FACE_SURFACE('',(#6045),#6041,.T.);
#6041=PLANE('',#6042);
#6042=AXIS2_PLACEMENT_3D('',#516,#6043,#6044);
#6043=DIRECTION('',(-0,0,-1));
#6044=DIRECTION('',(-0.9951830984033126,-0.09803367101349734,0));
#6045=FACE_BOUND('',#6046,.T.);
#6046=EDGE_LOOP('',(#6047,#6048,#6049));
#6047=ORIENTED_EDGE('',*,*,#6050,.T.);
#6048=ORIENTED_EDGE('',*,*,#6051,.T.);
#6049=ORIENTED_EDGE('',*,*,#6052,.T.);
#6050=EDGE_CURVE('',#517,#515,#6053,.F.);
#6051=EDGE_CURVE('',#515,#511,#6054,.T.);
#6052=EDGE_CURVE('',#511,#517,#6055,.T.);
#6053=LINE('',#516,#6056);
#6054=LINE('',#514,#6057);
#6055=LINE('',#510,#6058);
#6056=VECTOR('',#6059,1.0);
#6057=VECTOR('',#6060,1.0);
#6058=VECTOR('',#6061,1.0);
#6059=DIRECTION('',(-0.9951830984033126,-0.09803367101349734,0));
#6060=DIRECTION('',(0.0019904018992326082,0.9999980191481779,0));
#6061=DIRECTION('',(-9.503287400935906E-08,-0.9999999999999954,0));
#6062=FACE_SURFACE('',(#6067),#6063,.T.);
#6063=PLANE('',#6064);
#6064=AXIS2_PLACEMENT_3D('',#516,#6065,#6066);
#6065=DIRECTION('',(0,0,-1));
#6066=DIRECTION('',(9.503287400935906E-08,0.9999999999999954,0));
#6067=FACE_BOUND('',#6068,.T.);
#6068=EDGE_LOOP('',(#6069,#6070,#6071));
#6069=ORIENTED_EDGE('',*,*,#6072,.T.);
#6070=ORIENTED_EDGE('',*,*,#6073,.T.);
#6071=ORIENTED_EDGE('',*,*,#6074,.T.);
#6072=EDGE_CURVE('',#517,#511,#6075,.F.);
#6073=EDGE_CURVE('',#511,#519,#6076,.T.);
#6074=EDGE_CURVE('',#519,#517,#6077,.T.);
#6075=LINE('',#516,#6078);
#6076=LINE('',#510,#6079);
#6077=LINE('',#518,#6080);
#6078=VECTOR('',#6081,1.0);
#6079=VECTOR('',#6082,1.0);
#6080=VECTOR('',#6083,1.0);
#6081=DIRECTION('',(9.503287400935906E-08,0.9999999999999954,0));
#6082=DIRECTION('',(0.9951856438021754,0.09800782810597135,0));
#6083=DIRECTION('',(-0.0019904495006312813,-0.9999980190534306,0));
#6084=FACE_SURFACE('',(#6089),#6085,.T.);
#6085=PLANE('',#6086);
#6086=AXIS2_PLACEMENT_3D('',#520,#6087,#6088);
#6087=DIRECTION('',(0,0,-1));
#6088=DIRECTION('',(-0.9951833266875516,0.09803135357169003,0));
#6089=FACE_BOUND('',#6090,.T.);
#6090=EDGE_LOOP('',(#6091,#6092,#6093));
#6091=ORIENTED_EDGE('',*,*,#6094,.T.);
#6092=ORIENTED_EDGE('',*,*,#6095,.T.);
#6093=ORIENTED_EDGE('',*,*,#6096,.T.);
#6094=EDGE_CURVE('',#521,#517,#6097,.F.);
#6095=EDGE_CURVE('',#517,#519,#6098,.T.);
#6096=EDGE_CURVE('',#519,#521,#6099,.T.);
#6097=LINE('',#520,#6100);
#6098=LINE('',#516,#6101);
#6099=LINE('',#518,#6102);
#6100=VECTOR('',#6103,1.0);
#6101=VECTOR('',#6104,1.0);
#6102=VECTOR('',#6105,1.0);
#6103=DIRECTION('',(-0.9951833266875516,0.09803135357169003,0));
#6104=DIRECTION('',(0.0019904495006312813,0.9999980190534306,0));
#6105=DIRECTION('',(-9.499562117684142E-08,-0.9999999999999954,0));
#6106=FACE_SURFACE('',(#6111),#6107,.T.);
#6107=PLANE('',#6108);
#6108=AXIS2_PLACEMENT_3D('',#520,#6109,#6110);
#6109=DIRECTION('',(0,0,-1));
#6110=DIRECTION('',(9.499562117684142E-08,0.9999999999999954,0));
#6111=FACE_BOUND('',#6112,.T.);
#6112=EDGE_LOOP('',(#6113,#6114,#6115));
#6113=ORIENTED_EDGE('',*,*,#6116,.T.);
#6114=ORIENTED_EDGE('',*,*,#6117,.T.);
#6115=ORIENTED_EDGE('',*,*,#6118,.T.);
#6116=EDGE_CURVE('',#521,#519,#6119,.F.);
#6117=EDGE_CURVE('',#519,#523,#6120,.T.);
#6118=EDGE_CURVE('',#523,#521,#6121,.T.);
#6119=LINE('',#520,#6122);
#6120=LINE('',#518,#6123);
#6121=LINE('',#522,#6124);
#6122=VECTOR('',#6125,1.0);
#6123=VECTOR('',#6126,1.0);
#6124=VECTOR('',#6127,1.0);
#6125=DIRECTION('',(9.499562117684142E-08,0.9999999999999954,0));
#6126=DIRECTION('',(0.9569338542678247,0.290306042920442,0));
#6127=DIRECTION('',(-0.0019123832158259562,-0.999998171393546,0));
#6128=FACE_SURFACE('',(#6133),#6129,.T.);
#6129=PLANE('',#6130);
#6130=AXIS2_PLACEMENT_3D('',#524,#6131,#6132);
#6131=DIRECTION('',(0,0,-1));
#6132=DIRECTION('',(-0.956935856187629,0.2902994439237685,0));
#6133=FACE_BOUND('',#6134,.T.);
#6134=EDGE_LOOP('',(#6135,#6136,#6137));
#6135=ORIENTED_EDGE('',*,*,#6138,.T.);
#6136=ORIENTED_EDGE('',*,*,#6139,.T.);
#6137=ORIENTED_EDGE('',*,*,#6140,.T.);
#6138=EDGE_CURVE('',#525,#521,#6141,.F.);
#6139=EDGE_CURVE('',#521,#523,#6142,.T.);
#6140=EDGE_CURVE('',#523,#525,#6143,.T.);
#6141=LINE('',#524,#6144);
#6142=LINE('',#520,#6145);
#6143=LINE('',#522,#6146);
#6144=VECTOR('',#6147,1.0);
#6145=VECTOR('',#6148,1.0);
#6146=VECTOR('',#6149,1.0);
#6147=DIRECTION('',(-0.956935856187629,0.2902994439237685,0));
#6148=DIRECTION('',(0.0019123832158259562,0.999998171393546,0));
#6149=DIRECTION('',(-4.7442732352204926E-08,-0.9999999999999989,0));
#6150=FACE_SURFACE('',(#6155),#6151,.T.);
#6151=PLANE('',#6152);
#6152=AXIS2_PLACEMENT_3D('',#524,#6153,#6154);
#6153=DIRECTION('',(0,0,-1));
#6154=DIRECTION('',(4.7442732352204926E-08,0.9999999999999989,0));
#6155=FACE_BOUND('',#6156,.T.);
#6156=EDGE_LOOP('',(#6157,#6158,#6159));
#6157=ORIENTED_EDGE('',*,*,#6160,.T.);
#6158=ORIENTED_EDGE('',*,*,#6161,.T.);
#6159=ORIENTED_EDGE('',*,*,#6162,.T.);
#6160=EDGE_CURVE('',#525,#523,#6163,.F.);
#6161=EDGE_CURVE('',#523,#527,#6164,.T.);
#6162=EDGE_CURVE('',#527,#525,#6165,.T.);
#6163=LINE('',#524,#6166);
#6164=LINE('',#522,#6167);
#6165=LINE('',#526,#6168);
#6166=VECTOR('',#6169,1.0);
#6167=VECTOR('',#6170,1.0);
#6168=VECTOR('',#6171,1.0);
#6169=DIRECTION('',(4.7442732352204926E-08,0.9999999999999989,0));
#6170=DIRECTION('',(0.8819245177697025,0.4713906500522448,0));
#6171=DIRECTION('',(-0.0017598415891235135,-0.9999984514775916,0));
#6172=FACE_SURFACE('',(#6177),#6173,.T.);
#6173=PLANE('',#6174);
#6174=AXIS2_PLACEMENT_3D('',#528,#6175,#6176);
#6175=DIRECTION('',(0,0,-1));
#6176=DIRECTION('',(-0.8819192393315626,0.47140052534637483,0));
#6177=FACE_BOUND('',#6178,.T.);
#6178=EDGE_LOOP('',(#6179,#6180,#6181));
#6179=ORIENTED_EDGE('',*,*,#6182,.T.);
#6180=ORIENTED_EDGE('',*,*,#6183,.T.);
#6181=ORIENTED_EDGE('',*,*,#6184,.T.);
#6182=EDGE_CURVE('',#529,#525,#6185,.F.);
#6183=EDGE_CURVE('',#525,#527,#6186,.T.);
#6184=EDGE_CURVE('',#527,#529,#6187,.T.);
#6185=LINE('',#528,#6188);
#6186=LINE('',#524,#6189);
#6187=LINE('',#526,#6190);
#6188=VECTOR('',#6191,1.0);
#6189=VECTOR('',#6192,1.0);
#6190=VECTOR('',#6193,1.0);
#6191=DIRECTION('',(-0.8819192393315626,0.47140052534637483,0));
#6192=DIRECTION('',(0.0017598415891235135,0.9999984514775916,0));
#6193=DIRECTION('',(-9.470713098289765E-08,-0.9999999999999956,0));
#6194=FACE_SURFACE('',(#6199),#6195,.T.);
#6195=PLANE('',#6196);
#6196=AXIS2_PLACEMENT_3D('',#528,#6197,#6198);
#6197=DIRECTION('',(0,0,-1));
#6198=DIRECTION('',(9.470713098289765E-08,0.9999999999999956,0));
#6199=FACE_BOUND('',#6200,.T.);
#6200=EDGE_LOOP('',(#6201,#6202,#6203));
#6201=ORIENTED_EDGE('',*,*,#6204,.T.);
#6202=ORIENTED_EDGE('',*,*,#6205,.T.);
#6203=ORIENTED_EDGE('',*,*,#6206,.T.);
#6204=EDGE_CURVE('',#529,#527,#6207,.F.);
#6205=EDGE_CURVE('',#527,#531,#6208,.T.);
#6206=EDGE_CURVE('',#531,#529,#6209,.T.);
#6207=LINE('',#528,#6210);
#6208=LINE('',#526,#6211);
#6209=LINE('',#530,#6212);
#6210=VECTOR('',#6213,1.0);
#6211=VECTOR('',#6214,1.0);
#6212=VECTOR('',#6215,1.0);
#6213=DIRECTION('',(9.470713098289765E-08,0.9999999999999956,0));
#6214=DIRECTION('',(0.7730166181052922,0.6343857723286809,0));
#6215=DIRECTION('',(-0.0015391261936037448,-0.9999988155445786,0));
#6216=FACE_SURFACE('',(#6221),#6217,.T.);
#6217=PLANE('',#6218);
#6218=AXIS2_PLACEMENT_3D('',#532,#6219,#6220);
#6219=DIRECTION('',(0,0,-1));
#6220=DIRECTION('',(-0.7730282671024689,0.6343715774375094,0));
#6221=FACE_BOUND('',#6222,.T.);
#6222=EDGE_LOOP('',(#6223,#6224,#6225));
#6223=ORIENTED_EDGE('',*,*,#6226,.T.);
#6224=ORIENTED_EDGE('',*,*,#6227,.T.);
#6225=ORIENTED_EDGE('',*,*,#6228,.T.);
#6226=EDGE_CURVE('',#533,#529,#6229,.F.);
#6227=EDGE_CURVE('',#529,#531,#6230,.T.);
#6228=EDGE_CURVE('',#531,#533,#6231,.T.);
#6229=LINE('',#532,#6232);
#6230=LINE('',#528,#6233);
#6231=LINE('',#530,#6234);
#6232=VECTOR('',#6235,1.0);
#6233=VECTOR('',#6236,1.0);
#6234=VECTOR('',#6237,1.0);
#6235=DIRECTION('',(-0.7730282671024689,0.6343715774375094,0));
#6236=DIRECTION('',(0.0015391261936037448,0.9999988155445786,0));
#6237=DIRECTION('',(-9.446820188515979E-08,-0.9999999999999956,0));
#6238=FACE_SURFACE('',(#6243),#6239,.T.);
#6239=PLANE('',#6240);
#6240=AXIS2_PLACEMENT_3D('',#532,#6241,#6242);
#6241=DIRECTION('',(0,0,-1));
#6242=DIRECTION('',(9.446820188515979E-08,0.9999999999999956,0));
#6243=FACE_BOUND('',#6244,.T.);
#6244=EDGE_LOOP('',(#6245,#6246,#6247));
#6245=ORIENTED_EDGE('',*,*,#6248,.T.);
#6246=ORIENTED_EDGE('',*,*,#6249,.T.);
#6247=ORIENTED_EDGE('',*,*,#6250,.T.);
#6248=EDGE_CURVE('',#533,#531,#6251,.F.);
#6249=EDGE_CURVE('',#531,#535,#6252,.T.);
#6250=EDGE_CURVE('',#535,#533,#6253,.T.);
#6251=LINE('',#532,#6254);
#6252=LINE('',#530,#6255);
#6253=LINE('',#534,#6256);
#6254=VECTOR('',#6257,1.0);
#6255=VECTOR('',#6258,1.0);
#6256=VECTOR('',#6259,1.0);
#6257=DIRECTION('',(9.446820188515979E-08,0.9999999999999956,0));
#6258=DIRECTION('',(0.6343741235185938,0.7730261777003519,0));
#6259=DIRECTION('',(-0.001259591200027841,-0.9999992067146898,0));
#6260=FACE_SURFACE('',(#6265),#6261,.T.);
#6261=PLANE('',#6262);
#6262=AXIS2_PLACEMENT_3D('',#536,#6263,#6264);
#6263=DIRECTION('',(0,0,-1));
#6264=DIRECTION('',(-0.6343999665781382,0.7730049691985538,0));
#6265=FACE_BOUND('',#6266,.T.);
#6266=EDGE_LOOP('',(#6267,#6268,#6269));
#6267=ORIENTED_EDGE('',*,*,#6270,.T.);
#6268=ORIENTED_EDGE('',*,*,#6271,.T.);
#6269=ORIENTED_EDGE('',*,*,#6272,.T.);
#6270=EDGE_CURVE('',#537,#533,#6273,.F.);
#6271=EDGE_CURVE('',#533,#535,#6274,.T.);
#6272=EDGE_CURVE('',#535,#537,#6275,.T.);
#6273=LINE('',#536,#6276);
#6274=LINE('',#532,#6277);
#6275=LINE('',#534,#6278);
#6276=VECTOR('',#6279,1.0);
#6277=VECTOR('',#6280,1.0);
#6278=VECTOR('',#6281,1.0);
#6279=DIRECTION('',(-0.6343999665781382,0.7730049691985538,0));
#6280=DIRECTION('',(0.001259591200027841,0.9999992067146898,0));
#6281=DIRECTION('',(-4.7089337420059915E-08,-0.999999999999999,0));
#6282=FACE_SURFACE('',(#6287),#6283,.T.);
#6283=PLANE('',#6284);
#6284=AXIS2_PLACEMENT_3D('',#536,#6285,#6286);
#6285=DIRECTION('',(0,0,-1));
#6286=DIRECTION('',(4.7089337420059915E-08,0.999999999999999,0));
#6287=FACE_BOUND('',#6288,.T.);
#6288=EDGE_LOOP('',(#6289,#6290,#6291));
#6289=ORIENTED_EDGE('',*,*,#6292,.T.);
#6290=ORIENTED_EDGE('',*,*,#6293,.T.);
#6291=ORIENTED_EDGE('',*,*,#6294,.T.);
#6292=EDGE_CURVE('',#537,#535,#6295,.F.);
#6293=EDGE_CURVE('',#535,#539,#6296,.T.);
#6294=EDGE_CURVE('',#539,#537,#6297,.T.);
#6295=LINE('',#536,#6298);
#6296=LINE('',#534,#6299);
#6297=LINE('',#538,#6300);
#6298=VECTOR('',#6301,1.0);
#6299=VECTOR('',#6302,1.0);
#6300=VECTOR('',#6303,1.0);
#6301=DIRECTION('',(4.7089337420059915E-08,0.999999999999999,0));
#6302=DIRECTION('',(0.471409125092743,0.8819146425699568,0));
#6303=DIRECTION('',(-0.000932950564862205,-0.999999564801527,0));
#6304=FACE_SURFACE('',(#6309),#6305,.T.);
#6305=PLANE('',#6306);
#6306=AXIS2_PLACEMENT_3D('',#540,#6307,#6308);
#6307=DIRECTION('',(0,0,-1));
#6308=DIRECTION('',(-0.4713906500522448,0.8819245177697025,0));
#6309=FACE_BOUND('',#6310,.T.);
#6310=EDGE_LOOP('',(#6311,#6312,#6313));
#6311=ORIENTED_EDGE('',*,*,#6314,.T.);
#6312=ORIENTED_EDGE('',*,*,#6315,.T.);
#6313=ORIENTED_EDGE('',*,*,#6316,.T.);
#6314=EDGE_CURVE('',#541,#537,#6317,.F.);
#6315=EDGE_CURVE('',#537,#539,#6318,.T.);
#6316=EDGE_CURVE('',#539,#541,#6319,.T.);
#6317=LINE('',#540,#6320);
#6318=LINE('',#536,#6321);
#6319=LINE('',#538,#6322);
#6320=VECTOR('',#6323,1.0);
#6321=VECTOR('',#6324,1.0);
#6322=VECTOR('',#6325,1.0);
#6323=DIRECTION('',(-0.4713906500522448,0.8819245177697025,0));
#6324=DIRECTION('',(0.000932950564862205,0.999999564801527,0));
#6325=DIRECTION('',(-9.385051096441401E-08,-0.9999999999999957,0));
#6326=FACE_SURFACE('',(#6331),#6327,.T.);
#6327=PLANE('',#6328);
#6328=AXIS2_PLACEMENT_3D('',#540,#6329,#6330);
#6329=DIRECTION('',(0,0,-1));
#6330=DIRECTION('',(9.385051096441401E-08,0.9999999999999957,0));
#6331=FACE_BOUND('',#6332,.T.);
#6332=EDGE_LOOP('',(#6333,#6334,#6335));
#6333=ORIENTED_EDGE('',*,*,#6336,.T.);
#6334=ORIENTED_EDGE('',*,*,#6337,.T.);
#6335=ORIENTED_EDGE('',*,*,#6338,.T.);
#6336=EDGE_CURVE('',#541,#539,#6339,.F.);
#6337=EDGE_CURVE('',#539,#543,#6340,.T.);
#6338=EDGE_CURVE('',#543,#541,#6341,.T.);
#6339=LINE('',#540,#6342);
#6340=LINE('',#538,#6343);
#6341=LINE('',#542,#6344);
#6342=VECTOR('',#6345,1.0);
#6343=VECTOR('',#6346,1.0);
#6344=VECTOR('',#6347,1.0);
#6345=DIRECTION('',(9.385051096441401E-08,0.9999999999999957,0));
#6346=DIRECTION('',(0.2902842899954251,0.9569404532058678,0));
#6347=DIRECTION('',(-0.0005724382772852337,-0.9999998361571959,0));
#6348=FACE_SURFACE('',(#6353),#6349,.T.);
#6349=PLANE('',#6350);
#6350=AXIS2_PLACEMENT_3D('',#544,#6351,#6352);
#6351=DIRECTION('',(0,0,-1));
#6352=DIRECTION('',(-0.2902842899954251,0.9569404532058678,0));
#6353=FACE_BOUND('',#6354,.T.);
#6354=EDGE_LOOP('',(#6355,#6356,#6357));
#6355=ORIENTED_EDGE('',*,*,#6358,.T.);
#6356=ORIENTED_EDGE('',*,*,#6359,.T.);
#6357=ORIENTED_EDGE('',*,*,#6360,.T.);
#6358=EDGE_CURVE('',#545,#541,#6361,.F.);
#6359=EDGE_CURVE('',#541,#543,#6362,.T.);
#6360=EDGE_CURVE('',#543,#545,#6363,.T.);
#6361=LINE('',#544,#6364);
#6362=LINE('',#540,#6365);
#6363=LINE('',#542,#6366);
#6364=VECTOR('',#6367,1.0);
#6365=VECTOR('',#6368,1.0);
#6366=VECTOR('',#6369,1.0);
#6367=DIRECTION('',(-0.2902842899954251,0.9569404532058678,0));
#6368=DIRECTION('',(0.0005724382772852337,0.9999998361571959,0));
#6369=DIRECTION('',(-9.349702917864595E-08,-0.9999999999999957,0));
#6370=FACE_SURFACE('',(#6375),#6371,.T.);
#6371=PLANE('',#6372);
#6372=AXIS2_PLACEMENT_3D('',#544,#6373,#6374);
#6373=DIRECTION('',(0,0,-1));
#6374=DIRECTION('',(9.349702917864595E-08,0.9999999999999957,0));
#6375=FACE_BOUND('',#6376,.T.);
#6376=EDGE_LOOP('',(#6377,#6378,#6379));
#6377=ORIENTED_EDGE('',*,*,#6380,.T.);
#6378=ORIENTED_EDGE('',*,*,#6381,.T.);
#6379=ORIENTED_EDGE('',*,*,#6382,.T.);
#6380=EDGE_CURVE('',#545,#543,#6383,.F.);
#6381=EDGE_CURVE('',#543,#547,#6384,.T.);
#6382=EDGE_CURVE('',#547,#545,#6385,.T.);
#6383=LINE('',#544,#6386);
#6384=LINE('',#542,#6387);
#6385=LINE('',#546,#6388);
#6386=VECTOR('',#6389,1.0);
#6387=VECTOR('',#6390,1.0);
#6388=VECTOR('',#6391,1.0);
#6389=DIRECTION('',(9.349702917864595E-08,0.9999999999999957,0));
#6390=DIRECTION('',(0.09800782810597135,0.9951856438021754,0));
#6391=DIRECTION('',(-0.00019260064169588902,-0.9999999814524962,0));
#6392=FACE_SURFACE('',(#6397),#6393,.T.);
#6393=PLANE('',#6394);
#6394=AXIS2_PLACEMENT_3D('',#548,#6395,#6396);
#6395=DIRECTION('',(0,0,-1));
#6396=DIRECTION('',(-0.09800782810597135,0.9951856438021754,0));
#6397=FACE_BOUND('',#6398,.T.);
#6398=EDGE_LOOP('',(#6399,#6400,#6401));
#6399=ORIENTED_EDGE('',*,*,#6402,.T.);
#6400=ORIENTED_EDGE('',*,*,#6403,.T.);
#6401=ORIENTED_EDGE('',*,*,#6404,.T.);
#6402=EDGE_CURVE('',#549,#545,#6405,.F.);
#6403=EDGE_CURVE('',#545,#547,#6406,.T.);
#6404=EDGE_CURVE('',#547,#549,#6407,.T.);
#6405=LINE('',#548,#6408);
#6406=LINE('',#544,#6409);
#6407=LINE('',#546,#6410);
#6408=VECTOR('',#6411,1.0);
#6409=VECTOR('',#6412,1.0);
#6410=VECTOR('',#6413,1.0);
#6411=DIRECTION('',(-0.09800782810597135,0.9951856438021754,0));
#6412=DIRECTION('',(0.00019260064169588902,0.9999999814524962,0));
#6413=DIRECTION('',(-9.313221617514702E-08,-0.9999999999999957,0));
#6414=FACE_SURFACE('',(#6419),#6415,.T.);
#6415=PLANE('',#6416);
#6416=AXIS2_PLACEMENT_3D('',#358,#6417,#6418);
#6417=DIRECTION('',(-5.289024986790034E-07,4.340533765239881E-07,-0.999999999999766));
#6418=DIRECTION('',(-0.7071149521000255,0.7070986101783223,6.809134043024666E-07));
#6419=FACE_BOUND('',#6420,.T.);
#6420=EDGE_LOOP('',(#6421,#6422,#6423));
#6421=ORIENTED_EDGE('',*,*,#6424,.T.);
#6422=ORIENTED_EDGE('',*,*,#6425,.T.);
#6423=ORIENTED_EDGE('',*,*,#6426,.T.);
#6424=EDGE_CURVE('',#359,#357,#6427,.F.);
#6425=EDGE_CURVE('',#357,#551,#6428,.T.);
#6426=EDGE_CURVE('',#551,#359,#6429,.T.);
#6427=LINE('',#358,#6430);
#6428=LINE('',#356,#6431);
#6429=LINE('',#550,#6432);
#6430=VECTOR('',#6433,1.0);
#6431=VECTOR('',#6434,1.0);
#6432=VECTOR('',#6435,1.0);
#6433=DIRECTION('',(-0.7071149521000255,0.7070986101783223,6.809134043024666E-07));
#6434=DIRECTION('',(0.6343883178584885,0.7730145290773501,0));
#6435=DIRECTION('',(0.6659257293414668,-0.7460180446883162,-6.760214334282847E-07));
#6436=FACE_SURFACE('',(#6441),#6437,.T.);
#6437=PLANE('',#6438);
#6438=AXIS2_PLACEMENT_3D('',#552,#6439,#6440);
#6439=DIRECTION('',(-5.288996084802165E-07,-4.340480899782639E-07,-0.9999999999997659));
#6440=DIRECTION('',(-0.6343857723286809,0.7730166181052922,0));
#6441=FACE_BOUND('',#6442,.T.);
#6442=EDGE_LOOP('',(#6443,#6444,#6445));
#6443=ORIENTED_EDGE('',*,*,#6446,.T.);
#6444=ORIENTED_EDGE('',*,*,#6447,.T.);
#6445=ORIENTED_EDGE('',*,*,#6448,.T.);
#6446=EDGE_CURVE('',#553,#307,#6449,.F.);
#6447=EDGE_CURVE('',#307,#305,#6450,.T.);
#6448=EDGE_CURVE('',#305,#553,#6451,.T.);
#6449=LINE('',#552,#6452);
#6450=LINE('',#306,#6453);
#6451=LINE('',#304,#6454);
#6452=VECTOR('',#6455,1.0);
#6453=VECTOR('',#6456,1.0);
#6454=VECTOR('',#6457,1.0);
#6455=DIRECTION('',(-0.6343857723286809,0.7730166181052922,0));
#6456=DIRECTION('',(0.7071067811863836,0.7071067811863836,-6.809068475079718E-07));
#6457=DIRECTION('',(-0.6659190125331712,-0.7460240403273806,6.760146147904518E-07));
#6458=FACE_SURFACE('',(#6463),#6459,.T.);
#6459=PLANE('',#6460);
#6460=AXIS2_PLACEMENT_3D('',#554,#6461,#6462);
#6461=DIRECTION('',(-6.349399415612479E-07,-3.3939393665763104E-07,-0.9999999999997409));
#6462=DIRECTION('',(-0.471409125092743,0.8819146425699568,0));
#6463=FACE_BOUND('',#6464,.T.);
#6464=EDGE_LOOP('',(#6465,#6466,#6467));
#6465=ORIENTED_EDGE('',*,*,#6468,.T.);
#6466=ORIENTED_EDGE('',*,*,#6469,.T.);
#6467=ORIENTED_EDGE('',*,*,#6470,.T.);
#6468=EDGE_CURVE('',#555,#553,#6471,.F.);
#6469=EDGE_CURVE('',#553,#305,#6472,.T.);
#6470=EDGE_CURVE('',#305,#555,#6473,.T.);
#6471=LINE('',#554,#6474);
#6472=LINE('',#552,#6475);
#6473=LINE('',#304,#6476);
#6474=VECTOR('',#6477,1.0);
#6475=VECTOR('',#6478,1.0);
#6476=VECTOR('',#6479,1.0);
#6477=DIRECTION('',(-0.471409125092743,0.8819146425699568,0));
#6478=DIRECTION('',(0.6659190125331712,0.7460240403273806,-6.760146147904518E-07));
#6479=DIRECTION('',(-0.6259537218126083,-0.7798602042343905,6.621228443056487E-07));
#6480=FACE_SURFACE('',(#6485),#6481,.T.);
#6481=PLANE('',#6482);
#6482=AXIS2_PLACEMENT_3D('',#358,#6483,#6484);
#6483=DIRECTION('',(-6.34956234517269E-07,3.3938554390204705E-07,-0.9999999999997409));
#6484=DIRECTION('',(-0.6659257293414668,0.7460180446883162,6.760214334282847E-07));
#6485=FACE_BOUND('',#6486,.T.);
#6486=EDGE_LOOP('',(#6487,#6488,#6489));
#6487=ORIENTED_EDGE('',*,*,#6490,.T.);
#6488=ORIENTED_EDGE('',*,*,#6491,.T.);
#6489=ORIENTED_EDGE('',*,*,#6492,.T.);
#6490=EDGE_CURVE('',#359,#551,#6493,.F.);
#6491=EDGE_CURVE('',#551,#557,#6494,.T.);
#6492=EDGE_CURVE('',#557,#359,#6495,.T.);
#6493=LINE('',#358,#6496);
#6494=LINE('',#550,#6497);
#6495=LINE('',#556,#6498);
#6496=VECTOR('',#6499,1.0);
#6497=VECTOR('',#6500,1.0);
#6498=VECTOR('',#6501,1.0);
#6499=DIRECTION('',(-0.6659257293414668,0.7460180446883162,6.760214334282847E-07));
#6500=DIRECTION('',(0.4713906500522448,0.8819245177697025,0));
#6501=DIRECTION('',(0.6259609916268168,-0.7798543690722862,-6.621291334102166E-07));
#6502=FACE_SURFACE('',(#6507),#6503,.T.);
#6503=PLANE('',#6504);
#6504=AXIS2_PLACEMENT_3D('',#358,#6505,#6506);
#6505=DIRECTION('',(-7.676567976035504E-07,2.3287158520257645E-07,-0.9999999999996783));
#6506=DIRECTION('',(-0.6259609916268168,0.7798543690722862,6.621291334102166E-07));
#6507=FACE_BOUND('',#6508,.T.);
#6508=EDGE_LOOP('',(#6509,#6510,#6511));
#6509=ORIENTED_EDGE('',*,*,#6512,.T.);
#6510=ORIENTED_EDGE('',*,*,#6513,.T.);
#6511=ORIENTED_EDGE('',*,*,#6514,.T.);
#6512=EDGE_CURVE('',#359,#557,#6515,.F.);
#6513=EDGE_CURVE('',#557,#559,#6516,.T.);
#6514=EDGE_CURVE('',#559,#359,#6517,.T.);
#6515=LINE('',#358,#6518);
#6516=LINE('',#556,#6519);
#6517=LINE('',#558,#6520);
#6518=VECTOR('',#6521,1.0);
#6519=VECTOR('',#6522,1.0);
#6520=VECTOR('',#6523,1.0);
#6521=DIRECTION('',(-0.6259609916268168,0.7798543690722862,6.621291334102166E-07));
#6522=DIRECTION('',(0.29029088887483345,0.9569384514357541,0));
#6523=DIRECTION('',(0.5905859466011555,-0.8069747453773295,-6.41288804652175E-07));
#6524=FACE_SURFACE('',(#6529),#6525,.T.);
#6525=PLANE('',#6526);
#6526=AXIS2_PLACEMENT_3D('',#560,#6527,#6528);
#6527=DIRECTION('',(-7.676648541525632E-07,-2.3286246786010482E-07,-0.9999999999996783));
#6528=DIRECTION('',(-0.29027769140221843,0.9569424548394738,0));
#6529=FACE_BOUND('',#6530,.T.);
#6530=EDGE_LOOP('',(#6531,#6532,#6533));
#6531=ORIENTED_EDGE('',*,*,#6534,.T.);
#6532=ORIENTED_EDGE('',*,*,#6535,.T.);
#6533=ORIENTED_EDGE('',*,*,#6536,.T.);
#6534=EDGE_CURVE('',#561,#555,#6537,.F.);
#6535=EDGE_CURVE('',#555,#305,#6538,.T.);
#6536=EDGE_CURVE('',#305,#561,#6539,.T.);
#6537=LINE('',#560,#6540);
#6538=LINE('',#554,#6541);
#6539=LINE('',#304,#6542);
#6540=VECTOR('',#6543,1.0);
#6541=VECTOR('',#6544,1.0);
#6542=VECTOR('',#6545,1.0);
#6543=DIRECTION('',(-0.29027769140221843,0.9569424548394738,0));
#6544=DIRECTION('',(0.6259537218126083,0.7798602042343905,-6.621228443056487E-07));
#6545=DIRECTION('',(-0.5905777763087575,-0.8069807247572842,6.41281325598531E-07));
#6546=FACE_SURFACE('',(#6551),#6547,.T.);
#6547=PLANE('',#6548);
#6548=AXIS2_PLACEMENT_3D('',#546,#6549,#6550);
#6549=DIRECTION('',(-9.570610090962882E-07,-9.425548928347738E-08,-0.9999999999995376));
#6550=DIRECTION('',(-0.09801014500243065,0.9951854156269587,0));
#6551=FACE_BOUND('',#6552,.T.);
#6552=EDGE_LOOP('',(#6553,#6554,#6555));
#6553=ORIENTED_EDGE('',*,*,#6556,.T.);
#6554=ORIENTED_EDGE('',*,*,#6557,.T.);
#6555=ORIENTED_EDGE('',*,*,#6558,.T.);
#6556=EDGE_CURVE('',#547,#561,#6559,.F.);
#6557=EDGE_CURVE('',#561,#305,#6560,.T.);
#6558=EDGE_CURVE('',#305,#547,#6561,.T.);
#6559=LINE('',#546,#6562);
#6560=LINE('',#560,#6563);
#6561=LINE('',#304,#6564);
#6562=VECTOR('',#6565,1.0);
#6563=VECTOR('',#6566,1.0);
#6564=VECTOR('',#6567,1.0);
#6565=DIRECTION('',(-0.09801014500243065,0.9951854156269587,0));
#6566=DIRECTION('',(0.5905777763087575,0.8069807247572842,-6.41281325598531E-07));
#6567=DIRECTION('',(-0.562310425854186,-0.8269262270452574,6.161077197251462E-07));
#6568=FACE_SURFACE('',(#6573),#6569,.T.);
#6569=PLANE('',#6570);
#6570=AXIS2_PLACEMENT_3D('',#358,#6571,#6572);
#6571=DIRECTION('',(-9.570667609538182E-07,9.425155633328051E-08,-0.9999999999995376));
#6572=DIRECTION('',(-0.5905859466011555,0.8069747453773295,6.41288804652175E-07));
#6573=FACE_BOUND('',#6574,.T.);
#6574=EDGE_LOOP('',(#6575,#6576,#6577));
#6575=ORIENTED_EDGE('',*,*,#6578,.T.);
#6576=ORIENTED_EDGE('',*,*,#6579,.T.);
#6577=ORIENTED_EDGE('',*,*,#6580,.T.);
#6578=EDGE_CURVE('',#359,#559,#6581,.F.);
#6579=EDGE_CURVE('',#559,#549,#6582,.T.);
#6580=EDGE_CURVE('',#549,#359,#6583,.T.);
#6581=LINE('',#358,#6584);
#6582=LINE('',#558,#6585);
#6583=LINE('',#548,#6586);
#6584=VECTOR('',#6587,1.0);
#6585=VECTOR('',#6588,1.0);
#6586=VECTOR('',#6589,1.0);
#6587=DIRECTION('',(-0.5905859466011555,0.8069747453773295,6.41288804652175E-07));
#6588=DIRECTION('',(0.09800551131851819,0.9951858719612109,0));
#6589=DIRECTION('',(0.562316998165558,-0.8269217578306282,-6.161135707052584E-07));
#6590=FACE_SURFACE('',(#6595),#6591,.T.);
#6591=PLANE('',#6592);
#6592=AXIS2_PLACEMENT_3D('',#548,#6593,#6594);
#6593=DIRECTION('',(-1.09567202701315E-06,1.0204236407685067E-13,-0.9999999999993997));
#6594=DIRECTION('',(9.313221617514702E-08,0.9999999999999957,0));
#6595=FACE_BOUND('',#6596,.T.);
#6596=EDGE_LOOP('',(#6597,#6598,#6599));
#6597=ORIENTED_EDGE('',*,*,#6600,.T.);
#6598=ORIENTED_EDGE('',*,*,#6601,.T.);
#6599=ORIENTED_EDGE('',*,*,#6602,.T.);
#6600=EDGE_CURVE('',#549,#547,#6603,.F.);
#6601=EDGE_CURVE('',#547,#305,#6604,.T.);
#6602=EDGE_CURVE('',#305,#549,#6605,.T.);
#6603=LINE('',#548,#6606);
#6604=LINE('',#546,#6607);
#6605=LINE('',#304,#6608);
#6606=VECTOR('',#6609,1.0);
#6607=VECTOR('',#6610,1.0);
#6608=VECTOR('',#6611,1.0);
#6609=DIRECTION('',(9.313221617514702E-08,0.9999999999999957,0));
#6610=DIRECTION('',(0.562310425854186,0.8269262270452574,-6.161077197251462E-07));
#6611=DIRECTION('',(-0.020601801004687368,-0.9997877603748521,2.2572715046234266E-08));
#6612=FACE_SURFACE('',(#6617),#6613,.T.);
#6613=PLANE('',#6614);
#6614=AXIS2_PLACEMENT_3D('',#304,#6615,#6616);
#6615=DIRECTION('',(-1.0956694053464122E-06,4.8019841919122815E-14,-0.9999999999993997));
#6616=DIRECTION('',(-4.3826944226794926E-08,-0.999999999999999,0));
#6617=FACE_BOUND('',#6618,.T.);
#6618=EDGE_LOOP('',(#6619,#6620,#6621));
#6619=ORIENTED_EDGE('',*,*,#6622,.T.);
#6620=ORIENTED_EDGE('',*,*,#6623,.T.);
#6621=ORIENTED_EDGE('',*,*,#6624,.T.);
#6622=EDGE_CURVE('',#305,#359,#6625,.F.);
#6623=EDGE_CURVE('',#359,#549,#6626,.T.);
#6624=EDGE_CURVE('',#549,#305,#6627,.T.);
#6625=LINE('',#304,#6628);
#6626=LINE('',#358,#6629);
#6627=LINE('',#548,#6630);
#6628=VECTOR('',#6631,1.0);
#6629=VECTOR('',#6632,1.0);
#6630=VECTOR('',#6633,1.0);
#6631=DIRECTION('',(-4.3826944226794926E-08,-0.999999999999999,0));
#6632=DIRECTION('',(-0.562316998165558,0.8269217578306282,6.161135707052584E-07));
#6633=DIRECTION('',(0.020601801004687368,0.9997877603748521,-2.2572715046234266E-08));
#6634=FACE_SURFACE('',(#6639),#6635,.T.);
#6635=PLANE('',#6636);
#6636=AXIS2_PLACEMENT_3D('',#34,#6637,#6638);
#6637=DIRECTION('',(-0,-1,0));
#6638=DIRECTION('',(-0.9999999999999993,0,3.725290242950761E-08));
#6639=FACE_BOUND('',#6640,.T.);
#6640=EDGE_LOOP('',(#6641,#6642,#6643));
#6641=ORIENTED_EDGE('',*,*,#6644,.T.);
#6642=ORIENTED_EDGE('',*,*,#6645,.T.);
#6643=ORIENTED_EDGE('',*,*,#6646,.T.);
#6644=EDGE_CURVE('',#35,#47,#6647,.F.);
#6645=EDGE_CURVE('',#47,#361,#6648,.T.);
#6646=EDGE_CURVE('',#361,#35,#6649,.T.);
#6647=LINE('',#34,#6650);
#6648=LINE('',#46,#6651);
#6649=LINE('',#360,#6652);
#6650=VECTOR('',#6653,1.0);
#6651=VECTOR('',#6654,1.0);
#6652=VECTOR('',#6655,1.0);
#6653=DIRECTION('',(-0.9999999999999993,0,3.725290242950761E-08));
#6654=DIRECTION('',(0,0,-1));
#6655=DIRECTION('',(0.9995503050974334,0,0.029986456603406327));
#6656=FACE_SURFACE('',(#6661),#6657,.T.);
#6657=PLANE('',#6658);
#6658=AXIS2_PLACEMENT_3D('',#34,#6659,#6660);
#6659=DIRECTION('',(0,-1,-0));
#6660=DIRECTION('',(-0.9995503050974334,0,-0.029986456603406327));
#6661=FACE_BOUND('',#6662,.T.);
#6662=EDGE_LOOP('',(#6663,#6664,#6665));
#6663=ORIENTED_EDGE('',*,*,#6666,.T.);
#6664=ORIENTED_EDGE('',*,*,#6667,.T.);
#6665=ORIENTED_EDGE('',*,*,#6668,.T.);
#6666=EDGE_CURVE('',#35,#361,#6669,.F.);
#6667=EDGE_CURVE('',#361,#359,#6670,.T.);
#6668=EDGE_CURVE('',#359,#35,#6671,.T.);
#6669=LINE('',#34,#6672);
#6670=LINE('',#360,#6673);
#6671=LINE('',#358,#6674);
#6672=VECTOR('',#6675,1.0);
#6673=VECTOR('',#6676,1.0);
#6674=VECTOR('',#6677,1.0);
#6675=DIRECTION('',(-0.9995503050974334,0,-0.029986456603406327));
#6676=DIRECTION('',(0.9999999999999972,0,-7.450580485901507E-08));
#6677=DIRECTION('',(0,0,1));
#6678=FACE_SURFACE('',(#6683),#6679,.T.);
#6679=PLANE('',#6680);
#6680=AXIS2_PLACEMENT_3D('',#244,#6681,#6682);
#6681=DIRECTION('',(0,1,0));
#6682=DIRECTION('',(0.9999999999999993,0,-3.7252905205065296E-08));
#6683=FACE_BOUND('',#6684,.T.);
#6684=EDGE_LOOP('',(#6685,#6686,#6687));
#6685=ORIENTED_EDGE('',*,*,#6688,.T.);
#6686=ORIENTED_EDGE('',*,*,#6689,.T.);
#6687=ORIENTED_EDGE('',*,*,#6690,.T.);
#6688=EDGE_CURVE('',#245,#93,#6691,.F.);
#6689=EDGE_CURVE('',#93,#305,#6692,.T.);
#6690=EDGE_CURVE('',#305,#245,#6693,.T.);
#6691=LINE('',#244,#6694);
#6692=LINE('',#92,#6695);
#6693=LINE('',#304,#6696);
#6694=VECTOR('',#6697,1.0);
#6695=VECTOR('',#6698,1.0);
#6696=VECTOR('',#6699,1.0);
#6697=DIRECTION('',(0.9999999999999993,0,-3.7252905205065296E-08));
#6698=DIRECTION('',(0,0,-1));
#6699=DIRECTION('',(-0.9995503016822278,0,0.029986570443573494));
#6700=FACE_SURFACE('',(#6705),#6701,.T.);
#6701=PLANE('',#6702);
#6702=AXIS2_PLACEMENT_3D('',#244,#6703,#6704);
#6703=DIRECTION('',(0,1,0));
#6704=DIRECTION('',(0.9995503016822278,0,-0.029986570443573494));
#6705=FACE_BOUND('',#6706,.T.);
#6706=EDGE_LOOP('',(#6707,#6708,#6709));
#6707=ORIENTED_EDGE('',*,*,#6710,.T.);
#6708=ORIENTED_EDGE('',*,*,#6711,.T.);
#6709=ORIENTED_EDGE('',*,*,#6712,.T.);
#6710=EDGE_CURVE('',#245,#305,#6713,.F.);
#6711=EDGE_CURVE('',#305,#303,#6714,.T.);
#6712=EDGE_CURVE('',#303,#245,#6715,.T.);
#6713=LINE('',#244,#6716);
#6714=LINE('',#304,#6717);
#6715=LINE('',#302,#6718);
#6716=VECTOR('',#6719,1.0);
#6717=VECTOR('',#6720,1.0);
#6718=VECTOR('',#6721,1.0);
#6719=DIRECTION('',(0.9995503016822278,0,-0.029986570443573494));
#6720=DIRECTION('',(-0.9999999999999972,0,7.450581041013043E-08));
#6721=DIRECTION('',(0,0,1));
#6722=FACE_SURFACE('',(#6727),#6723,.T.);
#6723=PLANE('',#6724);
#6724=AXIS2_PLACEMENT_3D('',#46,#6725,#6726);
#6725=DIRECTION('',(-0.9999999999999962,8.76538884535896E-08,0));
#6726=DIRECTION('',(8.76538884535896E-08,0.9999999999999961,0));
#6727=FACE_BOUND('',#6728,.T.);
#6728=EDGE_LOOP('',(#6729,#6730,#6731));
#6729=ORIENTED_EDGE('',*,*,#6732,.T.);
#6730=ORIENTED_EDGE('',*,*,#6733,.T.);
#6731=ORIENTED_EDGE('',*,*,#6734,.T.);
#6732=EDGE_CURVE('',#47,#245,#6735,.F.);
#6733=EDGE_CURVE('',#245,#303,#6736,.T.);
#6734=EDGE_CURVE('',#303,#47,#6737,.T.);
#6735=LINE('',#46,#6738);
#6736=LINE('',#244,#6739);
#6737=LINE('',#302,#6740);
#6738=VECTOR('',#6741,1.0);
#6739=VECTOR('',#6742,1.0);
#6740=VECTOR('',#6743,1.0);
#6741=DIRECTION('',(8.76538884535896E-08,0.9999999999999961,0));
#6742=DIRECTION('',(0,0,-1));
#6743=DIRECTION('',(-8.764024312503768E-08,-0.9998443271736943,0.0176443027228235));
#6744=FACE_SURFACE('',(#6749),#6745,.T.);
#6745=PLANE('',#6746);
#6746=AXIS2_PLACEMENT_3D('',#46,#6747,#6748);
#6747=DIRECTION('',(-0.9999999999999962,8.76538884535896E-08,0));
#6748=DIRECTION('',(8.764024312503768E-08,0.9998443271736943,-0.0176443027228235));
#6749=FACE_BOUND('',#6750,.T.);
#6750=EDGE_LOOP('',(#6751,#6752,#6753));
#6751=ORIENTED_EDGE('',*,*,#6754,.T.);
#6752=ORIENTED_EDGE('',*,*,#6755,.T.);
#6753=ORIENTED_EDGE('',*,*,#6756,.T.);
#6754=EDGE_CURVE('',#47,#303,#6757,.F.);
#6755=EDGE_CURVE('',#303,#361,#6758,.T.);
#6756=EDGE_CURVE('',#361,#47,#6759,.T.);
#6757=LINE('',#46,#6760);
#6758=LINE('',#302,#6761);
#6759=LINE('',#360,#6762);
#6760=VECTOR('',#6763,1.0);
#6761=VECTOR('',#6764,1.0);
#6762=VECTOR('',#6765,1.0);
#6763=DIRECTION('',(8.764024312503768E-08,0.9998443271736943,-0.0176443027228235));
#6764=DIRECTION('',(-8.76538884535896E-08,-0.9999999999999961,0));
#6765=DIRECTION('',(0,0,1));
#6766=FACE_SURFACE('',(#6771),#6767,.T.);
#6767=PLANE('',#6768);
#6768=AXIS2_PLACEMENT_3D('',#92,#6769,#6770);
#6769=DIRECTION('',(0.9999999999999991,-4.382694422679493E-08,0));
#6770=DIRECTION('',(-4.3826944226794926E-08,-0.999999999999999,0));
#6771=FACE_BOUND('',#6772,.T.);
#6772=EDGE_LOOP('',(#6773,#6774,#6775));
#6773=ORIENTED_EDGE('',*,*,#6776,.T.);
#6774=ORIENTED_EDGE('',*,*,#6777,.T.);
#6775=ORIENTED_EDGE('',*,*,#6778,.T.);
#6776=EDGE_CURVE('',#93,#35,#6779,.F.);
#6777=EDGE_CURVE('',#35,#359,#6780,.T.);
#6778=EDGE_CURVE('',#359,#93,#6781,.T.);
#6779=LINE('',#92,#6782);
#6780=LINE('',#34,#6783);
#6781=LINE('',#358,#6784);
#6782=VECTOR('',#6785,1.0);
#6783=VECTOR('',#6786,1.0);
#6784=VECTOR('',#6787,1.0);
#6785=DIRECTION('',(-4.3826944226794926E-08,-0.999999999999999,0));
#6786=DIRECTION('',(0,0,-1));
#6787=DIRECTION('',(4.3820121545578646E-08,0.9998443267871696,0.017644324626063253));
#6788=FACE_SURFACE('',(#6793),#6789,.T.);
#6789=PLANE('',#6790);
#6790=AXIS2_PLACEMENT_3D('',#92,#6791,#6792);
#6791=DIRECTION('',(0.9999999999999991,-4.382694422679493E-08,0));
#6792=DIRECTION('',(-4.3820121545578646E-08,-0.9998443267871696,-0.017644324626063253));
#6793=FACE_BOUND('',#6794,.T.);
#6794=EDGE_LOOP('',(#6795,#6796,#6797));
#6795=ORIENTED_EDGE('',*,*,#6798,.T.);
#6796=ORIENTED_EDGE('',*,*,#6799,.T.);
#6797=ORIENTED_EDGE('',*,*,#6800,.T.);
#6798=EDGE_CURVE('',#93,#359,#6801,.F.);
#6799=EDGE_CURVE('',#359,#305,#6802,.T.);
#6800=EDGE_CURVE('',#305,#93,#6803,.T.);
#6801=LINE('',#92,#6804);
#6802=LINE('',#358,#6805);
#6803=LINE('',#304,#6806);
#6804=VECTOR('',#6807,1.0);
#6805=VECTOR('',#6808,1.0);
#6806=VECTOR('',#6809,1.0);
#6807=DIRECTION('',(-4.3820121545578646E-08,-0.9998443267871696,-0.017644324626063253));
#6808=DIRECTION('',(4.3826944226794926E-08,0.999999999999999,0));
#6809=DIRECTION('',(0,0,1));
#6810=FACE_SURFACE('',(#6815),#6811,.T.);
#6811=PLANE('',#6812);
#6812=AXIS2_PLACEMENT_3D('',#112,#6813,#6814);
#6813=DIRECTION('',(-0.9951856438021754,0.09800782810597135,0));
#6814=DIRECTION('',(0.09800782810597135,0.9951856438021754,0));
#6815=FACE_BOUND('',#6816,.T.);
#6816=EDGE_LOOP('',(#6817,#6818,#6819));
#6817=ORIENTED_EDGE('',*,*,#6820,.T.);
#6818=ORIENTED_EDGE('',*,*,#6821,.T.);
#6819=ORIENTED_EDGE('',*,*,#6822,.T.);
#6820=EDGE_CURVE('',#113,#107,#6823,.F.);
#6821=EDGE_CURVE('',#107,#547,#6824,.T.);
#6822=EDGE_CURVE('',#547,#113,#6825,.T.);
#6823=LINE('',#112,#6826);
#6824=LINE('',#106,#6827);
#6825=LINE('',#546,#6828);
#6826=VECTOR('',#6829,1.0);
#6827=VECTOR('',#6830,1.0);
#6828=VECTOR('',#6831,1.0);
#6829=DIRECTION('',(0.09800782810597135,0.9951856438021754,0));
#6830=DIRECTION('',(0,0,-1));
#6831=DIRECTION('',(-0.010191484823505122,-0.10348580905612473,0.9945787153167372));
#6832=FACE_SURFACE('',(#6837),#6833,.T.);
#6833=PLANE('',#6834);
#6834=AXIS2_PLACEMENT_3D('',#112,#6835,#6836);
#6835=DIRECTION('',(-0.9951856438021754,0.09800782810597135,0));
#6836=DIRECTION('',(0.010191484823505122,0.10348580905612473,-0.9945787153167372));
#6837=FACE_BOUND('',#6838,.T.);
#6838=EDGE_LOOP('',(#6839,#6840,#6841));
#6839=ORIENTED_EDGE('',*,*,#6842,.T.);
#6840=ORIENTED_EDGE('',*,*,#6843,.T.);
#6841=ORIENTED_EDGE('',*,*,#6844,.T.);
#6842=EDGE_CURVE('',#113,#547,#6845,.F.);
#6843=EDGE_CURVE('',#547,#543,#6846,.T.);
#6844=EDGE_CURVE('',#543,#113,#6847,.T.);
#6845=LINE('',#112,#6848);
#6846=LINE('',#546,#6849);
#6847=LINE('',#542,#6850);
#6848=VECTOR('',#6851,1.0);
#6849=VECTOR('',#6852,1.0);
#6850=VECTOR('',#6853,1.0);
#6851=DIRECTION('',(0.010191484823505122,0.10348580905612473,-0.9945787153167372));
#6852=DIRECTION('',(-0.09800782810597135,-0.9951856438021754,0));
#6853=DIRECTION('',(0,0,1));
#6854=FACE_SURFACE('',(#6859),#6855,.T.);
#6855=PLANE('',#6856);
#6856=AXIS2_PLACEMENT_3D('',#118,#6857,#6858);
#6857=DIRECTION('',(-0.956940453205868,0.2902842899954251,0));
#6858=DIRECTION('',(0.2902842899954251,0.9569404532058678,0));
#6859=FACE_BOUND('',#6860,.T.);
#6860=EDGE_LOOP('',(#6861,#6862,#6863));
#6861=ORIENTED_EDGE('',*,*,#6864,.T.);
#6862=ORIENTED_EDGE('',*,*,#6865,.T.);
#6863=ORIENTED_EDGE('',*,*,#6866,.T.);
#6864=EDGE_CURVE('',#119,#113,#6867,.F.);
#6865=EDGE_CURVE('',#113,#543,#6868,.T.);
#6866=EDGE_CURVE('',#543,#119,#6869,.T.);
#6867=LINE('',#118,#6870);
#6868=LINE('',#112,#6871);
#6869=LINE('',#542,#6872);
#6870=VECTOR('',#6873,1.0);
#6871=VECTOR('',#6874,1.0);
#6872=VECTOR('',#6875,1.0);
#6873=DIRECTION('',(0.2902842899954251,0.9569404532058678,0));
#6874=DIRECTION('',(0,0,-1));
#6875=DIRECTION('',(-0.030184199949548195,-0.09950411708409161,0.9945792300046895));
#6876=FACE_SURFACE('',(#6881),#6877,.T.);
#6877=PLANE('',#6878);
#6878=AXIS2_PLACEMENT_3D('',#118,#6879,#6880);
#6879=DIRECTION('',(-0.956940453205868,0.2902842899954251,0));
#6880=DIRECTION('',(0.030184199949548195,0.09950411708409161,-0.9945792300046895));
#6881=FACE_BOUND('',#6882,.T.);
#6882=EDGE_LOOP('',(#6883,#6884,#6885));
#6883=ORIENTED_EDGE('',*,*,#6886,.T.);
#6884=ORIENTED_EDGE('',*,*,#6887,.T.);
#6885=ORIENTED_EDGE('',*,*,#6888,.T.);
#6886=EDGE_CURVE('',#119,#543,#6889,.F.);
#6887=EDGE_CURVE('',#543,#539,#6890,.T.);
#6888=EDGE_CURVE('',#539,#119,#6891,.T.);
#6889=LINE('',#118,#6892);
#6890=LINE('',#542,#6893);
#6891=LINE('',#538,#6894);
#6892=VECTOR('',#6895,1.0);
#6893=VECTOR('',#6896,1.0);
#6894=VECTOR('',#6897,1.0);
#6895=DIRECTION('',(0.030184199949548195,0.09950411708409161,-0.9945792300046895));
#6896=DIRECTION('',(-0.2902842899954251,-0.9569404532058678,0));
#6897=DIRECTION('',(0,0,1));
#6898=FACE_SURFACE('',(#6903),#6899,.T.);
#6899=PLANE('',#6900);
#6900=AXIS2_PLACEMENT_3D('',#120,#6901,#6902);
#6901=DIRECTION('',(-0.8819146425699568,0.471409125092743,0));
#6902=DIRECTION('',(0.471409125092743,0.8819146425699568,0));
#6903=FACE_BOUND('',#6904,.T.);
#6904=EDGE_LOOP('',(#6905,#6906,#6907));
#6905=ORIENTED_EDGE('',*,*,#6908,.T.);
#6906=ORIENTED_EDGE('',*,*,#6909,.T.);
#6907=ORIENTED_EDGE('',*,*,#6910,.T.);
#6908=EDGE_CURVE('',#121,#119,#6911,.F.);
#6909=EDGE_CURVE('',#119,#539,#6912,.T.);
#6910=EDGE_CURVE('',#539,#121,#6913,.T.);
#6911=LINE('',#120,#6914);
#6912=LINE('',#118,#6915);
#6913=LINE('',#538,#6916);
#6914=VECTOR('',#6917,1.0);
#6915=VECTOR('',#6918,1.0);
#6916=VECTOR('',#6919,1.0);
#6917=DIRECTION('',(0.471409125092743,0.8819146425699568,0));
#6918=DIRECTION('',(0,0,-1));
#6919=DIRECTION('',(-0.04902088581038825,-0.09170852808465661,0.9945785532731493));
#6920=FACE_SURFACE('',(#6925),#6921,.T.);
#6921=PLANE('',#6922);
#6922=AXIS2_PLACEMENT_3D('',#120,#6923,#6924);
#6923=DIRECTION('',(-0.8819146425699568,0.471409125092743,0));
#6924=DIRECTION('',(0.04902088581038825,0.09170852808465661,-0.9945785532731493));
#6925=FACE_BOUND('',#6926,.T.);
#6926=EDGE_LOOP('',(#6927,#6928,#6929));
#6927=ORIENTED_EDGE('',*,*,#6930,.T.);
#6928=ORIENTED_EDGE('',*,*,#6931,.T.);
#6929=ORIENTED_EDGE('',*,*,#6932,.T.);
#6930=EDGE_CURVE('',#121,#539,#6933,.F.);
#6931=EDGE_CURVE('',#539,#535,#6934,.T.);
#6932=EDGE_CURVE('',#535,#121,#6935,.T.);
#6933=LINE('',#120,#6936);
#6934=LINE('',#538,#6937);
#6935=LINE('',#534,#6938);
#6936=VECTOR('',#6939,1.0);
#6937=VECTOR('',#6940,1.0);
#6938=VECTOR('',#6941,1.0);
#6939=DIRECTION('',(0.04902088581038825,0.09170852808465661,-0.9945785532731493));
#6940=DIRECTION('',(-0.471409125092743,-0.8819146425699568,0));
#6941=DIRECTION('',(0,0,1));
#6942=FACE_SURFACE('',(#6947),#6943,.T.);
#6943=PLANE('',#6944);
#6944=AXIS2_PLACEMENT_3D('',#122,#6945,#6946);
#6945=DIRECTION('',(-0.7730261777003519,0.6343741235185938,0));
#6946=DIRECTION('',(0.6343741235185938,0.7730261777003519,0));
#6947=FACE_BOUND('',#6948,.T.);
#6948=EDGE_LOOP('',(#6949,#6950,#6951));
#6949=ORIENTED_EDGE('',*,*,#6952,.T.);
#6950=ORIENTED_EDGE('',*,*,#6953,.T.);
#6951=ORIENTED_EDGE('',*,*,#6954,.T.);
#6952=EDGE_CURVE('',#123,#121,#6955,.F.);
#6953=EDGE_CURVE('',#121,#535,#6956,.T.);
#6954=EDGE_CURVE('',#535,#123,#6957,.T.);
#6955=LINE('',#122,#6958);
#6956=LINE('',#120,#6959);
#6957=LINE('',#534,#6960);
#6958=VECTOR('',#6961,1.0);
#6959=VECTOR('',#6962,1.0);
#6960=VECTOR('',#6963,1.0);
#6961=DIRECTION('',(0.6343741235185938,0.7730261777003519,0));
#6962=DIRECTION('',(0,0,-1));
#6963=DIRECTION('',(-0.06596554243252262,-0.08038330889618751,0.9945788409485109));
#6964=FACE_SURFACE('',(#6969),#6965,.T.);
#6965=PLANE('',#6966);
#6966=AXIS2_PLACEMENT_3D('',#122,#6967,#6968);
#6967=DIRECTION('',(-0.7730261777003519,0.6343741235185938,0));
#6968=DIRECTION('',(0.06596554243252262,0.08038330889618751,-0.9945788409485109));
#6969=FACE_BOUND('',#6970,.T.);
#6970=EDGE_LOOP('',(#6971,#6972,#6973));
#6971=ORIENTED_EDGE('',*,*,#6974,.T.);
#6972=ORIENTED_EDGE('',*,*,#6975,.T.);
#6973=ORIENTED_EDGE('',*,*,#6976,.T.);
#6974=EDGE_CURVE('',#123,#535,#6977,.F.);
#6975=EDGE_CURVE('',#535,#531,#6978,.T.);
#6976=EDGE_CURVE('',#531,#123,#6979,.T.);
#6977=LINE('',#122,#6980);
#6978=LINE('',#534,#6981);
#6979=LINE('',#530,#6982);
#6980=VECTOR('',#6983,1.0);
#6981=VECTOR('',#6984,1.0);
#6982=VECTOR('',#6985,1.0);
#6983=DIRECTION('',(0.06596554243252262,0.08038330889618751,-0.9945788409485109));
#6984=DIRECTION('',(-0.6343741235185938,-0.7730261777003519,0));
#6985=DIRECTION('',(0,0,1));
#6986=FACE_SURFACE('',(#6991),#6987,.T.);
#6987=PLANE('',#6988);
#6988=AXIS2_PLACEMENT_3D('',#122,#6989,#6990);
#6989=DIRECTION('',(-0.6343857723286809,0.7730166181052922,0));
#6990=DIRECTION('',(0,0,-1));
#6991=FACE_BOUND('',#6992,.T.);
#6992=EDGE_LOOP('',(#6993,#6994,#6995));
#6993=ORIENTED_EDGE('',*,*,#6996,.T.);
#6994=ORIENTED_EDGE('',*,*,#6997,.T.);
#6995=ORIENTED_EDGE('',*,*,#6998,.T.);
#6996=EDGE_CURVE('',#123,#531,#6999,.F.);
#6997=EDGE_CURVE('',#531,#527,#7000,.T.);
#6998=EDGE_CURVE('',#527,#123,#7001,.T.);
#6999=LINE('',#122,#7002);
#7000=LINE('',#530,#7003);
#7001=LINE('',#526,#7004);
#7002=VECTOR('',#7005,1.0);
#7003=VECTOR('',#7006,1.0);
#7004=VECTOR('',#7007,1.0);
#7005=DIRECTION('',(0,0,-1));
#7006=DIRECTION('',(-0.7730166181052922,-0.6343857723286809,0));
#7007=DIRECTION('',(0.08038085479122384,0.06596555552991284,0.9945790384211112));
#7008=FACE_SURFACE('',(#7013),#7009,.T.);
#7009=PLANE('',#7010);
#7010=AXIS2_PLACEMENT_3D('',#122,#7011,#7012);
#7011=DIRECTION('',(-0.6343857723286809,0.7730166181052922,0));
#7012=DIRECTION('',(-0.08038085479122384,-0.06596555552991284,-0.9945790384211112));
#7013=FACE_BOUND('',#7014,.T.);
#7014=EDGE_LOOP('',(#7015,#7016,#7017));
#7015=ORIENTED_EDGE('',*,*,#7018,.T.);
#7016=ORIENTED_EDGE('',*,*,#7019,.T.);
#7017=ORIENTED_EDGE('',*,*,#7020,.T.);
#7018=EDGE_CURVE('',#123,#527,#7021,.F.);
#7019=EDGE_CURVE('',#527,#127,#7022,.T.);
#7020=EDGE_CURVE('',#127,#123,#7023,.T.);
#7021=LINE('',#122,#7024);
#7022=LINE('',#526,#7025);
#7023=LINE('',#126,#7026);
#7024=VECTOR('',#7027,1.0);
#7025=VECTOR('',#7028,1.0);
#7026=VECTOR('',#7029,1.0);
#7027=DIRECTION('',(-0.08038085479122384,-0.06596555552991284,-0.9945790384211112));
#7028=DIRECTION('',(0,0,1));
#7029=DIRECTION('',(0.7730166181052922,0.6343857723286809,0));
#7030=FACE_SURFACE('',(#7035),#7031,.T.);
#7031=PLANE('',#7032);
#7032=AXIS2_PLACEMENT_3D('',#126,#7033,#7034);
#7033=DIRECTION('',(-0.47139065005224473,0.8819245177697024,0));
#7034=DIRECTION('',(0,0,-1));
#7035=FACE_BOUND('',#7036,.T.);
#7036=EDGE_LOOP('',(#7037,#7038,#7039));
#7037=ORIENTED_EDGE('',*,*,#7040,.T.);
#7038=ORIENTED_EDGE('',*,*,#7041,.T.);
#7039=ORIENTED_EDGE('',*,*,#7042,.T.);
#7040=EDGE_CURVE('',#127,#527,#7043,.F.);
#7041=EDGE_CURVE('',#527,#523,#7044,.T.);
#7042=EDGE_CURVE('',#523,#127,#7045,.T.);
#7043=LINE('',#126,#7046);
#7044=LINE('',#526,#7047);
#7045=LINE('',#522,#7048);
#7046=VECTOR('',#7049,1.0);
#7047=VECTOR('',#7050,1.0);
#7048=VECTOR('',#7051,1.0);
#7049=DIRECTION('',(0,0,-1));
#7050=DIRECTION('',(-0.8819245177697025,-0.4713906500522448,0));
#7051=DIRECTION('',(0.0917085391888798,0.049018421681839036,0.9945786736983974));
#7052=FACE_SURFACE('',(#7057),#7053,.T.);
#7053=PLANE('',#7054);
#7054=AXIS2_PLACEMENT_3D('',#126,#7055,#7056);
#7055=DIRECTION('',(-0.47139065005224473,0.8819245177697024,0));
#7056=DIRECTION('',(-0.0917085391888798,-0.049018421681839036,-0.9945786736983974));
#7057=FACE_BOUND('',#7058,.T.);
#7058=EDGE_LOOP('',(#7059,#7060,#7061));
#7059=ORIENTED_EDGE('',*,*,#7062,.T.);
#7060=ORIENTED_EDGE('',*,*,#7063,.T.);
#7061=ORIENTED_EDGE('',*,*,#7064,.T.);
#7062=EDGE_CURVE('',#127,#523,#7065,.F.);
#7063=EDGE_CURVE('',#523,#131,#7066,.T.);
#7064=EDGE_CURVE('',#131,#127,#7067,.T.);
#7065=LINE('',#126,#7068);
#7066=LINE('',#522,#7069);
#7067=LINE('',#130,#7070);
#7068=VECTOR('',#7071,1.0);
#7069=VECTOR('',#7072,1.0);
#7070=VECTOR('',#7073,1.0);
#7071=DIRECTION('',(-0.0917085391888798,-0.049018421681839036,-0.9945786736983974));
#7072=DIRECTION('',(0,0,1));
#7073=DIRECTION('',(0.8819245177697025,0.4713906500522448,0));
#7074=FACE_SURFACE('',(#7079),#7075,.T.);
#7075=PLANE('',#7076);
#7076=AXIS2_PLACEMENT_3D('',#130,#7077,#7078);
#7077=DIRECTION('',(-0.290306042920442,0.9569338542678247,0));
#7078=DIRECTION('',(0,0,-1));
#7079=FACE_BOUND('',#7080,.T.);
#7080=EDGE_LOOP('',(#7081,#7082,#7083));
#7081=ORIENTED_EDGE('',*,*,#7084,.T.);
#7082=ORIENTED_EDGE('',*,*,#7085,.T.);
#7083=ORIENTED_EDGE('',*,*,#7086,.T.);
#7084=EDGE_CURVE('',#131,#523,#7087,.F.);
#7085=EDGE_CURVE('',#523,#519,#7088,.T.);
#7086=EDGE_CURVE('',#519,#131,#7089,.T.);
#7087=LINE('',#130,#7090);
#7088=LINE('',#522,#7091);
#7089=LINE('',#518,#7092);
#7090=VECTOR('',#7093,1.0);
#7091=VECTOR('',#7094,1.0);
#7092=VECTOR('',#7095,1.0);
#7093=DIRECTION('',(0,0,-1));
#7094=DIRECTION('',(-0.9569338542678247,-0.290306042920442,0));
#7095=DIRECTION('',(0.09950410966506543,0.03018666776429264,0.99457915584887));
#7096=FACE_SURFACE('',(#7101),#7097,.T.);
#7097=PLANE('',#7098);
#7098=AXIS2_PLACEMENT_3D('',#130,#7099,#7100);
#7099=DIRECTION('',(-0.290306042920442,0.9569338542678247,0));
#7100=DIRECTION('',(-0.09950410966506543,-0.03018666776429264,-0.99457915584887));
#7101=FACE_BOUND('',#7102,.T.);
#7102=EDGE_LOOP('',(#7103,#7104,#7105));
#7103=ORIENTED_EDGE('',*,*,#7106,.T.);
#7104=ORIENTED_EDGE('',*,*,#7107,.T.);
#7105=ORIENTED_EDGE('',*,*,#7108,.T.);
#7106=EDGE_CURVE('',#131,#519,#7109,.F.);
#7107=EDGE_CURVE('',#519,#135,#7110,.T.);
#7108=EDGE_CURVE('',#135,#131,#7111,.T.);
#7109=LINE('',#130,#7112);
#7110=LINE('',#518,#7113);
#7111=LINE('',#134,#7114);
#7112=VECTOR('',#7115,1.0);
#7113=VECTOR('',#7116,1.0);
#7114=VECTOR('',#7117,1.0);
#7115=DIRECTION('',(-0.09950410966506543,-0.03018666776429264,-0.99457915584887));
#7116=DIRECTION('',(0,0,1));
#7117=DIRECTION('',(0.9569338542678247,0.290306042920442,0));
#7118=FACE_SURFACE('',(#7123),#7119,.T.);
#7119=PLANE('',#7120);
#7120=AXIS2_PLACEMENT_3D('',#134,#7121,#7122);
#7121=DIRECTION('',(-0.09800782810597135,0.9951856438021754,0));
#7122=DIRECTION('',(0,0,-1));
#7123=FACE_BOUND('',#7124,.T.);
#7124=EDGE_LOOP('',(#7125,#7126,#7127));
#7125=ORIENTED_EDGE('',*,*,#7128,.T.);
#7126=ORIENTED_EDGE('',*,*,#7129,.T.);
#7127=ORIENTED_EDGE('',*,*,#7130,.T.);
#7128=EDGE_CURVE('',#135,#519,#7131,.F.);
#7129=EDGE_CURVE('',#519,#511,#7132,.T.);
#7130=EDGE_CURVE('',#511,#135,#7133,.T.);
#7131=LINE('',#134,#7134);
#7132=LINE('',#518,#7135);
#7133=LINE('',#510,#7136);
#7134=VECTOR('',#7137,1.0);
#7135=VECTOR('',#7138,1.0);
#7136=VECTOR('',#7139,1.0);
#7137=DIRECTION('',(0,0,-1));
#7138=DIRECTION('',(-0.9951856438021754,-0.09800782810597135,0));
#7139=DIRECTION('',(0.10348580905612473,0.010191484823505122,0.9945787153167372));
#7140=FACE_SURFACE('',(#7145),#7141,.T.);
#7141=PLANE('',#7142);
#7142=AXIS2_PLACEMENT_3D('',#134,#7143,#7144);
#7143=DIRECTION('',(-0.09800782810597135,0.9951856438021754,0));
#7144=DIRECTION('',(-0.10348580905612473,-0.010191484823505122,-0.9945787153167372));
#7145=FACE_BOUND('',#7146,.T.);
#7146=EDGE_LOOP('',(#7147,#7148,#7149));
#7147=ORIENTED_EDGE('',*,*,#7150,.T.);
#7148=ORIENTED_EDGE('',*,*,#7151,.T.);
#7149=ORIENTED_EDGE('',*,*,#7152,.T.);
#7150=EDGE_CURVE('',#135,#511,#7153,.F.);
#7151=EDGE_CURVE('',#511,#139,#7154,.T.);
#7152=EDGE_CURVE('',#139,#135,#7155,.T.);
#7153=LINE('',#134,#7156);
#7154=LINE('',#510,#7157);
#7155=LINE('',#138,#7158);
#7156=VECTOR('',#7159,1.0);
#7157=VECTOR('',#7160,1.0);
#7158=VECTOR('',#7161,1.0);
#7159=DIRECTION('',(-0.10348580905612473,-0.010191484823505122,-0.9945787153167372));
#7160=DIRECTION('',(0,0,1));
#7161=DIRECTION('',(0.9951856438021754,0.09800782810597135,0));
#7162=FACE_SURFACE('',(#7167),#7163,.T.);
#7163=PLANE('',#7164);
#7164=AXIS2_PLACEMENT_3D('',#138,#7165,#7166);
#7165=DIRECTION('',(0.09800782810597135,0.9951856438021754,0));
#7166=DIRECTION('',(0,0,-1));
#7167=FACE_BOUND('',#7168,.T.);
#7168=EDGE_LOOP('',(#7169,#7170,#7171));
#7169=ORIENTED_EDGE('',*,*,#7172,.T.);
#7170=ORIENTED_EDGE('',*,*,#7173,.T.);
#7171=ORIENTED_EDGE('',*,*,#7174,.T.);
#7172=EDGE_CURVE('',#139,#511,#7175,.F.);
#7173=EDGE_CURVE('',#511,#509,#7176,.T.);
#7174=EDGE_CURVE('',#509,#139,#7177,.T.);
#7175=LINE('',#138,#7178);
#7176=LINE('',#510,#7179);
#7177=LINE('',#508,#7180);
#7178=VECTOR('',#7181,1.0);
#7179=VECTOR('',#7182,1.0);
#7180=VECTOR('',#7183,1.0);
#7181=DIRECTION('',(0,0,-1));
#7182=DIRECTION('',(-0.9951856438021754,0.09800782810597135,0));
#7183=DIRECTION('',(0.10348580905612473,-0.010191484823505122,0.9945787153167372));
#7184=FACE_SURFACE('',(#7189),#7185,.T.);
#7185=PLANE('',#7186);
#7186=AXIS2_PLACEMENT_3D('',#138,#7187,#7188);
#7187=DIRECTION('',(0.09800782810597135,0.9951856438021754,0));
#7188=DIRECTION('',(-0.10348580905612473,0.010191484823505122,-0.9945787153167372));
#7189=FACE_BOUND('',#7190,.T.);
#7190=EDGE_LOOP('',(#7191,#7192,#7193));
#7191=ORIENTED_EDGE('',*,*,#7194,.T.);
#7192=ORIENTED_EDGE('',*,*,#7195,.T.);
#7193=ORIENTED_EDGE('',*,*,#7196,.T.);
#7194=EDGE_CURVE('',#139,#509,#7197,.F.);
#7195=EDGE_CURVE('',#509,#143,#7198,.T.);
#7196=EDGE_CURVE('',#143,#139,#7199,.T.);
#7197=LINE('',#138,#7200);
#7198=LINE('',#508,#7201);
#7199=LINE('',#142,#7202);
#7200=VECTOR('',#7203,1.0);
#7201=VECTOR('',#7204,1.0);
#7202=VECTOR('',#7205,1.0);
#7203=DIRECTION('',(-0.10348580905612473,0.010191484823505122,-0.9945787153167372));
#7204=DIRECTION('',(0,0,1));
#7205=DIRECTION('',(0.9951856438021754,-0.09800782810597135,0));
#7206=FACE_SURFACE('',(#7211),#7207,.T.);
#7207=PLANE('',#7208);
#7208=AXIS2_PLACEMENT_3D('',#142,#7209,#7210);
#7209=DIRECTION('',(0.290306042920442,0.9569338542678247,0));
#7210=DIRECTION('',(0,0,-1));
#7211=FACE_BOUND('',#7212,.T.);
#7212=EDGE_LOOP('',(#7213,#7214,#7215));
#7213=ORIENTED_EDGE('',*,*,#7216,.T.);
#7214=ORIENTED_EDGE('',*,*,#7217,.T.);
#7215=ORIENTED_EDGE('',*,*,#7218,.T.);
#7216=EDGE_CURVE('',#143,#509,#7219,.F.);
#7217=EDGE_CURVE('',#509,#503,#7220,.T.);
#7218=EDGE_CURVE('',#503,#143,#7221,.T.);
#7219=LINE('',#142,#7222);
#7220=LINE('',#508,#7223);
#7221=LINE('',#502,#7224);
#7222=VECTOR('',#7225,1.0);
#7223=VECTOR('',#7226,1.0);
#7224=VECTOR('',#7227,1.0);
#7225=DIRECTION('',(0,0,-1));
#7226=DIRECTION('',(-0.9569338542678247,0.290306042920442,0));
#7227=DIRECTION('',(0.09950410966506543,-0.03018666776429264,0.99457915584887));
#7228=FACE_SURFACE('',(#7233),#7229,.T.);
#7229=PLANE('',#7230);
#7230=AXIS2_PLACEMENT_3D('',#142,#7231,#7232);
#7231=DIRECTION('',(0.290306042920442,0.9569338542678247,0));
#7232=DIRECTION('',(-0.09950410966506543,0.03018666776429264,-0.99457915584887));
#7233=FACE_BOUND('',#7234,.T.);
#7234=EDGE_LOOP('',(#7235,#7236,#7237));
#7235=ORIENTED_EDGE('',*,*,#7238,.T.);
#7236=ORIENTED_EDGE('',*,*,#7239,.T.);
#7237=ORIENTED_EDGE('',*,*,#7240,.T.);
#7238=EDGE_CURVE('',#143,#503,#7241,.F.);
#7239=EDGE_CURVE('',#503,#147,#7242,.T.);
#7240=EDGE_CURVE('',#147,#143,#7243,.T.);
#7241=LINE('',#142,#7244);
#7242=LINE('',#502,#7245);
#7243=LINE('',#146,#7246);
#7244=VECTOR('',#7247,1.0);
#7245=VECTOR('',#7248,1.0);
#7246=VECTOR('',#7249,1.0);
#7247=DIRECTION('',(-0.09950410966506543,0.03018666776429264,-0.99457915584887));
#7248=DIRECTION('',(0,0,1));
#7249=DIRECTION('',(0.9569338542678247,-0.290306042920442,0));
#7250=FACE_SURFACE('',(#7255),#7251,.T.);
#7251=PLANE('',#7252);
#7252=AXIS2_PLACEMENT_3D('',#146,#7253,#7254);
#7253=DIRECTION('',(0.47139065005224473,0.8819245177697024,0));
#7254=DIRECTION('',(0,0,-1));
#7255=FACE_BOUND('',#7256,.T.);
#7256=EDGE_LOOP('',(#7257,#7258,#7259));
#7257=ORIENTED_EDGE('',*,*,#7260,.T.);
#7258=ORIENTED_EDGE('',*,*,#7261,.T.);
#7259=ORIENTED_EDGE('',*,*,#7262,.T.);
#7260=EDGE_CURVE('',#147,#503,#7263,.F.);
#7261=EDGE_CURVE('',#503,#501,#7264,.T.);
#7262=EDGE_CURVE('',#501,#147,#7265,.T.);
#7263=LINE('',#146,#7266);
#7264=LINE('',#502,#7267);
#7265=LINE('',#500,#7268);
#7266=VECTOR('',#7269,1.0);
#7267=VECTOR('',#7270,1.0);
#7268=VECTOR('',#7271,1.0);
#7269=DIRECTION('',(0,0,-1));
#7270=DIRECTION('',(-0.8819245177697025,0.4713906500522448,0));
#7271=DIRECTION('',(0.0917085391888798,-0.049018421681839036,0.9945786736983974));
#7272=FACE_SURFACE('',(#7277),#7273,.T.);
#7273=PLANE('',#7274);
#7274=AXIS2_PLACEMENT_3D('',#146,#7275,#7276);
#7275=DIRECTION('',(0.47139065005224473,0.8819245177697024,0));
#7276=DIRECTION('',(-0.0917085391888798,0.049018421681839036,-0.9945786736983974));
#7277=FACE_BOUND('',#7278,.T.);
#7278=EDGE_LOOP('',(#7279,#7280,#7281));
#7279=ORIENTED_EDGE('',*,*,#7282,.T.);
#7280=ORIENTED_EDGE('',*,*,#7283,.T.);
#7281=ORIENTED_EDGE('',*,*,#7284,.T.);
#7282=EDGE_CURVE('',#147,#501,#7285,.F.);
#7283=EDGE_CURVE('',#501,#151,#7286,.T.);
#7284=EDGE_CURVE('',#151,#147,#7287,.T.);
#7285=LINE('',#146,#7288);
#7286=LINE('',#500,#7289);
#7287=LINE('',#150,#7290);
#7288=VECTOR('',#7291,1.0);
#7289=VECTOR('',#7292,1.0);
#7290=VECTOR('',#7293,1.0);
#7291=DIRECTION('',(-0.0917085391888798,0.049018421681839036,-0.9945786736983974));
#7292=DIRECTION('',(0,0,1));
#7293=DIRECTION('',(0.8819245177697025,-0.4713906500522448,0));
#7294=FACE_SURFACE('',(#7299),#7295,.T.);
#7295=PLANE('',#7296);
#7296=AXIS2_PLACEMENT_3D('',#150,#7297,#7298);
#7297=DIRECTION('',(0.6343857723286809,0.7730166181052922,0));
#7298=DIRECTION('',(0,0,-1));
#7299=FACE_BOUND('',#7300,.T.);
#7300=EDGE_LOOP('',(#7301,#7302,#7303));
#7301=ORIENTED_EDGE('',*,*,#7304,.T.);
#7302=ORIENTED_EDGE('',*,*,#7305,.T.);
#7303=ORIENTED_EDGE('',*,*,#7306,.T.);
#7304=EDGE_CURVE('',#151,#501,#7307,.F.);
#7305=EDGE_CURVE('',#501,#495,#7308,.T.);
#7306=EDGE_CURVE('',#495,#151,#7309,.T.);
#7307=LINE('',#150,#7310);
#7308=LINE('',#500,#7311);
#7309=LINE('',#494,#7312);
#7310=VECTOR('',#7313,1.0);
#7311=VECTOR('',#7314,1.0);
#7312=VECTOR('',#7315,1.0);
#7313=DIRECTION('',(0,0,-1));
#7314=DIRECTION('',(-0.7730166181052922,0.6343857723286809,0));
#7315=DIRECTION('',(0.08038085479122384,-0.06596555552991284,0.9945790384211112));
#7316=FACE_SURFACE('',(#7321),#7317,.T.);
#7317=PLANE('',#7318);
#7318=AXIS2_PLACEMENT_3D('',#150,#7319,#7320);
#7319=DIRECTION('',(0.6343857723286809,0.7730166181052922,0));
#7320=DIRECTION('',(-0.08038085479122384,0.06596555552991284,-0.9945790384211112));
#7321=FACE_BOUND('',#7322,.T.);
#7322=EDGE_LOOP('',(#7323,#7324,#7325));
#7323=ORIENTED_EDGE('',*,*,#7326,.T.);
#7324=ORIENTED_EDGE('',*,*,#7327,.T.);
#7325=ORIENTED_EDGE('',*,*,#7328,.T.);
#7326=EDGE_CURVE('',#151,#495,#7329,.F.);
#7327=EDGE_CURVE('',#495,#155,#7330,.T.);
#7328=EDGE_CURVE('',#155,#151,#7331,.T.);
#7329=LINE('',#150,#7332);
#7330=LINE('',#494,#7333);
#7331=LINE('',#154,#7334);
#7332=VECTOR('',#7335,1.0);
#7333=VECTOR('',#7336,1.0);
#7334=VECTOR('',#7337,1.0);
#7335=DIRECTION('',(-0.08038085479122384,0.06596555552991284,-0.9945790384211112));
#7336=DIRECTION('',(0,0,1));
#7337=DIRECTION('',(0.7730166181052922,-0.6343857723286809,0));
#7338=FACE_SURFACE('',(#7343),#7339,.T.);
#7339=PLANE('',#7340);
#7340=AXIS2_PLACEMENT_3D('',#492,#7341,#7342);
#7341=DIRECTION('',(0.7730261777003519,0.6343741235185938,-0));
#7342=DIRECTION('',(0,0,1));
#7343=FACE_BOUND('',#7344,.T.);
#7344=EDGE_LOOP('',(#7345,#7346,#7347));
#7345=ORIENTED_EDGE('',*,*,#7348,.T.);
#7346=ORIENTED_EDGE('',*,*,#7349,.T.);
#7347=ORIENTED_EDGE('',*,*,#7350,.T.);
#7348=EDGE_CURVE('',#493,#159,#7351,.F.);
#7349=EDGE_CURVE('',#159,#155,#7352,.T.);
#7350=EDGE_CURVE('',#155,#493,#7353,.T.);
#7351=LINE('',#492,#7354);
#7352=LINE('',#158,#7355);
#7353=LINE('',#154,#7356);
#7354=VECTOR('',#7357,1.0);
#7355=VECTOR('',#7358,1.0);
#7356=VECTOR('',#7359,1.0);
#7357=DIRECTION('',(0,0,1));
#7358=DIRECTION('',(0.6343741235185938,-0.7730261777003519,0));
#7359=DIRECTION('',(-0.06596554243252262,0.08038330889618751,-0.9945788409485109));
#7360=FACE_SURFACE('',(#7365),#7361,.T.);
#7361=PLANE('',#7362);
#7362=AXIS2_PLACEMENT_3D('',#492,#7363,#7364);
#7363=DIRECTION('',(0.7730261777003519,0.6343741235185938,0));
#7364=DIRECTION('',(0.06596554243252262,-0.08038330889618751,0.9945788409485109));
#7365=FACE_BOUND('',#7366,.T.);
#7366=EDGE_LOOP('',(#7367,#7368,#7369));
#7367=ORIENTED_EDGE('',*,*,#7370,.T.);
#7368=ORIENTED_EDGE('',*,*,#7371,.T.);
#7369=ORIENTED_EDGE('',*,*,#7372,.T.);
#7370=EDGE_CURVE('',#493,#155,#7373,.F.);
#7371=EDGE_CURVE('',#155,#495,#7374,.T.);
#7372=EDGE_CURVE('',#495,#493,#7375,.T.);
#7373=LINE('',#492,#7376);
#7374=LINE('',#154,#7377);
#7375=LINE('',#494,#7378);
#7376=VECTOR('',#7379,1.0);
#7377=VECTOR('',#7380,1.0);
#7378=VECTOR('',#7381,1.0);
#7379=DIRECTION('',(0.06596554243252262,-0.08038330889618751,0.9945788409485109));
#7380=DIRECTION('',(0,0,-1));
#7381=DIRECTION('',(-0.6343741235185938,0.7730261777003519,0));
#7382=FACE_SURFACE('',(#7387),#7383,.T.);
#7383=PLANE('',#7384);
#7384=AXIS2_PLACEMENT_3D('',#488,#7385,#7386);
#7385=DIRECTION('',(0.8819146425699568,0.471409125092743,-0));
#7386=DIRECTION('',(0,0,1));
#7387=FACE_BOUND('',#7388,.T.);
#7388=EDGE_LOOP('',(#7389,#7390,#7391));
#7389=ORIENTED_EDGE('',*,*,#7392,.T.);
#7390=ORIENTED_EDGE('',*,*,#7393,.T.);
#7391=ORIENTED_EDGE('',*,*,#7394,.T.);
#7392=EDGE_CURVE('',#489,#163,#7395,.F.);
#7393=EDGE_CURVE('',#163,#159,#7396,.T.);
#7394=EDGE_CURVE('',#159,#489,#7397,.T.);
#7395=LINE('',#488,#7398);
#7396=LINE('',#162,#7399);
#7397=LINE('',#158,#7400);
#7398=VECTOR('',#7401,1.0);
#7399=VECTOR('',#7402,1.0);
#7400=VECTOR('',#7403,1.0);
#7401=DIRECTION('',(0,0,1));
#7402=DIRECTION('',(0.471409125092743,-0.8819146425699568,0));
#7403=DIRECTION('',(-0.04902088581038825,0.09170852808465661,-0.9945785532731493));
#7404=FACE_SURFACE('',(#7409),#7405,.T.);
#7405=PLANE('',#7406);
#7406=AXIS2_PLACEMENT_3D('',#488,#7407,#7408);
#7407=DIRECTION('',(0.8819146425699568,0.471409125092743,0));
#7408=DIRECTION('',(0.04902088581038825,-0.09170852808465661,0.9945785532731493));
#7409=FACE_BOUND('',#7410,.T.);
#7410=EDGE_LOOP('',(#7411,#7412,#7413));
#7411=ORIENTED_EDGE('',*,*,#7414,.T.);
#7412=ORIENTED_EDGE('',*,*,#7415,.T.);
#7413=ORIENTED_EDGE('',*,*,#7416,.T.);
#7414=EDGE_CURVE('',#489,#159,#7417,.F.);
#7415=EDGE_CURVE('',#159,#493,#7418,.T.);
#7416=EDGE_CURVE('',#493,#489,#7419,.T.);
#7417=LINE('',#488,#7420);
#7418=LINE('',#158,#7421);
#7419=LINE('',#492,#7422);
#7420=VECTOR('',#7423,1.0);
#7421=VECTOR('',#7424,1.0);
#7422=VECTOR('',#7425,1.0);
#7423=DIRECTION('',(0.04902088581038825,-0.09170852808465661,0.9945785532731493));
#7424=DIRECTION('',(0,0,-1));
#7425=DIRECTION('',(-0.471409125092743,0.8819146425699568,0));
#7426=FACE_SURFACE('',(#7431),#7427,.T.);
#7427=PLANE('',#7428);
#7428=AXIS2_PLACEMENT_3D('',#486,#7429,#7430);
#7429=DIRECTION('',(0.956940453205868,0.2902842899954251,-0));
#7430=DIRECTION('',(0,0,1));
#7431=FACE_BOUND('',#7432,.T.);
#7432=EDGE_LOOP('',(#7433,#7434,#7435));
#7433=ORIENTED_EDGE('',*,*,#7436,.T.);
#7434=ORIENTED_EDGE('',*,*,#7437,.T.);
#7435=ORIENTED_EDGE('',*,*,#7438,.T.);
#7436=EDGE_CURVE('',#487,#167,#7439,.F.);
#7437=EDGE_CURVE('',#167,#163,#7440,.T.);
#7438=EDGE_CURVE('',#163,#487,#7441,.T.);
#7439=LINE('',#486,#7442);
#7440=LINE('',#166,#7443);
#7441=LINE('',#162,#7444);
#7442=VECTOR('',#7445,1.0);
#7443=VECTOR('',#7446,1.0);
#7444=VECTOR('',#7447,1.0);
#7445=DIRECTION('',(0,0,1));
#7446=DIRECTION('',(0.2902842899954251,-0.9569404532058678,0));
#7447=DIRECTION('',(-0.030184199949548195,0.09950411708409161,-0.9945792300046895));
#7448=FACE_SURFACE('',(#7453),#7449,.T.);
#7449=PLANE('',#7450);
#7450=AXIS2_PLACEMENT_3D('',#486,#7451,#7452);
#7451=DIRECTION('',(0.956940453205868,0.2902842899954251,0));
#7452=DIRECTION('',(0.030184199949548195,-0.09950411708409161,0.9945792300046895));
#7453=FACE_BOUND('',#7454,.T.);
#7454=EDGE_LOOP('',(#7455,#7456,#7457));
#7455=ORIENTED_EDGE('',*,*,#7458,.T.);
#7456=ORIENTED_EDGE('',*,*,#7459,.T.);
#7457=ORIENTED_EDGE('',*,*,#7460,.T.);
#7458=EDGE_CURVE('',#487,#163,#7461,.F.);
#7459=EDGE_CURVE('',#163,#489,#7462,.T.);
#7460=EDGE_CURVE('',#489,#487,#7463,.T.);
#7461=LINE('',#486,#7464);
#7462=LINE('',#162,#7465);
#7463=LINE('',#488,#7466);
#7464=VECTOR('',#7467,1.0);
#7465=VECTOR('',#7468,1.0);
#7466=VECTOR('',#7469,1.0);
#7467=DIRECTION('',(0.030184199949548195,-0.09950411708409161,0.9945792300046895));
#7468=DIRECTION('',(0,0,-1));
#7469=DIRECTION('',(-0.2902842899954251,0.9569404532058678,0));
#7470=FACE_SURFACE('',(#7475),#7471,.T.);
#7471=PLANE('',#7472);
#7472=AXIS2_PLACEMENT_3D('',#348,#7473,#7474);
#7473=DIRECTION('',(0.9951856438021754,0.09800782810597135,-0));
#7474=DIRECTION('',(0,0,1));
#7475=FACE_BOUND('',#7476,.T.);
#7476=EDGE_LOOP('',(#7477,#7478,#7479));
#7477=ORIENTED_EDGE('',*,*,#7480,.T.);
#7478=ORIENTED_EDGE('',*,*,#7481,.T.);
#7479=ORIENTED_EDGE('',*,*,#7482,.T.);
#7480=EDGE_CURVE('',#349,#169,#7483,.F.);
#7481=EDGE_CURVE('',#169,#167,#7484,.T.);
#7482=EDGE_CURVE('',#167,#349,#7485,.T.);
#7483=LINE('',#348,#7486);
#7484=LINE('',#168,#7487);
#7485=LINE('',#166,#7488);
#7486=VECTOR('',#7489,1.0);
#7487=VECTOR('',#7490,1.0);
#7488=VECTOR('',#7491,1.0);
#7489=DIRECTION('',(0,0,1));
#7490=DIRECTION('',(0.09800782810597135,-0.9951856438021754,0));
#7491=DIRECTION('',(-0.010191484823505122,0.10348580905612473,-0.9945787153167372));
#7492=FACE_SURFACE('',(#7497),#7493,.T.);
#7493=PLANE('',#7494);
#7494=AXIS2_PLACEMENT_3D('',#348,#7495,#7496);
#7495=DIRECTION('',(0.9951856438021754,0.09800782810597135,0));
#7496=DIRECTION('',(0.010191484823505122,-0.10348580905612473,0.9945787153167372));
#7497=FACE_BOUND('',#7498,.T.);
#7498=EDGE_LOOP('',(#7499,#7500,#7501));
#7499=ORIENTED_EDGE('',*,*,#7502,.T.);
#7500=ORIENTED_EDGE('',*,*,#7503,.T.);
#7501=ORIENTED_EDGE('',*,*,#7504,.T.);
#7502=EDGE_CURVE('',#349,#167,#7505,.F.);
#7503=EDGE_CURVE('',#167,#487,#7506,.T.);
#7504=EDGE_CURVE('',#487,#349,#7507,.T.);
#7505=LINE('',#348,#7508);
#7506=LINE('',#166,#7509);
#7507=LINE('',#486,#7510);
#7508=VECTOR('',#7511,1.0);
#7509=VECTOR('',#7512,1.0);
#7510=VECTOR('',#7513,1.0);
#7511=DIRECTION('',(0.010191484823505122,-0.10348580905612473,0.9945787153167372));
#7512=DIRECTION('',(0,0,-1));
#7513=DIRECTION('',(-0.09800782810597135,0.9951856438021754,0));
#7514=FACE_SURFACE('',(#7519),#7515,.T.);
#7515=PLANE('',#7516);
#7516=AXIS2_PLACEMENT_3D('',#346,#7517,#7518);
#7517=DIRECTION('',(0.9951854156269586,-0.09801014500243063,0));
#7518=DIRECTION('',(0,0,1));
#7519=FACE_BOUND('',#7520,.T.);
#7520=EDGE_LOOP('',(#7521,#7522,#7523));
#7521=ORIENTED_EDGE('',*,*,#7524,.T.);
#7522=ORIENTED_EDGE('',*,*,#7525,.T.);
#7523=ORIENTED_EDGE('',*,*,#7526,.T.);
#7524=EDGE_CURVE('',#347,#297,#7527,.F.);
#7525=EDGE_CURVE('',#297,#169,#7528,.T.);
#7526=EDGE_CURVE('',#169,#347,#7529,.T.);
#7527=LINE('',#346,#7530);
#7528=LINE('',#296,#7531);
#7529=LINE('',#168,#7532);
#7530=VECTOR('',#7533,1.0);
#7531=VECTOR('',#7534,1.0);
#7532=VECTOR('',#7535,1.0);
#7533=DIRECTION('',(0,0,1));
#7534=DIRECTION('',(-0.09801014500243065,-0.9951854156269587,0));
#7535=DIRECTION('',(0.010191487428587635,0.1034833654436934,-0.9945789695446209));
#7536=FACE_SURFACE('',(#7541),#7537,.T.);
#7537=PLANE('',#7538);
#7538=AXIS2_PLACEMENT_3D('',#346,#7539,#7540);
#7539=DIRECTION('',(0.9951854156269586,-0.09801014500243063,0));
#7540=DIRECTION('',(-0.010191487428587635,-0.1034833654436934,0.9945789695446209));
#7541=FACE_BOUND('',#7542,.T.);
#7542=EDGE_LOOP('',(#7543,#7544,#7545));
#7543=ORIENTED_EDGE('',*,*,#7546,.T.);
#7544=ORIENTED_EDGE('',*,*,#7547,.T.);
#7545=ORIENTED_EDGE('',*,*,#7548,.T.);
#7546=EDGE_CURVE('',#347,#169,#7549,.F.);
#7547=EDGE_CURVE('',#169,#349,#7550,.T.);
#7548=EDGE_CURVE('',#349,#347,#7551,.T.);
#7549=LINE('',#346,#7552);
#7550=LINE('',#168,#7553);
#7551=LINE('',#348,#7554);
#7552=VECTOR('',#7555,1.0);
#7553=VECTOR('',#7556,1.0);
#7554=VECTOR('',#7557,1.0);
#7555=DIRECTION('',(-0.010191487428587635,-0.1034833654436934,0.9945789695446209));
#7556=DIRECTION('',(0,0,-1));
#7557=DIRECTION('',(0.09801014500243065,0.9951854156269587,0));
#7558=FACE_SURFACE('',(#7563),#7559,.T.);
#7559=PLANE('',#7560);
#7560=AXIS2_PLACEMENT_3D('',#342,#7561,#7562);
#7561=DIRECTION('',(0.9569424548394738,-0.2902776914022185,0));
#7562=DIRECTION('',(0,0,1));
#7563=FACE_BOUND('',#7564,.T.);
#7564=EDGE_LOOP('',(#7565,#7566,#7567));
#7565=ORIENTED_EDGE('',*,*,#7568,.T.);
#7566=ORIENTED_EDGE('',*,*,#7569,.T.);
#7567=ORIENTED_EDGE('',*,*,#7570,.T.);
#7568=EDGE_CURVE('',#343,#293,#7571,.F.);
#7569=EDGE_CURVE('',#293,#297,#7572,.T.);
#7570=EDGE_CURVE('',#297,#343,#7573,.T.);
#7571=LINE('',#342,#7574);
#7572=LINE('',#292,#7575);
#7573=LINE('',#296,#7576);
#7574=VECTOR('',#7577,1.0);
#7575=VECTOR('',#7578,1.0);
#7576=VECTOR('',#7579,1.0);
#7577=DIRECTION('',(0,0,1));
#7578=DIRECTION('',(-0.29027769140221843,-0.9569424548394738,0));
#7579=DIRECTION('',(0.03018419253073539,0.09950656269236295,-0.9945789855523886));
#7580=FACE_SURFACE('',(#7585),#7581,.T.);
#7581=PLANE('',#7582);
#7582=AXIS2_PLACEMENT_3D('',#342,#7583,#7584);
#7583=DIRECTION('',(0.9569424548394738,-0.2902776914022185,0));
#7584=DIRECTION('',(-0.03018419253073539,-0.09950656269236295,0.9945789855523886));
#7585=FACE_BOUND('',#7586,.T.);
#7586=EDGE_LOOP('',(#7587,#7588,#7589));
#7587=ORIENTED_EDGE('',*,*,#7590,.T.);
#7588=ORIENTED_EDGE('',*,*,#7591,.T.);
#7589=ORIENTED_EDGE('',*,*,#7592,.T.);
#7590=EDGE_CURVE('',#343,#297,#7593,.F.);
#7591=EDGE_CURVE('',#297,#347,#7594,.T.);
#7592=EDGE_CURVE('',#347,#343,#7595,.T.);
#7593=LINE('',#342,#7596);
#7594=LINE('',#296,#7597);
#7595=LINE('',#346,#7598);
#7596=VECTOR('',#7599,1.0);
#7597=VECTOR('',#7600,1.0);
#7598=VECTOR('',#7601,1.0);
#7599=DIRECTION('',(-0.03018419253073539,-0.09950656269236295,0.9945789855523886));
#7600=DIRECTION('',(0,0,-1));
#7601=DIRECTION('',(0.29027769140221843,0.9569424548394738,0));
#7602=FACE_SURFACE('',(#7607),#7603,.T.);
#7603=PLANE('',#7604);
#7604=AXIS2_PLACEMENT_3D('',#338,#7605,#7606);
#7605=DIRECTION('',(0.8819146425699568,-0.471409125092743,0));
#7606=DIRECTION('',(0,0,1));
#7607=FACE_BOUND('',#7608,.T.);
#7608=EDGE_LOOP('',(#7609,#7610,#7611));
#7609=ORIENTED_EDGE('',*,*,#7612,.T.);
#7610=ORIENTED_EDGE('',*,*,#7613,.T.);
#7611=ORIENTED_EDGE('',*,*,#7614,.T.);
#7612=EDGE_CURVE('',#339,#289,#7615,.F.);
#7613=EDGE_CURVE('',#289,#293,#7616,.T.);
#7614=EDGE_CURVE('',#293,#339,#7617,.T.);
#7615=LINE('',#338,#7618);
#7616=LINE('',#288,#7619);
#7617=LINE('',#292,#7620);
#7618=VECTOR('',#7621,1.0);
#7619=VECTOR('',#7622,1.0);
#7620=VECTOR('',#7623,1.0);
#7621=DIRECTION('',(0,0,1));
#7622=DIRECTION('',(-0.471409125092743,-0.8819146425699568,0));
#7623=DIRECTION('',(0.04902088581038825,0.09170852808465661,-0.9945785532731493));
#7624=FACE_SURFACE('',(#7629),#7625,.T.);
#7625=PLANE('',#7626);
#7626=AXIS2_PLACEMENT_3D('',#338,#7627,#7628);
#7627=DIRECTION('',(0.8819146425699568,-0.471409125092743,0));
#7628=DIRECTION('',(-0.04902088581038825,-0.09170852808465661,0.9945785532731493));
#7629=FACE_BOUND('',#7630,.T.);
#7630=EDGE_LOOP('',(#7631,#7632,#7633));
#7631=ORIENTED_EDGE('',*,*,#7634,.T.);
#7632=ORIENTED_EDGE('',*,*,#7635,.T.);
#7633=ORIENTED_EDGE('',*,*,#7636,.T.);
#7634=EDGE_CURVE('',#339,#293,#7637,.F.);
#7635=EDGE_CURVE('',#293,#343,#7638,.T.);
#7636=EDGE_CURVE('',#343,#339,#7639,.T.);
#7637=LINE('',#338,#7640);
#7638=LINE('',#292,#7641);
#7639=LINE('',#342,#7642);
#7640=VECTOR('',#7643,1.0);
#7641=VECTOR('',#7644,1.0);
#7642=VECTOR('',#7645,1.0);
#7643=DIRECTION('',(-0.04902088581038825,-0.09170852808465661,0.9945785532731493));
#7644=DIRECTION('',(0,0,-1));
#7645=DIRECTION('',(0.471409125092743,0.8819146425699568,0));
#7646=FACE_SURFACE('',(#7651),#7647,.T.);
#7647=PLANE('',#7648);
#7648=AXIS2_PLACEMENT_3D('',#334,#7649,#7650);
#7649=DIRECTION('',(0.7730166181052922,-0.6343857723286809,0));
#7650=DIRECTION('',(0,0,1));
#7651=FACE_BOUND('',#7652,.T.);
#7652=EDGE_LOOP('',(#7653,#7654,#7655));
#7653=ORIENTED_EDGE('',*,*,#7656,.T.);
#7654=ORIENTED_EDGE('',*,*,#7657,.T.);
#7655=ORIENTED_EDGE('',*,*,#7658,.T.);
#7656=EDGE_CURVE('',#335,#285,#7659,.F.);
#7657=EDGE_CURVE('',#285,#289,#7660,.T.);
#7658=EDGE_CURVE('',#289,#335,#7661,.T.);
#7659=LINE('',#334,#7662);
#7660=LINE('',#284,#7663);
#7661=LINE('',#288,#7664);
#7662=VECTOR('',#7665,1.0);
#7663=VECTOR('',#7666,1.0);
#7664=VECTOR('',#7667,1.0);
#7665=DIRECTION('',(0,0,1));
#7666=DIRECTION('',(-0.6343857723286809,-0.7730166181052922,0));
#7667=DIRECTION('',(0.06596555552991284,0.08038085479122384,-0.9945790384211112));
#7668=FACE_SURFACE('',(#7673),#7669,.T.);
#7669=PLANE('',#7670);
#7670=AXIS2_PLACEMENT_3D('',#334,#7671,#7672);
#7671=DIRECTION('',(0.7730166181052922,-0.6343857723286809,0));
#7672=DIRECTION('',(-0.06596555552991284,-0.08038085479122384,0.9945790384211112));
#7673=FACE_BOUND('',#7674,.T.);
#7674=EDGE_LOOP('',(#7675,#7676,#7677));
#7675=ORIENTED_EDGE('',*,*,#7678,.T.);
#7676=ORIENTED_EDGE('',*,*,#7679,.T.);
#7677=ORIENTED_EDGE('',*,*,#7680,.T.);
#7678=EDGE_CURVE('',#335,#289,#7681,.F.);
#7679=EDGE_CURVE('',#289,#339,#7682,.T.);
#7680=EDGE_CURVE('',#339,#335,#7683,.T.);
#7681=LINE('',#334,#7684);
#7682=LINE('',#288,#7685);
#7683=LINE('',#338,#7686);
#7684=VECTOR('',#7687,1.0);
#7685=VECTOR('',#7688,1.0);
#7686=VECTOR('',#7689,1.0);
#7687=DIRECTION('',(-0.06596555552991284,-0.08038085479122384,0.9945790384211112));
#7688=DIRECTION('',(0,0,-1));
#7689=DIRECTION('',(0.6343857723286809,0.7730166181052922,0));
#7690=FACE_SURFACE('',(#7695),#7691,.T.);
#7691=PLANE('',#7692);
#7692=AXIS2_PLACEMENT_3D('',#280,#7693,#7694);
#7693=DIRECTION('',(0.6343857723286809,-0.7730166181052922,0));
#7694=DIRECTION('',(-0.7730166181052922,-0.6343857723286809,0));
#7695=FACE_BOUND('',#7696,.T.);
#7696=EDGE_LOOP('',(#7697,#7698,#7699));
#7697=ORIENTED_EDGE('',*,*,#7700,.T.);
#7698=ORIENTED_EDGE('',*,*,#7701,.T.);
#7699=ORIENTED_EDGE('',*,*,#7702,.T.);
#7700=EDGE_CURVE('',#281,#285,#7703,.F.);
#7701=EDGE_CURVE('',#285,#335,#7704,.T.);
#7702=EDGE_CURVE('',#335,#281,#7705,.T.);
#7703=LINE('',#280,#7706);
#7704=LINE('',#284,#7707);
#7705=LINE('',#334,#7708);
#7706=VECTOR('',#7709,1.0);
#7707=VECTOR('',#7710,1.0);
#7708=VECTOR('',#7711,1.0);
#7709=DIRECTION('',(-0.7730166181052922,-0.6343857723286809,0));
#7710=DIRECTION('',(0,0,-1));
#7711=DIRECTION('',(0.08038085479122384,0.06596555552991284,0.9945790384211112));
#7712=FACE_SURFACE('',(#7717),#7713,.T.);
#7713=PLANE('',#7714);
#7714=AXIS2_PLACEMENT_3D('',#280,#7715,#7716);
#7715=DIRECTION('',(0.6343857723286809,-0.7730166181052922,0));
#7716=DIRECTION('',(-0.08038085479122384,-0.06596555552991284,-0.9945790384211112));
#7717=FACE_BOUND('',#7718,.T.);
#7718=EDGE_LOOP('',(#7719,#7720,#7721));
#7719=ORIENTED_EDGE('',*,*,#7722,.T.);
#7720=ORIENTED_EDGE('',*,*,#7723,.T.);
#7721=ORIENTED_EDGE('',*,*,#7724,.T.);
#7722=EDGE_CURVE('',#281,#335,#7725,.F.);
#7723=EDGE_CURVE('',#335,#333,#7726,.T.);
#7724=EDGE_CURVE('',#333,#281,#7727,.T.);
#7725=LINE('',#280,#7728);
#7726=LINE('',#334,#7729);
#7727=LINE('',#332,#7730);
#7728=VECTOR('',#7731,1.0);
#7729=VECTOR('',#7732,1.0);
#7730=VECTOR('',#7733,1.0);
#7731=DIRECTION('',(-0.08038085479122384,-0.06596555552991284,-0.9945790384211112));
#7732=DIRECTION('',(0.7730166181052922,0.6343857723286809,0));
#7733=DIRECTION('',(0,0,1));
#7734=FACE_SURFACE('',(#7739),#7735,.T.);
#7735=PLANE('',#7736);
#7736=AXIS2_PLACEMENT_3D('',#274,#7737,#7738);
#7737=DIRECTION('',(0.47139065005224473,-0.8819245177697024,0));
#7738=DIRECTION('',(-0.8819245177697025,-0.4713906500522448,0));
#7739=FACE_BOUND('',#7740,.T.);
#7740=EDGE_LOOP('',(#7741,#7742,#7743));
#7741=ORIENTED_EDGE('',*,*,#7744,.T.);
#7742=ORIENTED_EDGE('',*,*,#7745,.T.);
#7743=ORIENTED_EDGE('',*,*,#7746,.T.);
#7744=EDGE_CURVE('',#275,#281,#7747,.F.);
#7745=EDGE_CURVE('',#281,#333,#7748,.T.);
#7746=EDGE_CURVE('',#333,#275,#7749,.T.);
#7747=LINE('',#274,#7750);
#7748=LINE('',#280,#7751);
#7749=LINE('',#332,#7752);
#7750=VECTOR('',#7753,1.0);
#7751=VECTOR('',#7754,1.0);
#7752=VECTOR('',#7755,1.0);
#7753=DIRECTION('',(-0.8819245177697025,-0.4713906500522448,0));
#7754=DIRECTION('',(0,0,-1));
#7755=DIRECTION('',(0.0917085391888798,0.049018421681839036,0.9945786736983974));
#7756=FACE_SURFACE('',(#7761),#7757,.T.);
#7757=PLANE('',#7758);
#7758=AXIS2_PLACEMENT_3D('',#274,#7759,#7760);
#7759=DIRECTION('',(0.47139065005224473,-0.8819245177697024,0));
#7760=DIRECTION('',(-0.0917085391888798,-0.049018421681839036,-0.9945786736983974));
#7761=FACE_BOUND('',#7762,.T.);
#7762=EDGE_LOOP('',(#7763,#7764,#7765));
#7763=ORIENTED_EDGE('',*,*,#7766,.T.);
#7764=ORIENTED_EDGE('',*,*,#7767,.T.);
#7765=ORIENTED_EDGE('',*,*,#7768,.T.);
#7766=EDGE_CURVE('',#275,#333,#7769,.F.);
#7767=EDGE_CURVE('',#333,#331,#7770,.T.);
#7768=EDGE_CURVE('',#331,#275,#7771,.T.);
#7769=LINE('',#274,#7772);
#7770=LINE('',#332,#7773);
#7771=LINE('',#330,#7774);
#7772=VECTOR('',#7775,1.0);
#7773=VECTOR('',#7776,1.0);
#7774=VECTOR('',#7777,1.0);
#7775=DIRECTION('',(-0.0917085391888798,-0.049018421681839036,-0.9945786736983974));
#7776=DIRECTION('',(0.8819245177697025,0.4713906500522448,0));
#7777=DIRECTION('',(0,0,1));
#7778=FACE_SURFACE('',(#7783),#7779,.T.);
#7779=PLANE('',#7780);
#7780=AXIS2_PLACEMENT_3D('',#272,#7781,#7782);
#7781=DIRECTION('',(0.290306042920442,-0.9569338542678247,0));
#7782=DIRECTION('',(-0.9569338542678247,-0.290306042920442,0));
#7783=FACE_BOUND('',#7784,.T.);
#7784=EDGE_LOOP('',(#7785,#7786,#7787));
#7785=ORIENTED_EDGE('',*,*,#7788,.T.);
#7786=ORIENTED_EDGE('',*,*,#7789,.T.);
#7787=ORIENTED_EDGE('',*,*,#7790,.T.);
#7788=EDGE_CURVE('',#273,#275,#7791,.F.);
#7789=EDGE_CURVE('',#275,#331,#7792,.T.);
#7790=EDGE_CURVE('',#331,#273,#7793,.T.);
#7791=LINE('',#272,#7794);
#7792=LINE('',#274,#7795);
#7793=LINE('',#330,#7796);
#7794=VECTOR('',#7797,1.0);
#7795=VECTOR('',#7798,1.0);
#7796=VECTOR('',#7799,1.0);
#7797=DIRECTION('',(-0.9569338542678247,-0.290306042920442,0));
#7798=DIRECTION('',(0,0,-1));
#7799=DIRECTION('',(0.09950410966506543,0.03018666776429264,0.99457915584887));
#7800=FACE_SURFACE('',(#7805),#7801,.T.);
#7801=PLANE('',#7802);
#7802=AXIS2_PLACEMENT_3D('',#272,#7803,#7804);
#7803=DIRECTION('',(0.290306042920442,-0.9569338542678247,0));
#7804=DIRECTION('',(-0.09950410966506543,-0.03018666776429264,-0.99457915584887));
#7805=FACE_BOUND('',#7806,.T.);
#7806=EDGE_LOOP('',(#7807,#7808,#7809));
#7807=ORIENTED_EDGE('',*,*,#7810,.T.);
#7808=ORIENTED_EDGE('',*,*,#7811,.T.);
#7809=ORIENTED_EDGE('',*,*,#7812,.T.);
#7810=EDGE_CURVE('',#273,#331,#7813,.F.);
#7811=EDGE_CURVE('',#331,#325,#7814,.T.);
#7812=EDGE_CURVE('',#325,#273,#7815,.T.);
#7813=LINE('',#272,#7816);
#7814=LINE('',#330,#7817);
#7815=LINE('',#324,#7818);
#7816=VECTOR('',#7819,1.0);
#7817=VECTOR('',#7820,1.0);
#7818=VECTOR('',#7821,1.0);
#7819=DIRECTION('',(-0.09950410966506543,-0.03018666776429264,-0.99457915584887));
#7820=DIRECTION('',(0.9569338542678247,0.290306042920442,0));
#7821=DIRECTION('',(0,0,1));
#7822=FACE_SURFACE('',(#7827),#7823,.T.);
#7823=PLANE('',#7824);
#7824=AXIS2_PLACEMENT_3D('',#268,#7825,#7826);
#7825=DIRECTION('',(0.09800782810597135,-0.9951856438021754,0));
#7826=DIRECTION('',(-0.9951856438021754,-0.09800782810597135,0));
#7827=FACE_BOUND('',#7828,.T.);
#7828=EDGE_LOOP('',(#7829,#7830,#7831));
#7829=ORIENTED_EDGE('',*,*,#7832,.T.);
#7830=ORIENTED_EDGE('',*,*,#7833,.T.);
#7831=ORIENTED_EDGE('',*,*,#7834,.T.);
#7832=EDGE_CURVE('',#269,#273,#7835,.F.);
#7833=EDGE_CURVE('',#273,#325,#7836,.T.);
#7834=EDGE_CURVE('',#325,#269,#7837,.T.);
#7835=LINE('',#268,#7838);
#7836=LINE('',#272,#7839);
#7837=LINE('',#324,#7840);
#7838=VECTOR('',#7841,1.0);
#7839=VECTOR('',#7842,1.0);
#7840=VECTOR('',#7843,1.0);
#7841=DIRECTION('',(-0.9951856438021754,-0.09800782810597135,0));
#7842=DIRECTION('',(0,0,-1));
#7843=DIRECTION('',(0.10348580905612473,0.010191484823505122,0.9945787153167372));
#7844=FACE_SURFACE('',(#7849),#7845,.T.);
#7845=PLANE('',#7846);
#7846=AXIS2_PLACEMENT_3D('',#268,#7847,#7848);
#7847=DIRECTION('',(0.09800782810597135,-0.9951856438021754,0));
#7848=DIRECTION('',(-0.10348580905612473,-0.010191484823505122,-0.9945787153167372));
#7849=FACE_BOUND('',#7850,.T.);
#7850=EDGE_LOOP('',(#7851,#7852,#7853));
#7851=ORIENTED_EDGE('',*,*,#7854,.T.);
#7852=ORIENTED_EDGE('',*,*,#7855,.T.);
#7853=ORIENTED_EDGE('',*,*,#7856,.T.);
#7854=EDGE_CURVE('',#269,#325,#7857,.F.);
#7855=EDGE_CURVE('',#325,#319,#7858,.T.);
#7856=EDGE_CURVE('',#319,#269,#7859,.T.);
#7857=LINE('',#268,#7860);
#7858=LINE('',#324,#7861);
#7859=LINE('',#318,#7862);
#7860=VECTOR('',#7863,1.0);
#7861=VECTOR('',#7864,1.0);
#7862=VECTOR('',#7865,1.0);
#7863=DIRECTION('',(-0.10348580905612473,-0.010191484823505122,-0.9945787153167372));
#7864=DIRECTION('',(0.9951856438021754,0.09800782810597135,0));
#7865=DIRECTION('',(0,0,1));
#7866=FACE_SURFACE('',(#7871),#7867,.T.);
#7867=PLANE('',#7868);
#7868=AXIS2_PLACEMENT_3D('',#266,#7869,#7870);
#7869=DIRECTION('',(-0.09800782810597135,-0.9951856438021754,0));
#7870=DIRECTION('',(-0.9951856438021754,0.09800782810597135,0));
#7871=FACE_BOUND('',#7872,.T.);
#7872=EDGE_LOOP('',(#7873,#7874,#7875));
#7873=ORIENTED_EDGE('',*,*,#7876,.T.);
#7874=ORIENTED_EDGE('',*,*,#7877,.T.);
#7875=ORIENTED_EDGE('',*,*,#7878,.T.);
#7876=EDGE_CURVE('',#267,#269,#7879,.F.);
#7877=EDGE_CURVE('',#269,#319,#7880,.T.);
#7878=EDGE_CURVE('',#319,#267,#7881,.T.);
#7879=LINE('',#266,#7882);
#7880=LINE('',#268,#7883);
#7881=LINE('',#318,#7884);
#7882=VECTOR('',#7885,1.0);
#7883=VECTOR('',#7886,1.0);
#7884=VECTOR('',#7887,1.0);
#7885=DIRECTION('',(-0.9951856438021754,0.09800782810597135,0));
#7886=DIRECTION('',(0,0,-1));
#7887=DIRECTION('',(0.10348580905612473,-0.010191484823505122,0.9945787153167372));
#7888=FACE_SURFACE('',(#7893),#7889,.T.);
#7889=PLANE('',#7890);
#7890=AXIS2_PLACEMENT_3D('',#266,#7891,#7892);
#7891=DIRECTION('',(-0.09800782810597135,-0.9951856438021754,-0));
#7892=DIRECTION('',(-0.10348580905612473,0.010191484823505122,-0.9945787153167372));
#7893=FACE_BOUND('',#7894,.T.);
#7894=EDGE_LOOP('',(#7895,#7896,#7897));
#7895=ORIENTED_EDGE('',*,*,#7898,.T.);
#7896=ORIENTED_EDGE('',*,*,#7899,.T.);
#7897=ORIENTED_EDGE('',*,*,#7900,.T.);
#7898=EDGE_CURVE('',#267,#319,#7901,.F.);
#7899=EDGE_CURVE('',#319,#317,#7902,.T.);
#7900=EDGE_CURVE('',#317,#267,#7903,.T.);
#7901=LINE('',#266,#7904);
#7902=LINE('',#318,#7905);
#7903=LINE('',#316,#7906);
#7904=VECTOR('',#7907,1.0);
#7905=VECTOR('',#7908,1.0);
#7906=VECTOR('',#7909,1.0);
#7907=DIRECTION('',(-0.10348580905612473,0.010191484823505122,-0.9945787153167372));
#7908=DIRECTION('',(0.9951856438021754,-0.09800782810597135,0));
#7909=DIRECTION('',(0,0,1));
#7910=FACE_SURFACE('',(#7915),#7911,.T.);
#7911=PLANE('',#7912);
#7912=AXIS2_PLACEMENT_3D('',#260,#7913,#7914);
#7913=DIRECTION('',(-0.290306042920442,-0.9569338542678247,0));
#7914=DIRECTION('',(-0.9569338542678247,0.290306042920442,0));
#7915=FACE_BOUND('',#7916,.T.);
#7916=EDGE_LOOP('',(#7917,#7918,#7919));
#7917=ORIENTED_EDGE('',*,*,#7920,.T.);
#7918=ORIENTED_EDGE('',*,*,#7921,.T.);
#7919=ORIENTED_EDGE('',*,*,#7922,.T.);
#7920=EDGE_CURVE('',#261,#267,#7923,.F.);
#7921=EDGE_CURVE('',#267,#317,#7924,.T.);
#7922=EDGE_CURVE('',#317,#261,#7925,.T.);
#7923=LINE('',#260,#7926);
#7924=LINE('',#266,#7927);
#7925=LINE('',#316,#7928);
#7926=VECTOR('',#7929,1.0);
#7927=VECTOR('',#7930,1.0);
#7928=VECTOR('',#7931,1.0);
#7929=DIRECTION('',(-0.9569338542678247,0.290306042920442,0));
#7930=DIRECTION('',(0,0,-1));
#7931=DIRECTION('',(0.09950410966506543,-0.03018666776429264,0.99457915584887));
#7932=FACE_SURFACE('',(#7937),#7933,.T.);
#7933=PLANE('',#7934);
#7934=AXIS2_PLACEMENT_3D('',#260,#7935,#7936);
#7935=DIRECTION('',(-0.290306042920442,-0.9569338542678247,-0));
#7936=DIRECTION('',(-0.09950410966506543,0.03018666776429264,-0.99457915584887));
#7937=FACE_BOUND('',#7938,.T.);
#7938=EDGE_LOOP('',(#7939,#7940,#7941));
#7939=ORIENTED_EDGE('',*,*,#7942,.T.);
#7940=ORIENTED_EDGE('',*,*,#7943,.T.);
#7941=ORIENTED_EDGE('',*,*,#7944,.T.);
#7942=EDGE_CURVE('',#261,#317,#7945,.F.);
#7943=EDGE_CURVE('',#317,#311,#7946,.T.);
#7944=EDGE_CURVE('',#311,#261,#7947,.T.);
#7945=LINE('',#260,#7948);
#7946=LINE('',#316,#7949);
#7947=LINE('',#310,#7950);
#7948=VECTOR('',#7951,1.0);
#7949=VECTOR('',#7952,1.0);
#7950=VECTOR('',#7953,1.0);
#7951=DIRECTION('',(-0.09950410966506543,0.03018666776429264,-0.99457915584887));
#7952=DIRECTION('',(0.9569338542678247,-0.290306042920442,0));
#7953=DIRECTION('',(0,0,1));
#7954=FACE_SURFACE('',(#7959),#7955,.T.);
#7955=PLANE('',#7956);
#7956=AXIS2_PLACEMENT_3D('',#258,#7957,#7958);
#7957=DIRECTION('',(-0.47139065005224473,-0.8819245177697024,0));
#7958=DIRECTION('',(-0.8819245177697025,0.4713906500522448,0));
#7959=FACE_BOUND('',#7960,.T.);
#7960=EDGE_LOOP('',(#7961,#7962,#7963));
#7961=ORIENTED_EDGE('',*,*,#7964,.T.);
#7962=ORIENTED_EDGE('',*,*,#7965,.T.);
#7963=ORIENTED_EDGE('',*,*,#7966,.T.);
#7964=EDGE_CURVE('',#259,#261,#7967,.F.);
#7965=EDGE_CURVE('',#261,#311,#7968,.T.);
#7966=EDGE_CURVE('',#311,#259,#7969,.T.);
#7967=LINE('',#258,#7970);
#7968=LINE('',#260,#7971);
#7969=LINE('',#310,#7972);
#7970=VECTOR('',#7973,1.0);
#7971=VECTOR('',#7974,1.0);
#7972=VECTOR('',#7975,1.0);
#7973=DIRECTION('',(-0.8819245177697025,0.4713906500522448,0));
#7974=DIRECTION('',(0,0,-1));
#7975=DIRECTION('',(0.0917085391888798,-0.049018421681839036,0.9945786736983974));
#7976=FACE_SURFACE('',(#7981),#7977,.T.);
#7977=PLANE('',#7978);
#7978=AXIS2_PLACEMENT_3D('',#258,#7979,#7980);
#7979=DIRECTION('',(-0.47139065005224473,-0.8819245177697024,-0));
#7980=DIRECTION('',(-0.0917085391888798,0.049018421681839036,-0.9945786736983974));
#7981=FACE_BOUND('',#7982,.T.);
#7982=EDGE_LOOP('',(#7983,#7984,#7985));
#7983=ORIENTED_EDGE('',*,*,#7986,.T.);
#7984=ORIENTED_EDGE('',*,*,#7987,.T.);
#7985=ORIENTED_EDGE('',*,*,#7988,.T.);
#7986=EDGE_CURVE('',#259,#311,#7989,.F.);
#7987=EDGE_CURVE('',#311,#309,#7990,.T.);
#7988=EDGE_CURVE('',#309,#259,#7991,.T.);
#7989=LINE('',#258,#7992);
#7990=LINE('',#310,#7993);
#7991=LINE('',#308,#7994);
#7992=VECTOR('',#7995,1.0);
#7993=VECTOR('',#7996,1.0);
#7994=VECTOR('',#7997,1.0);
#7995=DIRECTION('',(-0.0917085391888798,0.049018421681839036,-0.9945786736983974));
#7996=DIRECTION('',(0.8819245177697025,-0.4713906500522448,0));
#7997=DIRECTION('',(0,0,1));
#7998=FACE_SURFACE('',(#8003),#7999,.T.);
#7999=PLANE('',#8000);
#8000=AXIS2_PLACEMENT_3D('',#94,#8001,#8002);
#8001=DIRECTION('',(-0.6343857723286809,-0.7730166181052922,0));
#8002=DIRECTION('',(-0.7730166181052922,0.6343857723286809,0));
#8003=FACE_BOUND('',#8004,.T.);
#8004=EDGE_LOOP('',(#8005,#8006,#8007));
#8005=ORIENTED_EDGE('',*,*,#8008,.T.);
#8006=ORIENTED_EDGE('',*,*,#8009,.T.);
#8007=ORIENTED_EDGE('',*,*,#8010,.T.);
#8008=EDGE_CURVE('',#95,#259,#8011,.F.);
#8009=EDGE_CURVE('',#259,#309,#8012,.T.);
#8010=EDGE_CURVE('',#309,#95,#8013,.T.);
#8011=LINE('',#94,#8014);
#8012=LINE('',#258,#8015);
#8013=LINE('',#308,#8016);
#8014=VECTOR('',#8017,1.0);
#8015=VECTOR('',#8018,1.0);
#8016=VECTOR('',#8019,1.0);
#8017=DIRECTION('',(-0.7730166181052922,0.6343857723286809,0));
#8018=DIRECTION('',(0,0,-1));
#8019=DIRECTION('',(0.08038085479122384,-0.06596555552991284,0.9945790384211112));
#8020=FACE_SURFACE('',(#8025),#8021,.T.);
#8021=PLANE('',#8022);
#8022=AXIS2_PLACEMENT_3D('',#94,#8023,#8024);
#8023=DIRECTION('',(-0.6343857723286809,-0.7730166181052922,-0));
#8024=DIRECTION('',(-0.08038085479122384,0.06596555552991284,-0.9945790384211112));
#8025=FACE_BOUND('',#8026,.T.);
#8026=EDGE_LOOP('',(#8027,#8028,#8029));
#8027=ORIENTED_EDGE('',*,*,#8030,.T.);
#8028=ORIENTED_EDGE('',*,*,#8031,.T.);
#8029=ORIENTED_EDGE('',*,*,#8032,.T.);
#8030=EDGE_CURVE('',#95,#309,#8033,.F.);
#8031=EDGE_CURVE('',#309,#307,#8034,.T.);
#8032=EDGE_CURVE('',#307,#95,#8035,.T.);
#8033=LINE('',#94,#8036);
#8034=LINE('',#308,#8037);
#8035=LINE('',#306,#8038);
#8036=VECTOR('',#8039,1.0);
#8037=VECTOR('',#8040,1.0);
#8038=VECTOR('',#8041,1.0);
#8039=DIRECTION('',(-0.08038085479122384,0.06596555552991284,-0.9945790384211112));
#8040=DIRECTION('',(0.7730166181052922,-0.6343857723286809,0));
#8041=DIRECTION('',(0,0,1));
#8042=FACE_SURFACE('',(#8047),#8043,.T.);
#8043=PLANE('',#8044);
#8044=AXIS2_PLACEMENT_3D('',#96,#8045,#8046);
#8045=DIRECTION('',(-0.7730166181052922,-0.6343857723286809,0));
#8046=DIRECTION('',(-0.6343857723286809,0.7730166181052922,0));
#8047=FACE_BOUND('',#8048,.T.);
#8048=EDGE_LOOP('',(#8049,#8050,#8051));
#8049=ORIENTED_EDGE('',*,*,#8052,.T.);
#8050=ORIENTED_EDGE('',*,*,#8053,.T.);
#8051=ORIENTED_EDGE('',*,*,#8054,.T.);
#8052=EDGE_CURVE('',#97,#95,#8055,.F.);
#8053=EDGE_CURVE('',#95,#307,#8056,.T.);
#8054=EDGE_CURVE('',#307,#97,#8057,.T.);
#8055=LINE('',#96,#8058);
#8056=LINE('',#94,#8059);
#8057=LINE('',#306,#8060);
#8058=VECTOR('',#8061,1.0);
#8059=VECTOR('',#8062,1.0);
#8060=VECTOR('',#8063,1.0);
#8061=DIRECTION('',(-0.6343857723286809,0.7730166181052922,0));
#8062=DIRECTION('',(0,0,-1));
#8063=DIRECTION('',(0.06596555552991284,-0.08038085479122384,0.9945790384211112));
#8064=FACE_SURFACE('',(#8069),#8065,.T.);
#8065=PLANE('',#8066);
#8066=AXIS2_PLACEMENT_3D('',#96,#8067,#8068);
#8067=DIRECTION('',(-0.7730166181052922,-0.6343857723286809,-0));
#8068=DIRECTION('',(-0.06596555552991284,0.08038085479122384,-0.9945790384211112));
#8069=FACE_BOUND('',#8070,.T.);
#8070=EDGE_LOOP('',(#8071,#8072,#8073));
#8071=ORIENTED_EDGE('',*,*,#8074,.T.);
#8072=ORIENTED_EDGE('',*,*,#8075,.T.);
#8073=ORIENTED_EDGE('',*,*,#8076,.T.);
#8074=EDGE_CURVE('',#97,#307,#8077,.F.);
#8075=EDGE_CURVE('',#307,#553,#8078,.T.);
#8076=EDGE_CURVE('',#553,#97,#8079,.T.);
#8077=LINE('',#96,#8080);
#8078=LINE('',#306,#8081);
#8079=LINE('',#552,#8082);
#8080=VECTOR('',#8083,1.0);
#8081=VECTOR('',#8084,1.0);
#8082=VECTOR('',#8085,1.0);
#8083=DIRECTION('',(-0.06596555552991284,0.08038085479122384,-0.9945790384211112));
#8084=DIRECTION('',(0.6343857723286809,-0.7730166181052922,0));
#8085=DIRECTION('',(0,0,1));
#8086=FACE_SURFACE('',(#8091),#8087,.T.);
#8087=PLANE('',#8088);
#8088=AXIS2_PLACEMENT_3D('',#98,#8089,#8090);
#8089=DIRECTION('',(-0.8819146425699568,-0.471409125092743,0));
#8090=DIRECTION('',(-0.471409125092743,0.8819146425699568,0));
#8091=FACE_BOUND('',#8092,.T.);
#8092=EDGE_LOOP('',(#8093,#8094,#8095));
#8093=ORIENTED_EDGE('',*,*,#8096,.T.);
#8094=ORIENTED_EDGE('',*,*,#8097,.T.);
#8095=ORIENTED_EDGE('',*,*,#8098,.T.);
#8096=EDGE_CURVE('',#99,#97,#8099,.F.);
#8097=EDGE_CURVE('',#97,#553,#8100,.T.);
#8098=EDGE_CURVE('',#553,#99,#8101,.T.);
#8099=LINE('',#98,#8102);
#8100=LINE('',#96,#8103);
#8101=LINE('',#552,#8104);
#8102=VECTOR('',#8105,1.0);
#8103=VECTOR('',#8106,1.0);
#8104=VECTOR('',#8107,1.0);
#8105=DIRECTION('',(-0.471409125092743,0.8819146425699568,0));
#8106=DIRECTION('',(0,0,-1));
#8107=DIRECTION('',(0.04902088581038825,-0.09170852808465661,0.9945785532731493));
#8108=FACE_SURFACE('',(#8113),#8109,.T.);
#8109=PLANE('',#8110);
#8110=AXIS2_PLACEMENT_3D('',#98,#8111,#8112);
#8111=DIRECTION('',(-0.8819146425699568,-0.471409125092743,-0));
#8112=DIRECTION('',(-0.04902088581038825,0.09170852808465661,-0.9945785532731493));
#8113=FACE_BOUND('',#8114,.T.);
#8114=EDGE_LOOP('',(#8115,#8116,#8117));
#8115=ORIENTED_EDGE('',*,*,#8118,.T.);
#8116=ORIENTED_EDGE('',*,*,#8119,.T.);
#8117=ORIENTED_EDGE('',*,*,#8120,.T.);
#8118=EDGE_CURVE('',#99,#553,#8121,.F.);
#8119=EDGE_CURVE('',#553,#555,#8122,.T.);
#8120=EDGE_CURVE('',#555,#99,#8123,.T.);
#8121=LINE('',#98,#8124);
#8122=LINE('',#552,#8125);
#8123=LINE('',#554,#8126);
#8124=VECTOR('',#8127,1.0);
#8125=VECTOR('',#8128,1.0);
#8126=VECTOR('',#8129,1.0);
#8127=DIRECTION('',(-0.04902088581038825,0.09170852808465661,-0.9945785532731493));
#8128=DIRECTION('',(0.471409125092743,-0.8819146425699568,0));
#8129=DIRECTION('',(0,0,1));
#8130=FACE_SURFACE('',(#8135),#8131,.T.);
#8131=PLANE('',#8132);
#8132=AXIS2_PLACEMENT_3D('',#104,#8133,#8134);
#8133=DIRECTION('',(-0.9569424548394738,-0.2902776914022185,0));
#8134=DIRECTION('',(-0.29027769140221843,0.9569424548394738,0));
#8135=FACE_BOUND('',#8136,.T.);
#8136=EDGE_LOOP('',(#8137,#8138,#8139));
#8137=ORIENTED_EDGE('',*,*,#8140,.T.);
#8138=ORIENTED_EDGE('',*,*,#8141,.T.);
#8139=ORIENTED_EDGE('',*,*,#8142,.T.);
#8140=EDGE_CURVE('',#105,#99,#8143,.F.);
#8141=EDGE_CURVE('',#99,#555,#8144,.T.);
#8142=EDGE_CURVE('',#555,#105,#8145,.T.);
#8143=LINE('',#104,#8146);
#8144=LINE('',#98,#8147);
#8145=LINE('',#554,#8148);
#8146=VECTOR('',#8149,1.0);
#8147=VECTOR('',#8150,1.0);
#8148=VECTOR('',#8151,1.0);
#8149=DIRECTION('',(-0.29027769140221843,0.9569424548394738,0));
#8150=DIRECTION('',(0,0,-1));
#8151=DIRECTION('',(0.03018419253073539,-0.09950656269236295,0.9945789855523886));
#8152=FACE_SURFACE('',(#8157),#8153,.T.);
#8153=PLANE('',#8154);
#8154=AXIS2_PLACEMENT_3D('',#104,#8155,#8156);
#8155=DIRECTION('',(-0.9569424548394738,-0.2902776914022185,-0));
#8156=DIRECTION('',(-0.03018419253073539,0.09950656269236295,-0.9945789855523886));
#8157=FACE_BOUND('',#8158,.T.);
#8158=EDGE_LOOP('',(#8159,#8160,#8161));
#8159=ORIENTED_EDGE('',*,*,#8162,.T.);
#8160=ORIENTED_EDGE('',*,*,#8163,.T.);
#8161=ORIENTED_EDGE('',*,*,#8164,.T.);
#8162=EDGE_CURVE('',#105,#555,#8165,.F.);
#8163=EDGE_CURVE('',#555,#561,#8166,.T.);
#8164=EDGE_CURVE('',#561,#105,#8167,.T.);
#8165=LINE('',#104,#8168);
#8166=LINE('',#554,#8169);
#8167=LINE('',#560,#8170);
#8168=VECTOR('',#8171,1.0);
#8169=VECTOR('',#8172,1.0);
#8170=VECTOR('',#8173,1.0);
#8171=DIRECTION('',(-0.03018419253073539,0.09950656269236295,-0.9945789855523886));
#8172=DIRECTION('',(0.29027769140221843,-0.9569424548394738,0));
#8173=DIRECTION('',(0,0,1));
#8174=FACE_SURFACE('',(#8179),#8175,.T.);
#8175=PLANE('',#8176);
#8176=AXIS2_PLACEMENT_3D('',#106,#8177,#8178);
#8177=DIRECTION('',(-0.9951854156269586,-0.09801014500243063,0));
#8178=DIRECTION('',(-0.09801014500243065,0.9951854156269587,0));
#8179=FACE_BOUND('',#8180,.T.);
#8180=EDGE_LOOP('',(#8181,#8182,#8183));
#8181=ORIENTED_EDGE('',*,*,#8184,.T.);
#8182=ORIENTED_EDGE('',*,*,#8185,.T.);
#8183=ORIENTED_EDGE('',*,*,#8186,.T.);
#8184=EDGE_CURVE('',#107,#105,#8187,.F.);
#8185=EDGE_CURVE('',#105,#561,#8188,.T.);
#8186=EDGE_CURVE('',#561,#107,#8189,.T.);
#8187=LINE('',#106,#8190);
#8188=LINE('',#104,#8191);
#8189=LINE('',#560,#8192);
#8190=VECTOR('',#8193,1.0);
#8191=VECTOR('',#8194,1.0);
#8192=VECTOR('',#8195,1.0);
#8193=DIRECTION('',(-0.09801014500243065,0.9951854156269587,0));
#8194=DIRECTION('',(0,0,-1));
#8195=DIRECTION('',(0.010191487428587635,-0.1034833654436934,0.9945789695446209));
#8196=FACE_SURFACE('',(#8201),#8197,.T.);
#8197=PLANE('',#8198);
#8198=AXIS2_PLACEMENT_3D('',#106,#8199,#8200);
#8199=DIRECTION('',(-0.9951854156269586,-0.09801014500243063,-0));
#8200=DIRECTION('',(-0.010191487428587635,0.1034833654436934,-0.9945789695446209));
#8201=FACE_BOUND('',#8202,.T.);
#8202=EDGE_LOOP('',(#8203,#8204,#8205));
#8203=ORIENTED_EDGE('',*,*,#8206,.T.);
#8204=ORIENTED_EDGE('',*,*,#8207,.T.);
#8205=ORIENTED_EDGE('',*,*,#8208,.T.);
#8206=EDGE_CURVE('',#107,#561,#8209,.F.);
#8207=EDGE_CURVE('',#561,#547,#8210,.T.);
#8208=EDGE_CURVE('',#547,#107,#8211,.T.);
#8209=LINE('',#106,#8212);
#8210=LINE('',#560,#8213);
#8211=LINE('',#546,#8214);
#8212=VECTOR('',#8215,1.0);
#8213=VECTOR('',#8216,1.0);
#8214=VECTOR('',#8217,1.0);
#8215=DIRECTION('',(-0.010191487428587635,0.1034833654436934,-0.9945789695446209));
#8216=DIRECTION('',(0.09801014500243065,-0.9951854156269587,0));
#8217=DIRECTION('',(0,0,1));
#8218=FACE_SURFACE('',(#8223),#8219,.T.);
#8219=PLANE('',#8220);
#8220=AXIS2_PLACEMENT_3D('',#108,#8221,#8222);
#8221=DIRECTION('',(-0.9951856438021754,-0.09800782810597135,0));
#8222=DIRECTION('',(-0.09800782810597135,0.9951856438021754,0));
#8223=FACE_BOUND('',#8224,.T.);
#8224=EDGE_LOOP('',(#8225,#8226,#8227));
#8225=ORIENTED_EDGE('',*,*,#8228,.T.);
#8226=ORIENTED_EDGE('',*,*,#8229,.T.);
#8227=ORIENTED_EDGE('',*,*,#8230,.T.);
#8228=EDGE_CURVE('',#109,#111,#8231,.F.);
#8229=EDGE_CURVE('',#111,#545,#8232,.T.);
#8230=EDGE_CURVE('',#545,#109,#8233,.T.);
#8231=LINE('',#108,#8234);
#8232=LINE('',#110,#8235);
#8233=LINE('',#544,#8236);
#8234=VECTOR('',#8237,1.0);
#8235=VECTOR('',#8238,1.0);
#8236=VECTOR('',#8239,1.0);
#8237=DIRECTION('',(-0.09800782810597135,0.9951856438021754,0));
#8238=DIRECTION('',(0,0,-1));
#8239=DIRECTION('',(0.010191484823505122,-0.10348580905612473,0.9945787153167372));
#8240=FACE_SURFACE('',(#8245),#8241,.T.);
#8241=PLANE('',#8242);
#8242=AXIS2_PLACEMENT_3D('',#108,#8243,#8244);
#8243=DIRECTION('',(-0.9951856438021754,-0.09800782810597135,-0));
#8244=DIRECTION('',(-0.010191484823505122,0.10348580905612473,-0.9945787153167372));
#8245=FACE_BOUND('',#8246,.T.);
#8246=EDGE_LOOP('',(#8247,#8248,#8249));
#8247=ORIENTED_EDGE('',*,*,#8250,.T.);
#8248=ORIENTED_EDGE('',*,*,#8251,.T.);
#8249=ORIENTED_EDGE('',*,*,#8252,.T.);
#8250=EDGE_CURVE('',#109,#545,#8253,.F.);
#8251=EDGE_CURVE('',#545,#549,#8254,.T.);
#8252=EDGE_CURVE('',#549,#109,#8255,.T.);
#8253=LINE('',#108,#8256);
#8254=LINE('',#544,#8257);
#8255=LINE('',#548,#8258);
#8256=VECTOR('',#8259,1.0);
#8257=VECTOR('',#8260,1.0);
#8258=VECTOR('',#8261,1.0);
#8259=DIRECTION('',(-0.010191484823505122,0.10348580905612473,-0.9945787153167372));
#8260=DIRECTION('',(0.09800782810597135,-0.9951856438021754,0));
#8261=DIRECTION('',(0,0,1));
#8262=FACE_SURFACE('',(#8267),#8263,.T.);
#8263=PLANE('',#8264);
#8264=AXIS2_PLACEMENT_3D('',#110,#8265,#8266);
#8265=DIRECTION('',(-0.956940453205868,-0.2902842899954251,0));
#8266=DIRECTION('',(-0.2902842899954251,0.9569404532058678,0));
#8267=FACE_BOUND('',#8268,.T.);
#8268=EDGE_LOOP('',(#8269,#8270,#8271));
#8269=ORIENTED_EDGE('',*,*,#8272,.T.);
#8270=ORIENTED_EDGE('',*,*,#8273,.T.);
#8271=ORIENTED_EDGE('',*,*,#8274,.T.);
#8272=EDGE_CURVE('',#111,#115,#8275,.F.);
#8273=EDGE_CURVE('',#115,#541,#8276,.T.);
#8274=EDGE_CURVE('',#541,#111,#8277,.T.);
#8275=LINE('',#110,#8278);
#8276=LINE('',#114,#8279);
#8277=LINE('',#540,#8280);
#8278=VECTOR('',#8281,1.0);
#8279=VECTOR('',#8282,1.0);
#8280=VECTOR('',#8283,1.0);
#8281=DIRECTION('',(-0.2902842899954251,0.9569404532058678,0));
#8282=DIRECTION('',(0,0,-1));
#8283=DIRECTION('',(0.030184199949548195,-0.09950411708409161,0.9945792300046895));
#8284=FACE_SURFACE('',(#8289),#8285,.T.);
#8285=PLANE('',#8286);
#8286=AXIS2_PLACEMENT_3D('',#110,#8287,#8288);
#8287=DIRECTION('',(-0.956940453205868,-0.2902842899954251,-0));
#8288=DIRECTION('',(-0.030184199949548195,0.09950411708409161,-0.9945792300046895));
#8289=FACE_BOUND('',#8290,.T.);
#8290=EDGE_LOOP('',(#8291,#8292,#8293));
#8291=ORIENTED_EDGE('',*,*,#8294,.T.);
#8292=ORIENTED_EDGE('',*,*,#8295,.T.);
#8293=ORIENTED_EDGE('',*,*,#8296,.T.);
#8294=EDGE_CURVE('',#111,#541,#8297,.F.);
#8295=EDGE_CURVE('',#541,#545,#8298,.T.);
#8296=EDGE_CURVE('',#545,#111,#8299,.T.);
#8297=LINE('',#110,#8300);
#8298=LINE('',#540,#8301);
#8299=LINE('',#544,#8302);
#8300=VECTOR('',#8303,1.0);
#8301=VECTOR('',#8304,1.0);
#8302=VECTOR('',#8305,1.0);
#8303=DIRECTION('',(-0.030184199949548195,0.09950411708409161,-0.9945792300046895));
#8304=DIRECTION('',(0.2902842899954251,-0.9569404532058678,0));
#8305=DIRECTION('',(0,0,1));
#8306=FACE_SURFACE('',(#8311),#8307,.T.);
#8307=PLANE('',#8308);
#8308=AXIS2_PLACEMENT_3D('',#114,#8309,#8310);
#8309=DIRECTION('',(-0.8819245177697024,-0.47139065005224473,0));
#8310=DIRECTION('',(-0.4713906500522448,0.8819245177697025,0));
#8311=FACE_BOUND('',#8312,.T.);
#8312=EDGE_LOOP('',(#8313,#8314,#8315));
#8313=ORIENTED_EDGE('',*,*,#8316,.T.);
#8314=ORIENTED_EDGE('',*,*,#8317,.T.);
#8315=ORIENTED_EDGE('',*,*,#8318,.T.);
#8316=EDGE_CURVE('',#115,#117,#8319,.F.);
#8317=EDGE_CURVE('',#117,#537,#8320,.T.);
#8318=EDGE_CURVE('',#537,#115,#8321,.T.);
#8319=LINE('',#114,#8322);
#8320=LINE('',#116,#8323);
#8321=LINE('',#536,#8324);
#8322=VECTOR('',#8325,1.0);
#8323=VECTOR('',#8326,1.0);
#8324=VECTOR('',#8327,1.0);
#8325=DIRECTION('',(-0.4713906500522448,0.8819245177697025,0));
#8326=DIRECTION('',(0,0,-1));
#8327=DIRECTION('',(0.049018421681839036,-0.0917085391888798,0.9945786736983974));
#8328=FACE_SURFACE('',(#8333),#8329,.T.);
#8329=PLANE('',#8330);
#8330=AXIS2_PLACEMENT_3D('',#114,#8331,#8332);
#8331=DIRECTION('',(-0.8819245177697024,-0.47139065005224473,-0));
#8332=DIRECTION('',(-0.049018421681839036,0.0917085391888798,-0.9945786736983974));
#8333=FACE_BOUND('',#8334,.T.);
#8334=EDGE_LOOP('',(#8335,#8336,#8337));
#8335=ORIENTED_EDGE('',*,*,#8338,.T.);
#8336=ORIENTED_EDGE('',*,*,#8339,.T.);
#8337=ORIENTED_EDGE('',*,*,#8340,.T.);
#8338=EDGE_CURVE('',#115,#537,#8341,.F.);
#8339=EDGE_CURVE('',#537,#541,#8342,.T.);
#8340=EDGE_CURVE('',#541,#115,#8343,.T.);
#8341=LINE('',#114,#8344);
#8342=LINE('',#536,#8345);
#8343=LINE('',#540,#8346);
#8344=VECTOR('',#8347,1.0);
#8345=VECTOR('',#8348,1.0);
#8346=VECTOR('',#8349,1.0);
#8347=DIRECTION('',(-0.049018421681839036,0.0917085391888798,-0.9945786736983974));
#8348=DIRECTION('',(0.4713906500522448,-0.8819245177697025,0));
#8349=DIRECTION('',(0,0,1));
#8350=FACE_SURFACE('',(#8355),#8351,.T.);
#8351=PLANE('',#8352);
#8352=AXIS2_PLACEMENT_3D('',#116,#8353,#8354);
#8353=DIRECTION('',(-0.7730049691985538,-0.6343999665781382,0));
#8354=DIRECTION('',(-0.6343999665781382,0.7730049691985538,0));
#8355=FACE_BOUND('',#8356,.T.);
#8356=EDGE_LOOP('',(#8357,#8358,#8359));
#8357=ORIENTED_EDGE('',*,*,#8360,.T.);
#8358=ORIENTED_EDGE('',*,*,#8361,.T.);
#8359=ORIENTED_EDGE('',*,*,#8362,.T.);
#8360=EDGE_CURVE('',#117,#125,#8363,.F.);
#8361=EDGE_CURVE('',#125,#533,#8364,.T.);
#8362=EDGE_CURVE('',#533,#117,#8365,.T.);
#8363=LINE('',#116,#8366);
#8364=LINE('',#124,#8367);
#8365=LINE('',#532,#8368);
#8366=VECTOR('',#8369,1.0);
#8367=VECTOR('',#8370,1.0);
#8368=VECTOR('',#8371,1.0);
#8369=DIRECTION('',(-0.6343999665781382,0.7730049691985538,0));
#8370=DIRECTION('',(0,0,-1));
#8371=DIRECTION('',(0.06596801484592284,-0.08038084169378894,0.9945788763621949));
#8372=FACE_SURFACE('',(#8377),#8373,.T.);
#8373=PLANE('',#8374);
#8374=AXIS2_PLACEMENT_3D('',#116,#8375,#8376);
#8375=DIRECTION('',(-0.7730049691985538,-0.6343999665781382,-0));
#8376=DIRECTION('',(-0.06596801484592284,0.08038084169378894,-0.9945788763621949));
#8377=FACE_BOUND('',#8378,.T.);
#8378=EDGE_LOOP('',(#8379,#8380,#8381));
#8379=ORIENTED_EDGE('',*,*,#8382,.T.);
#8380=ORIENTED_EDGE('',*,*,#8383,.T.);
#8381=ORIENTED_EDGE('',*,*,#8384,.T.);
#8382=EDGE_CURVE('',#117,#533,#8385,.F.);
#8383=EDGE_CURVE('',#533,#537,#8386,.T.);
#8384=EDGE_CURVE('',#537,#117,#8387,.T.);
#8385=LINE('',#116,#8388);
#8386=LINE('',#532,#8389);
#8387=LINE('',#536,#8390);
#8388=VECTOR('',#8391,1.0);
#8389=VECTOR('',#8392,1.0);
#8390=VECTOR('',#8393,1.0);
#8391=DIRECTION('',(-0.06596801484592284,0.08038084169378894,-0.9945788763621949));
#8392=DIRECTION('',(0.6343999665781382,-0.7730049691985538,0));
#8393=DIRECTION('',(0,0,1));
#8394=FACE_SURFACE('',(#8399),#8395,.T.);
#8395=PLANE('',#8396);
#8396=AXIS2_PLACEMENT_3D('',#124,#8397,#8398);
#8397=DIRECTION('',(-0.6343715774375094,-0.7730282671024689,0));
#8398=DIRECTION('',(-0.7730282671024689,0.6343715774375094,0));
#8399=FACE_BOUND('',#8400,.T.);
#8400=EDGE_LOOP('',(#8401,#8402,#8403));
#8401=ORIENTED_EDGE('',*,*,#8404,.T.);
#8402=ORIENTED_EDGE('',*,*,#8405,.T.);
#8403=ORIENTED_EDGE('',*,*,#8406,.T.);
#8404=EDGE_CURVE('',#125,#129,#8407,.F.);
#8405=EDGE_CURVE('',#129,#529,#8408,.T.);
#8406=EDGE_CURVE('',#529,#125,#8409,.T.);
#8407=LINE('',#124,#8410);
#8408=LINE('',#128,#8411);
#8409=LINE('',#528,#8412);
#8410=VECTOR('',#8413,1.0);
#8411=VECTOR('',#8414,1.0);
#8412=VECTOR('',#8415,1.0);
#8413=DIRECTION('',(-0.7730282671024689,0.6343715774375094,0));
#8414=DIRECTION('',(0,0,-1));
#8415=DIRECTION('',(0.08038086788817474,-0.06596309621270072,0.9945792004740386));
#8416=FACE_SURFACE('',(#8421),#8417,.T.);
#8417=PLANE('',#8418);
#8418=AXIS2_PLACEMENT_3D('',#124,#8419,#8420);
#8419=DIRECTION('',(-0.6343715774375094,-0.7730282671024689,-0));
#8420=DIRECTION('',(-0.08038086788817474,0.06596309621270072,-0.9945792004740386));
#8421=FACE_BOUND('',#8422,.T.);
#8422=EDGE_LOOP('',(#8423,#8424,#8425));
#8423=ORIENTED_EDGE('',*,*,#8426,.T.);
#8424=ORIENTED_EDGE('',*,*,#8427,.T.);
#8425=ORIENTED_EDGE('',*,*,#8428,.T.);
#8426=EDGE_CURVE('',#125,#529,#8429,.F.);
#8427=EDGE_CURVE('',#529,#533,#8430,.T.);
#8428=EDGE_CURVE('',#533,#125,#8431,.T.);
#8429=LINE('',#124,#8432);
#8430=LINE('',#528,#8433);
#8431=LINE('',#532,#8434);
#8432=VECTOR('',#8435,1.0);
#8433=VECTOR('',#8436,1.0);
#8434=VECTOR('',#8437,1.0);
#8435=DIRECTION('',(-0.08038086788817474,0.06596309621270072,-0.9945792004740386));
#8436=DIRECTION('',(0.7730282671024689,-0.6343715774375094,0));
#8437=DIRECTION('',(0,0,1));
#8438=FACE_SURFACE('',(#8443),#8439,.T.);
#8439=PLANE('',#8440);
#8440=AXIS2_PLACEMENT_3D('',#128,#8441,#8442);
#8441=DIRECTION('',(-0.4714005253463748,-0.8819192393315625,0));
#8442=DIRECTION('',(-0.8819192393315626,0.47140052534637483,0));
#8443=FACE_BOUND('',#8444,.T.);
#8444=EDGE_LOOP('',(#8445,#8446,#8447));
#8445=ORIENTED_EDGE('',*,*,#8448,.T.);
#8446=ORIENTED_EDGE('',*,*,#8449,.T.);
#8447=ORIENTED_EDGE('',*,*,#8450,.T.);
#8448=EDGE_CURVE('',#129,#133,#8451,.F.);
#8449=EDGE_CURVE('',#133,#525,#8452,.T.);
#8450=EDGE_CURVE('',#525,#129,#8453,.T.);
#8451=LINE('',#128,#8454);
#8452=LINE('',#132,#8455);
#8453=LINE('',#524,#8456);
#8454=VECTOR('',#8457,1.0);
#8455=VECTOR('',#8458,1.0);
#8456=VECTOR('',#8459,1.0);
#8457=DIRECTION('',(-0.8819192393315626,0.47140052534637483,0));
#8458=DIRECTION('',(0,0,-1));
#8459=DIRECTION('',(0.09170608989833252,-0.04901843278563872,0.9945788989933372));
#8460=FACE_SURFACE('',(#8465),#8461,.T.);
#8461=PLANE('',#8462);
#8462=AXIS2_PLACEMENT_3D('',#128,#8463,#8464);
#8463=DIRECTION('',(-0.4714005253463748,-0.8819192393315625,-0));
#8464=DIRECTION('',(-0.09170608989833252,0.04901843278563872,-0.9945788989933372));
#8465=FACE_BOUND('',#8466,.T.);
#8466=EDGE_LOOP('',(#8467,#8468,#8469));
#8467=ORIENTED_EDGE('',*,*,#8470,.T.);
#8468=ORIENTED_EDGE('',*,*,#8471,.T.);
#8469=ORIENTED_EDGE('',*,*,#8472,.T.);
#8470=EDGE_CURVE('',#129,#525,#8473,.F.);
#8471=EDGE_CURVE('',#525,#529,#8474,.T.);
#8472=EDGE_CURVE('',#529,#129,#8475,.T.);
#8473=LINE('',#128,#8476);
#8474=LINE('',#524,#8477);
#8475=LINE('',#528,#8478);
#8476=VECTOR('',#8479,1.0);
#8477=VECTOR('',#8480,1.0);
#8478=VECTOR('',#8481,1.0);
#8479=DIRECTION('',(-0.09170608989833252,0.04901843278563872,-0.9945788989933372));
#8480=DIRECTION('',(0.8819192393315626,-0.47140052534637483,0));
#8481=DIRECTION('',(0,0,1));
#8482=FACE_SURFACE('',(#8487),#8483,.T.);
#8483=PLANE('',#8484);
#8484=AXIS2_PLACEMENT_3D('',#132,#8485,#8486);
#8485=DIRECTION('',(-0.29029944392376855,-0.9569358561876291,0));
#8486=DIRECTION('',(-0.956935856187629,0.2902994439237685,0));
#8487=FACE_BOUND('',#8488,.T.);
#8488=EDGE_LOOP('',(#8489,#8490,#8491));
#8489=ORIENTED_EDGE('',*,*,#8492,.T.);
#8490=ORIENTED_EDGE('',*,*,#8493,.T.);
#8491=ORIENTED_EDGE('',*,*,#8494,.T.);
#8492=EDGE_CURVE('',#133,#137,#8495,.F.);
#8493=EDGE_CURVE('',#137,#521,#8496,.T.);
#8494=EDGE_CURVE('',#521,#133,#8497,.T.);
#8495=LINE('',#132,#8498);
#8496=LINE('',#136,#8499);
#8497=LINE('',#520,#8500);
#8498=VECTOR('',#8501,1.0);
#8499=VECTOR('',#8502,1.0);
#8500=VECTOR('',#8503,1.0);
#8501=DIRECTION('',(-0.956935856187629,0.2902994439237685,0));
#8502=DIRECTION('',(0,0,-1));
#8503=DIRECTION('',(0.09950655527315806,-0.030186660344874387,0.9945789113966237));
#8504=FACE_SURFACE('',(#8509),#8505,.T.);
#8505=PLANE('',#8506);
#8506=AXIS2_PLACEMENT_3D('',#132,#8507,#8508);
#8507=DIRECTION('',(-0.29029944392376855,-0.9569358561876291,-0));
#8508=DIRECTION('',(-0.09950655527315806,0.030186660344874387,-0.9945789113966237));
#8509=FACE_BOUND('',#8510,.T.);
#8510=EDGE_LOOP('',(#8511,#8512,#8513));
#8511=ORIENTED_EDGE('',*,*,#8514,.T.);
#8512=ORIENTED_EDGE('',*,*,#8515,.T.);
#8513=ORIENTED_EDGE('',*,*,#8516,.T.);
#8514=EDGE_CURVE('',#133,#521,#8517,.F.);
#8515=EDGE_CURVE('',#521,#525,#8518,.T.);
#8516=EDGE_CURVE('',#525,#133,#8519,.T.);
#8517=LINE('',#132,#8520);
#8518=LINE('',#520,#8521);
#8519=LINE('',#524,#8522);
#8520=VECTOR('',#8523,1.0);
#8521=VECTOR('',#8524,1.0);
#8522=VECTOR('',#8525,1.0);
#8523=DIRECTION('',(-0.09950655527315806,0.030186660344874387,-0.9945789113966237));
#8524=DIRECTION('',(0.956935856187629,-0.2902994439237685,0));
#8525=DIRECTION('',(0,0,1));
#8526=FACE_SURFACE('',(#8531),#8527,.T.);
#8527=PLANE('',#8528);
#8528=AXIS2_PLACEMENT_3D('',#136,#8529,#8530);
#8529=DIRECTION('',(-0.09803135357169003,-0.9951833266875517,0));
#8530=DIRECTION('',(-0.9951833266875516,0.09803135357169003,0));
#8531=FACE_BOUND('',#8532,.T.);
#8532=EDGE_LOOP('',(#8533,#8534,#8535));
#8533=ORIENTED_EDGE('',*,*,#8536,.T.);
#8534=ORIENTED_EDGE('',*,*,#8537,.T.);
#8535=ORIENTED_EDGE('',*,*,#8538,.T.);
#8536=EDGE_CURVE('',#137,#141,#8539,.F.);
#8537=EDGE_CURVE('',#141,#517,#8540,.T.);
#8538=EDGE_CURVE('',#517,#137,#8541,.T.);
#8539=LINE('',#136,#8542);
#8540=LINE('',#140,#8543);
#8541=LINE('',#516,#8544);
#8542=VECTOR('',#8545,1.0);
#8543=VECTOR('',#8546,1.0);
#8544=VECTOR('',#8547,1.0);
#8545=DIRECTION('',(-0.9951833266875516,0.09803135357169003,0));
#8546=DIRECTION('',(0,0,-1));
#8547=DIRECTION('',(0.10348580645069654,-0.010193954631039349,0.9945786902765559));
#8548=FACE_SURFACE('',(#8553),#8549,.T.);
#8549=PLANE('',#8550);
#8550=AXIS2_PLACEMENT_3D('',#136,#8551,#8552);
#8551=DIRECTION('',(-0.09803135357169003,-0.9951833266875517,-0));
#8552=DIRECTION('',(-0.10348580645069654,0.010193954631039349,-0.9945786902765559));
#8553=FACE_BOUND('',#8554,.T.);
#8554=EDGE_LOOP('',(#8555,#8556,#8557));
#8555=ORIENTED_EDGE('',*,*,#8558,.T.);
#8556=ORIENTED_EDGE('',*,*,#8559,.T.);
#8557=ORIENTED_EDGE('',*,*,#8560,.T.);
#8558=EDGE_CURVE('',#137,#517,#8561,.F.);
#8559=EDGE_CURVE('',#517,#521,#8562,.T.);
#8560=EDGE_CURVE('',#521,#137,#8563,.T.);
#8561=LINE('',#136,#8564);
#8562=LINE('',#516,#8565);
#8563=LINE('',#520,#8566);
#8564=VECTOR('',#8567,1.0);
#8565=VECTOR('',#8568,1.0);
#8566=VECTOR('',#8569,1.0);
#8567=DIRECTION('',(-0.10348580645069654,0.010193954631039349,-0.9945786902765559));
#8568=DIRECTION('',(0.9951833266875516,-0.09803135357169003,0));
#8569=DIRECTION('',(0,0,1));
#8570=FACE_SURFACE('',(#8575),#8571,.T.);
#8571=PLANE('',#8572);
#8572=AXIS2_PLACEMENT_3D('',#140,#8573,#8574);
#8573=DIRECTION('',(0.09803367101349733,-0.9951830984033125,0));
#8574=DIRECTION('',(-0.9951830984033126,-0.09803367101349734,0));
#8575=FACE_BOUND('',#8576,.T.);
#8576=EDGE_LOOP('',(#8577,#8578,#8579));
#8577=ORIENTED_EDGE('',*,*,#8580,.T.);
#8578=ORIENTED_EDGE('',*,*,#8581,.T.);
#8579=ORIENTED_EDGE('',*,*,#8582,.T.);
#8580=EDGE_CURVE('',#141,#145,#8583,.F.);
#8581=EDGE_CURVE('',#145,#515,#8584,.T.);
#8582=EDGE_CURVE('',#515,#141,#8585,.T.);
#8583=LINE('',#140,#8586);
#8584=LINE('',#144,#8587);
#8585=LINE('',#514,#8588);
#8586=VECTOR('',#8589,1.0);
#8587=VECTOR('',#8590,1.0);
#8588=VECTOR('',#8591,1.0);
#8589=DIRECTION('',(-0.9951830984033126,-0.09803367101349734,0));
#8590=DIRECTION('',(0,0,-1));
#8591=DIRECTION('',(0.10348336283832539,0.010193957236753048,0.9945789445044203));
#8592=FACE_SURFACE('',(#8597),#8593,.T.);
#8593=PLANE('',#8594);
#8594=AXIS2_PLACEMENT_3D('',#140,#8595,#8596);
#8595=DIRECTION('',(0.09803367101349733,-0.9951830984033125,0));
#8596=DIRECTION('',(-0.10348336283832539,-0.010193957236753048,-0.9945789445044203));
#8597=FACE_BOUND('',#8598,.T.);
#8598=EDGE_LOOP('',(#8599,#8600,#8601));
#8599=ORIENTED_EDGE('',*,*,#8602,.T.);
#8600=ORIENTED_EDGE('',*,*,#8603,.T.);
#8601=ORIENTED_EDGE('',*,*,#8604,.T.);
#8602=EDGE_CURVE('',#141,#515,#8605,.F.);
#8603=EDGE_CURVE('',#515,#517,#8606,.T.);
#8604=EDGE_CURVE('',#517,#141,#8607,.T.);
#8605=LINE('',#140,#8608);
#8606=LINE('',#514,#8609);
#8607=LINE('',#516,#8610);
#8608=VECTOR('',#8611,1.0);
#8609=VECTOR('',#8612,1.0);
#8610=VECTOR('',#8613,1.0);
#8611=DIRECTION('',(-0.10348336283832539,-0.010193957236753048,-0.9945789445044203));
#8612=DIRECTION('',(0.9951830984033126,0.09803367101349734,0));
#8613=DIRECTION('',(0,0,1));
#8614=FACE_SURFACE('',(#8619),#8615,.T.);
#8615=PLANE('',#8616);
#8616=AXIS2_PLACEMENT_3D('',#144,#8617,#8618);
#8617=DIRECTION('',(0.29029944392376855,-0.9569358561876291,0));
#8618=DIRECTION('',(-0.956935856187629,-0.2902994439237685,0));
#8619=FACE_BOUND('',#8620,.T.);
#8620=EDGE_LOOP('',(#8621,#8622,#8623));
#8621=ORIENTED_EDGE('',*,*,#8624,.T.);
#8622=ORIENTED_EDGE('',*,*,#8625,.T.);
#8623=ORIENTED_EDGE('',*,*,#8626,.T.);
#8624=EDGE_CURVE('',#145,#149,#8627,.F.);
#8625=EDGE_CURVE('',#149,#513,#8628,.T.);
#8626=EDGE_CURVE('',#513,#145,#8629,.T.);
#8627=LINE('',#144,#8630);
#8628=LINE('',#148,#8631);
#8629=LINE('',#512,#8632);
#8630=VECTOR('',#8633,1.0);
#8631=VECTOR('',#8634,1.0);
#8632=VECTOR('',#8635,1.0);
#8633=DIRECTION('',(-0.956935856187629,-0.2902994439237685,0));
#8634=DIRECTION('',(0,0,-1));
#8635=DIRECTION('',(0.09950655527315806,0.030186660344874387,0.9945789113966237));
#8636=FACE_SURFACE('',(#8641),#8637,.T.);
#8637=PLANE('',#8638);
#8638=AXIS2_PLACEMENT_3D('',#144,#8639,#8640);
#8639=DIRECTION('',(0.29029944392376855,-0.9569358561876291,0));
#8640=DIRECTION('',(-0.09950655527315806,-0.030186660344874387,-0.9945789113966237));
#8641=FACE_BOUND('',#8642,.T.);
#8642=EDGE_LOOP('',(#8643,#8644,#8645));
#8643=ORIENTED_EDGE('',*,*,#8646,.T.);
#8644=ORIENTED_EDGE('',*,*,#8647,.T.);
#8645=ORIENTED_EDGE('',*,*,#8648,.T.);
#8646=EDGE_CURVE('',#145,#513,#8649,.F.);
#8647=EDGE_CURVE('',#513,#515,#8650,.T.);
#8648=EDGE_CURVE('',#515,#145,#8651,.T.);
#8649=LINE('',#144,#8652);
#8650=LINE('',#512,#8653);
#8651=LINE('',#514,#8654);
#8652=VECTOR('',#8655,1.0);
#8653=VECTOR('',#8656,1.0);
#8654=VECTOR('',#8657,1.0);
#8655=DIRECTION('',(-0.09950655527315806,-0.030186660344874387,-0.9945789113966237));
#8656=DIRECTION('',(0.956935856187629,0.2902994439237685,0));
#8657=DIRECTION('',(0,0,1));
#8658=FACE_SURFACE('',(#8663),#8659,.T.);
#8659=PLANE('',#8660);
#8660=AXIS2_PLACEMENT_3D('',#148,#8661,#8662);
#8661=DIRECTION('',(0.47139065005224473,-0.8819245177697024,0));
#8662=DIRECTION('',(-0.8819245177697025,-0.4713906500522448,0));
#8663=FACE_BOUND('',#8664,.T.);
#8664=EDGE_LOOP('',(#8665,#8666,#8667));
#8665=ORIENTED_EDGE('',*,*,#8668,.T.);
#8666=ORIENTED_EDGE('',*,*,#8669,.T.);
#8667=ORIENTED_EDGE('',*,*,#8670,.T.);
#8668=EDGE_CURVE('',#149,#153,#8671,.F.);
#8669=EDGE_CURVE('',#153,#507,#8672,.T.);
#8670=EDGE_CURVE('',#507,#149,#8673,.T.);
#8671=LINE('',#148,#8674);
#8672=LINE('',#152,#8675);
#8673=LINE('',#506,#8676);
#8674=VECTOR('',#8677,1.0);
#8675=VECTOR('',#8678,1.0);
#8676=VECTOR('',#8679,1.0);
#8677=DIRECTION('',(-0.8819245177697025,-0.4713906500522448,0));
#8678=DIRECTION('',(0,0,-1));
#8679=DIRECTION('',(0.0917085391888798,0.049018421681839036,0.9945786736983974));
#8680=FACE_SURFACE('',(#8685),#8681,.T.);
#8681=PLANE('',#8682);
#8682=AXIS2_PLACEMENT_3D('',#148,#8683,#8684);
#8683=DIRECTION('',(0.47139065005224473,-0.8819245177697024,0));
#8684=DIRECTION('',(-0.0917085391888798,-0.049018421681839036,-0.9945786736983974));
#8685=FACE_BOUND('',#8686,.T.);
#8686=EDGE_LOOP('',(#8687,#8688,#8689));
#8687=ORIENTED_EDGE('',*,*,#8690,.T.);
#8688=ORIENTED_EDGE('',*,*,#8691,.T.);
#8689=ORIENTED_EDGE('',*,*,#8692,.T.);
#8690=EDGE_CURVE('',#149,#507,#8693,.F.);
#8691=EDGE_CURVE('',#507,#513,#8694,.T.);
#8692=EDGE_CURVE('',#513,#149,#8695,.T.);
#8693=LINE('',#148,#8696);
#8694=LINE('',#506,#8697);
#8695=LINE('',#512,#8698);
#8696=VECTOR('',#8699,1.0);
#8697=VECTOR('',#8700,1.0);
#8698=VECTOR('',#8701,1.0);
#8699=DIRECTION('',(-0.0917085391888798,-0.049018421681839036,-0.9945786736983974));
#8700=DIRECTION('',(0.8819245177697025,0.4713906500522448,0));
#8701=DIRECTION('',(0,0,1));
#8702=FACE_SURFACE('',(#8707),#8703,.T.);
#8703=PLANE('',#8704);
#8704=AXIS2_PLACEMENT_3D('',#152,#8705,#8706);
#8705=DIRECTION('',(0.6343715774375094,-0.7730282671024689,0));
#8706=DIRECTION('',(-0.7730282671024689,-0.6343715774375094,0));
#8707=FACE_BOUND('',#8708,.T.);
#8708=EDGE_LOOP('',(#8709,#8710,#8711));
#8709=ORIENTED_EDGE('',*,*,#8712,.T.);
#8710=ORIENTED_EDGE('',*,*,#8713,.T.);
#8711=ORIENTED_EDGE('',*,*,#8714,.T.);
#8712=EDGE_CURVE('',#153,#157,#8715,.F.);
#8713=EDGE_CURVE('',#157,#505,#8716,.T.);
#8714=EDGE_CURVE('',#505,#153,#8717,.T.);
#8715=LINE('',#152,#8718);
#8716=LINE('',#156,#8719);
#8717=LINE('',#504,#8720);
#8718=VECTOR('',#8721,1.0);
#8719=VECTOR('',#8722,1.0);
#8720=VECTOR('',#8723,1.0);
#8721=DIRECTION('',(-0.7730282671024689,-0.6343715774375094,0));
#8722=DIRECTION('',(0,0,-1));
#8723=DIRECTION('',(0.08038086788817474,0.06596309621270072,0.9945792004740386));
#8724=FACE_SURFACE('',(#8729),#8725,.T.);
#8725=PLANE('',#8726);
#8726=AXIS2_PLACEMENT_3D('',#152,#8727,#8728);
#8727=DIRECTION('',(0.6343715774375094,-0.7730282671024689,0));
#8728=DIRECTION('',(-0.08038086788817474,-0.06596309621270072,-0.9945792004740386));
#8729=FACE_BOUND('',#8730,.T.);
#8730=EDGE_LOOP('',(#8731,#8732,#8733));
#8731=ORIENTED_EDGE('',*,*,#8734,.T.);
#8732=ORIENTED_EDGE('',*,*,#8735,.T.);
#8733=ORIENTED_EDGE('',*,*,#8736,.T.);
#8734=EDGE_CURVE('',#153,#505,#8737,.F.);
#8735=EDGE_CURVE('',#505,#507,#8738,.T.);
#8736=EDGE_CURVE('',#507,#153,#8739,.T.);
#8737=LINE('',#152,#8740);
#8738=LINE('',#504,#8741);
#8739=LINE('',#506,#8742);
#8740=VECTOR('',#8743,1.0);
#8741=VECTOR('',#8744,1.0);
#8742=VECTOR('',#8745,1.0);
#8743=DIRECTION('',(-0.08038086788817474,-0.06596309621270072,-0.9945792004740386));
#8744=DIRECTION('',(0.7730282671024689,0.6343715774375094,0));
#8745=DIRECTION('',(0,0,1));
#8746=FACE_SURFACE('',(#8751),#8747,.T.);
#8747=PLANE('',#8748);
#8748=AXIS2_PLACEMENT_3D('',#504,#8749,#8750);
#8749=DIRECTION('',(0.7730166181052922,-0.6343857723286809,0));
#8750=DIRECTION('',(0,0,1));
#8751=FACE_BOUND('',#8752,.T.);
#8752=EDGE_LOOP('',(#8753,#8754,#8755));
#8753=ORIENTED_EDGE('',*,*,#8756,.T.);
#8754=ORIENTED_EDGE('',*,*,#8757,.T.);
#8755=ORIENTED_EDGE('',*,*,#8758,.T.);
#8756=EDGE_CURVE('',#505,#157,#8759,.F.);
#8757=EDGE_CURVE('',#157,#161,#8760,.T.);
#8758=EDGE_CURVE('',#161,#505,#8761,.T.);
#8759=LINE('',#504,#8762);
#8760=LINE('',#156,#8763);
#8761=LINE('',#160,#8764);
#8762=VECTOR('',#8765,1.0);
#8763=VECTOR('',#8766,1.0);
#8764=VECTOR('',#8767,1.0);
#8765=DIRECTION('',(0,0,1));
#8766=DIRECTION('',(-0.6343857723286809,-0.7730166181052922,0));
#8767=DIRECTION('',(0.06596555552991284,0.08038085479122384,-0.9945790384211112));
#8768=FACE_SURFACE('',(#8773),#8769,.T.);
#8769=PLANE('',#8770);
#8770=AXIS2_PLACEMENT_3D('',#504,#8771,#8772);
#8771=DIRECTION('',(0.7730166181052922,-0.6343857723286809,0));
#8772=DIRECTION('',(-0.06596555552991284,-0.08038085479122384,0.9945790384211112));
#8773=FACE_BOUND('',#8774,.T.);
#8774=EDGE_LOOP('',(#8775,#8776,#8777));
#8775=ORIENTED_EDGE('',*,*,#8778,.T.);
#8776=ORIENTED_EDGE('',*,*,#8779,.T.);
#8777=ORIENTED_EDGE('',*,*,#8780,.T.);
#8778=EDGE_CURVE('',#505,#161,#8781,.F.);
#8779=EDGE_CURVE('',#161,#499,#8782,.T.);
#8780=EDGE_CURVE('',#499,#505,#8783,.T.);
#8781=LINE('',#504,#8784);
#8782=LINE('',#160,#8785);
#8783=LINE('',#498,#8786);
#8784=VECTOR('',#8787,1.0);
#8785=VECTOR('',#8788,1.0);
#8786=VECTOR('',#8789,1.0);
#8787=DIRECTION('',(-0.06596555552991284,-0.08038085479122384,0.9945790384211112));
#8788=DIRECTION('',(0,0,-1));
#8789=DIRECTION('',(0.6343857723286809,0.7730166181052922,0));
#8790=FACE_SURFACE('',(#8795),#8791,.T.);
#8791=PLANE('',#8792);
#8792=AXIS2_PLACEMENT_3D('',#498,#8793,#8794);
#8793=DIRECTION('',(0.8819146425699568,-0.471409125092743,0));
#8794=DIRECTION('',(0,0,1));
#8795=FACE_BOUND('',#8796,.T.);
#8796=EDGE_LOOP('',(#8797,#8798,#8799));
#8797=ORIENTED_EDGE('',*,*,#8800,.T.);
#8798=ORIENTED_EDGE('',*,*,#8801,.T.);
#8799=ORIENTED_EDGE('',*,*,#8802,.T.);
#8800=EDGE_CURVE('',#499,#161,#8803,.F.);
#8801=EDGE_CURVE('',#161,#165,#8804,.T.);
#8802=EDGE_CURVE('',#165,#499,#8805,.T.);
#8803=LINE('',#498,#8806);
#8804=LINE('',#160,#8807);
#8805=LINE('',#164,#8808);
#8806=VECTOR('',#8809,1.0);
#8807=VECTOR('',#8810,1.0);
#8808=VECTOR('',#8811,1.0);
#8809=DIRECTION('',(0,0,1));
#8810=DIRECTION('',(-0.471409125092743,-0.8819146425699568,0));
#8811=DIRECTION('',(0.04902088581038825,0.09170852808465661,-0.9945785532731493));
#8812=FACE_SURFACE('',(#8817),#8813,.T.);
#8813=PLANE('',#8814);
#8814=AXIS2_PLACEMENT_3D('',#498,#8815,#8816);
#8815=DIRECTION('',(0.8819146425699568,-0.471409125092743,0));
#8816=DIRECTION('',(-0.04902088581038825,-0.09170852808465661,0.9945785532731493));
#8817=FACE_BOUND('',#8818,.T.);
#8818=EDGE_LOOP('',(#8819,#8820,#8821));
#8819=ORIENTED_EDGE('',*,*,#8822,.T.);
#8820=ORIENTED_EDGE('',*,*,#8823,.T.);
#8821=ORIENTED_EDGE('',*,*,#8824,.T.);
#8822=EDGE_CURVE('',#499,#165,#8825,.F.);
#8823=EDGE_CURVE('',#165,#497,#8826,.T.);
#8824=EDGE_CURVE('',#497,#499,#8827,.T.);
#8825=LINE('',#498,#8828);
#8826=LINE('',#164,#8829);
#8827=LINE('',#496,#8830);
#8828=VECTOR('',#8831,1.0);
#8829=VECTOR('',#8832,1.0);
#8830=VECTOR('',#8833,1.0);
#8831=DIRECTION('',(-0.04902088581038825,-0.09170852808465661,0.9945785532731493));
#8832=DIRECTION('',(0,0,-1));
#8833=DIRECTION('',(0.471409125092743,0.8819146425699568,0));
#8834=FACE_SURFACE('',(#8839),#8835,.T.);
#8835=PLANE('',#8836);
#8836=AXIS2_PLACEMENT_3D('',#496,#8837,#8838);
#8837=DIRECTION('',(0.956940453205868,-0.2902842899954251,0));
#8838=DIRECTION('',(0,0,1));
#8839=FACE_BOUND('',#8840,.T.);
#8840=EDGE_LOOP('',(#8841,#8842,#8843));
#8841=ORIENTED_EDGE('',*,*,#8844,.T.);
#8842=ORIENTED_EDGE('',*,*,#8845,.T.);
#8843=ORIENTED_EDGE('',*,*,#8846,.T.);
#8844=EDGE_CURVE('',#497,#165,#8847,.F.);
#8845=EDGE_CURVE('',#165,#173,#8848,.T.);
#8846=EDGE_CURVE('',#173,#497,#8849,.T.);
#8847=LINE('',#496,#8850);
#8848=LINE('',#164,#8851);
#8849=LINE('',#172,#8852);
#8850=VECTOR('',#8853,1.0);
#8851=VECTOR('',#8854,1.0);
#8852=VECTOR('',#8855,1.0);
#8853=DIRECTION('',(0,0,1));
#8854=DIRECTION('',(-0.2902842899954251,-0.9569404532058678,0));
#8855=DIRECTION('',(0.030184199949548195,0.09950411708409161,-0.9945792300046895));
#8856=FACE_SURFACE('',(#8861),#8857,.T.);
#8857=PLANE('',#8858);
#8858=AXIS2_PLACEMENT_3D('',#496,#8859,#8860);
#8859=DIRECTION('',(0.956940453205868,-0.2902842899954251,0));
#8860=DIRECTION('',(-0.030184199949548195,-0.09950411708409161,0.9945792300046895));
#8861=FACE_BOUND('',#8862,.T.);
#8862=EDGE_LOOP('',(#8863,#8864,#8865));
#8863=ORIENTED_EDGE('',*,*,#8866,.T.);
#8864=ORIENTED_EDGE('',*,*,#8867,.T.);
#8865=ORIENTED_EDGE('',*,*,#8868,.T.);
#8866=EDGE_CURVE('',#497,#173,#8869,.F.);
#8867=EDGE_CURVE('',#173,#491,#8870,.T.);
#8868=EDGE_CURVE('',#491,#497,#8871,.T.);
#8869=LINE('',#496,#8872);
#8870=LINE('',#172,#8873);
#8871=LINE('',#490,#8874);
#8872=VECTOR('',#8875,1.0);
#8873=VECTOR('',#8876,1.0);
#8874=VECTOR('',#8877,1.0);
#8875=DIRECTION('',(-0.030184199949548195,-0.09950411708409161,0.9945792300046895));
#8876=DIRECTION('',(0,0,-1));
#8877=DIRECTION('',(0.2902842899954251,0.9569404532058678,0));
#8878=FACE_SURFACE('',(#8883),#8879,.T.);
#8879=PLANE('',#8880);
#8880=AXIS2_PLACEMENT_3D('',#490,#8881,#8882);
#8881=DIRECTION('',(0.9951856438021754,-0.09800782810597135,0));
#8882=DIRECTION('',(0,0,1));
#8883=FACE_BOUND('',#8884,.T.);
#8884=EDGE_LOOP('',(#8885,#8886,#8887));
#8885=ORIENTED_EDGE('',*,*,#8888,.T.);
#8886=ORIENTED_EDGE('',*,*,#8889,.T.);
#8887=ORIENTED_EDGE('',*,*,#8890,.T.);
#8888=EDGE_CURVE('',#491,#173,#8891,.F.);
#8889=EDGE_CURVE('',#173,#85,#8892,.T.);
#8890=EDGE_CURVE('',#85,#491,#8893,.T.);
#8891=LINE('',#490,#8894);
#8892=LINE('',#172,#8895);
#8893=LINE('',#84,#8896);
#8894=VECTOR('',#8897,1.0);
#8895=VECTOR('',#8898,1.0);
#8896=VECTOR('',#8899,1.0);
#8897=DIRECTION('',(0,0,1));
#8898=DIRECTION('',(-0.09800782810597135,-0.9951856438021754,0));
#8899=DIRECTION('',(0.010191484823505122,0.10348580905612473,-0.9945787153167372));
#8900=FACE_SURFACE('',(#8905),#8901,.T.);
#8901=PLANE('',#8902);
#8902=AXIS2_PLACEMENT_3D('',#490,#8903,#8904);
#8903=DIRECTION('',(0.9951856438021754,-0.09800782810597135,0));
#8904=DIRECTION('',(-0.010191484823505122,-0.10348580905612473,0.9945787153167372));
#8905=FACE_BOUND('',#8906,.T.);
#8906=EDGE_LOOP('',(#8907,#8908,#8909));
#8907=ORIENTED_EDGE('',*,*,#8910,.T.);
#8908=ORIENTED_EDGE('',*,*,#8911,.T.);
#8909=ORIENTED_EDGE('',*,*,#8912,.T.);
#8910=EDGE_CURVE('',#491,#85,#8913,.F.);
#8911=EDGE_CURVE('',#85,#407,#8914,.T.);
#8912=EDGE_CURVE('',#407,#491,#8915,.T.);
#8913=LINE('',#490,#8916);
#8914=LINE('',#84,#8917);
#8915=LINE('',#406,#8918);
#8916=VECTOR('',#8919,1.0);
#8917=VECTOR('',#8920,1.0);
#8918=VECTOR('',#8921,1.0);
#8919=DIRECTION('',(-0.010191484823505122,-0.10348580905612473,0.9945787153167372));
#8920=DIRECTION('',(0,0,-1));
#8921=DIRECTION('',(0.09800782810597135,0.9951856438021754,0));
#8922=FACE_SURFACE('',(#8927),#8923,.T.);
#8923=PLANE('',#8924);
#8924=AXIS2_PLACEMENT_3D('',#406,#8925,#8926);
#8925=DIRECTION('',(0.995185871961211,0.09800551131851819,-0));
#8926=DIRECTION('',(0,0,1));
#8927=FACE_BOUND('',#8928,.T.);
#8928=EDGE_LOOP('',(#8929,#8930,#8931));
#8929=ORIENTED_EDGE('',*,*,#8932,.T.);
#8930=ORIENTED_EDGE('',*,*,#8933,.T.);
#8931=ORIENTED_EDGE('',*,*,#8934,.T.);
#8932=EDGE_CURVE('',#407,#85,#8935,.F.);
#8933=EDGE_CURVE('',#85,#83,#8936,.T.);
#8934=EDGE_CURVE('',#83,#407,#8937,.T.);
#8935=LINE('',#406,#8938);
#8936=LINE('',#84,#8939);
#8937=LINE('',#82,#8940);
#8938=VECTOR('',#8941,1.0);
#8939=VECTOR('',#8942,1.0);
#8940=VECTOR('',#8943,1.0);
#8941=DIRECTION('',(0,0,1));
#8942=DIRECTION('',(0.09800551131851819,-0.9951858719612109,0));
#8943=DIRECTION('',(-0.010191482218362429,0.10348825266668218,-0.9945784610829805));
#8944=FACE_SURFACE('',(#8949),#8945,.T.);
#8945=PLANE('',#8946);
#8946=AXIS2_PLACEMENT_3D('',#406,#8947,#8948);
#8947=DIRECTION('',(0.995185871961211,0.09800551131851819,0));
#8948=DIRECTION('',(0.010191482218362429,-0.10348825266668218,0.9945784610829805));
#8949=FACE_BOUND('',#8950,.T.);
#8950=EDGE_LOOP('',(#8951,#8952,#8953));
#8951=ORIENTED_EDGE('',*,*,#8954,.T.);
#8952=ORIENTED_EDGE('',*,*,#8955,.T.);
#8953=ORIENTED_EDGE('',*,*,#8956,.T.);
#8954=EDGE_CURVE('',#407,#83,#8957,.F.);
#8955=EDGE_CURVE('',#83,#409,#8958,.T.);
#8956=EDGE_CURVE('',#409,#407,#8959,.T.);
#8957=LINE('',#406,#8960);
#8958=LINE('',#82,#8961);
#8959=LINE('',#408,#8962);
#8960=VECTOR('',#8963,1.0);
#8961=VECTOR('',#8964,1.0);
#8962=VECTOR('',#8965,1.0);
#8963=DIRECTION('',(0.010191482218362429,-0.10348825266668218,0.9945784610829805));
#8964=DIRECTION('',(0,0,-1));
#8965=DIRECTION('',(-0.09800551131851819,0.9951858719612109,0));
#8966=FACE_SURFACE('',(#8971),#8967,.T.);
#8967=PLANE('',#8968);
#8968=AXIS2_PLACEMENT_3D('',#408,#8969,#8970);
#8969=DIRECTION('',(0.9569384514357541,0.29029088887483345,-0));
#8970=DIRECTION('',(0,0,1));
#8971=FACE_BOUND('',#8972,.T.);
#8972=EDGE_LOOP('',(#8973,#8974,#8975));
#8973=ORIENTED_EDGE('',*,*,#8976,.T.);
#8974=ORIENTED_EDGE('',*,*,#8977,.T.);
#8975=ORIENTED_EDGE('',*,*,#8978,.T.);
#8976=EDGE_CURVE('',#409,#83,#8979,.F.);
#8977=EDGE_CURVE('',#83,#79,#8980,.T.);
#8978=EDGE_CURVE('',#79,#409,#8981,.T.);
#8979=LINE('',#408,#8982);
#8980=LINE('',#82,#8983);
#8981=LINE('',#78,#8984);
#8982=VECTOR('',#8985,1.0);
#8983=VECTOR('',#8986,1.0);
#8984=VECTOR('',#8987,1.0);
#8985=DIRECTION('',(0,0,1));
#8986=DIRECTION('',(0.29029088887483345,-0.9569384514357541,0));
#8987=DIRECTION('',(-0.030184207368182312,0.09950167147401703,-0.9945794744511025));
#8988=FACE_SURFACE('',(#8993),#8989,.T.);
#8989=PLANE('',#8990);
#8990=AXIS2_PLACEMENT_3D('',#408,#8991,#8992);
#8991=DIRECTION('',(0.9569384514357541,0.29029088887483345,0));
#8992=DIRECTION('',(0.030184207368182312,-0.09950167147401703,0.9945794744511025));
#8993=FACE_BOUND('',#8994,.T.);
#8994=EDGE_LOOP('',(#8995,#8996,#8997));
#8995=ORIENTED_EDGE('',*,*,#8998,.T.);
#8996=ORIENTED_EDGE('',*,*,#8999,.T.);
#8997=ORIENTED_EDGE('',*,*,#9000,.T.);
#8998=EDGE_CURVE('',#409,#79,#9001,.F.);
#8999=EDGE_CURVE('',#79,#401,#9002,.T.);
#9000=EDGE_CURVE('',#401,#409,#9003,.T.);
#9001=LINE('',#408,#9004);
#9002=LINE('',#78,#9005);
#9003=LINE('',#400,#9006);
#9004=VECTOR('',#9007,1.0);
#9005=VECTOR('',#9008,1.0);
#9006=VECTOR('',#9009,1.0);
#9007=DIRECTION('',(0.030184207368182312,-0.09950167147401703,0.9945794744511025));
#9008=DIRECTION('',(0,0,-1));
#9009=DIRECTION('',(-0.29029088887483345,0.9569384514357541,0));
#9010=FACE_SURFACE('',(#9015),#9011,.T.);
#9011=PLANE('',#9012);
#9012=AXIS2_PLACEMENT_3D('',#400,#9013,#9014);
#9013=DIRECTION('',(0.8819146425699568,0.471409125092743,-0));
#9014=DIRECTION('',(0,0,1));
#9015=FACE_BOUND('',#9016,.T.);
#9016=EDGE_LOOP('',(#9017,#9018,#9019));
#9017=ORIENTED_EDGE('',*,*,#9020,.T.);
#9018=ORIENTED_EDGE('',*,*,#9021,.T.);
#9019=ORIENTED_EDGE('',*,*,#9022,.T.);
#9020=EDGE_CURVE('',#401,#79,#9023,.F.);
#9021=EDGE_CURVE('',#79,#75,#9024,.T.);
#9022=EDGE_CURVE('',#75,#401,#9025,.T.);
#9023=LINE('',#400,#9026);
#9024=LINE('',#78,#9027);
#9025=LINE('',#74,#9028);
#9026=VECTOR('',#9029,1.0);
#9027=VECTOR('',#9030,1.0);
#9028=VECTOR('',#9031,1.0);
#9029=DIRECTION('',(0,0,1));
#9030=DIRECTION('',(0.471409125092743,-0.8819146425699568,0));
#9031=DIRECTION('',(-0.04902088581038825,0.09170852808465661,-0.9945785532731493));
#9032=FACE_SURFACE('',(#9037),#9033,.T.);
#9033=PLANE('',#9034);
#9034=AXIS2_PLACEMENT_3D('',#400,#9035,#9036);
#9035=DIRECTION('',(0.8819146425699568,0.471409125092743,0));
#9036=DIRECTION('',(0.04902088581038825,-0.09170852808465661,0.9945785532731493));
#9037=FACE_BOUND('',#9038,.T.);
#9038=EDGE_LOOP('',(#9039,#9040,#9041));
#9039=ORIENTED_EDGE('',*,*,#9042,.T.);
#9040=ORIENTED_EDGE('',*,*,#9043,.T.);
#9041=ORIENTED_EDGE('',*,*,#9044,.T.);
#9042=EDGE_CURVE('',#401,#75,#9045,.F.);
#9043=EDGE_CURVE('',#75,#397,#9046,.T.);
#9044=EDGE_CURVE('',#397,#401,#9047,.T.);
#9045=LINE('',#400,#9048);
#9046=LINE('',#74,#9049);
#9047=LINE('',#396,#9050);
#9048=VECTOR('',#9051,1.0);
#9049=VECTOR('',#9052,1.0);
#9050=VECTOR('',#9053,1.0);
#9051=DIRECTION('',(0.04902088581038825,-0.09170852808465661,0.9945785532731493));
#9052=DIRECTION('',(0,0,-1));
#9053=DIRECTION('',(-0.471409125092743,0.8819146425699568,0));
#9054=FACE_SURFACE('',(#9059),#9055,.T.);
#9055=PLANE('',#9056);
#9056=AXIS2_PLACEMENT_3D('',#396,#9057,#9058);
#9057=DIRECTION('',(0.7730261777003519,0.6343741235185938,-0));
#9058=DIRECTION('',(0,0,1));
#9059=FACE_BOUND('',#9060,.T.);
#9060=EDGE_LOOP('',(#9061,#9062,#9063));
#9061=ORIENTED_EDGE('',*,*,#9064,.T.);
#9062=ORIENTED_EDGE('',*,*,#9065,.T.);
#9063=ORIENTED_EDGE('',*,*,#9066,.T.);
#9064=EDGE_CURVE('',#397,#75,#9067,.F.);
#9065=EDGE_CURVE('',#75,#71,#9068,.T.);
#9066=EDGE_CURVE('',#71,#397,#9069,.T.);
#9067=LINE('',#396,#9070);
#9068=LINE('',#74,#9071);
#9069=LINE('',#70,#9072);
#9070=VECTOR('',#9073,1.0);
#9071=VECTOR('',#9074,1.0);
#9072=VECTOR('',#9075,1.0);
#9073=DIRECTION('',(0,0,1));
#9074=DIRECTION('',(0.6343741235185938,-0.7730261777003519,0));
#9075=DIRECTION('',(-0.06596554243252262,0.08038330889618751,-0.9945788409485109));
#9076=FACE_SURFACE('',(#9081),#9077,.T.);
#9077=PLANE('',#9078);
#9078=AXIS2_PLACEMENT_3D('',#396,#9079,#9080);
#9079=DIRECTION('',(0.7730261777003519,0.6343741235185938,0));
#9080=DIRECTION('',(0.06596554243252262,-0.08038330889618751,0.9945788409485109));
#9081=FACE_BOUND('',#9082,.T.);
#9082=EDGE_LOOP('',(#9083,#9084,#9085));
#9083=ORIENTED_EDGE('',*,*,#9086,.T.);
#9084=ORIENTED_EDGE('',*,*,#9087,.T.);
#9085=ORIENTED_EDGE('',*,*,#9088,.T.);
#9086=EDGE_CURVE('',#397,#71,#9089,.F.);
#9087=EDGE_CURVE('',#71,#393,#9090,.T.);
#9088=EDGE_CURVE('',#393,#397,#9091,.T.);
#9089=LINE('',#396,#9092);
#9090=LINE('',#70,#9093);
#9091=LINE('',#392,#9094);
#9092=VECTOR('',#9095,1.0);
#9093=VECTOR('',#9096,1.0);
#9094=VECTOR('',#9097,1.0);
#9095=DIRECTION('',(0.06596554243252262,-0.08038330889618751,0.9945788409485109));
#9096=DIRECTION('',(0,0,-1));
#9097=DIRECTION('',(-0.6343741235185938,0.7730261777003519,0));
#9098=FACE_SURFACE('',(#9103),#9099,.T.);
#9099=PLANE('',#9100);
#9100=AXIS2_PLACEMENT_3D('',#392,#9101,#9102);
#9101=DIRECTION('',(0.6343999665781382,0.7730049691985538,-0));
#9102=DIRECTION('',(0,0,1));
#9103=FACE_BOUND('',#9104,.T.);
#9104=EDGE_LOOP('',(#9105,#9106,#9107));
#9105=ORIENTED_EDGE('',*,*,#9108,.T.);
#9106=ORIENTED_EDGE('',*,*,#9109,.T.);
#9107=ORIENTED_EDGE('',*,*,#9110,.T.);
#9108=EDGE_CURVE('',#393,#71,#9111,.F.);
#9109=EDGE_CURVE('',#71,#67,#9112,.T.);
#9110=EDGE_CURVE('',#67,#393,#9113,.T.);
#9111=LINE('',#392,#9114);
#9112=LINE('',#70,#9115);
#9113=LINE('',#66,#9116);
#9114=VECTOR('',#9117,1.0);
#9115=VECTOR('',#9118,1.0);
#9116=VECTOR('',#9119,1.0);
#9117=DIRECTION('',(0,0,1));
#9118=DIRECTION('',(0.7730049691985538,-0.6343999665781382,0));
#9119=DIRECTION('',(-0.08038084169378894,0.06596801484592284,-0.9945788763621949));
#9120=FACE_SURFACE('',(#9125),#9121,.T.);
#9121=PLANE('',#9122);
#9122=AXIS2_PLACEMENT_3D('',#392,#9123,#9124);
#9123=DIRECTION('',(0.6343999665781382,0.7730049691985538,0));
#9124=DIRECTION('',(0.08038084169378894,-0.06596801484592284,0.9945788763621949));
#9125=FACE_BOUND('',#9126,.T.);
#9126=EDGE_LOOP('',(#9127,#9128,#9129));
#9127=ORIENTED_EDGE('',*,*,#9130,.T.);
#9128=ORIENTED_EDGE('',*,*,#9131,.T.);
#9129=ORIENTED_EDGE('',*,*,#9132,.T.);
#9130=EDGE_CURVE('',#393,#67,#9133,.F.);
#9131=EDGE_CURVE('',#67,#385,#9134,.T.);
#9132=EDGE_CURVE('',#385,#393,#9135,.T.);
#9133=LINE('',#392,#9136);
#9134=LINE('',#66,#9137);
#9135=LINE('',#384,#9138);
#9136=VECTOR('',#9139,1.0);
#9137=VECTOR('',#9140,1.0);
#9138=VECTOR('',#9141,1.0);
#9139=DIRECTION('',(0.08038084169378894,-0.06596801484592284,0.9945788763621949));
#9140=DIRECTION('',(0,0,-1));
#9141=DIRECTION('',(-0.7730049691985538,0.6343999665781382,0));
#9142=FACE_SURFACE('',(#9147),#9143,.T.);
#9143=PLANE('',#9144);
#9144=AXIS2_PLACEMENT_3D('',#384,#9145,#9146);
#9145=DIRECTION('',(0.47139065005224473,0.8819245177697024,-0));
#9146=DIRECTION('',(0,0,1));
#9147=FACE_BOUND('',#9148,.T.);
#9148=EDGE_LOOP('',(#9149,#9150,#9151));
#9149=ORIENTED_EDGE('',*,*,#9152,.T.);
#9150=ORIENTED_EDGE('',*,*,#9153,.T.);
#9151=ORIENTED_EDGE('',*,*,#9154,.T.);
#9152=EDGE_CURVE('',#385,#67,#9155,.F.);
#9153=EDGE_CURVE('',#67,#65,#9156,.T.);
#9154=EDGE_CURVE('',#65,#385,#9157,.T.);
#9155=LINE('',#384,#9158);
#9156=LINE('',#66,#9159);
#9157=LINE('',#64,#9160);
#9158=VECTOR('',#9161,1.0);
#9159=VECTOR('',#9162,1.0);
#9160=VECTOR('',#9163,1.0);
#9161=DIRECTION('',(0,0,1));
#9162=DIRECTION('',(0.8819245177697025,-0.4713906500522448,0));
#9163=DIRECTION('',(-0.0917085391888798,0.049018421681839036,-0.9945786736983974));
#9164=FACE_SURFACE('',(#9169),#9165,.T.);
#9165=PLANE('',#9166);
#9166=AXIS2_PLACEMENT_3D('',#384,#9167,#9168);
#9167=DIRECTION('',(0.47139065005224473,0.8819245177697024,0));
#9168=DIRECTION('',(0.0917085391888798,-0.049018421681839036,0.9945786736983974));
#9169=FACE_BOUND('',#9170,.T.);
#9170=EDGE_LOOP('',(#9171,#9172,#9173));
#9171=ORIENTED_EDGE('',*,*,#9174,.T.);
#9172=ORIENTED_EDGE('',*,*,#9175,.T.);
#9173=ORIENTED_EDGE('',*,*,#9176,.T.);
#9174=EDGE_CURVE('',#385,#65,#9177,.F.);
#9175=EDGE_CURVE('',#65,#383,#9178,.T.);
#9176=EDGE_CURVE('',#383,#385,#9179,.T.);
#9177=LINE('',#384,#9180);
#9178=LINE('',#64,#9181);
#9179=LINE('',#382,#9182);
#9180=VECTOR('',#9183,1.0);
#9181=VECTOR('',#9184,1.0);
#9182=VECTOR('',#9185,1.0);
#9183=DIRECTION('',(0.0917085391888798,-0.049018421681839036,0.9945786736983974));
#9184=DIRECTION('',(0,0,-1));
#9185=DIRECTION('',(-0.8819245177697025,0.4713906500522448,0));
#9186=FACE_SURFACE('',(#9191),#9187,.T.);
#9187=PLANE('',#9188);
#9188=AXIS2_PLACEMENT_3D('',#382,#9189,#9190);
#9189=DIRECTION('',(0.29025593843069014,0.956949053087843,-0));
#9190=DIRECTION('',(0,0,1));
#9191=FACE_BOUND('',#9192,.T.);
#9192=EDGE_LOOP('',(#9193,#9194,#9195));
#9193=ORIENTED_EDGE('',*,*,#9196,.T.);
#9194=ORIENTED_EDGE('',*,*,#9197,.T.);
#9195=ORIENTED_EDGE('',*,*,#9198,.T.);
#9196=EDGE_CURVE('',#383,#65,#9199,.F.);
#9197=EDGE_CURVE('',#65,#59,#9200,.T.);
#9198=EDGE_CURVE('',#59,#383,#9201,.T.);
#9199=LINE('',#382,#9202);
#9200=LINE('',#64,#9203);
#9201=LINE('',#58,#9204);
#9202=VECTOR('',#9205,1.0);
#9203=VECTOR('',#9206,1.0);
#9204=VECTOR('',#9207,1.0);
#9205=DIRECTION('',(0,0,1));
#9206=DIRECTION('',(0.9569490530878431,-0.2902559384306902,0));
#9207=DIRECTION('',(-0.09950657011096237,0.03018172471604441,-0.9945790597021018));
#9208=FACE_SURFACE('',(#9213),#9209,.T.);
#9209=PLANE('',#9210);
#9210=AXIS2_PLACEMENT_3D('',#382,#9211,#9212);
#9211=DIRECTION('',(0.29025593843069014,0.956949053087843,0));
#9212=DIRECTION('',(0.09950657011096237,-0.03018172471604441,0.9945790597021018));
#9213=FACE_BOUND('',#9214,.T.);
#9214=EDGE_LOOP('',(#9215,#9216,#9217));
#9215=ORIENTED_EDGE('',*,*,#9218,.T.);
#9216=ORIENTED_EDGE('',*,*,#9219,.T.);
#9217=ORIENTED_EDGE('',*,*,#9220,.T.);
#9218=EDGE_CURVE('',#383,#59,#9221,.F.);
#9219=EDGE_CURVE('',#59,#379,#9222,.T.);
#9220=EDGE_CURVE('',#379,#383,#9223,.T.);
#9221=LINE('',#382,#9224);
#9222=LINE('',#58,#9225);
#9223=LINE('',#378,#9226);
#9224=VECTOR('',#9227,1.0);
#9225=VECTOR('',#9228,1.0);
#9226=VECTOR('',#9229,1.0);
#9227=DIRECTION('',(0.09950657011096237,-0.03018172471604441,0.9945790597021018));
#9228=DIRECTION('',(0,0,-1));
#9229=DIRECTION('',(-0.9569490530878431,0.2902559384306902,0));
#9230=FACE_SURFACE('',(#9235),#9231,.T.);
#9231=PLANE('',#9232);
#9232=AXIS2_PLACEMENT_3D('',#378,#9233,#9234);
#9233=DIRECTION('',(0.09803367101349733,0.9951830984033125,-0));
#9234=DIRECTION('',(0,0,1));
#9235=FACE_BOUND('',#9236,.T.);
#9236=EDGE_LOOP('',(#9237,#9238,#9239));
#9237=ORIENTED_EDGE('',*,*,#9240,.T.);
#9238=ORIENTED_EDGE('',*,*,#9241,.T.);
#9239=ORIENTED_EDGE('',*,*,#9242,.T.);
#9240=EDGE_CURVE('',#379,#59,#9243,.F.);
#9241=EDGE_CURVE('',#59,#53,#9244,.T.);
#9242=EDGE_CURVE('',#53,#379,#9245,.T.);
#9243=LINE('',#378,#9246);
#9244=LINE('',#58,#9247);
#9245=LINE('',#52,#9248);
#9246=VECTOR('',#9249,1.0);
#9247=VECTOR('',#9250,1.0);
#9248=VECTOR('',#9251,1.0);
#9249=DIRECTION('',(0,0,1));
#9250=DIRECTION('',(0.9951830984033126,-0.09803367101349734,0));
#9251=DIRECTION('',(-0.10348336283832539,0.010193957236753048,-0.9945789445044203));
#9252=FACE_SURFACE('',(#9257),#9253,.T.);
#9253=PLANE('',#9254);
#9254=AXIS2_PLACEMENT_3D('',#378,#9255,#9256);
#9255=DIRECTION('',(0.09803367101349733,0.9951830984033125,0));
#9256=DIRECTION('',(0.10348336283832539,-0.010193957236753048,0.9945789445044203));
#9257=FACE_BOUND('',#9258,.T.);
#9258=EDGE_LOOP('',(#9259,#9260,#9261));
#9259=ORIENTED_EDGE('',*,*,#9262,.T.);
#9260=ORIENTED_EDGE('',*,*,#9263,.T.);
#9261=ORIENTED_EDGE('',*,*,#9264,.T.);
#9262=EDGE_CURVE('',#379,#53,#9265,.F.);
#9263=EDGE_CURVE('',#53,#377,#9266,.T.);
#9264=EDGE_CURVE('',#377,#379,#9267,.T.);
#9265=LINE('',#378,#9268);
#9266=LINE('',#52,#9269);
#9267=LINE('',#376,#9270);
#9268=VECTOR('',#9271,1.0);
#9269=VECTOR('',#9272,1.0);
#9270=VECTOR('',#9273,1.0);
#9271=DIRECTION('',(0.10348336283832539,-0.010193957236753048,0.9945789445044203));
#9272=DIRECTION('',(0,0,-1));
#9273=DIRECTION('',(-0.9951830984033126,0.09803367101349734,0));
#9274=FACE_SURFACE('',(#9279),#9275,.T.);
#9275=PLANE('',#9276);
#9276=AXIS2_PLACEMENT_3D('',#376,#9277,#9278);
#9277=DIRECTION('',(-0.09803135357169003,0.9951833266875517,0));
#9278=DIRECTION('',(0,0,1));
#9279=FACE_BOUND('',#9280,.T.);
#9280=EDGE_LOOP('',(#9281,#9282,#9283));
#9281=ORIENTED_EDGE('',*,*,#9284,.T.);
#9282=ORIENTED_EDGE('',*,*,#9285,.T.);
#9283=ORIENTED_EDGE('',*,*,#9286,.T.);
#9284=EDGE_CURVE('',#377,#53,#9287,.F.);
#9285=EDGE_CURVE('',#53,#51,#9288,.T.);
#9286=EDGE_CURVE('',#51,#377,#9289,.T.);
#9287=LINE('',#376,#9290);
#9288=LINE('',#52,#9291);
#9289=LINE('',#50,#9292);
#9290=VECTOR('',#9293,1.0);
#9291=VECTOR('',#9294,1.0);
#9292=VECTOR('',#9295,1.0);
#9293=DIRECTION('',(0,0,1));
#9294=DIRECTION('',(0.9951833266875516,0.09803135357169003,0));
#9295=DIRECTION('',(-0.10348580645069654,-0.010193954631039349,-0.9945786902765559));
#9296=FACE_SURFACE('',(#9301),#9297,.T.);
#9297=PLANE('',#9298);
#9298=AXIS2_PLACEMENT_3D('',#376,#9299,#9300);
#9299=DIRECTION('',(-0.09803135357169003,0.9951833266875517,0));
#9300=DIRECTION('',(0.10348580645069654,0.010193954631039349,0.9945786902765559));
#9301=FACE_BOUND('',#9302,.T.);
#9302=EDGE_LOOP('',(#9303,#9304,#9305));
#9303=ORIENTED_EDGE('',*,*,#9306,.T.);
#9304=ORIENTED_EDGE('',*,*,#9307,.T.);
#9305=ORIENTED_EDGE('',*,*,#9308,.T.);
#9306=EDGE_CURVE('',#377,#51,#9309,.F.);
#9307=EDGE_CURVE('',#51,#371,#9310,.T.);
#9308=EDGE_CURVE('',#371,#377,#9311,.T.);
#9309=LINE('',#376,#9312);
#9310=LINE('',#50,#9313);
#9311=LINE('',#370,#9314);
#9312=VECTOR('',#9315,1.0);
#9313=VECTOR('',#9316,1.0);
#9314=VECTOR('',#9317,1.0);
#9315=DIRECTION('',(0.10348580645069654,0.010193954631039349,0.9945786902765559));
#9316=DIRECTION('',(0,0,-1));
#9317=DIRECTION('',(-0.9951833266875516,-0.09803135357169003,0));
#9318=FACE_SURFACE('',(#9323),#9319,.T.);
#9319=PLANE('',#9320);
#9320=AXIS2_PLACEMENT_3D('',#370,#9321,#9322);
#9321=DIRECTION('',(-0.29025593843069014,0.956949053087843,0));
#9322=DIRECTION('',(0,0,1));
#9323=FACE_BOUND('',#9324,.T.);
#9324=EDGE_LOOP('',(#9325,#9326,#9327));
#9325=ORIENTED_EDGE('',*,*,#9328,.T.);
#9326=ORIENTED_EDGE('',*,*,#9329,.T.);
#9327=ORIENTED_EDGE('',*,*,#9330,.T.);
#9328=EDGE_CURVE('',#371,#51,#9331,.F.);
#9329=EDGE_CURVE('',#51,#41,#9332,.T.);
#9330=EDGE_CURVE('',#41,#371,#9333,.T.);
#9331=LINE('',#370,#9334);
#9332=LINE('',#50,#9335);
#9333=LINE('',#40,#9336);
#9334=VECTOR('',#9337,1.0);
#9335=VECTOR('',#9338,1.0);
#9336=VECTOR('',#9339,1.0);
#9337=DIRECTION('',(0,0,1));
#9338=DIRECTION('',(0.9569490530878431,0.2902559384306902,0));
#9339=DIRECTION('',(-0.09950657011096237,-0.03018172471604441,-0.9945790597021018));
#9340=FACE_SURFACE('',(#9345),#9341,.T.);
#9341=PLANE('',#9342);
#9342=AXIS2_PLACEMENT_3D('',#370,#9343,#9344);
#9343=DIRECTION('',(-0.29025593843069014,0.956949053087843,0));
#9344=DIRECTION('',(0.09950657011096237,0.03018172471604441,0.9945790597021018));
#9345=FACE_BOUND('',#9346,.T.);
#9346=EDGE_LOOP('',(#9347,#9348,#9349));
#9347=ORIENTED_EDGE('',*,*,#9350,.T.);
#9348=ORIENTED_EDGE('',*,*,#9351,.T.);
#9349=ORIENTED_EDGE('',*,*,#9352,.T.);
#9350=EDGE_CURVE('',#371,#41,#9353,.F.);
#9351=EDGE_CURVE('',#41,#369,#9354,.T.);
#9352=EDGE_CURVE('',#369,#371,#9355,.T.);
#9353=LINE('',#370,#9356);
#9354=LINE('',#40,#9357);
#9355=LINE('',#368,#9358);
#9356=VECTOR('',#9359,1.0);
#9357=VECTOR('',#9360,1.0);
#9358=VECTOR('',#9361,1.0);
#9359=DIRECTION('',(0.09950657011096237,0.03018172471604441,0.9945790597021018));
#9360=DIRECTION('',(0,0,-1));
#9361=DIRECTION('',(-0.9569490530878431,-0.2902559384306902,0));
#9362=FACE_SURFACE('',(#9367),#9363,.T.);
#9363=PLANE('',#9364);
#9364=AXIS2_PLACEMENT_3D('',#368,#9365,#9366);
#9365=DIRECTION('',(-0.4714005253463748,0.8819192393315625,0));
#9366=DIRECTION('',(0,0,1));
#9367=FACE_BOUND('',#9368,.T.);
#9368=EDGE_LOOP('',(#9369,#9370,#9371));
#9369=ORIENTED_EDGE('',*,*,#9372,.T.);
#9370=ORIENTED_EDGE('',*,*,#9373,.T.);
#9371=ORIENTED_EDGE('',*,*,#9374,.T.);
#9372=EDGE_CURVE('',#369,#41,#9375,.F.);
#9373=EDGE_CURVE('',#41,#39,#9376,.T.);
#9374=EDGE_CURVE('',#39,#369,#9377,.T.);
#9375=LINE('',#368,#9378);
#9376=LINE('',#40,#9379);
#9377=LINE('',#38,#9380);
#9378=VECTOR('',#9381,1.0);
#9379=VECTOR('',#9382,1.0);
#9380=VECTOR('',#9383,1.0);
#9381=DIRECTION('',(0,0,1));
#9382=DIRECTION('',(0.8819192393315626,0.47140052534637483,0));
#9383=DIRECTION('',(-0.09170608989833252,-0.04901843278563872,-0.9945788989933372));
#9384=FACE_SURFACE('',(#9389),#9385,.T.);
#9385=PLANE('',#9386);
#9386=AXIS2_PLACEMENT_3D('',#368,#9387,#9388);
#9387=DIRECTION('',(-0.4714005253463748,0.8819192393315625,0));
#9388=DIRECTION('',(0.09170608989833252,0.04901843278563872,0.9945788989933372));
#9389=FACE_BOUND('',#9390,.T.);
#9390=EDGE_LOOP('',(#9391,#9392,#9393));
#9391=ORIENTED_EDGE('',*,*,#9394,.T.);
#9392=ORIENTED_EDGE('',*,*,#9395,.T.);
#9393=ORIENTED_EDGE('',*,*,#9396,.T.);
#9394=EDGE_CURVE('',#369,#39,#9397,.F.);
#9395=EDGE_CURVE('',#39,#355,#9398,.T.);
#9396=EDGE_CURVE('',#355,#369,#9399,.T.);
#9397=LINE('',#368,#9400);
#9398=LINE('',#38,#9401);
#9399=LINE('',#354,#9402);
#9400=VECTOR('',#9403,1.0);
#9401=VECTOR('',#9404,1.0);
#9402=VECTOR('',#9405,1.0);
#9403=DIRECTION('',(0.09170608989833252,0.04901843278563872,0.9945788989933372));
#9404=DIRECTION('',(0,0,-1));
#9405=DIRECTION('',(-0.8819192393315626,-0.47140052534637483,0));
#9406=FACE_SURFACE('',(#9411),#9407,.T.);
#9407=PLANE('',#9408);
#9408=AXIS2_PLACEMENT_3D('',#354,#9409,#9410);
#9409=DIRECTION('',(-0.6343999665781382,0.7730049691985538,0));
#9410=DIRECTION('',(0,0,1));
#9411=FACE_BOUND('',#9412,.T.);
#9412=EDGE_LOOP('',(#9413,#9414,#9415));
#9413=ORIENTED_EDGE('',*,*,#9416,.T.);
#9414=ORIENTED_EDGE('',*,*,#9417,.T.);
#9415=ORIENTED_EDGE('',*,*,#9418,.T.);
#9416=EDGE_CURVE('',#355,#39,#9419,.F.);
#9417=EDGE_CURVE('',#39,#37,#9420,.T.);
#9418=EDGE_CURVE('',#37,#355,#9421,.T.);
#9419=LINE('',#354,#9422);
#9420=LINE('',#38,#9423);
#9421=LINE('',#36,#9424);
#9422=VECTOR('',#9425,1.0);
#9423=VECTOR('',#9426,1.0);
#9424=VECTOR('',#9427,1.0);
#9425=DIRECTION('',(0,0,1));
#9426=DIRECTION('',(0.7730049691985538,0.6343999665781382,0));
#9427=DIRECTION('',(-0.08038084169378894,-0.06596801484592284,-0.9945788763621949));
#9428=FACE_SURFACE('',(#9433),#9429,.T.);
#9429=PLANE('',#9430);
#9430=AXIS2_PLACEMENT_3D('',#354,#9431,#9432);
#9431=DIRECTION('',(-0.6343999665781382,0.7730049691985538,0));
#9432=DIRECTION('',(0.08038084169378894,0.06596801484592284,0.9945788763621949));
#9433=FACE_BOUND('',#9434,.T.);
#9434=EDGE_LOOP('',(#9435,#9436,#9437));
#9435=ORIENTED_EDGE('',*,*,#9438,.T.);
#9436=ORIENTED_EDGE('',*,*,#9439,.T.);
#9437=ORIENTED_EDGE('',*,*,#9440,.T.);
#9438=EDGE_CURVE('',#355,#37,#9441,.F.);
#9439=EDGE_CURVE('',#37,#357,#9442,.T.);
#9440=EDGE_CURVE('',#357,#355,#9443,.T.);
#9441=LINE('',#354,#9444);
#9442=LINE('',#36,#9445);
#9443=LINE('',#356,#9446);
#9444=VECTOR('',#9447,1.0);
#9445=VECTOR('',#9448,1.0);
#9446=VECTOR('',#9449,1.0);
#9447=DIRECTION('',(0.08038084169378894,0.06596801484592284,0.9945788763621949));
#9448=DIRECTION('',(0,0,-1));
#9449=DIRECTION('',(-0.7730049691985538,-0.6343999665781382,0));
#9450=FACE_SURFACE('',(#9455),#9451,.T.);
#9451=PLANE('',#9452);
#9452=AXIS2_PLACEMENT_3D('',#36,#9453,#9454);
#9453=DIRECTION('',(-0.7730145290773501,0.6343883178584885,0));
#9454=DIRECTION('',(0.6343883178584885,0.7730145290773501,0));
#9455=FACE_BOUND('',#9456,.T.);
#9456=EDGE_LOOP('',(#9457,#9458,#9459));
#9457=ORIENTED_EDGE('',*,*,#9460,.T.);
#9458=ORIENTED_EDGE('',*,*,#9461,.T.);
#9459=ORIENTED_EDGE('',*,*,#9462,.T.);
#9460=EDGE_CURVE('',#37,#91,#9463,.F.);
#9461=EDGE_CURVE('',#91,#551,#9464,.T.);
#9462=EDGE_CURVE('',#551,#37,#9465,.T.);
#9463=LINE('',#36,#9466);
#9464=LINE('',#90,#9467);
#9465=LINE('',#550,#9468);
#9466=VECTOR('',#9469,1.0);
#9467=VECTOR('',#9470,1.0);
#9468=VECTOR('',#9471,1.0);
#9469=DIRECTION('',(0.6343883178584885,0.7730145290773501,0));
#9470=DIRECTION('',(0,0,-1));
#9471=DIRECTION('',(-0.06596800174804858,-0.08038329579835793,0.9945786788896911));
#9472=FACE_SURFACE('',(#9477),#9473,.T.);
#9473=PLANE('',#9474);
#9474=AXIS2_PLACEMENT_3D('',#36,#9475,#9476);
#9475=DIRECTION('',(-0.7730145290773501,0.6343883178584885,0));
#9476=DIRECTION('',(0.06596800174804858,0.08038329579835793,-0.9945786788896911));
#9477=FACE_BOUND('',#9478,.T.);
#9478=EDGE_LOOP('',(#9479,#9480,#9481));
#9479=ORIENTED_EDGE('',*,*,#9482,.T.);
#9480=ORIENTED_EDGE('',*,*,#9483,.T.);
#9481=ORIENTED_EDGE('',*,*,#9484,.T.);
#9482=EDGE_CURVE('',#37,#551,#9485,.F.);
#9483=EDGE_CURVE('',#551,#357,#9486,.T.);
#9484=EDGE_CURVE('',#357,#37,#9487,.T.);
#9485=LINE('',#36,#9488);
#9486=LINE('',#550,#9489);
#9487=LINE('',#356,#9490);
#9488=VECTOR('',#9491,1.0);
#9489=VECTOR('',#9492,1.0);
#9490=VECTOR('',#9493,1.0);
#9491=DIRECTION('',(0.06596800174804858,0.08038329579835793,-0.9945786788896911));
#9492=DIRECTION('',(-0.6343883178584885,-0.7730145290773501,0));
#9493=DIRECTION('',(0,0,1));
#9494=FACE_SURFACE('',(#9499),#9495,.T.);
#9495=PLANE('',#9496);
#9496=AXIS2_PLACEMENT_3D('',#90,#9497,#9498);
#9497=DIRECTION('',(-0.8819245177697024,0.47139065005224473,0));
#9498=DIRECTION('',(0.4713906500522448,0.8819245177697025,0));
#9499=FACE_BOUND('',#9500,.T.);
#9500=EDGE_LOOP('',(#9501,#9502,#9503));
#9501=ORIENTED_EDGE('',*,*,#9504,.T.);
#9502=ORIENTED_EDGE('',*,*,#9505,.T.);
#9503=ORIENTED_EDGE('',*,*,#9506,.T.);
#9504=EDGE_CURVE('',#91,#101,#9507,.F.);
#9505=EDGE_CURVE('',#101,#557,#9508,.T.);
#9506=EDGE_CURVE('',#557,#91,#9509,.T.);
#9507=LINE('',#90,#9510);
#9508=LINE('',#100,#9511);
#9509=LINE('',#556,#9512);
#9510=VECTOR('',#9513,1.0);
#9511=VECTOR('',#9514,1.0);
#9512=VECTOR('',#9515,1.0);
#9513=DIRECTION('',(0.4713906500522448,0.8819245177697025,0));
#9514=DIRECTION('',(0,0,-1));
#9515=DIRECTION('',(-0.049018421681839036,-0.0917085391888798,0.9945786736983974));
#9516=FACE_SURFACE('',(#9521),#9517,.T.);
#9517=PLANE('',#9518);
#9518=AXIS2_PLACEMENT_3D('',#90,#9519,#9520);
#9519=DIRECTION('',(-0.8819245177697024,0.47139065005224473,0));
#9520=DIRECTION('',(0.049018421681839036,0.0917085391888798,-0.9945786736983974));
#9521=FACE_BOUND('',#9522,.T.);
#9522=EDGE_LOOP('',(#9523,#9524,#9525));
#9523=ORIENTED_EDGE('',*,*,#9526,.T.);
#9524=ORIENTED_EDGE('',*,*,#9527,.T.);
#9525=ORIENTED_EDGE('',*,*,#9528,.T.);
#9526=EDGE_CURVE('',#91,#557,#9529,.F.);
#9527=EDGE_CURVE('',#557,#551,#9530,.T.);
#9528=EDGE_CURVE('',#551,#91,#9531,.T.);
#9529=LINE('',#90,#9532);
#9530=LINE('',#556,#9533);
#9531=LINE('',#550,#9534);
#9532=VECTOR('',#9535,1.0);
#9533=VECTOR('',#9536,1.0);
#9534=VECTOR('',#9537,1.0);
#9535=DIRECTION('',(0.049018421681839036,0.0917085391888798,-0.9945786736983974));
#9536=DIRECTION('',(-0.4713906500522448,-0.8819245177697025,0));
#9537=DIRECTION('',(0,0,1));
#9538=FACE_SURFACE('',(#9543),#9539,.T.);
#9539=PLANE('',#9540);
#9540=AXIS2_PLACEMENT_3D('',#100,#9541,#9542);
#9541=DIRECTION('',(-0.9569384514357541,0.29029088887483345,0));
#9542=DIRECTION('',(0.29029088887483345,0.9569384514357541,0));
#9543=FACE_BOUND('',#9544,.T.);
#9544=EDGE_LOOP('',(#9545,#9546,#9547));
#9545=ORIENTED_EDGE('',*,*,#9548,.T.);
#9546=ORIENTED_EDGE('',*,*,#9549,.T.);
#9547=ORIENTED_EDGE('',*,*,#9550,.T.);
#9548=EDGE_CURVE('',#101,#103,#9551,.F.);
#9549=EDGE_CURVE('',#103,#559,#9552,.T.);
#9550=EDGE_CURVE('',#559,#101,#9553,.T.);
#9551=LINE('',#100,#9554);
#9552=LINE('',#102,#9555);
#9553=LINE('',#558,#9556);
#9554=VECTOR('',#9557,1.0);
#9555=VECTOR('',#9558,1.0);
#9556=VECTOR('',#9559,1.0);
#9557=DIRECTION('',(0.29029088887483345,0.9569384514357541,0));
#9558=DIRECTION('',(0,0,-1));
#9559=DIRECTION('',(-0.030184207368182312,-0.09950167147401703,0.9945794744511025));
#9560=FACE_SURFACE('',(#9565),#9561,.T.);
#9561=PLANE('',#9562);
#9562=AXIS2_PLACEMENT_3D('',#100,#9563,#9564);
#9563=DIRECTION('',(-0.9569384514357541,0.29029088887483345,0));
#9564=DIRECTION('',(0.030184207368182312,0.09950167147401703,-0.9945794744511025));
#9565=FACE_BOUND('',#9566,.T.);
#9566=EDGE_LOOP('',(#9567,#9568,#9569));
#9567=ORIENTED_EDGE('',*,*,#9570,.T.);
#9568=ORIENTED_EDGE('',*,*,#9571,.T.);
#9569=ORIENTED_EDGE('',*,*,#9572,.T.);
#9570=EDGE_CURVE('',#101,#559,#9573,.F.);
#9571=EDGE_CURVE('',#559,#557,#9574,.T.);
#9572=EDGE_CURVE('',#557,#101,#9575,.T.);
#9573=LINE('',#100,#9576);
#9574=LINE('',#558,#9577);
#9575=LINE('',#556,#9578);
#9576=VECTOR('',#9579,1.0);
#9577=VECTOR('',#9580,1.0);
#9578=VECTOR('',#9581,1.0);
#9579=DIRECTION('',(0.030184207368182312,0.09950167147401703,-0.9945794744511025));
#9580=DIRECTION('',(-0.29029088887483345,-0.9569384514357541,0));
#9581=DIRECTION('',(0,0,1));
#9582=FACE_SURFACE('',(#9587),#9583,.T.);
#9583=PLANE('',#9584);
#9584=AXIS2_PLACEMENT_3D('',#102,#9585,#9586);
#9585=DIRECTION('',(-0.995185871961211,0.09800551131851819,0));
#9586=DIRECTION('',(0.09800551131851819,0.9951858719612109,0));
#9587=FACE_BOUND('',#9588,.T.);
#9588=EDGE_LOOP('',(#9589,#9590,#9591));
#9589=ORIENTED_EDGE('',*,*,#9592,.T.);
#9590=ORIENTED_EDGE('',*,*,#9593,.T.);
#9591=ORIENTED_EDGE('',*,*,#9594,.T.);
#9592=EDGE_CURVE('',#103,#109,#9595,.F.);
#9593=EDGE_CURVE('',#109,#549,#9596,.T.);
#9594=EDGE_CURVE('',#549,#103,#9597,.T.);
#9595=LINE('',#102,#9598);
#9596=LINE('',#108,#9599);
#9597=LINE('',#548,#9600);
#9598=VECTOR('',#9601,1.0);
#9599=VECTOR('',#9602,1.0);
#9600=VECTOR('',#9603,1.0);
#9601=DIRECTION('',(0.09800551131851819,0.9951858719612109,0));
#9602=DIRECTION('',(0,0,-1));
#9603=DIRECTION('',(-0.010191482218362429,-0.10348825266668218,0.9945784610829805));
#9604=FACE_SURFACE('',(#9609),#9605,.T.);
#9605=PLANE('',#9606);
#9606=AXIS2_PLACEMENT_3D('',#102,#9607,#9608);
#9607=DIRECTION('',(-0.995185871961211,0.09800551131851819,0));
#9608=DIRECTION('',(0.010191482218362429,0.10348825266668218,-0.9945784610829805));
#9609=FACE_BOUND('',#9610,.T.);
#9610=EDGE_LOOP('',(#9611,#9612,#9613));
#9611=ORIENTED_EDGE('',*,*,#9614,.T.);
#9612=ORIENTED_EDGE('',*,*,#9615,.T.);
#9613=ORIENTED_EDGE('',*,*,#9616,.T.);
#9614=EDGE_CURVE('',#103,#549,#9617,.F.);
#9615=EDGE_CURVE('',#549,#559,#9618,.T.);
#9616=EDGE_CURVE('',#559,#103,#9619,.T.);
#9617=LINE('',#102,#9620);
#9618=LINE('',#548,#9621);
#9619=LINE('',#558,#9622);
#9620=VECTOR('',#9623,1.0);
#9621=VECTOR('',#9624,1.0);
#9622=VECTOR('',#9625,1.0);
#9623=DIRECTION('',(0.010191482218362429,0.10348825266668218,-0.9945784610829805));
#9624=DIRECTION('',(-0.09800551131851819,-0.9951858719612109,0));
#9625=DIRECTION('',(0,0,1));
#9626=FACE_SURFACE('',(#9631),#9627,.T.);
#9627=PLANE('',#9628);
#9628=AXIS2_PLACEMENT_3D('',#422,#9629,#9630);
#9629=DIRECTION('',(0.9951856438021754,0.09800782810597135,-0));
#9630=DIRECTION('',(0,0,1));
#9631=FACE_BOUND('',#9632,.T.);
#9632=EDGE_LOOP('',(#9633,#9634,#9635));
#9633=ORIENTED_EDGE('',*,*,#9636,.T.);
#9634=ORIENTED_EDGE('',*,*,#9637,.T.);
#9635=ORIENTED_EDGE('',*,*,#9638,.T.);
#9636=EDGE_CURVE('',#423,#235,#9639,.F.);
#9637=EDGE_CURVE('',#235,#231,#9640,.T.);
#9638=EDGE_CURVE('',#231,#423,#9641,.T.);
#9639=LINE('',#422,#9642);
#9640=LINE('',#234,#9643);
#9641=LINE('',#230,#9644);
#9642=VECTOR('',#9645,1.0);
#9643=VECTOR('',#9646,1.0);
#9644=VECTOR('',#9647,1.0);
#9645=DIRECTION('',(0,0,1));
#9646=DIRECTION('',(0.09800782810597135,-0.9951856438021754,0));
#9647=DIRECTION('',(-0.010191484823505122,0.10348580905612473,-0.9945787153167372));
#9648=FACE_SURFACE('',(#9653),#9649,.T.);
#9649=PLANE('',#9650);
#9650=AXIS2_PLACEMENT_3D('',#422,#9651,#9652);
#9651=DIRECTION('',(0.9951856438021754,0.09800782810597135,0));
#9652=DIRECTION('',(0.010191484823505122,-0.10348580905612473,0.9945787153167372));
#9653=FACE_BOUND('',#9654,.T.);
#9654=EDGE_LOOP('',(#9655,#9656,#9657));
#9655=ORIENTED_EDGE('',*,*,#9658,.T.);
#9656=ORIENTED_EDGE('',*,*,#9659,.T.);
#9657=ORIENTED_EDGE('',*,*,#9660,.T.);
#9658=EDGE_CURVE('',#423,#231,#9661,.F.);
#9659=EDGE_CURVE('',#231,#429,#9662,.T.);
#9660=EDGE_CURVE('',#429,#423,#9663,.T.);
#9661=LINE('',#422,#9664);
#9662=LINE('',#230,#9665);
#9663=LINE('',#428,#9666);
#9664=VECTOR('',#9667,1.0);
#9665=VECTOR('',#9668,1.0);
#9666=VECTOR('',#9669,1.0);
#9667=DIRECTION('',(0.010191484823505122,-0.10348580905612473,0.9945787153167372));
#9668=DIRECTION('',(0,0,-1));
#9669=DIRECTION('',(-0.09800782810597135,0.9951856438021754,0));
#9670=FACE_SURFACE('',(#9675),#9671,.T.);
#9671=PLANE('',#9672);
#9672=AXIS2_PLACEMENT_3D('',#428,#9673,#9674);
#9673=DIRECTION('',(0.9569371537872804,0.2902951665141858,-0));
#9674=DIRECTION('',(0,0,1));
#9675=FACE_BOUND('',#9676,.T.);
#9676=EDGE_LOOP('',(#9677,#9678,#9679));
#9677=ORIENTED_EDGE('',*,*,#9680,.T.);
#9678=ORIENTED_EDGE('',*,*,#9681,.T.);
#9679=ORIENTED_EDGE('',*,*,#9682,.T.);
#9680=EDGE_CURVE('',#429,#231,#9683,.F.);
#9681=EDGE_CURVE('',#231,#227,#9684,.T.);
#9682=EDGE_CURVE('',#227,#429,#9685,.T.);
#9683=LINE('',#428,#9686);
#9684=LINE('',#230,#9687);
#9685=LINE('',#226,#9688);
#9686=VECTOR('',#9689,1.0);
#9687=VECTOR('',#9690,1.0);
#9688=VECTOR('',#9691,1.0);
#9689=DIRECTION('',(0,0,1));
#9690=DIRECTION('',(0.2902951665141858,-0.9569371537872804,0));
#9691=DIRECTION('',(-0.030185433856989418,0.0995041133746542,-0.9945791929275362));
#9692=FACE_SURFACE('',(#9697),#9693,.T.);
#9693=PLANE('',#9694);
#9694=AXIS2_PLACEMENT_3D('',#428,#9695,#9696);
#9695=DIRECTION('',(0.9569371537872804,0.2902951665141858,0));
#9696=DIRECTION('',(0.030185433856989418,-0.0995041133746542,0.9945791929275362));
#9697=FACE_BOUND('',#9698,.T.);
#9698=EDGE_LOOP('',(#9699,#9700,#9701));
#9699=ORIENTED_EDGE('',*,*,#9702,.T.);
#9700=ORIENTED_EDGE('',*,*,#9703,.T.);
#9701=ORIENTED_EDGE('',*,*,#9704,.T.);
#9702=EDGE_CURVE('',#429,#227,#9705,.F.);
#9703=EDGE_CURVE('',#227,#435,#9706,.T.);
#9704=EDGE_CURVE('',#435,#429,#9707,.T.);
#9705=LINE('',#428,#9708);
#9706=LINE('',#226,#9709);
#9707=LINE('',#434,#9710);
#9708=VECTOR('',#9711,1.0);
#9709=VECTOR('',#9712,1.0);
#9710=VECTOR('',#9713,1.0);
#9711=DIRECTION('',(0.030185433856989418,-0.0995041133746542,0.9945791929275362));
#9712=DIRECTION('',(0,0,-1));
#9713=DIRECTION('',(-0.2902951665141858,0.9569371537872804,0));
#9714=FACE_SURFACE('',(#9719),#9715,.T.);
#9715=PLANE('',#9716);
#9716=AXIS2_PLACEMENT_3D('',#434,#9717,#9718);
#9717=DIRECTION('',(0.8819195801905639,0.471399887650071,-0));
#9718=DIRECTION('',(0,0,1));
#9719=FACE_BOUND('',#9720,.T.);
#9720=EDGE_LOOP('',(#9721,#9722,#9723));
#9721=ORIENTED_EDGE('',*,*,#9724,.T.);
#9722=ORIENTED_EDGE('',*,*,#9725,.T.);
#9723=ORIENTED_EDGE('',*,*,#9726,.T.);
#9724=EDGE_CURVE('',#435,#227,#9727,.F.);
#9725=EDGE_CURVE('',#227,#223,#9728,.T.);
#9726=EDGE_CURVE('',#223,#435,#9729,.T.);
#9727=LINE('',#434,#9730);
#9728=LINE('',#226,#9731);
#9729=LINE('',#222,#9732);
#9730=VECTOR('',#9733,1.0);
#9731=VECTOR('',#9734,1.0);
#9732=VECTOR('',#9735,1.0);
#9733=DIRECTION('',(0,0,1));
#9734=DIRECTION('',(0.471399887650071,-0.8819195801905639,0));
#9735=DIRECTION('',(-0.04901965374622553,0.09170853363683765,-0.9945786134865263));
#9736=FACE_SURFACE('',(#9741),#9737,.T.);
#9737=PLANE('',#9738);
#9738=AXIS2_PLACEMENT_3D('',#434,#9739,#9740);
#9739=DIRECTION('',(0.8819195801905639,0.471399887650071,0));
#9740=DIRECTION('',(0.04901965374622553,-0.09170853363683765,0.9945786134865263));
#9741=FACE_BOUND('',#9742,.T.);
#9742=EDGE_LOOP('',(#9743,#9744,#9745));
#9743=ORIENTED_EDGE('',*,*,#9746,.T.);
#9744=ORIENTED_EDGE('',*,*,#9747,.T.);
#9745=ORIENTED_EDGE('',*,*,#9748,.T.);
#9746=EDGE_CURVE('',#435,#223,#9749,.F.);
#9747=EDGE_CURVE('',#223,#437,#9750,.T.);
#9748=EDGE_CURVE('',#437,#435,#9751,.T.);
#9749=LINE('',#434,#9752);
#9750=LINE('',#222,#9753);
#9751=LINE('',#436,#9754);
#9752=VECTOR('',#9755,1.0);
#9753=VECTOR('',#9756,1.0);
#9754=VECTOR('',#9757,1.0);
#9755=DIRECTION('',(0.04901965374622553,-0.09170853363683765,0.9945786134865263));
#9756=DIRECTION('',(0,0,-1));
#9757=DIRECTION('',(-0.471399887650071,0.8819195801905639,0));
#9758=FACE_SURFACE('',(#9763),#9759,.T.);
#9759=PLANE('',#9760);
#9760=AXIS2_PLACEMENT_3D('',#436,#9761,#9762);
#9761=DIRECTION('',(0.7730261777003519,0.6343741235185938,-0));
#9762=DIRECTION('',(0,0,1));
#9763=FACE_BOUND('',#9764,.T.);
#9764=EDGE_LOOP('',(#9765,#9766,#9767));
#9765=ORIENTED_EDGE('',*,*,#9768,.T.);
#9766=ORIENTED_EDGE('',*,*,#9769,.T.);
#9767=ORIENTED_EDGE('',*,*,#9770,.T.);
#9768=EDGE_CURVE('',#437,#223,#9771,.F.);
#9769=EDGE_CURVE('',#223,#219,#9772,.T.);
#9770=EDGE_CURVE('',#219,#437,#9773,.T.);
#9771=LINE('',#436,#9774);
#9772=LINE('',#222,#9775);
#9773=LINE('',#218,#9776);
#9774=VECTOR('',#9777,1.0);
#9775=VECTOR('',#9778,1.0);
#9776=VECTOR('',#9779,1.0);
#9777=DIRECTION('',(0,0,1));
#9778=DIRECTION('',(0.6343741235185938,-0.7730261777003519,0));
#9779=DIRECTION('',(-0.06596554243252262,0.08038330889618751,-0.9945788409485109));
#9780=FACE_SURFACE('',(#9785),#9781,.T.);
#9781=PLANE('',#9782);
#9782=AXIS2_PLACEMENT_3D('',#436,#9783,#9784);
#9783=DIRECTION('',(0.7730261777003519,0.6343741235185938,0));
#9784=DIRECTION('',(0.06596554243252262,-0.08038330889618751,0.9945788409485109));
#9785=FACE_BOUND('',#9786,.T.);
#9786=EDGE_LOOP('',(#9787,#9788,#9789));
#9787=ORIENTED_EDGE('',*,*,#9790,.T.);
#9788=ORIENTED_EDGE('',*,*,#9791,.T.);
#9789=ORIENTED_EDGE('',*,*,#9792,.T.);
#9790=EDGE_CURVE('',#437,#219,#9793,.F.);
#9791=EDGE_CURVE('',#219,#439,#9794,.T.);
#9792=EDGE_CURVE('',#439,#437,#9795,.T.);
#9793=LINE('',#436,#9796);
#9794=LINE('',#218,#9797);
#9795=LINE('',#438,#9798);
#9796=VECTOR('',#9799,1.0);
#9797=VECTOR('',#9800,1.0);
#9798=VECTOR('',#9801,1.0);
#9799=DIRECTION('',(0.06596554243252262,-0.08038330889618751,0.9945788409485109));
#9800=DIRECTION('',(0,0,-1));
#9801=DIRECTION('',(-0.6343741235185938,0.7730261777003519,0));
#9802=FACE_SURFACE('',(#9807),#9803,.T.);
#9803=PLANE('',#9804);
#9804=AXIS2_PLACEMENT_3D('',#438,#9805,#9806);
#9805=DIRECTION('',(0.6343799478881689,0.7730213979686488,-0));
#9806=DIRECTION('',(0,0,1));
#9807=FACE_BOUND('',#9808,.T.);
#9808=EDGE_LOOP('',(#9809,#9810,#9811));
#9809=ORIENTED_EDGE('',*,*,#9812,.T.);
#9810=ORIENTED_EDGE('',*,*,#9813,.T.);
#9811=ORIENTED_EDGE('',*,*,#9814,.T.);
#9812=EDGE_CURVE('',#439,#219,#9815,.F.);
#9813=EDGE_CURVE('',#219,#215,#9816,.T.);
#9814=EDGE_CURVE('',#215,#439,#9817,.T.);
#9815=LINE('',#438,#9818);
#9816=LINE('',#218,#9819);
#9817=LINE('',#214,#9820);
#9818=VECTOR('',#9821,1.0);
#9819=VECTOR('',#9822,1.0);
#9820=VECTOR('',#9823,1.0);
#9821=DIRECTION('',(0,0,1));
#9822=DIRECTION('',(0.7730213979686489,-0.6343799478881689,0));
#9823=DIRECTION('',(-0.0803820818438884,0.06596554898126707,-0.9945789396855548));
#9824=FACE_SURFACE('',(#9829),#9825,.T.);
#9825=PLANE('',#9826);
#9826=AXIS2_PLACEMENT_3D('',#438,#9827,#9828);
#9827=DIRECTION('',(0.6343799478881689,0.7730213979686488,0));
#9828=DIRECTION('',(0.0803820818438884,-0.06596554898126707,0.9945789396855548));
#9829=FACE_BOUND('',#9830,.T.);
#9830=EDGE_LOOP('',(#9831,#9832,#9833));
#9831=ORIENTED_EDGE('',*,*,#9834,.T.);
#9832=ORIENTED_EDGE('',*,*,#9835,.T.);
#9833=ORIENTED_EDGE('',*,*,#9836,.T.);
#9834=EDGE_CURVE('',#439,#215,#9837,.F.);
#9835=EDGE_CURVE('',#215,#443,#9838,.T.);
#9836=EDGE_CURVE('',#443,#439,#9839,.T.);
#9837=LINE('',#438,#9840);
#9838=LINE('',#214,#9841);
#9839=LINE('',#442,#9842);
#9840=VECTOR('',#9843,1.0);
#9841=VECTOR('',#9844,1.0);
#9842=VECTOR('',#9845,1.0);
#9843=DIRECTION('',(0.0803820818438884,-0.06596554898126707,0.9945789396855548));
#9844=DIRECTION('',(0,0,-1));
#9845=DIRECTION('',(-0.7730213979686489,0.6343799478881689,0));
#9846=FACE_SURFACE('',(#9851),#9847,.T.);
#9847=PLANE('',#9848);
#9848=AXIS2_PLACEMENT_3D('',#442,#9849,#9850);
#9849=DIRECTION('',(0.4714005253463748,0.8819192393315625,-0));
#9850=DIRECTION('',(0,0,1));
#9851=FACE_BOUND('',#9852,.T.);
#9852=EDGE_LOOP('',(#9853,#9854,#9855));
#9853=ORIENTED_EDGE('',*,*,#9856,.T.);
#9854=ORIENTED_EDGE('',*,*,#9857,.T.);
#9855=ORIENTED_EDGE('',*,*,#9858,.T.);
#9856=EDGE_CURVE('',#443,#215,#9859,.F.);
#9857=EDGE_CURVE('',#215,#211,#9860,.T.);
#9858=EDGE_CURVE('',#211,#443,#9861,.T.);
#9859=LINE('',#442,#9862);
#9860=LINE('',#214,#9863);
#9861=LINE('',#210,#9864);
#9862=VECTOR('',#9865,1.0);
#9863=VECTOR('',#9866,1.0);
#9864=VECTOR('',#9867,1.0);
#9865=DIRECTION('',(0,0,1));
#9866=DIRECTION('',(0.8819192393315626,-0.47140052534637483,0));
#9867=DIRECTION('',(-0.09170608989833252,0.04901843278563872,-0.9945788989933372));
#9868=FACE_SURFACE('',(#9873),#9869,.T.);
#9869=PLANE('',#9870);
#9870=AXIS2_PLACEMENT_3D('',#442,#9871,#9872);
#9871=DIRECTION('',(0.4714005253463748,0.8819192393315625,0));
#9872=DIRECTION('',(0.09170608989833252,-0.04901843278563872,0.9945788989933372));
#9873=FACE_BOUND('',#9874,.T.);
#9874=EDGE_LOOP('',(#9875,#9876,#9877));
#9875=ORIENTED_EDGE('',*,*,#9878,.T.);
#9876=ORIENTED_EDGE('',*,*,#9879,.T.);
#9877=ORIENTED_EDGE('',*,*,#9880,.T.);
#9878=EDGE_CURVE('',#443,#211,#9881,.F.);
#9879=EDGE_CURVE('',#211,#447,#9882,.T.);
#9880=EDGE_CURVE('',#447,#443,#9883,.T.);
#9881=LINE('',#442,#9884);
#9882=LINE('',#210,#9885);
#9883=LINE('',#446,#9886);
#9884=VECTOR('',#9887,1.0);
#9885=VECTOR('',#9888,1.0);
#9886=VECTOR('',#9889,1.0);
#9887=DIRECTION('',(0.09170608989833252,-0.04901843278563872,0.9945788989933372));
#9888=DIRECTION('',(0,0,-1));
#9889=DIRECTION('',(-0.8819192393315626,0.47140052534637483,0));
#9890=FACE_SURFACE('',(#9895),#9891,.T.);
#9891=PLANE('',#9892);
#9892=AXIS2_PLACEMENT_3D('',#446,#9893,#9894);
#9893=DIRECTION('',(0.29029944392376855,0.9569358561876291,-0));
#9894=DIRECTION('',(0,0,1));
#9895=FACE_BOUND('',#9896,.T.);
#9896=EDGE_LOOP('',(#9897,#9898,#9899));
#9897=ORIENTED_EDGE('',*,*,#9900,.T.);
#9898=ORIENTED_EDGE('',*,*,#9901,.T.);
#9899=ORIENTED_EDGE('',*,*,#9902,.T.);
#9900=EDGE_CURVE('',#447,#211,#9903,.F.);
#9901=EDGE_CURVE('',#211,#207,#9904,.T.);
#9902=EDGE_CURVE('',#207,#447,#9905,.T.);
#9903=LINE('',#446,#9906);
#9904=LINE('',#210,#9907);
#9905=LINE('',#206,#9908);
#9906=VECTOR('',#9909,1.0);
#9907=VECTOR('',#9910,1.0);
#9908=VECTOR('',#9911,1.0);
#9909=DIRECTION('',(0,0,1));
#9910=DIRECTION('',(0.956935856187629,-0.2902994439237685,0));
#9911=DIRECTION('',(-0.09950655527315806,0.030186660344874387,-0.9945789113966237));
#9912=FACE_SURFACE('',(#9917),#9913,.T.);
#9913=PLANE('',#9914);
#9914=AXIS2_PLACEMENT_3D('',#446,#9915,#9916);
#9915=DIRECTION('',(0.29029944392376855,0.9569358561876291,0));
#9916=DIRECTION('',(0.09950655527315806,-0.030186660344874387,0.9945789113966237));
#9917=FACE_BOUND('',#9918,.T.);
#9918=EDGE_LOOP('',(#9919,#9920,#9921));
#9919=ORIENTED_EDGE('',*,*,#9922,.T.);
#9920=ORIENTED_EDGE('',*,*,#9923,.T.);
#9921=ORIENTED_EDGE('',*,*,#9924,.T.);
#9922=EDGE_CURVE('',#447,#207,#9925,.F.);
#9923=EDGE_CURVE('',#207,#451,#9926,.T.);
#9924=EDGE_CURVE('',#451,#447,#9927,.T.);
#9925=LINE('',#446,#9928);
#9926=LINE('',#206,#9929);
#9927=LINE('',#450,#9930);
#9928=VECTOR('',#9931,1.0);
#9929=VECTOR('',#9932,1.0);
#9930=VECTOR('',#9933,1.0);
#9931=DIRECTION('',(0.09950655527315806,-0.030186660344874387,0.9945789113966237));
#9932=DIRECTION('',(0,0,-1));
#9933=DIRECTION('',(-0.956935856187629,0.2902994439237685,0));
#9934=FACE_SURFACE('',(#9939),#9935,.T.);
#9935=PLANE('',#9936);
#9936=AXIS2_PLACEMENT_3D('',#450,#9937,#9938);
#9937=DIRECTION('',(0.09800898654057474,0.9951855297165898,-0));
#9938=DIRECTION('',(0,0,1));
#9939=FACE_BOUND('',#9940,.T.);
#9940=EDGE_LOOP('',(#9941,#9942,#9943));
#9941=ORIENTED_EDGE('',*,*,#9944,.T.);
#9942=ORIENTED_EDGE('',*,*,#9945,.T.);
#9943=ORIENTED_EDGE('',*,*,#9946,.T.);
#9944=EDGE_CURVE('',#451,#207,#9947,.F.);
#9945=EDGE_CURVE('',#207,#199,#9948,.T.);
#9946=EDGE_CURVE('',#199,#451,#9949,.T.);
#9947=LINE('',#450,#9950);
#9948=LINE('',#206,#9951);
#9949=LINE('',#198,#9952);
#9950=VECTOR('',#9953,1.0);
#9951=VECTOR('',#9954,1.0);
#9952=VECTOR('',#9955,1.0);
#9953=DIRECTION('',(0,0,1));
#9954=DIRECTION('',(0.9951855297165898,-0.09800898654057474,0));
#9955=DIRECTION('',(-0.1034845872501433,0.010191486126053903,-0.9945788424314133));
#9956=FACE_SURFACE('',(#9961),#9957,.T.);
#9957=PLANE('',#9958);
#9958=AXIS2_PLACEMENT_3D('',#450,#9959,#9960);
#9959=DIRECTION('',(0.09800898654057474,0.9951855297165898,0));
#9960=DIRECTION('',(0.1034845872501433,-0.010191486126053903,0.9945788424314133));
#9961=FACE_BOUND('',#9962,.T.);
#9962=EDGE_LOOP('',(#9963,#9964,#9965));
#9963=ORIENTED_EDGE('',*,*,#9966,.T.);
#9964=ORIENTED_EDGE('',*,*,#9967,.T.);
#9965=ORIENTED_EDGE('',*,*,#9968,.T.);
#9966=EDGE_CURVE('',#451,#199,#9969,.F.);
#9967=EDGE_CURVE('',#199,#455,#9970,.T.);
#9968=EDGE_CURVE('',#455,#451,#9971,.T.);
#9969=LINE('',#450,#9972);
#9970=LINE('',#198,#9973);
#9971=LINE('',#454,#9974);
#9972=VECTOR('',#9975,1.0);
#9973=VECTOR('',#9976,1.0);
#9974=VECTOR('',#9977,1.0);
#9975=DIRECTION('',(0.1034845872501433,-0.010191486126053903,0.9945788424314133));
#9976=DIRECTION('',(0,0,-1));
#9977=DIRECTION('',(-0.9951855297165898,0.09800898654057474,0));
#9978=FACE_SURFACE('',(#9983),#9979,.T.);
#9979=PLANE('',#9980);
#9980=AXIS2_PLACEMENT_3D('',#454,#9981,#9982);
#9981=DIRECTION('',(-0.09801014500243063,0.9951854156269586,0));
#9982=DIRECTION('',(0,0,1));
#9983=FACE_BOUND('',#9984,.T.);
#9984=EDGE_LOOP('',(#9985,#9986,#9987));
#9985=ORIENTED_EDGE('',*,*,#9988,.T.);
#9986=ORIENTED_EDGE('',*,*,#9989,.T.);
#9987=ORIENTED_EDGE('',*,*,#9990,.T.);
#9988=EDGE_CURVE('',#455,#199,#9991,.F.);
#9989=EDGE_CURVE('',#199,#197,#9992,.T.);
#9990=EDGE_CURVE('',#197,#455,#9993,.T.);
#9991=LINE('',#454,#9994);
#9992=LINE('',#198,#9995);
#9993=LINE('',#196,#9996);
#9994=VECTOR('',#9997,1.0);
#9995=VECTOR('',#9998,1.0);
#9996=VECTOR('',#9999,1.0);
#9997=DIRECTION('',(0,0,1));
#9998=DIRECTION('',(0.9951854156269587,0.09801014500243065,0));
#9999=DIRECTION('',(-0.1034833654436934,-0.010191487428587635,-0.9945789695446209));
#10000=FACE_SURFACE('',(#10005),#10001,.T.);
#10001=PLANE('',#10002);
#10002=AXIS2_PLACEMENT_3D('',#454,#10003,#10004);
#10003=DIRECTION('',(-0.09801014500243063,0.9951854156269586,0));
#10004=DIRECTION('',(0.1034833654436934,0.010191487428587635,0.9945789695446209));
#10005=FACE_BOUND('',#10006,.T.);
#10006=EDGE_LOOP('',(#10007,#10008,#10009));
#10007=ORIENTED_EDGE('',*,*,#10010,.T.);
#10008=ORIENTED_EDGE('',*,*,#10011,.T.);
#10009=ORIENTED_EDGE('',*,*,#10012,.T.);
#10010=EDGE_CURVE('',#455,#197,#10013,.F.);
#10011=EDGE_CURVE('',#197,#459,#10014,.T.);
#10012=EDGE_CURVE('',#459,#455,#10015,.T.);
#10013=LINE('',#454,#10016);
#10014=LINE('',#196,#10017);
#10015=LINE('',#458,#10018);
#10016=VECTOR('',#10019,1.0);
#10017=VECTOR('',#10020,1.0);
#10018=VECTOR('',#10021,1.0);
#10019=DIRECTION('',(0.1034833654436934,0.010191487428587635,0.9945789695446209));
#10020=DIRECTION('',(0,0,-1));
#10021=DIRECTION('',(-0.9951854156269587,-0.09801014500243065,0));
#10022=FACE_SURFACE('',(#10027),#10023,.T.);
#10023=PLANE('',#10024);
#10024=AXIS2_PLACEMENT_3D('',#458,#10025,#10026);
#10025=DIRECTION('',(-0.2902961445327561,0.9569368570963379,0));
#10026=DIRECTION('',(0,0,1));
#10027=FACE_BOUND('',#10028,.T.);
#10028=EDGE_LOOP('',(#10029,#10030,#10031));
#10029=ORIENTED_EDGE('',*,*,#10032,.T.);
#10030=ORIENTED_EDGE('',*,*,#10033,.T.);
#10031=ORIENTED_EDGE('',*,*,#10034,.T.);
#10032=EDGE_CURVE('',#459,#197,#10035,.F.);
#10033=EDGE_CURVE('',#197,#191,#10036,.T.);
#10034=EDGE_CURVE('',#191,#459,#10037,.T.);
#10035=LINE('',#458,#10038);
#10036=LINE('',#196,#10039);
#10037=LINE('',#190,#10040);
#10038=VECTOR('',#10041,1.0);
#10039=VECTOR('',#10042,1.0);
#10040=VECTOR('',#10043,1.0);
#10041=DIRECTION('',(0,0,1));
#10042=DIRECTION('',(0.9569368570963379,0.2902961445327561,0));
#10043=DIRECTION('',(-0.09950777807652814,-0.030186656635098248,-0.9945787891682927));
#10044=FACE_SURFACE('',(#10049),#10045,.T.);
#10045=PLANE('',#10046);
#10046=AXIS2_PLACEMENT_3D('',#458,#10047,#10048);
#10047=DIRECTION('',(-0.2902961445327561,0.9569368570963379,0));
#10048=DIRECTION('',(0.09950777807652814,0.030186656635098248,0.9945787891682927));
#10049=FACE_BOUND('',#10050,.T.);
#10050=EDGE_LOOP('',(#10051,#10052,#10053));
#10051=ORIENTED_EDGE('',*,*,#10054,.T.);
#10052=ORIENTED_EDGE('',*,*,#10055,.T.);
#10053=ORIENTED_EDGE('',*,*,#10056,.T.);
#10054=EDGE_CURVE('',#459,#191,#10057,.F.);
#10055=EDGE_CURVE('',#191,#463,#10058,.T.);
#10056=EDGE_CURVE('',#463,#459,#10059,.T.);
#10057=LINE('',#458,#10060);
#10058=LINE('',#190,#10061);
#10059=LINE('',#462,#10062);
#10060=VECTOR('',#10063,1.0);
#10061=VECTOR('',#10064,1.0);
#10062=VECTOR('',#10065,1.0);
#10063=DIRECTION('',(0.09950777807652814,0.030186656635098248,0.9945787891682927));
#10064=DIRECTION('',(0,0,-1));
#10065=DIRECTION('',(-0.9569368570963379,-0.2902961445327561,0));
#10066=FACE_SURFACE('',(#10071),#10067,.T.);
#10067=PLANE('',#10068);
#10068=AXIS2_PLACEMENT_3D('',#462,#10069,#10070);
#10069=DIRECTION('',(-0.4713955876549784,0.8819218785920993,0));
#10070=DIRECTION('',(0,0,1));
#10071=FACE_BOUND('',#10072,.T.);
#10072=EDGE_LOOP('',(#10073,#10074,#10075));
#10073=ORIENTED_EDGE('',*,*,#10076,.T.);
#10074=ORIENTED_EDGE('',*,*,#10077,.T.);
#10075=ORIENTED_EDGE('',*,*,#10078,.T.);
#10076=EDGE_CURVE('',#463,#191,#10079,.F.);
#10077=EDGE_CURVE('',#191,#189,#10080,.T.);
#10078=EDGE_CURVE('',#189,#463,#10081,.T.);
#10079=LINE('',#462,#10082);
#10080=LINE('',#190,#10083);
#10081=LINE('',#188,#10084);
#10082=VECTOR('',#10085,1.0);
#10083=VECTOR('',#10086,1.0);
#10084=VECTOR('',#10087,1.0);
#10085=DIRECTION('',(0,0,1));
#10086=DIRECTION('',(0.8819218785920993,0.47139558765497835,0));
#10087=DIRECTION('',(-0.09170731454381421,-0.04901842723377532,-0.9945787863466066));
#10088=FACE_SURFACE('',(#10093),#10089,.T.);
#10089=PLANE('',#10090);
#10090=AXIS2_PLACEMENT_3D('',#462,#10091,#10092);
#10091=DIRECTION('',(-0.4713955876549784,0.8819218785920993,0));
#10092=DIRECTION('',(0.09170731454381421,0.04901842723377532,0.9945787863466066));
#10093=FACE_BOUND('',#10094,.T.);
#10094=EDGE_LOOP('',(#10095,#10096,#10097));
#10095=ORIENTED_EDGE('',*,*,#10098,.T.);
#10096=ORIENTED_EDGE('',*,*,#10099,.T.);
#10097=ORIENTED_EDGE('',*,*,#10100,.T.);
#10098=EDGE_CURVE('',#463,#189,#10101,.F.);
#10099=EDGE_CURVE('',#189,#467,#10102,.T.);
#10100=EDGE_CURVE('',#467,#463,#10103,.T.);
#10101=LINE('',#462,#10104);
#10102=LINE('',#188,#10105);
#10103=LINE('',#466,#10106);
#10104=VECTOR('',#10107,1.0);
#10105=VECTOR('',#10108,1.0);
#10106=VECTOR('',#10109,1.0);
#10107=DIRECTION('',(0.09170731454381421,0.04901842723377532,0.9945787863466066));
#10108=DIRECTION('',(0,0,-1));
#10109=DIRECTION('',(-0.8819218785920993,-0.47139558765497835,0));
#10110=FACE_SURFACE('',(#10115),#10111,.T.);
#10111=PLANE('',#10112);
#10112=AXIS2_PLACEMENT_3D('',#466,#10113,#10114);
#10113=DIRECTION('',(-0.6343857723286809,0.7730166181052922,0));
#10114=DIRECTION('',(0,0,1));
#10115=FACE_BOUND('',#10116,.T.);
#10116=EDGE_LOOP('',(#10117,#10118,#10119));
#10117=ORIENTED_EDGE('',*,*,#10120,.T.);
#10118=ORIENTED_EDGE('',*,*,#10121,.T.);
#10119=ORIENTED_EDGE('',*,*,#10122,.T.);
#10120=EDGE_CURVE('',#467,#189,#10123,.F.);
#10121=EDGE_CURVE('',#189,#183,#10124,.T.);
#10122=EDGE_CURVE('',#183,#467,#10125,.T.);
#10123=LINE('',#466,#10126);
#10124=LINE('',#188,#10127);
#10125=LINE('',#182,#10128);
#10126=VECTOR('',#10129,1.0);
#10127=VECTOR('',#10130,1.0);
#10128=VECTOR('',#10131,1.0);
#10129=DIRECTION('',(0,0,1));
#10130=DIRECTION('',(0.7730166181052922,0.6343857723286809,0));
#10131=DIRECTION('',(-0.08038085479122384,-0.06596555552991284,-0.9945790384211112));
#10132=FACE_SURFACE('',(#10137),#10133,.T.);
#10133=PLANE('',#10134);
#10134=AXIS2_PLACEMENT_3D('',#466,#10135,#10136);
#10135=DIRECTION('',(-0.6343857723286809,0.7730166181052922,0));
#10136=DIRECTION('',(0.08038085479122384,0.06596555552991284,0.9945790384211112));
#10137=FACE_BOUND('',#10138,.T.);
#10138=EDGE_LOOP('',(#10139,#10140,#10141));
#10139=ORIENTED_EDGE('',*,*,#10142,.T.);
#10140=ORIENTED_EDGE('',*,*,#10143,.T.);
#10141=ORIENTED_EDGE('',*,*,#10144,.T.);
#10142=EDGE_CURVE('',#467,#183,#10145,.F.);
#10143=EDGE_CURVE('',#183,#471,#10146,.T.);
#10144=EDGE_CURVE('',#471,#467,#10147,.T.);
#10145=LINE('',#466,#10148);
#10146=LINE('',#182,#10149);
#10147=LINE('',#470,#10150);
#10148=VECTOR('',#10151,1.0);
#10149=VECTOR('',#10152,1.0);
#10150=VECTOR('',#10153,1.0);
#10151=DIRECTION('',(0.08038085479122384,0.06596555552991284,0.9945790384211112));
#10152=DIRECTION('',(0,0,-1));
#10153=DIRECTION('',(-0.7730166181052922,-0.6343857723286809,0));
#10154=FACE_SURFACE('',(#10159),#10155,.T.);
#10155=PLANE('',#10156);
#10156=AXIS2_PLACEMENT_3D('',#182,#10157,#10158);
#10157=DIRECTION('',(-0.7730203533775477,0.6343812207687514,0));
#10158=DIRECTION('',(0.6343812207687514,0.7730203533775477,0));
#10159=FACE_BOUND('',#10160,.T.);
#10160=EDGE_LOOP('',(#10161,#10162,#10163));
#10161=ORIENTED_EDGE('',*,*,#10164,.T.);
#10162=ORIENTED_EDGE('',*,*,#10165,.T.);
#10163=ORIENTED_EDGE('',*,*,#10166,.T.);
#10164=EDGE_CURVE('',#183,#181,#10167,.F.);
#10165=EDGE_CURVE('',#181,#475,#10168,.T.);
#10166=EDGE_CURVE('',#475,#183,#10169,.T.);
#10167=LINE('',#182,#10170);
#10168=LINE('',#180,#10171);
#10169=LINE('',#474,#10172);
#10170=VECTOR('',#10173,1.0);
#10171=VECTOR('',#10174,1.0);
#10172=VECTOR('',#10175,1.0);
#10173=DIRECTION('',(0.6343812207687514,0.7730203533775477,0));
#10174=DIRECTION('',(0,0,-1));
#10175=DIRECTION('',(-0.06596677209043587,-0.08038330234733321,0.9945787599198495));
#10176=FACE_SURFACE('',(#10181),#10177,.T.);
#10177=PLANE('',#10178);
#10178=AXIS2_PLACEMENT_3D('',#182,#10179,#10180);
#10179=DIRECTION('',(-0.7730203533775477,0.6343812207687514,0));
#10180=DIRECTION('',(0.06596677209043587,0.08038330234733321,-0.9945787599198495));
#10181=FACE_BOUND('',#10182,.T.);
#10182=EDGE_LOOP('',(#10183,#10184,#10185));
#10183=ORIENTED_EDGE('',*,*,#10186,.T.);
#10184=ORIENTED_EDGE('',*,*,#10187,.T.);
#10185=ORIENTED_EDGE('',*,*,#10188,.T.);
#10186=EDGE_CURVE('',#183,#475,#10189,.F.);
#10187=EDGE_CURVE('',#475,#471,#10190,.T.);
#10188=EDGE_CURVE('',#471,#183,#10191,.T.);
#10189=LINE('',#182,#10192);
#10190=LINE('',#474,#10193);
#10191=LINE('',#470,#10194);
#10192=VECTOR('',#10195,1.0);
#10193=VECTOR('',#10196,1.0);
#10194=VECTOR('',#10197,1.0);
#10195=DIRECTION('',(0.06596677209043587,0.08038330234733321,-0.9945787599198495));
#10196=DIRECTION('',(-0.6343812207687514,-0.7730203533775477,0));
#10197=DIRECTION('',(0,0,1));
#10198=FACE_SURFACE('',(#10203),#10199,.T.);
#10199=PLANE('',#10200);
#10200=AXIS2_PLACEMENT_3D('',#180,#10201,#10202);
#10201=DIRECTION('',(-0.8819195801905639,0.471399887650071,0));
#10202=DIRECTION('',(0.471399887650071,0.8819195801905639,0));
#10203=FACE_BOUND('',#10204,.T.);
#10204=EDGE_LOOP('',(#10205,#10206,#10207));
#10205=ORIENTED_EDGE('',*,*,#10208,.T.);
#10206=ORIENTED_EDGE('',*,*,#10209,.T.);
#10207=ORIENTED_EDGE('',*,*,#10210,.T.);
#10208=EDGE_CURVE('',#181,#177,#10211,.F.);
#10209=EDGE_CURVE('',#177,#479,#10212,.T.);
#10210=EDGE_CURVE('',#479,#181,#10213,.T.);
#10211=LINE('',#180,#10214);
#10212=LINE('',#176,#10215);
#10213=LINE('',#478,#10216);
#10214=VECTOR('',#10217,1.0);
#10215=VECTOR('',#10218,1.0);
#10216=VECTOR('',#10219,1.0);
#10217=DIRECTION('',(0.471399887650071,0.8819195801905639,0));
#10218=DIRECTION('',(0,0,-1));
#10219=DIRECTION('',(-0.04901965374622553,-0.09170853363683765,0.9945786134865263));
#10220=FACE_SURFACE('',(#10225),#10221,.T.);
#10221=PLANE('',#10222);
#10222=AXIS2_PLACEMENT_3D('',#180,#10223,#10224);
#10223=DIRECTION('',(-0.8819195801905639,0.471399887650071,0));
#10224=DIRECTION('',(0.04901965374622553,0.09170853363683765,-0.9945786134865263));
#10225=FACE_BOUND('',#10226,.T.);
#10226=EDGE_LOOP('',(#10227,#10228,#10229));
#10227=ORIENTED_EDGE('',*,*,#10230,.T.);
#10228=ORIENTED_EDGE('',*,*,#10231,.T.);
#10229=ORIENTED_EDGE('',*,*,#10232,.T.);
#10230=EDGE_CURVE('',#181,#479,#10233,.F.);
#10231=EDGE_CURVE('',#479,#475,#10234,.T.);
#10232=EDGE_CURVE('',#475,#181,#10235,.T.);
#10233=LINE('',#180,#10236);
#10234=LINE('',#478,#10237);
#10235=LINE('',#474,#10238);
#10236=VECTOR('',#10239,1.0);
#10237=VECTOR('',#10240,1.0);
#10238=VECTOR('',#10241,1.0);
#10239=DIRECTION('',(0.04901965374622553,0.09170853363683765,-0.9945786134865263));
#10240=DIRECTION('',(-0.471399887650071,-0.8819195801905639,0));
#10241=DIRECTION('',(0,0,1));
#10242=FACE_SURFACE('',(#10247),#10243,.T.);
#10243=PLANE('',#10244);
#10244=AXIS2_PLACEMENT_3D('',#176,#10245,#10246);
#10245=DIRECTION('',(-0.9569371537872804,0.2902951665141858,0));
#10246=DIRECTION('',(0.2902951665141858,0.9569371537872804,0));
#10247=FACE_BOUND('',#10248,.T.);
#10248=EDGE_LOOP('',(#10249,#10250,#10251));
#10249=ORIENTED_EDGE('',*,*,#10252,.T.);
#10250=ORIENTED_EDGE('',*,*,#10253,.T.);
#10251=ORIENTED_EDGE('',*,*,#10254,.T.);
#10252=EDGE_CURVE('',#177,#175,#10255,.F.);
#10253=EDGE_CURVE('',#175,#483,#10256,.T.);
#10254=EDGE_CURVE('',#483,#177,#10257,.T.);
#10255=LINE('',#176,#10258);
#10256=LINE('',#174,#10259);
#10257=LINE('',#482,#10260);
#10258=VECTOR('',#10261,1.0);
#10259=VECTOR('',#10262,1.0);
#10260=VECTOR('',#10263,1.0);
#10261=DIRECTION('',(0.2902951665141858,0.9569371537872804,0));
#10262=DIRECTION('',(0,0,-1));
#10263=DIRECTION('',(-0.030185433856989418,-0.0995041133746542,0.9945791929275362));
#10264=FACE_SURFACE('',(#10269),#10265,.T.);
#10265=PLANE('',#10266);
#10266=AXIS2_PLACEMENT_3D('',#176,#10267,#10268);
#10267=DIRECTION('',(-0.9569371537872804,0.2902951665141858,0));
#10268=DIRECTION('',(0.030185433856989418,0.0995041133746542,-0.9945791929275362));
#10269=FACE_BOUND('',#10270,.T.);
#10270=EDGE_LOOP('',(#10271,#10272,#10273));
#10271=ORIENTED_EDGE('',*,*,#10274,.T.);
#10272=ORIENTED_EDGE('',*,*,#10275,.T.);
#10273=ORIENTED_EDGE('',*,*,#10276,.T.);
#10274=EDGE_CURVE('',#177,#483,#10277,.F.);
#10275=EDGE_CURVE('',#483,#479,#10278,.T.);
#10276=EDGE_CURVE('',#479,#177,#10279,.T.);
#10277=LINE('',#176,#10280);
#10278=LINE('',#482,#10281);
#10279=LINE('',#478,#10282);
#10280=VECTOR('',#10283,1.0);
#10281=VECTOR('',#10284,1.0);
#10282=VECTOR('',#10285,1.0);
#10283=DIRECTION('',(0.030185433856989418,0.0995041133746542,-0.9945791929275362));
#10284=DIRECTION('',(-0.2902951665141858,-0.9569371537872804,0));
#10285=DIRECTION('',(0,0,1));
#10286=FACE_SURFACE('',(#10291),#10287,.T.);
#10287=PLANE('',#10288);
#10288=AXIS2_PLACEMENT_3D('',#174,#10289,#10290);
#10289=DIRECTION('',(-0.9951856438021754,0.09800782810597135,0));
#10290=DIRECTION('',(0.09800782810597135,0.9951856438021754,0));
#10291=FACE_BOUND('',#10292,.T.);
#10292=EDGE_LOOP('',(#10293,#10294,#10295));
#10293=ORIENTED_EDGE('',*,*,#10296,.T.);
#10294=ORIENTED_EDGE('',*,*,#10297,.T.);
#10295=ORIENTED_EDGE('',*,*,#10298,.T.);
#10296=EDGE_CURVE('',#175,#171,#10299,.F.);
#10297=EDGE_CURVE('',#171,#351,#10300,.T.);
#10298=EDGE_CURVE('',#351,#175,#10301,.T.);
#10299=LINE('',#174,#10302);
#10300=LINE('',#170,#10303);
#10301=LINE('',#350,#10304);
#10302=VECTOR('',#10305,1.0);
#10303=VECTOR('',#10306,1.0);
#10304=VECTOR('',#10307,1.0);
#10305=DIRECTION('',(0.09800782810597135,0.9951856438021754,0));
#10306=DIRECTION('',(0,0,-1));
#10307=DIRECTION('',(-0.010191484823505122,-0.10348580905612473,0.9945787153167372));
#10308=FACE_SURFACE('',(#10313),#10309,.T.);
#10309=PLANE('',#10310);
#10310=AXIS2_PLACEMENT_3D('',#174,#10311,#10312);
#10311=DIRECTION('',(-0.9951856438021754,0.09800782810597135,0));
#10312=DIRECTION('',(0.010191484823505122,0.10348580905612473,-0.9945787153167372));
#10313=FACE_BOUND('',#10314,.T.);
#10314=EDGE_LOOP('',(#10315,#10316,#10317));
#10315=ORIENTED_EDGE('',*,*,#10318,.T.);
#10316=ORIENTED_EDGE('',*,*,#10319,.T.);
#10317=ORIENTED_EDGE('',*,*,#10320,.T.);
#10318=EDGE_CURVE('',#175,#351,#10321,.F.);
#10319=EDGE_CURVE('',#351,#483,#10322,.T.);
#10320=EDGE_CURVE('',#483,#175,#10323,.T.);
#10321=LINE('',#174,#10324);
#10322=LINE('',#350,#10325);
#10323=LINE('',#482,#10326);
#10324=VECTOR('',#10327,1.0);
#10325=VECTOR('',#10328,1.0);
#10326=VECTOR('',#10329,1.0);
#10327=DIRECTION('',(0.010191484823505122,0.10348580905612473,-0.9945787153167372));
#10328=DIRECTION('',(-0.09800782810597135,-0.9951856438021754,0));
#10329=DIRECTION('',(0,0,1));
#10330=FACE_SURFACE('',(#10335),#10331,.T.);
#10331=PLANE('',#10332);
#10332=AXIS2_PLACEMENT_3D('',#170,#10333,#10334);
#10333=DIRECTION('',(-0.9951854156269586,-0.09801014500243063,0));
#10334=DIRECTION('',(-0.09801014500243065,0.9951854156269587,0));
#10335=FACE_BOUND('',#10336,.T.);
#10336=EDGE_LOOP('',(#10337,#10338,#10339));
#10337=ORIENTED_EDGE('',*,*,#10340,.T.);
#10338=ORIENTED_EDGE('',*,*,#10341,.T.);
#10339=ORIENTED_EDGE('',*,*,#10342,.T.);
#10340=EDGE_CURVE('',#171,#295,#10343,.F.);
#10341=EDGE_CURVE('',#295,#353,#10344,.T.);
#10342=EDGE_CURVE('',#353,#171,#10345,.T.);
#10343=LINE('',#170,#10346);
#10344=LINE('',#294,#10347);
#10345=LINE('',#352,#10348);
#10346=VECTOR('',#10349,1.0);
#10347=VECTOR('',#10350,1.0);
#10348=VECTOR('',#10351,1.0);
#10349=DIRECTION('',(-0.09801014500243065,0.9951854156269587,0));
#10350=DIRECTION('',(0,0,-1));
#10351=DIRECTION('',(0.010191487428587635,-0.1034833654436934,0.9945789695446209));
#10352=FACE_SURFACE('',(#10357),#10353,.T.);
#10353=PLANE('',#10354);
#10354=AXIS2_PLACEMENT_3D('',#170,#10355,#10356);
#10355=DIRECTION('',(-0.9951854156269586,-0.09801014500243063,-0));
#10356=DIRECTION('',(-0.010191487428587635,0.1034833654436934,-0.9945789695446209));
#10357=FACE_BOUND('',#10358,.T.);
#10358=EDGE_LOOP('',(#10359,#10360,#10361));
#10359=ORIENTED_EDGE('',*,*,#10362,.T.);
#10360=ORIENTED_EDGE('',*,*,#10363,.T.);
#10361=ORIENTED_EDGE('',*,*,#10364,.T.);
#10362=EDGE_CURVE('',#171,#353,#10365,.F.);
#10363=EDGE_CURVE('',#353,#351,#10366,.T.);
#10364=EDGE_CURVE('',#351,#171,#10367,.T.);
#10365=LINE('',#170,#10368);
#10366=LINE('',#352,#10369);
#10367=LINE('',#350,#10370);
#10368=VECTOR('',#10371,1.0);
#10369=VECTOR('',#10372,1.0);
#10370=VECTOR('',#10373,1.0);
#10371=DIRECTION('',(-0.010191487428587635,0.1034833654436934,-0.9945789695446209));
#10372=DIRECTION('',(0.09801014500243065,-0.9951854156269587,0));
#10373=DIRECTION('',(0,0,1));
#10374=FACE_SURFACE('',(#10379),#10375,.T.);
#10375=PLANE('',#10376);
#10376=AXIS2_PLACEMENT_3D('',#294,#10377,#10378);
#10377=DIRECTION('',(-0.9569391555639841,-0.2902885677192421,0));
#10378=DIRECTION('',(-0.2902885677192421,0.9569391555639841,0));
#10379=FACE_BOUND('',#10380,.T.);
#10380=EDGE_LOOP('',(#10381,#10382,#10383));
#10381=ORIENTED_EDGE('',*,*,#10384,.T.);
#10382=ORIENTED_EDGE('',*,*,#10385,.T.);
#10383=ORIENTED_EDGE('',*,*,#10386,.T.);
#10384=EDGE_CURVE('',#295,#291,#10387,.F.);
#10385=EDGE_CURVE('',#291,#345,#10388,.T.);
#10386=EDGE_CURVE('',#345,#295,#10389,.T.);
#10387=LINE('',#294,#10390);
#10388=LINE('',#290,#10391);
#10389=LINE('',#344,#10392);
#10390=VECTOR('',#10393,1.0);
#10391=VECTOR('',#10394,1.0);
#10392=VECTOR('',#10395,1.0);
#10393=DIRECTION('',(-0.2902885677192421,0.9569391555639841,0));
#10394=DIRECTION('',(0,0,-1));
#10395=DIRECTION('',(0.03018542643787389,-0.0995065589828362,0.9945789484752626));
#10396=FACE_SURFACE('',(#10401),#10397,.T.);
#10397=PLANE('',#10398);
#10398=AXIS2_PLACEMENT_3D('',#294,#10399,#10400);
#10399=DIRECTION('',(-0.9569391555639841,-0.2902885677192421,-0));
#10400=DIRECTION('',(-0.03018542643787389,0.0995065589828362,-0.9945789484752626));
#10401=FACE_BOUND('',#10402,.T.);
#10402=EDGE_LOOP('',(#10403,#10404,#10405));
#10403=ORIENTED_EDGE('',*,*,#10406,.T.);
#10404=ORIENTED_EDGE('',*,*,#10407,.T.);
#10405=ORIENTED_EDGE('',*,*,#10408,.T.);
#10406=EDGE_CURVE('',#295,#345,#10409,.F.);
#10407=EDGE_CURVE('',#345,#353,#10410,.T.);
#10408=EDGE_CURVE('',#353,#295,#10411,.T.);
#10409=LINE('',#294,#10412);
#10410=LINE('',#344,#10413);
#10411=LINE('',#352,#10414);
#10412=VECTOR('',#10415,1.0);
#10413=VECTOR('',#10416,1.0);
#10414=VECTOR('',#10417,1.0);
#10415=DIRECTION('',(-0.03018542643787389,0.0995065589828362,-0.9945789484752626));
#10416=DIRECTION('',(0.2902885677192421,-0.9569391555639841,0));
#10417=DIRECTION('',(0,0,1));
#10418=FACE_SURFACE('',(#10423),#10419,.T.);
#10419=PLANE('',#10420);
#10420=AXIS2_PLACEMENT_3D('',#290,#10421,#10422);
#10421=DIRECTION('',(-0.8819195801905639,-0.471399887650071,0));
#10422=DIRECTION('',(-0.471399887650071,0.8819195801905639,0));
#10423=FACE_BOUND('',#10424,.T.);
#10424=EDGE_LOOP('',(#10425,#10426,#10427));
#10425=ORIENTED_EDGE('',*,*,#10428,.T.);
#10426=ORIENTED_EDGE('',*,*,#10429,.T.);
#10427=ORIENTED_EDGE('',*,*,#10430,.T.);
#10428=EDGE_CURVE('',#291,#287,#10431,.F.);
#10429=EDGE_CURVE('',#287,#341,#10432,.T.);
#10430=EDGE_CURVE('',#341,#291,#10433,.T.);
#10431=LINE('',#290,#10434);
#10432=LINE('',#286,#10435);
#10433=LINE('',#340,#10436);
#10434=VECTOR('',#10437,1.0);
#10435=VECTOR('',#10438,1.0);
#10436=VECTOR('',#10439,1.0);
#10437=DIRECTION('',(-0.471399887650071,0.8819195801905639,0));
#10438=DIRECTION('',(0,0,-1));
#10439=DIRECTION('',(0.04901965374622553,-0.09170853363683765,0.9945786134865263));
#10440=FACE_SURFACE('',(#10445),#10441,.T.);
#10441=PLANE('',#10442);
#10442=AXIS2_PLACEMENT_3D('',#290,#10443,#10444);
#10443=DIRECTION('',(-0.8819195801905639,-0.471399887650071,-0));
#10444=DIRECTION('',(-0.04901965374622553,0.09170853363683765,-0.9945786134865263));
#10445=FACE_BOUND('',#10446,.T.);
#10446=EDGE_LOOP('',(#10447,#10448,#10449));
#10447=ORIENTED_EDGE('',*,*,#10450,.T.);
#10448=ORIENTED_EDGE('',*,*,#10451,.T.);
#10449=ORIENTED_EDGE('',*,*,#10452,.T.);
#10450=EDGE_CURVE('',#291,#341,#10453,.F.);
#10451=EDGE_CURVE('',#341,#345,#10454,.T.);
#10452=EDGE_CURVE('',#345,#291,#10455,.T.);
#10453=LINE('',#290,#10456);
#10454=LINE('',#340,#10457);
#10455=LINE('',#344,#10458);
#10456=VECTOR('',#10459,1.0);
#10457=VECTOR('',#10460,1.0);
#10458=VECTOR('',#10461,1.0);
#10459=DIRECTION('',(-0.04901965374622553,0.09170853363683765,-0.9945786134865263));
#10460=DIRECTION('',(0.471399887650071,-0.8819195801905639,0));
#10461=DIRECTION('',(0,0,1));
#10462=FACE_SURFACE('',(#10467),#10463,.T.);
#10463=PLANE('',#10464);
#10464=AXIS2_PLACEMENT_3D('',#286,#10465,#10466);
#10465=DIRECTION('',(-0.773010793640617,-0.6343928695336223,0));
#10466=DIRECTION('',(-0.6343928695336223,0.773010793640617,0));
#10467=FACE_BOUND('',#10468,.T.);
#10468=EDGE_LOOP('',(#10469,#10470,#10471));
#10469=ORIENTED_EDGE('',*,*,#10472,.T.);
#10470=ORIENTED_EDGE('',*,*,#10473,.T.);
#10471=ORIENTED_EDGE('',*,*,#10474,.T.);
#10472=EDGE_CURVE('',#287,#283,#10475,.F.);
#10473=EDGE_CURVE('',#283,#337,#10476,.T.);
#10474=EDGE_CURVE('',#337,#287,#10477,.T.);
#10475=LINE('',#286,#10478);
#10476=LINE('',#282,#10479);
#10477=LINE('',#336,#10480);
#10478=VECTOR('',#10481,1.0);
#10479=VECTOR('',#10482,1.0);
#10480=VECTOR('',#10483,1.0);
#10481=DIRECTION('',(-0.6343928695336223,0.773010793640617,0));
#10482=DIRECTION('',(0,0,-1));
#10483=DIRECTION('',(0.06596678518806813,-0.0803808482425669,0.9945789573924017));
#10484=FACE_SURFACE('',(#10489),#10485,.T.);
#10485=PLANE('',#10486);
#10486=AXIS2_PLACEMENT_3D('',#286,#10487,#10488);
#10487=DIRECTION('',(-0.773010793640617,-0.6343928695336223,-0));
#10488=DIRECTION('',(-0.06596678518806813,0.0803808482425669,-0.9945789573924017));
#10489=FACE_BOUND('',#10490,.T.);
#10490=EDGE_LOOP('',(#10491,#10492,#10493));
#10491=ORIENTED_EDGE('',*,*,#10494,.T.);
#10492=ORIENTED_EDGE('',*,*,#10495,.T.);
#10493=ORIENTED_EDGE('',*,*,#10496,.T.);
#10494=EDGE_CURVE('',#287,#337,#10497,.F.);
#10495=EDGE_CURVE('',#337,#341,#10498,.T.);
#10496=EDGE_CURVE('',#341,#287,#10499,.T.);
#10497=LINE('',#286,#10500);
#10498=LINE('',#336,#10501);
#10499=LINE('',#340,#10502);
#10500=VECTOR('',#10503,1.0);
#10501=VECTOR('',#10504,1.0);
#10502=VECTOR('',#10505,1.0);
#10503=DIRECTION('',(-0.06596678518806813,0.0803808482425669,-0.9945789573924017));
#10504=DIRECTION('',(0.6343928695336223,-0.773010793640617,0));
#10505=DIRECTION('',(0,0,1));
#10506=FACE_SURFACE('',(#10511),#10507,.T.);
#10507=PLANE('',#10508);
#10508=AXIS2_PLACEMENT_3D('',#282,#10509,#10510);
#10509=DIRECTION('',(-0.6343857723286809,-0.7730166181052922,0));
#10510=DIRECTION('',(-0.7730166181052922,0.6343857723286809,0));
#10511=FACE_BOUND('',#10512,.T.);
#10512=EDGE_LOOP('',(#10513,#10514,#10515));
#10513=ORIENTED_EDGE('',*,*,#10516,.T.);
#10514=ORIENTED_EDGE('',*,*,#10517,.T.);
#10515=ORIENTED_EDGE('',*,*,#10518,.T.);
#10516=EDGE_CURVE('',#283,#279,#10519,.F.);
#10517=EDGE_CURVE('',#279,#329,#10520,.T.);
#10518=EDGE_CURVE('',#329,#283,#10521,.T.);
#10519=LINE('',#282,#10522);
#10520=LINE('',#278,#10523);
#10521=LINE('',#328,#10524);
#10522=VECTOR('',#10525,1.0);
#10523=VECTOR('',#10526,1.0);
#10524=VECTOR('',#10527,1.0);
#10525=DIRECTION('',(-0.7730166181052922,0.6343857723286809,0));
#10526=DIRECTION('',(0,0,-1));
#10527=DIRECTION('',(0.08038085479122384,-0.06596555552991284,0.9945790384211112));
#10528=FACE_SURFACE('',(#10533),#10529,.T.);
#10529=PLANE('',#10530);
#10530=AXIS2_PLACEMENT_3D('',#282,#10531,#10532);
#10531=DIRECTION('',(-0.6343857723286809,-0.7730166181052922,-0));
#10532=DIRECTION('',(-0.08038085479122384,0.06596555552991284,-0.9945790384211112));
#10533=FACE_BOUND('',#10534,.T.);
#10534=EDGE_LOOP('',(#10535,#10536,#10537));
#10535=ORIENTED_EDGE('',*,*,#10538,.T.);
#10536=ORIENTED_EDGE('',*,*,#10539,.T.);
#10537=ORIENTED_EDGE('',*,*,#10540,.T.);
#10538=EDGE_CURVE('',#283,#329,#10541,.F.);
#10539=EDGE_CURVE('',#329,#337,#10542,.T.);
#10540=EDGE_CURVE('',#337,#283,#10543,.T.);
#10541=LINE('',#282,#10544);
#10542=LINE('',#328,#10545);
#10543=LINE('',#336,#10546);
#10544=VECTOR('',#10547,1.0);
#10545=VECTOR('',#10548,1.0);
#10546=VECTOR('',#10549,1.0);
#10547=DIRECTION('',(-0.08038085479122384,0.06596555552991284,-0.9945790384211112));
#10548=DIRECTION('',(0.7730166181052922,-0.6343857723286809,0));
#10549=DIRECTION('',(0,0,1));
#10550=FACE_SURFACE('',(#10555),#10551,.T.);
#10551=PLANE('',#10552);
#10552=AXIS2_PLACEMENT_3D('',#278,#10553,#10554);
#10553=DIRECTION('',(-0.4713955876549784,-0.8819218785920993,0));
#10554=DIRECTION('',(-0.8819218785920993,0.47139558765497835,0));
#10555=FACE_BOUND('',#10556,.T.);
#10556=EDGE_LOOP('',(#10557,#10558,#10559));
#10557=ORIENTED_EDGE('',*,*,#10560,.T.);
#10558=ORIENTED_EDGE('',*,*,#10561,.T.);
#10559=ORIENTED_EDGE('',*,*,#10562,.T.);
#10560=EDGE_CURVE('',#279,#277,#10563,.F.);
#10561=EDGE_CURVE('',#277,#327,#10564,.T.);
#10562=EDGE_CURVE('',#327,#279,#10565,.T.);
#10563=LINE('',#278,#10566);
#10564=LINE('',#276,#10567);
#10565=LINE('',#326,#10568);
#10566=VECTOR('',#10569,1.0);
#10567=VECTOR('',#10570,1.0);
#10568=VECTOR('',#10571,1.0);
#10569=DIRECTION('',(-0.8819218785920993,0.47139558765497835,0));
#10570=DIRECTION('',(0,0,-1));
#10571=DIRECTION('',(0.09170731454381421,-0.04901842723377532,0.9945787863466066));
#10572=FACE_SURFACE('',(#10577),#10573,.T.);
#10573=PLANE('',#10574);
#10574=AXIS2_PLACEMENT_3D('',#278,#10575,#10576);
#10575=DIRECTION('',(-0.4713955876549784,-0.8819218785920993,-0));
#10576=DIRECTION('',(-0.09170731454381421,0.04901842723377532,-0.9945787863466066));
#10577=FACE_BOUND('',#10578,.T.);
#10578=EDGE_LOOP('',(#10579,#10580,#10581));
#10579=ORIENTED_EDGE('',*,*,#10582,.T.);
#10580=ORIENTED_EDGE('',*,*,#10583,.T.);
#10581=ORIENTED_EDGE('',*,*,#10584,.T.);
#10582=EDGE_CURVE('',#279,#327,#10585,.F.);
#10583=EDGE_CURVE('',#327,#329,#10586,.T.);
#10584=EDGE_CURVE('',#329,#279,#10587,.T.);
#10585=LINE('',#278,#10588);
#10586=LINE('',#326,#10589);
#10587=LINE('',#328,#10590);
#10588=VECTOR('',#10591,1.0);
#10589=VECTOR('',#10592,1.0);
#10590=VECTOR('',#10593,1.0);
#10591=DIRECTION('',(-0.09170731454381421,0.04901842723377532,-0.9945787863466066));
#10592=DIRECTION('',(0.8819218785920993,-0.47139558765497835,0));
#10593=DIRECTION('',(0,0,1));
#10594=FACE_SURFACE('',(#10599),#10595,.T.);
#10595=PLANE('',#10596);
#10596=AXIS2_PLACEMENT_3D('',#276,#10597,#10598);
#10597=DIRECTION('',(-0.2902961445327561,-0.9569368570963379,0));
#10598=DIRECTION('',(-0.9569368570963379,0.2902961445327561,0));
#10599=FACE_BOUND('',#10600,.T.);
#10600=EDGE_LOOP('',(#10601,#10602,#10603));
#10601=ORIENTED_EDGE('',*,*,#10604,.T.);
#10602=ORIENTED_EDGE('',*,*,#10605,.T.);
#10603=ORIENTED_EDGE('',*,*,#10606,.T.);
#10604=EDGE_CURVE('',#277,#271,#10607,.F.);
#10605=EDGE_CURVE('',#271,#323,#10608,.T.);
#10606=EDGE_CURVE('',#323,#277,#10609,.T.);
#10607=LINE('',#276,#10610);
#10608=LINE('',#270,#10611);
#10609=LINE('',#322,#10612);
#10610=VECTOR('',#10613,1.0);
#10611=VECTOR('',#10614,1.0);
#10612=VECTOR('',#10615,1.0);
#10613=DIRECTION('',(-0.9569368570963379,0.2902961445327561,0));
#10614=DIRECTION('',(0,0,-1));
#10615=DIRECTION('',(0.09950777807652814,-0.030186656635098248,0.9945787891682927));
#10616=FACE_SURFACE('',(#10621),#10617,.T.);
#10617=PLANE('',#10618);
#10618=AXIS2_PLACEMENT_3D('',#276,#10619,#10620);
#10619=DIRECTION('',(-0.2902961445327561,-0.9569368570963379,-0));
#10620=DIRECTION('',(-0.09950777807652814,0.030186656635098248,-0.9945787891682927));
#10621=FACE_BOUND('',#10622,.T.);
#10622=EDGE_LOOP('',(#10623,#10624,#10625));
#10623=ORIENTED_EDGE('',*,*,#10626,.T.);
#10624=ORIENTED_EDGE('',*,*,#10627,.T.);
#10625=ORIENTED_EDGE('',*,*,#10628,.T.);
#10626=EDGE_CURVE('',#277,#323,#10629,.F.);
#10627=EDGE_CURVE('',#323,#327,#10630,.T.);
#10628=EDGE_CURVE('',#327,#277,#10631,.T.);
#10629=LINE('',#276,#10632);
#10630=LINE('',#322,#10633);
#10631=LINE('',#326,#10634);
#10632=VECTOR('',#10635,1.0);
#10633=VECTOR('',#10636,1.0);
#10634=VECTOR('',#10637,1.0);
#10635=DIRECTION('',(-0.09950777807652814,0.030186656635098248,-0.9945787891682927));
#10636=DIRECTION('',(0.9569368570963379,-0.2902961445327561,0));
#10637=DIRECTION('',(0,0,1));
#10638=FACE_SURFACE('',(#10643),#10639,.T.);
#10639=PLANE('',#10640);
#10640=AXIS2_PLACEMENT_3D('',#270,#10641,#10642);
#10641=DIRECTION('',(-0.09801014500243063,-0.9951854156269586,0));
#10642=DIRECTION('',(-0.9951854156269587,0.09801014500243065,0));
#10643=FACE_BOUND('',#10644,.T.);
#10644=EDGE_LOOP('',(#10645,#10646,#10647));
#10645=ORIENTED_EDGE('',*,*,#10648,.T.);
#10646=ORIENTED_EDGE('',*,*,#10649,.T.);
#10647=ORIENTED_EDGE('',*,*,#10650,.T.);
#10648=EDGE_CURVE('',#271,#265,#10651,.F.);
#10649=EDGE_CURVE('',#265,#321,#10652,.T.);
#10650=EDGE_CURVE('',#321,#271,#10653,.T.);
#10651=LINE('',#270,#10654);
#10652=LINE('',#264,#10655);
#10653=LINE('',#320,#10656);
#10654=VECTOR('',#10657,1.0);
#10655=VECTOR('',#10658,1.0);
#10656=VECTOR('',#10659,1.0);
#10657=DIRECTION('',(-0.9951854156269587,0.09801014500243065,0));
#10658=DIRECTION('',(0,0,-1));
#10659=DIRECTION('',(0.1034833654436934,-0.010191487428587635,0.9945789695446209));
#10660=FACE_SURFACE('',(#10665),#10661,.T.);
#10661=PLANE('',#10662);
#10662=AXIS2_PLACEMENT_3D('',#270,#10663,#10664);
#10663=DIRECTION('',(-0.09801014500243063,-0.9951854156269586,-0));
#10664=DIRECTION('',(-0.1034833654436934,0.010191487428587635,-0.9945789695446209));
#10665=FACE_BOUND('',#10666,.T.);
#10666=EDGE_LOOP('',(#10667,#10668,#10669));
#10667=ORIENTED_EDGE('',*,*,#10670,.T.);
#10668=ORIENTED_EDGE('',*,*,#10671,.T.);
#10669=ORIENTED_EDGE('',*,*,#10672,.T.);
#10670=EDGE_CURVE('',#271,#321,#10673,.F.);
#10671=EDGE_CURVE('',#321,#323,#10674,.T.);
#10672=EDGE_CURVE('',#323,#271,#10675,.T.);
#10673=LINE('',#270,#10676);
#10674=LINE('',#320,#10677);
#10675=LINE('',#322,#10678);
#10676=VECTOR('',#10679,1.0);
#10677=VECTOR('',#10680,1.0);
#10678=VECTOR('',#10681,1.0);
#10679=DIRECTION('',(-0.1034833654436934,0.010191487428587635,-0.9945789695446209));
#10680=DIRECTION('',(0.9951854156269587,-0.09801014500243065,0));
#10681=DIRECTION('',(0,0,1));
#10682=FACE_SURFACE('',(#10687),#10683,.T.);
#10683=PLANE('',#10684);
#10684=AXIS2_PLACEMENT_3D('',#264,#10685,#10686);
#10685=DIRECTION('',(0.09800898654057474,-0.9951855297165898,0));
#10686=DIRECTION('',(-0.9951855297165898,-0.09800898654057474,0));
#10687=FACE_BOUND('',#10688,.T.);
#10688=EDGE_LOOP('',(#10689,#10690,#10691));
#10689=ORIENTED_EDGE('',*,*,#10692,.T.);
#10690=ORIENTED_EDGE('',*,*,#10693,.T.);
#10691=ORIENTED_EDGE('',*,*,#10694,.T.);
#10692=EDGE_CURVE('',#265,#263,#10695,.F.);
#10693=EDGE_CURVE('',#263,#315,#10696,.T.);
#10694=EDGE_CURVE('',#315,#265,#10697,.T.);
#10695=LINE('',#264,#10698);
#10696=LINE('',#262,#10699);
#10697=LINE('',#314,#10700);
#10698=VECTOR('',#10701,1.0);
#10699=VECTOR('',#10702,1.0);
#10700=VECTOR('',#10703,1.0);
#10701=DIRECTION('',(-0.9951855297165898,-0.09800898654057474,0));
#10702=DIRECTION('',(0,0,-1));
#10703=DIRECTION('',(0.1034845872501433,0.010191486126053903,0.9945788424314133));
#10704=FACE_SURFACE('',(#10709),#10705,.T.);
#10705=PLANE('',#10706);
#10706=AXIS2_PLACEMENT_3D('',#264,#10707,#10708);
#10707=DIRECTION('',(0.09800898654057474,-0.9951855297165898,0));
#10708=DIRECTION('',(-0.1034845872501433,-0.010191486126053903,-0.9945788424314133));
#10709=FACE_BOUND('',#10710,.T.);
#10710=EDGE_LOOP('',(#10711,#10712,#10713));
#10711=ORIENTED_EDGE('',*,*,#10714,.T.);
#10712=ORIENTED_EDGE('',*,*,#10715,.T.);
#10713=ORIENTED_EDGE('',*,*,#10716,.T.);
#10714=EDGE_CURVE('',#265,#315,#10717,.F.);
#10715=EDGE_CURVE('',#315,#321,#10718,.T.);
#10716=EDGE_CURVE('',#321,#265,#10719,.T.);
#10717=LINE('',#264,#10720);
#10718=LINE('',#314,#10721);
#10719=LINE('',#320,#10722);
#10720=VECTOR('',#10723,1.0);
#10721=VECTOR('',#10724,1.0);
#10722=VECTOR('',#10725,1.0);
#10723=DIRECTION('',(-0.1034845872501433,-0.010191486126053903,-0.9945788424314133));
#10724=DIRECTION('',(0.9951855297165898,0.09800898654057474,0));
#10725=DIRECTION('',(0,0,1));
#10726=FACE_SURFACE('',(#10731),#10727,.T.);
#10727=PLANE('',#10728);
#10728=AXIS2_PLACEMENT_3D('',#262,#10729,#10730);
#10729=DIRECTION('',(0.29029944392376855,-0.9569358561876291,0));
#10730=DIRECTION('',(-0.956935856187629,-0.2902994439237685,0));
#10731=FACE_BOUND('',#10732,.T.);
#10732=EDGE_LOOP('',(#10733,#10734,#10735));
#10733=ORIENTED_EDGE('',*,*,#10736,.T.);
#10734=ORIENTED_EDGE('',*,*,#10737,.T.);
#10735=ORIENTED_EDGE('',*,*,#10738,.T.);
#10736=EDGE_CURVE('',#263,#257,#10739,.F.);
#10737=EDGE_CURVE('',#257,#313,#10740,.T.);
#10738=EDGE_CURVE('',#313,#263,#10741,.T.);
#10739=LINE('',#262,#10742);
#10740=LINE('',#256,#10743);
#10741=LINE('',#312,#10744);
#10742=VECTOR('',#10745,1.0);
#10743=VECTOR('',#10746,1.0);
#10744=VECTOR('',#10747,1.0);
#10745=DIRECTION('',(-0.956935856187629,-0.2902994439237685,0));
#10746=DIRECTION('',(0,0,-1));
#10747=DIRECTION('',(0.09950655527315806,0.030186660344874387,0.9945789113966237));
#10748=FACE_SURFACE('',(#10753),#10749,.T.);
#10749=PLANE('',#10750);
#10750=AXIS2_PLACEMENT_3D('',#262,#10751,#10752);
#10751=DIRECTION('',(0.29029944392376855,-0.9569358561876291,0));
#10752=DIRECTION('',(-0.09950655527315806,-0.030186660344874387,-0.9945789113966237));
#10753=FACE_BOUND('',#10754,.T.);
#10754=EDGE_LOOP('',(#10755,#10756,#10757));
#10755=ORIENTED_EDGE('',*,*,#10758,.T.);
#10756=ORIENTED_EDGE('',*,*,#10759,.T.);
#10757=ORIENTED_EDGE('',*,*,#10760,.T.);
#10758=EDGE_CURVE('',#263,#313,#10761,.F.);
#10759=EDGE_CURVE('',#313,#315,#10762,.T.);
#10760=EDGE_CURVE('',#315,#263,#10763,.T.);
#10761=LINE('',#262,#10764);
#10762=LINE('',#312,#10765);
#10763=LINE('',#314,#10766);
#10764=VECTOR('',#10767,1.0);
#10765=VECTOR('',#10768,1.0);
#10766=VECTOR('',#10769,1.0);
#10767=DIRECTION('',(-0.09950655527315806,-0.030186660344874387,-0.9945789113966237));
#10768=DIRECTION('',(0.956935856187629,0.2902994439237685,0));
#10769=DIRECTION('',(0,0,1));
#10770=FACE_SURFACE('',(#10775),#10771,.T.);
#10771=PLANE('',#10772);
#10772=AXIS2_PLACEMENT_3D('',#256,#10773,#10774);
#10773=DIRECTION('',(0.4714005253463748,-0.8819192393315625,0));
#10774=DIRECTION('',(-0.8819192393315626,-0.47140052534637483,0));
#10775=FACE_BOUND('',#10776,.T.);
#10776=EDGE_LOOP('',(#10777,#10778,#10779));
#10777=ORIENTED_EDGE('',*,*,#10780,.T.);
#10778=ORIENTED_EDGE('',*,*,#10781,.T.);
#10779=ORIENTED_EDGE('',*,*,#10782,.T.);
#10780=EDGE_CURVE('',#257,#255,#10783,.F.);
#10781=EDGE_CURVE('',#255,#299,#10784,.T.);
#10782=EDGE_CURVE('',#299,#257,#10785,.T.);
#10783=LINE('',#256,#10786);
#10784=LINE('',#254,#10787);
#10785=LINE('',#298,#10788);
#10786=VECTOR('',#10789,1.0);
#10787=VECTOR('',#10790,1.0);
#10788=VECTOR('',#10791,1.0);
#10789=DIRECTION('',(-0.8819192393315626,-0.47140052534637483,0));
#10790=DIRECTION('',(0,0,-1));
#10791=DIRECTION('',(0.09170608989833252,0.04901843278563872,0.9945788989933372));
#10792=FACE_SURFACE('',(#10797),#10793,.T.);
#10793=PLANE('',#10794);
#10794=AXIS2_PLACEMENT_3D('',#256,#10795,#10796);
#10795=DIRECTION('',(0.4714005253463748,-0.8819192393315625,0));
#10796=DIRECTION('',(-0.09170608989833252,-0.04901843278563872,-0.9945788989933372));
#10797=FACE_BOUND('',#10798,.T.);
#10798=EDGE_LOOP('',(#10799,#10800,#10801));
#10799=ORIENTED_EDGE('',*,*,#10802,.T.);
#10800=ORIENTED_EDGE('',*,*,#10803,.T.);
#10801=ORIENTED_EDGE('',*,*,#10804,.T.);
#10802=EDGE_CURVE('',#257,#299,#10805,.F.);
#10803=EDGE_CURVE('',#299,#313,#10806,.T.);
#10804=EDGE_CURVE('',#313,#257,#10807,.T.);
#10805=LINE('',#256,#10808);
#10806=LINE('',#298,#10809);
#10807=LINE('',#312,#10810);
#10808=VECTOR('',#10811,1.0);
#10809=VECTOR('',#10812,1.0);
#10810=VECTOR('',#10813,1.0);
#10811=DIRECTION('',(-0.09170608989833252,-0.04901843278563872,-0.9945788989933372));
#10812=DIRECTION('',(0.8819192393315626,0.47140052534637483,0));
#10813=DIRECTION('',(0,0,1));
#10814=FACE_SURFACE('',(#10819),#10815,.T.);
#10815=PLANE('',#10816);
#10816=AXIS2_PLACEMENT_3D('',#254,#10817,#10818);
#10817=DIRECTION('',(0.6343799478881689,-0.7730213979686488,0));
#10818=DIRECTION('',(-0.7730213979686489,-0.6343799478881689,0));
#10819=FACE_BOUND('',#10820,.T.);
#10820=EDGE_LOOP('',(#10821,#10822,#10823));
#10821=ORIENTED_EDGE('',*,*,#10824,.T.);
#10822=ORIENTED_EDGE('',*,*,#10825,.T.);
#10823=ORIENTED_EDGE('',*,*,#10826,.T.);
#10824=EDGE_CURVE('',#255,#243,#10827,.F.);
#10825=EDGE_CURVE('',#243,#301,#10828,.T.);
#10826=EDGE_CURVE('',#301,#255,#10829,.T.);
#10827=LINE('',#254,#10830);
#10828=LINE('',#242,#10831);
#10829=LINE('',#300,#10832);
#10830=VECTOR('',#10833,1.0);
#10831=VECTOR('',#10834,1.0);
#10832=VECTOR('',#10835,1.0);
#10833=DIRECTION('',(-0.7730213979686489,-0.6343799478881689,0));
#10834=DIRECTION('',(0,0,-1));
#10835=DIRECTION('',(0.0803820818438884,0.06596554898126707,0.9945789396855548));
#10836=FACE_SURFACE('',(#10841),#10837,.T.);
#10837=PLANE('',#10838);
#10838=AXIS2_PLACEMENT_3D('',#254,#10839,#10840);
#10839=DIRECTION('',(0.6343799478881689,-0.7730213979686488,0));
#10840=DIRECTION('',(-0.0803820818438884,-0.06596554898126707,-0.9945789396855548));
#10841=FACE_BOUND('',#10842,.T.);
#10842=EDGE_LOOP('',(#10843,#10844,#10845));
#10843=ORIENTED_EDGE('',*,*,#10846,.T.);
#10844=ORIENTED_EDGE('',*,*,#10847,.T.);
#10845=ORIENTED_EDGE('',*,*,#10848,.T.);
#10846=EDGE_CURVE('',#255,#301,#10849,.F.);
#10847=EDGE_CURVE('',#301,#299,#10850,.T.);
#10848=EDGE_CURVE('',#299,#255,#10851,.T.);
#10849=LINE('',#254,#10852);
#10850=LINE('',#300,#10853);
#10851=LINE('',#298,#10854);
#10852=VECTOR('',#10855,1.0);
#10853=VECTOR('',#10856,1.0);
#10854=VECTOR('',#10857,1.0);
#10855=DIRECTION('',(-0.0803820818438884,-0.06596554898126707,-0.9945789396855548));
#10856=DIRECTION('',(0.7730213979686489,0.6343799478881689,0));
#10857=DIRECTION('',(0,0,1));
#10858=FACE_SURFACE('',(#10863),#10859,.T.);
#10859=PLANE('',#10860);
#10860=AXIS2_PLACEMENT_3D('',#300,#10861,#10862);
#10861=DIRECTION('',(0.7730166181052922,-0.6343857723286809,0));
#10862=DIRECTION('',(0,0,1));
#10863=FACE_BOUND('',#10864,.T.);
#10864=EDGE_LOOP('',(#10865,#10866,#10867));
#10865=ORIENTED_EDGE('',*,*,#10868,.T.);
#10866=ORIENTED_EDGE('',*,*,#10869,.T.);
#10867=ORIENTED_EDGE('',*,*,#10870,.T.);
#10868=EDGE_CURVE('',#301,#243,#10871,.F.);
#10869=EDGE_CURVE('',#243,#241,#10872,.T.);
#10870=EDGE_CURVE('',#241,#301,#10873,.T.);
#10871=LINE('',#300,#10874);
#10872=LINE('',#242,#10875);
#10873=LINE('',#240,#10876);
#10874=VECTOR('',#10877,1.0);
#10875=VECTOR('',#10878,1.0);
#10876=VECTOR('',#10879,1.0);
#10877=DIRECTION('',(0,0,1));
#10878=DIRECTION('',(-0.6343857723286809,-0.7730166181052922,0));
#10879=DIRECTION('',(0.06596555552991284,0.08038085479122384,-0.9945790384211112));
#10880=FACE_SURFACE('',(#10885),#10881,.T.);
#10881=PLANE('',#10882);
#10882=AXIS2_PLACEMENT_3D('',#300,#10883,#10884);
#10883=DIRECTION('',(0.7730166181052922,-0.6343857723286809,0));
#10884=DIRECTION('',(-0.06596555552991284,-0.08038085479122384,0.9945790384211112));
#10885=FACE_BOUND('',#10886,.T.);
#10886=EDGE_LOOP('',(#10887,#10888,#10889));
#10887=ORIENTED_EDGE('',*,*,#10890,.T.);
#10888=ORIENTED_EDGE('',*,*,#10891,.T.);
#10889=ORIENTED_EDGE('',*,*,#10892,.T.);
#10890=EDGE_CURVE('',#301,#241,#10893,.F.);
#10891=EDGE_CURVE('',#241,#413,#10894,.T.);
#10892=EDGE_CURVE('',#413,#301,#10895,.T.);
#10893=LINE('',#300,#10896);
#10894=LINE('',#240,#10897);
#10895=LINE('',#412,#10898);
#10896=VECTOR('',#10899,1.0);
#10897=VECTOR('',#10900,1.0);
#10898=VECTOR('',#10901,1.0);
#10899=DIRECTION('',(-0.06596555552991284,-0.08038085479122384,0.9945790384211112));
#10900=DIRECTION('',(0,0,-1));
#10901=DIRECTION('',(0.6343857723286809,0.7730166181052922,0));
#10902=FACE_SURFACE('',(#10907),#10903,.T.);
#10903=PLANE('',#10904);
#10904=AXIS2_PLACEMENT_3D('',#412,#10905,#10906);
#10905=DIRECTION('',(0.8819195801905639,-0.471399887650071,0));
#10906=DIRECTION('',(0,0,1));
#10907=FACE_BOUND('',#10908,.T.);
#10908=EDGE_LOOP('',(#10909,#10910,#10911));
#10909=ORIENTED_EDGE('',*,*,#10912,.T.);
#10910=ORIENTED_EDGE('',*,*,#10913,.T.);
#10911=ORIENTED_EDGE('',*,*,#10914,.T.);
#10912=EDGE_CURVE('',#413,#241,#10915,.F.);
#10913=EDGE_CURVE('',#241,#247,#10916,.T.);
#10914=EDGE_CURVE('',#247,#413,#10917,.T.);
#10915=LINE('',#412,#10918);
#10916=LINE('',#240,#10919);
#10917=LINE('',#246,#10920);
#10918=VECTOR('',#10921,1.0);
#10919=VECTOR('',#10922,1.0);
#10920=VECTOR('',#10923,1.0);
#10921=DIRECTION('',(0,0,1));
#10922=DIRECTION('',(-0.471399887650071,-0.8819195801905639,0));
#10923=DIRECTION('',(0.04901965374622553,0.09170853363683765,-0.9945786134865263));
#10924=FACE_SURFACE('',(#10929),#10925,.T.);
#10925=PLANE('',#10926);
#10926=AXIS2_PLACEMENT_3D('',#412,#10927,#10928);
#10927=DIRECTION('',(0.8819195801905639,-0.471399887650071,0));
#10928=DIRECTION('',(-0.04901965374622553,-0.09170853363683765,0.9945786134865263));
#10929=FACE_BOUND('',#10930,.T.);
#10930=EDGE_LOOP('',(#10931,#10932,#10933));
#10931=ORIENTED_EDGE('',*,*,#10934,.T.);
#10932=ORIENTED_EDGE('',*,*,#10935,.T.);
#10933=ORIENTED_EDGE('',*,*,#10936,.T.);
#10934=EDGE_CURVE('',#413,#247,#10937,.F.);
#10935=EDGE_CURVE('',#247,#415,#10938,.T.);
#10936=EDGE_CURVE('',#415,#413,#10939,.T.);
#10937=LINE('',#412,#10940);
#10938=LINE('',#246,#10941);
#10939=LINE('',#414,#10942);
#10940=VECTOR('',#10943,1.0);
#10941=VECTOR('',#10944,1.0);
#10942=VECTOR('',#10945,1.0);
#10943=DIRECTION('',(-0.04901965374622553,-0.09170853363683765,0.9945786134865263));
#10944=DIRECTION('',(0,0,-1));
#10945=DIRECTION('',(0.471399887650071,0.8819195801905639,0));
#10946=FACE_SURFACE('',(#10951),#10947,.T.);
#10947=PLANE('',#10948);
#10948=AXIS2_PLACEMENT_3D('',#414,#10949,#10950);
#10949=DIRECTION('',(0.9569391555639841,-0.2902885677192421,0));
#10950=DIRECTION('',(0,0,1));
#10951=FACE_BOUND('',#10952,.T.);
#10952=EDGE_LOOP('',(#10953,#10954,#10955));
#10953=ORIENTED_EDGE('',*,*,#10956,.T.);
#10954=ORIENTED_EDGE('',*,*,#10957,.T.);
#10955=ORIENTED_EDGE('',*,*,#10958,.T.);
#10956=EDGE_CURVE('',#415,#247,#10959,.F.);
#10957=EDGE_CURVE('',#247,#253,#10960,.T.);
#10958=EDGE_CURVE('',#253,#415,#10961,.T.);
#10959=LINE('',#414,#10962);
#10960=LINE('',#246,#10963);
#10961=LINE('',#252,#10964);
#10962=VECTOR('',#10965,1.0);
#10963=VECTOR('',#10966,1.0);
#10964=VECTOR('',#10967,1.0);
#10965=DIRECTION('',(0,0,1));
#10966=DIRECTION('',(-0.2902885677192421,-0.9569391555639841,0));
#10967=DIRECTION('',(0.03018542643787389,0.0995065589828362,-0.9945789484752626));
#10968=FACE_SURFACE('',(#10973),#10969,.T.);
#10969=PLANE('',#10970);
#10970=AXIS2_PLACEMENT_3D('',#414,#10971,#10972);
#10971=DIRECTION('',(0.9569391555639841,-0.2902885677192421,0));
#10972=DIRECTION('',(-0.03018542643787389,-0.0995065589828362,0.9945789484752626));
#10973=FACE_BOUND('',#10974,.T.);
#10974=EDGE_LOOP('',(#10975,#10976,#10977));
#10975=ORIENTED_EDGE('',*,*,#10978,.T.);
#10976=ORIENTED_EDGE('',*,*,#10979,.T.);
#10977=ORIENTED_EDGE('',*,*,#10980,.T.);
#10978=EDGE_CURVE('',#415,#253,#10981,.F.);
#10979=EDGE_CURVE('',#253,#421,#10982,.T.);
#10980=EDGE_CURVE('',#421,#415,#10983,.T.);
#10981=LINE('',#414,#10984);
#10982=LINE('',#252,#10985);
#10983=LINE('',#420,#10986);
#10984=VECTOR('',#10987,1.0);
#10985=VECTOR('',#10988,1.0);
#10986=VECTOR('',#10989,1.0);
#10987=DIRECTION('',(-0.03018542643787389,-0.0995065589828362,0.9945789484752626));
#10988=DIRECTION('',(0,0,-1));
#10989=DIRECTION('',(0.2902885677192421,0.9569391555639841,0));
#10990=FACE_SURFACE('',(#10995),#10991,.T.);
#10991=PLANE('',#10992);
#10992=AXIS2_PLACEMENT_3D('',#420,#10993,#10994);
#10993=DIRECTION('',(0.9951854156269586,-0.09801014500243063,0));
#10994=DIRECTION('',(0,0,1));
#10995=FACE_BOUND('',#10996,.T.);
#10996=EDGE_LOOP('',(#10997,#10998,#10999));
#10997=ORIENTED_EDGE('',*,*,#11000,.T.);
#10998=ORIENTED_EDGE('',*,*,#11001,.T.);
#10999=ORIENTED_EDGE('',*,*,#11002,.T.);
#11000=EDGE_CURVE('',#421,#253,#11003,.F.);
#11001=EDGE_CURVE('',#253,#235,#11004,.T.);
#11002=EDGE_CURVE('',#235,#421,#11005,.T.);
#11003=LINE('',#420,#11006);
#11004=LINE('',#252,#11007);
#11005=LINE('',#234,#11008);
#11006=VECTOR('',#11009,1.0);
#11007=VECTOR('',#11010,1.0);
#11008=VECTOR('',#11011,1.0);
#11009=DIRECTION('',(0,0,1));
#11010=DIRECTION('',(-0.09801014500243065,-0.9951854156269587,0));
#11011=DIRECTION('',(0.010191487428587635,0.1034833654436934,-0.9945789695446209));
#11012=FACE_SURFACE('',(#11017),#11013,.T.);
#11013=PLANE('',#11014);
#11014=AXIS2_PLACEMENT_3D('',#420,#11015,#11016);
#11015=DIRECTION('',(0.9951854156269586,-0.09801014500243063,0));
#11016=DIRECTION('',(-0.010191487428587635,-0.1034833654436934,0.9945789695446209));
#11017=FACE_BOUND('',#11018,.T.);
#11018=EDGE_LOOP('',(#11019,#11020,#11021));
#11019=ORIENTED_EDGE('',*,*,#11022,.T.);
#11020=ORIENTED_EDGE('',*,*,#11023,.T.);
#11021=ORIENTED_EDGE('',*,*,#11024,.T.);
#11022=EDGE_CURVE('',#421,#235,#11025,.F.);
#11023=EDGE_CURVE('',#235,#423,#11026,.T.);
#11024=EDGE_CURVE('',#423,#421,#11027,.T.);
#11025=LINE('',#420,#11028);
#11026=LINE('',#234,#11029);
#11027=LINE('',#422,#11030);
#11028=VECTOR('',#11031,1.0);
#11029=VECTOR('',#11032,1.0);
#11030=VECTOR('',#11033,1.0);
#11031=DIRECTION('',(-0.010191487428587635,-0.1034833654436934,0.9945789695446209));
#11032=DIRECTION('',(0,0,-1));
#11033=DIRECTION('',(0.09801014500243065,0.9951854156269587,0));
#11034=FACE_SURFACE('',(#11039),#11035,.T.);
#11035=PLANE('',#11036);
#11036=AXIS2_PLACEMENT_3D('',#426,#11037,#11038);
#11037=DIRECTION('',(0.9951856438021754,-0.09800782810597135,0));
#11038=DIRECTION('',(0,0,1));
#11039=FACE_BOUND('',#11040,.T.);
#11040=EDGE_LOOP('',(#11041,#11042,#11043));
#11041=ORIENTED_EDGE('',*,*,#11044,.T.);
#11042=ORIENTED_EDGE('',*,*,#11045,.T.);
#11043=ORIENTED_EDGE('',*,*,#11046,.T.);
#11044=EDGE_CURVE('',#427,#233,#11047,.F.);
#11045=EDGE_CURVE('',#233,#237,#11048,.T.);
#11046=EDGE_CURVE('',#237,#427,#11049,.T.);
#11047=LINE('',#426,#11050);
#11048=LINE('',#232,#11051);
#11049=LINE('',#236,#11052);
#11050=VECTOR('',#11053,1.0);
#11051=VECTOR('',#11054,1.0);
#11052=VECTOR('',#11055,1.0);
#11053=DIRECTION('',(0,0,1));
#11054=DIRECTION('',(-0.09800782810597135,-0.9951856438021754,0));
#11055=DIRECTION('',(0.010191484823505122,0.10348580905612473,-0.9945787153167372));
#11056=FACE_SURFACE('',(#11061),#11057,.T.);
#11057=PLANE('',#11058);
#11058=AXIS2_PLACEMENT_3D('',#426,#11059,#11060);
#11059=DIRECTION('',(0.9951856438021754,-0.09800782810597135,0));
#11060=DIRECTION('',(-0.010191484823505122,-0.10348580905612473,0.9945787153167372));
#11061=FACE_BOUND('',#11062,.T.);
#11062=EDGE_LOOP('',(#11063,#11064,#11065));
#11063=ORIENTED_EDGE('',*,*,#11066,.T.);
#11064=ORIENTED_EDGE('',*,*,#11067,.T.);
#11065=ORIENTED_EDGE('',*,*,#11068,.T.);
#11066=EDGE_CURVE('',#427,#237,#11069,.F.);
#11067=EDGE_CURVE('',#237,#425,#11070,.T.);
#11068=EDGE_CURVE('',#425,#427,#11071,.T.);
#11069=LINE('',#426,#11072);
#11070=LINE('',#236,#11073);
#11071=LINE('',#424,#11074);
#11072=VECTOR('',#11075,1.0);
#11073=VECTOR('',#11076,1.0);
#11074=VECTOR('',#11077,1.0);
#11075=DIRECTION('',(-0.010191484823505122,-0.10348580905612473,0.9945787153167372));
#11076=DIRECTION('',(0,0,-1));
#11077=DIRECTION('',(0.09800782810597135,0.9951856438021754,0));
#11078=FACE_SURFACE('',(#11083),#11079,.T.);
#11079=PLANE('',#11080);
#11080=AXIS2_PLACEMENT_3D('',#430,#11081,#11082);
#11081=DIRECTION('',(0.9569371537872804,-0.2902951665141858,0));
#11082=DIRECTION('',(0,0,1));
#11083=FACE_BOUND('',#11084,.T.);
#11084=EDGE_LOOP('',(#11085,#11086,#11087));
#11085=ORIENTED_EDGE('',*,*,#11088,.T.);
#11086=ORIENTED_EDGE('',*,*,#11089,.T.);
#11087=ORIENTED_EDGE('',*,*,#11090,.T.);
#11088=EDGE_CURVE('',#431,#229,#11091,.F.);
#11089=EDGE_CURVE('',#229,#233,#11092,.T.);
#11090=EDGE_CURVE('',#233,#431,#11093,.T.);
#11091=LINE('',#430,#11094);
#11092=LINE('',#228,#11095);
#11093=LINE('',#232,#11096);
#11094=VECTOR('',#11097,1.0);
#11095=VECTOR('',#11098,1.0);
#11096=VECTOR('',#11099,1.0);
#11097=DIRECTION('',(0,0,1));
#11098=DIRECTION('',(-0.2902951665141858,-0.9569371537872804,0));
#11099=DIRECTION('',(0.030185433856989418,0.0995041133746542,-0.9945791929275362));
#11100=FACE_SURFACE('',(#11105),#11101,.T.);
#11101=PLANE('',#11102);
#11102=AXIS2_PLACEMENT_3D('',#430,#11103,#11104);
#11103=DIRECTION('',(0.9569371537872804,-0.2902951665141858,0));
#11104=DIRECTION('',(-0.030185433856989418,-0.0995041133746542,0.9945791929275362));
#11105=FACE_BOUND('',#11106,.T.);
#11106=EDGE_LOOP('',(#11107,#11108,#11109));
#11107=ORIENTED_EDGE('',*,*,#11110,.T.);
#11108=ORIENTED_EDGE('',*,*,#11111,.T.);
#11109=ORIENTED_EDGE('',*,*,#11112,.T.);
#11110=EDGE_CURVE('',#431,#233,#11113,.F.);
#11111=EDGE_CURVE('',#233,#427,#11114,.T.);
#11112=EDGE_CURVE('',#427,#431,#11115,.T.);
#11113=LINE('',#430,#11116);
#11114=LINE('',#232,#11117);
#11115=LINE('',#426,#11118);
#11116=VECTOR('',#11119,1.0);
#11117=VECTOR('',#11120,1.0);
#11118=VECTOR('',#11121,1.0);
#11119=DIRECTION('',(-0.030185433856989418,-0.0995041133746542,0.9945791929275362));
#11120=DIRECTION('',(0,0,-1));
#11121=DIRECTION('',(0.2902951665141858,0.9569371537872804,0));
#11122=FACE_SURFACE('',(#11127),#11123,.T.);
#11123=PLANE('',#11124);
#11124=AXIS2_PLACEMENT_3D('',#432,#11125,#11126);
#11125=DIRECTION('',(0.8819195801905639,-0.471399887650071,0));
#11126=DIRECTION('',(0,0,1));
#11127=FACE_BOUND('',#11128,.T.);
#11128=EDGE_LOOP('',(#11129,#11130,#11131));
#11129=ORIENTED_EDGE('',*,*,#11132,.T.);
#11130=ORIENTED_EDGE('',*,*,#11133,.T.);
#11131=ORIENTED_EDGE('',*,*,#11134,.T.);
#11132=EDGE_CURVE('',#433,#225,#11135,.F.);
#11133=EDGE_CURVE('',#225,#229,#11136,.T.);
#11134=EDGE_CURVE('',#229,#433,#11137,.T.);
#11135=LINE('',#432,#11138);
#11136=LINE('',#224,#11139);
#11137=LINE('',#228,#11140);
#11138=VECTOR('',#11141,1.0);
#11139=VECTOR('',#11142,1.0);
#11140=VECTOR('',#11143,1.0);
#11141=DIRECTION('',(0,0,1));
#11142=DIRECTION('',(-0.471399887650071,-0.8819195801905639,0));
#11143=DIRECTION('',(0.04901965374622553,0.09170853363683765,-0.9945786134865263));
#11144=FACE_SURFACE('',(#11149),#11145,.T.);
#11145=PLANE('',#11146);
#11146=AXIS2_PLACEMENT_3D('',#432,#11147,#11148);
#11147=DIRECTION('',(0.8819195801905639,-0.471399887650071,0));
#11148=DIRECTION('',(-0.04901965374622553,-0.09170853363683765,0.9945786134865263));
#11149=FACE_BOUND('',#11150,.T.);
#11150=EDGE_LOOP('',(#11151,#11152,#11153));
#11151=ORIENTED_EDGE('',*,*,#11154,.T.);
#11152=ORIENTED_EDGE('',*,*,#11155,.T.);
#11153=ORIENTED_EDGE('',*,*,#11156,.T.);
#11154=EDGE_CURVE('',#433,#229,#11157,.F.);
#11155=EDGE_CURVE('',#229,#431,#11158,.T.);
#11156=EDGE_CURVE('',#431,#433,#11159,.T.);
#11157=LINE('',#432,#11160);
#11158=LINE('',#228,#11161);
#11159=LINE('',#430,#11162);
#11160=VECTOR('',#11163,1.0);
#11161=VECTOR('',#11164,1.0);
#11162=VECTOR('',#11165,1.0);
#11163=DIRECTION('',(-0.04901965374622553,-0.09170853363683765,0.9945786134865263));
#11164=DIRECTION('',(0,0,-1));
#11165=DIRECTION('',(0.471399887650071,0.8819195801905639,0));
#11166=FACE_SURFACE('',(#11171),#11167,.T.);
#11167=PLANE('',#11168);
#11168=AXIS2_PLACEMENT_3D('',#440,#11169,#11170);
#11169=DIRECTION('',(0.773010793640617,-0.6343928695336223,0));
#11170=DIRECTION('',(0,0,1));
#11171=FACE_BOUND('',#11172,.T.);
#11172=EDGE_LOOP('',(#11173,#11174,#11175));
#11173=ORIENTED_EDGE('',*,*,#11176,.T.);
#11174=ORIENTED_EDGE('',*,*,#11177,.T.);
#11175=ORIENTED_EDGE('',*,*,#11178,.T.);
#11176=EDGE_CURVE('',#441,#221,#11179,.F.);
#11177=EDGE_CURVE('',#221,#225,#11180,.T.);
#11178=EDGE_CURVE('',#225,#441,#11181,.T.);
#11179=LINE('',#440,#11182);
#11180=LINE('',#220,#11183);
#11181=LINE('',#224,#11184);
#11182=VECTOR('',#11185,1.0);
#11183=VECTOR('',#11186,1.0);
#11184=VECTOR('',#11187,1.0);
#11185=DIRECTION('',(0,0,1));
#11186=DIRECTION('',(-0.6343928695336223,-0.773010793640617,0));
#11187=DIRECTION('',(0.06596678518806813,0.0803808482425669,-0.9945789573924017));
#11188=FACE_SURFACE('',(#11193),#11189,.T.);
#11189=PLANE('',#11190);
#11190=AXIS2_PLACEMENT_3D('',#440,#11191,#11192);
#11191=DIRECTION('',(0.773010793640617,-0.6343928695336223,0));
#11192=DIRECTION('',(-0.06596678518806813,-0.0803808482425669,0.9945789573924017));
#11193=FACE_BOUND('',#11194,.T.);
#11194=EDGE_LOOP('',(#11195,#11196,#11197));
#11195=ORIENTED_EDGE('',*,*,#11198,.T.);
#11196=ORIENTED_EDGE('',*,*,#11199,.T.);
#11197=ORIENTED_EDGE('',*,*,#11200,.T.);
#11198=EDGE_CURVE('',#441,#225,#11201,.F.);
#11199=EDGE_CURVE('',#225,#433,#11202,.T.);
#11200=EDGE_CURVE('',#433,#441,#11203,.T.);
#11201=LINE('',#440,#11204);
#11202=LINE('',#224,#11205);
#11203=LINE('',#432,#11206);
#11204=VECTOR('',#11207,1.0);
#11205=VECTOR('',#11208,1.0);
#11206=VECTOR('',#11209,1.0);
#11207=DIRECTION('',(-0.06596678518806813,-0.0803808482425669,0.9945789573924017));
#11208=DIRECTION('',(0,0,-1));
#11209=DIRECTION('',(0.6343928695336223,0.773010793640617,0));
#11210=FACE_SURFACE('',(#11215),#11211,.T.);
#11211=PLANE('',#11212);
#11212=AXIS2_PLACEMENT_3D('',#216,#11213,#11214);
#11213=DIRECTION('',(0.6343657529517859,-0.7730330468239465,0));
#11214=DIRECTION('',(-0.7730330468239465,-0.6343657529517859,0));
#11215=FACE_BOUND('',#11216,.T.);
#11216=EDGE_LOOP('',(#11217,#11218,#11219));
#11217=ORIENTED_EDGE('',*,*,#11220,.T.);
#11218=ORIENTED_EDGE('',*,*,#11221,.T.);
#11219=ORIENTED_EDGE('',*,*,#11222,.T.);
#11220=EDGE_CURVE('',#217,#221,#11223,.F.);
#11221=EDGE_CURVE('',#221,#441,#11224,.T.);
#11222=EDGE_CURVE('',#441,#217,#11225,.T.);
#11223=LINE('',#216,#11226);
#11224=LINE('',#220,#11227);
#11225=LINE('',#440,#11228);
#11226=VECTOR('',#11229,1.0);
#11227=VECTOR('',#11230,1.0);
#11228=VECTOR('',#11231,1.0);
#11229=DIRECTION('',(-0.7730330468239465,-0.6343657529517859,0));
#11230=DIRECTION('',(0,0,-1));
#11231=DIRECTION('',(0.08038209494103662,0.06596308966429694,0.9945791017384339));
#11232=FACE_SURFACE('',(#11237),#11233,.T.);
#11233=PLANE('',#11234);
#11234=AXIS2_PLACEMENT_3D('',#216,#11235,#11236);
#11235=DIRECTION('',(0.6343657529517859,-0.7730330468239465,0));
#11236=DIRECTION('',(-0.08038209494103662,-0.06596308966429694,-0.9945791017384339));
#11237=FACE_BOUND('',#11238,.T.);
#11238=EDGE_LOOP('',(#11239,#11240,#11241));
#11239=ORIENTED_EDGE('',*,*,#11242,.T.);
#11240=ORIENTED_EDGE('',*,*,#11243,.T.);
#11241=ORIENTED_EDGE('',*,*,#11244,.T.);
#11242=EDGE_CURVE('',#217,#441,#11245,.F.);
#11243=EDGE_CURVE('',#441,#445,#11246,.T.);
#11244=EDGE_CURVE('',#445,#217,#11247,.T.);
#11245=LINE('',#216,#11248);
#11246=LINE('',#440,#11249);
#11247=LINE('',#444,#11250);
#11248=VECTOR('',#11251,1.0);
#11249=VECTOR('',#11252,1.0);
#11250=VECTOR('',#11253,1.0);
#11251=DIRECTION('',(-0.08038209494103662,-0.06596308966429694,-0.9945791017384339));
#11252=DIRECTION('',(0.7730330468239465,0.6343657529517859,0));
#11253=DIRECTION('',(0,0,1));
#11254=FACE_SURFACE('',(#11259),#11255,.T.);
#11255=PLANE('',#11256);
#11256=AXIS2_PLACEMENT_3D('',#212,#11257,#11258);
#11257=DIRECTION('',(0.4714054631264359,-0.8819165999880888,0));
#11258=DIRECTION('',(-0.8819165999880887,-0.47140546312643583,0));
#11259=FACE_BOUND('',#11260,.T.);
#11260=EDGE_LOOP('',(#11261,#11262,#11263));
#11261=ORIENTED_EDGE('',*,*,#11264,.T.);
#11262=ORIENTED_EDGE('',*,*,#11265,.T.);
#11263=ORIENTED_EDGE('',*,*,#11266,.T.);
#11264=EDGE_CURVE('',#213,#217,#11267,.F.);
#11265=EDGE_CURVE('',#217,#445,#11268,.T.);
#11266=EDGE_CURVE('',#445,#213,#11269,.T.);
#11267=LINE('',#212,#11270);
#11268=LINE('',#216,#11271);
#11269=LINE('',#444,#11272);
#11270=VECTOR('',#11273,1.0);
#11271=VECTOR('',#11274,1.0);
#11272=VECTOR('',#11275,1.0);
#11273=DIRECTION('',(-0.8819165999880887,-0.47140546312643583,0));
#11274=DIRECTION('',(0,0,-1));
#11275=DIRECTION('',(0.09170486525243471,0.04901843833742924,0.994579011638589));
#11276=FACE_SURFACE('',(#11281),#11277,.T.);
#11277=PLANE('',#11278);
#11278=AXIS2_PLACEMENT_3D('',#212,#11279,#11280);
#11279=DIRECTION('',(0.4714054631264359,-0.8819165999880888,0));
#11280=DIRECTION('',(-0.09170486525243471,-0.04901843833742924,-0.994579011638589));
#11281=FACE_BOUND('',#11282,.T.);
#11282=EDGE_LOOP('',(#11283,#11284,#11285));
#11283=ORIENTED_EDGE('',*,*,#11286,.T.);
#11284=ORIENTED_EDGE('',*,*,#11287,.T.);
#11285=ORIENTED_EDGE('',*,*,#11288,.T.);
#11286=EDGE_CURVE('',#213,#445,#11289,.F.);
#11287=EDGE_CURVE('',#445,#449,#11290,.T.);
#11288=EDGE_CURVE('',#449,#213,#11291,.T.);
#11289=LINE('',#212,#11292);
#11290=LINE('',#444,#11293);
#11291=LINE('',#448,#11294);
#11292=VECTOR('',#11295,1.0);
#11293=VECTOR('',#11296,1.0);
#11294=VECTOR('',#11297,1.0);
#11295=DIRECTION('',(-0.09170486525243471,-0.04901843833742924,-0.994579011638589));
#11296=DIRECTION('',(0.8819165999880887,0.47140546312643583,0));
#11297=DIRECTION('',(0,0,1));
#11298=FACE_SURFACE('',(#11303),#11299,.T.);
#11299=PLANE('',#11300);
#11300=AXIS2_PLACEMENT_3D('',#208,#11301,#11302);
#11301=DIRECTION('',(0.2903027433863298,-0.9569348552447919,0));
#11302=DIRECTION('',(-0.9569348552447919,-0.2903027433863298,0));
#11303=FACE_BOUND('',#11304,.T.);
#11304=EDGE_LOOP('',(#11305,#11306,#11307));
#11305=ORIENTED_EDGE('',*,*,#11308,.T.);
#11306=ORIENTED_EDGE('',*,*,#11309,.T.);
#11307=ORIENTED_EDGE('',*,*,#11310,.T.);
#11308=EDGE_CURVE('',#209,#213,#11311,.F.);
#11309=EDGE_CURVE('',#213,#449,#11312,.T.);
#11310=EDGE_CURVE('',#449,#209,#11313,.T.);
#11311=LINE('',#208,#11314);
#11312=LINE('',#212,#11315);
#11313=LINE('',#448,#11316);
#11314=VECTOR('',#11317,1.0);
#11315=VECTOR('',#11318,1.0);
#11316=VECTOR('',#11319,1.0);
#11317=DIRECTION('',(-0.9569348552447919,-0.2903027433863298,0));
#11318=DIRECTION('',(0,0,-1));
#11319=DIRECTION('',(0.09950533246933717,0.030186664054605853,0.9945790336234829));
#11320=FACE_SURFACE('',(#11325),#11321,.T.);
#11321=PLANE('',#11322);
#11322=AXIS2_PLACEMENT_3D('',#208,#11323,#11324);
#11323=DIRECTION('',(0.2903027433863298,-0.9569348552447919,0));
#11324=DIRECTION('',(-0.09950533246933717,-0.030186664054605853,-0.9945790336234829));
#11325=FACE_BOUND('',#11326,.T.);
#11326=EDGE_LOOP('',(#11327,#11328,#11329));
#11327=ORIENTED_EDGE('',*,*,#11330,.T.);
#11328=ORIENTED_EDGE('',*,*,#11331,.T.);
#11329=ORIENTED_EDGE('',*,*,#11332,.T.);
#11330=EDGE_CURVE('',#209,#449,#11333,.F.);
#11331=EDGE_CURVE('',#449,#453,#11334,.T.);
#11332=EDGE_CURVE('',#453,#209,#11335,.T.);
#11333=LINE('',#208,#11336);
#11334=LINE('',#448,#11337);
#11335=LINE('',#452,#11338);
#11336=VECTOR('',#11339,1.0);
#11337=VECTOR('',#11340,1.0);
#11338=VECTOR('',#11341,1.0);
#11339=DIRECTION('',(-0.09950533246933717,-0.030186664054605853,-0.9945790336234829));
#11340=DIRECTION('',(0.9569348552447919,0.2903027433863298,0));
#11341=DIRECTION('',(0,0,1));
#11342=FACE_SURFACE('',(#11347),#11343,.T.);
#11343=PLANE('',#11344);
#11344=AXIS2_PLACEMENT_3D('',#204,#11345,#11346);
#11345=DIRECTION('',(0.09803135357169003,-0.9951833266875517,0));
#11346=DIRECTION('',(-0.9951833266875516,-0.09803135357169003,0));
#11347=FACE_BOUND('',#11348,.T.);
#11348=EDGE_LOOP('',(#11349,#11350,#11351));
#11349=ORIENTED_EDGE('',*,*,#11352,.T.);
#11350=ORIENTED_EDGE('',*,*,#11353,.T.);
#11351=ORIENTED_EDGE('',*,*,#11354,.T.);
#11352=EDGE_CURVE('',#205,#209,#11355,.F.);
#11353=EDGE_CURVE('',#209,#453,#11356,.T.);
#11354=EDGE_CURVE('',#453,#205,#11357,.T.);
#11355=LINE('',#204,#11358);
#11356=LINE('',#208,#11359);
#11357=LINE('',#452,#11360);
#11358=VECTOR('',#11361,1.0);
#11359=VECTOR('',#11362,1.0);
#11360=VECTOR('',#11363,1.0);
#11361=DIRECTION('',(-0.9951833266875516,-0.09803135357169003,0));
#11362=DIRECTION('',(0,0,-1));
#11363=DIRECTION('',(0.10348580645069654,0.010193954631039349,0.9945786902765559));
#11364=FACE_SURFACE('',(#11369),#11365,.T.);
#11365=PLANE('',#11366);
#11366=AXIS2_PLACEMENT_3D('',#204,#11367,#11368);
#11367=DIRECTION('',(0.09803135357169003,-0.9951833266875517,0));
#11368=DIRECTION('',(-0.10348580645069654,-0.010193954631039349,-0.9945786902765559));
#11369=FACE_BOUND('',#11370,.T.);
#11370=EDGE_LOOP('',(#11371,#11372,#11373));
#11371=ORIENTED_EDGE('',*,*,#11374,.T.);
#11372=ORIENTED_EDGE('',*,*,#11375,.T.);
#11373=ORIENTED_EDGE('',*,*,#11376,.T.);
#11374=EDGE_CURVE('',#205,#453,#11377,.F.);
#11375=EDGE_CURVE('',#453,#457,#11378,.T.);
#11376=EDGE_CURVE('',#457,#205,#11379,.T.);
#11377=LINE('',#204,#11380);
#11378=LINE('',#452,#11381);
#11379=LINE('',#456,#11382);
#11380=VECTOR('',#11383,1.0);
#11381=VECTOR('',#11384,1.0);
#11382=VECTOR('',#11385,1.0);
#11383=DIRECTION('',(-0.10348580645069654,-0.010193954631039349,-0.9945786902765559));
#11384=DIRECTION('',(0.9951833266875516,0.09803135357169003,0));
#11385=DIRECTION('',(0,0,1));
#11386=FACE_SURFACE('',(#11391),#11387,.T.);
#11387=PLANE('',#11388);
#11388=AXIS2_PLACEMENT_3D('',#202,#11389,#11390);
#11389=DIRECTION('',(-0.09803367101349733,-0.9951830984033125,0));
#11390=DIRECTION('',(-0.9951830984033126,0.09803367101349734,0));
#11391=FACE_BOUND('',#11392,.T.);
#11392=EDGE_LOOP('',(#11393,#11394,#11395));
#11393=ORIENTED_EDGE('',*,*,#11396,.T.);
#11394=ORIENTED_EDGE('',*,*,#11397,.T.);
#11395=ORIENTED_EDGE('',*,*,#11398,.T.);
#11396=EDGE_CURVE('',#203,#205,#11399,.F.);
#11397=EDGE_CURVE('',#205,#457,#11400,.T.);
#11398=EDGE_CURVE('',#457,#203,#11401,.T.);
#11399=LINE('',#202,#11402);
#11400=LINE('',#204,#11403);
#11401=LINE('',#456,#11404);
#11402=VECTOR('',#11405,1.0);
#11403=VECTOR('',#11406,1.0);
#11404=VECTOR('',#11407,1.0);
#11405=DIRECTION('',(-0.9951830984033126,0.09803367101349734,0));
#11406=DIRECTION('',(0,0,-1));
#11407=DIRECTION('',(0.10348336283832539,-0.010193957236753048,0.9945789445044203));
#11408=FACE_SURFACE('',(#11413),#11409,.T.);
#11409=PLANE('',#11410);
#11410=AXIS2_PLACEMENT_3D('',#202,#11411,#11412);
#11411=DIRECTION('',(-0.09803367101349733,-0.9951830984033125,-0));
#11412=DIRECTION('',(-0.10348336283832539,0.010193957236753048,-0.9945789445044203));
#11413=FACE_BOUND('',#11414,.T.);
#11414=EDGE_LOOP('',(#11415,#11416,#11417));
#11415=ORIENTED_EDGE('',*,*,#11418,.T.);
#11416=ORIENTED_EDGE('',*,*,#11419,.T.);
#11417=ORIENTED_EDGE('',*,*,#11420,.T.);
#11418=EDGE_CURVE('',#203,#457,#11421,.F.);
#11419=EDGE_CURVE('',#457,#461,#11422,.T.);
#11420=EDGE_CURVE('',#461,#203,#11423,.T.);
#11421=LINE('',#202,#11424);
#11422=LINE('',#456,#11425);
#11423=LINE('',#460,#11426);
#11424=VECTOR('',#11427,1.0);
#11425=VECTOR('',#11428,1.0);
#11426=VECTOR('',#11429,1.0);
#11427=DIRECTION('',(-0.10348336283832539,0.010193957236753048,-0.9945789445044203));
#11428=DIRECTION('',(0.9951830984033126,-0.09803367101349734,0));
#11429=DIRECTION('',(0,0,1));
#11430=FACE_SURFACE('',(#11435),#11431,.T.);
#11431=PLANE('',#11432);
#11432=AXIS2_PLACEMENT_3D('',#200,#11433,#11434);
#11433=DIRECTION('',(-0.2902928452132903,-0.95693785797092,0));
#11434=DIRECTION('',(-0.95693785797092,0.2902928452132903,0));
#11435=FACE_BOUND('',#11436,.T.);
#11436=EDGE_LOOP('',(#11437,#11438,#11439));
#11437=ORIENTED_EDGE('',*,*,#11440,.T.);
#11438=ORIENTED_EDGE('',*,*,#11441,.T.);
#11439=ORIENTED_EDGE('',*,*,#11442,.T.);
#11440=EDGE_CURVE('',#201,#203,#11443,.F.);
#11441=EDGE_CURVE('',#203,#461,#11444,.T.);
#11442=EDGE_CURVE('',#461,#201,#11445,.T.);
#11443=LINE('',#200,#11446);
#11444=LINE('',#202,#11447);
#11445=LINE('',#460,#11448);
#11446=VECTOR('',#11449,1.0);
#11447=VECTOR('',#11450,1.0);
#11448=VECTOR('',#11451,1.0);
#11449=DIRECTION('',(-0.95693785797092,0.2902928452132903,0));
#11450=DIRECTION('',(0,0,-1));
#11451=DIRECTION('',(0.09950900087944739,-0.03018665292527743,0.9945786669384895));
#11452=FACE_SURFACE('',(#11457),#11453,.T.);
#11453=PLANE('',#11454);
#11454=AXIS2_PLACEMENT_3D('',#200,#11455,#11456);
#11455=DIRECTION('',(-0.2902928452132903,-0.95693785797092,-0));
#11456=DIRECTION('',(-0.09950900087944739,0.03018665292527743,-0.9945786669384895));
#11457=FACE_BOUND('',#11458,.T.);
#11458=EDGE_LOOP('',(#11459,#11460,#11461));
#11459=ORIENTED_EDGE('',*,*,#11462,.T.);
#11460=ORIENTED_EDGE('',*,*,#11463,.T.);
#11461=ORIENTED_EDGE('',*,*,#11464,.T.);
#11462=EDGE_CURVE('',#201,#461,#11465,.F.);
#11463=EDGE_CURVE('',#461,#465,#11466,.T.);
#11464=EDGE_CURVE('',#465,#201,#11467,.T.);
#11465=LINE('',#200,#11468);
#11466=LINE('',#460,#11469);
#11467=LINE('',#464,#11470);
#11468=VECTOR('',#11471,1.0);
#11469=VECTOR('',#11472,1.0);
#11470=VECTOR('',#11473,1.0);
#11471=DIRECTION('',(-0.09950900087944739,0.03018665292527743,-0.9945786669384895));
#11472=DIRECTION('',(0.95693785797092,-0.2902928452132903,0));
#11473=DIRECTION('',(0,0,1));
#11474=FACE_SURFACE('',(#11479),#11475,.T.);
#11475=PLANE('',#11476);
#11476=AXIS2_PLACEMENT_3D('',#194,#11477,#11478);
#11477=DIRECTION('',(-0.4714005253463748,-0.8819192393315625,0));
#11478=DIRECTION('',(-0.8819192393315626,0.47140052534637483,0));
#11479=FACE_BOUND('',#11480,.T.);
#11480=EDGE_LOOP('',(#11481,#11482,#11483));
#11481=ORIENTED_EDGE('',*,*,#11484,.T.);
#11482=ORIENTED_EDGE('',*,*,#11485,.T.);
#11483=ORIENTED_EDGE('',*,*,#11486,.T.);
#11484=EDGE_CURVE('',#195,#201,#11487,.F.);
#11485=EDGE_CURVE('',#201,#465,#11488,.T.);
#11486=EDGE_CURVE('',#465,#195,#11489,.T.);
#11487=LINE('',#194,#11490);
#11488=LINE('',#200,#11491);
#11489=LINE('',#464,#11492);
#11490=VECTOR('',#11493,1.0);
#11491=VECTOR('',#11494,1.0);
#11492=VECTOR('',#11495,1.0);
#11493=DIRECTION('',(-0.8819192393315626,0.47140052534637483,0));
#11494=DIRECTION('',(0,0,-1));
#11495=DIRECTION('',(0.09170608989833252,-0.04901843278563872,0.9945788989933372));
#11496=FACE_SURFACE('',(#11501),#11497,.T.);
#11497=PLANE('',#11498);
#11498=AXIS2_PLACEMENT_3D('',#194,#11499,#11500);
#11499=DIRECTION('',(-0.4714005253463748,-0.8819192393315625,-0));
#11500=DIRECTION('',(-0.09170608989833252,0.04901843278563872,-0.9945788989933372));
#11501=FACE_BOUND('',#11502,.T.);
#11502=EDGE_LOOP('',(#11503,#11504,#11505));
#11503=ORIENTED_EDGE('',*,*,#11506,.T.);
#11504=ORIENTED_EDGE('',*,*,#11507,.T.);
#11505=ORIENTED_EDGE('',*,*,#11508,.T.);
#11506=EDGE_CURVE('',#195,#465,#11509,.F.);
#11507=EDGE_CURVE('',#465,#469,#11510,.T.);
#11508=EDGE_CURVE('',#469,#195,#11511,.T.);
#11509=LINE('',#194,#11512);
#11510=LINE('',#464,#11513);
#11511=LINE('',#468,#11514);
#11512=VECTOR('',#11515,1.0);
#11513=VECTOR('',#11516,1.0);
#11514=VECTOR('',#11517,1.0);
#11515=DIRECTION('',(-0.09170608989833252,0.04901843278563872,-0.9945788989933372));
#11516=DIRECTION('',(0.8819192393315626,-0.47140052534637483,0));
#11517=DIRECTION('',(0,0,1));
#11518=FACE_SURFACE('',(#11523),#11519,.T.);
#11519=PLANE('',#11520);
#11520=AXIS2_PLACEMENT_3D('',#192,#11521,#11522);
#11521=DIRECTION('',(-0.6343715774375094,-0.7730282671024689,0));
#11522=DIRECTION('',(-0.7730282671024689,0.6343715774375094,0));
#11523=FACE_BOUND('',#11524,.T.);
#11524=EDGE_LOOP('',(#11525,#11526,#11527));
#11525=ORIENTED_EDGE('',*,*,#11528,.T.);
#11526=ORIENTED_EDGE('',*,*,#11529,.T.);
#11527=ORIENTED_EDGE('',*,*,#11530,.T.);
#11528=EDGE_CURVE('',#193,#195,#11531,.F.);
#11529=EDGE_CURVE('',#195,#469,#11532,.T.);
#11530=EDGE_CURVE('',#469,#193,#11533,.T.);
#11531=LINE('',#192,#11534);
#11532=LINE('',#194,#11535);
#11533=LINE('',#468,#11536);
#11534=VECTOR('',#11537,1.0);
#11535=VECTOR('',#11538,1.0);
#11536=VECTOR('',#11539,1.0);
#11537=DIRECTION('',(-0.7730282671024689,0.6343715774375094,0));
#11538=DIRECTION('',(0,0,-1));
#11539=DIRECTION('',(0.08038086788817474,-0.06596309621270072,0.9945792004740386));
#11540=FACE_SURFACE('',(#11545),#11541,.T.);
#11541=PLANE('',#11542);
#11542=AXIS2_PLACEMENT_3D('',#192,#11543,#11544);
#11543=DIRECTION('',(-0.6343715774375094,-0.7730282671024689,-0));
#11544=DIRECTION('',(-0.08038086788817474,0.06596309621270072,-0.9945792004740386));
#11545=FACE_BOUND('',#11546,.T.);
#11546=EDGE_LOOP('',(#11547,#11548,#11549));
#11547=ORIENTED_EDGE('',*,*,#11550,.T.);
#11548=ORIENTED_EDGE('',*,*,#11551,.T.);
#11549=ORIENTED_EDGE('',*,*,#11552,.T.);
#11550=EDGE_CURVE('',#193,#469,#11553,.F.);
#11551=EDGE_CURVE('',#469,#473,#11554,.T.);
#11552=EDGE_CURVE('',#473,#193,#11555,.T.);
#11553=LINE('',#192,#11556);
#11554=LINE('',#468,#11557);
#11555=LINE('',#472,#11558);
#11556=VECTOR('',#11559,1.0);
#11557=VECTOR('',#11560,1.0);
#11558=VECTOR('',#11561,1.0);
#11559=DIRECTION('',(-0.08038086788817474,0.06596309621270072,-0.9945792004740386));
#11560=DIRECTION('',(0.7730282671024689,-0.6343715774375094,0));
#11561=DIRECTION('',(0,0,1));
#11562=FACE_SURFACE('',(#11567),#11563,.T.);
#11563=PLANE('',#11564);
#11564=AXIS2_PLACEMENT_3D('',#186,#11565,#11566);
#11565=DIRECTION('',(-0.7730049691985538,-0.6343999665781382,0));
#11566=DIRECTION('',(-0.6343999665781382,0.7730049691985538,0));
#11567=FACE_BOUND('',#11568,.T.);
#11568=EDGE_LOOP('',(#11569,#11570,#11571));
#11569=ORIENTED_EDGE('',*,*,#11572,.T.);
#11570=ORIENTED_EDGE('',*,*,#11573,.T.);
#11571=ORIENTED_EDGE('',*,*,#11574,.T.);
#11572=EDGE_CURVE('',#187,#193,#11575,.F.);
#11573=EDGE_CURVE('',#193,#473,#11576,.T.);
#11574=EDGE_CURVE('',#473,#187,#11577,.T.);
#11575=LINE('',#186,#11578);
#11576=LINE('',#192,#11579);
#11577=LINE('',#472,#11580);
#11578=VECTOR('',#11581,1.0);
#11579=VECTOR('',#11582,1.0);
#11580=VECTOR('',#11583,1.0);
#11581=DIRECTION('',(-0.6343999665781382,0.7730049691985538,0));
#11582=DIRECTION('',(0,0,-1));
#11583=DIRECTION('',(0.06596801484592284,-0.08038084169378894,0.9945788763621949));
#11584=FACE_SURFACE('',(#11589),#11585,.T.);
#11585=PLANE('',#11586);
#11586=AXIS2_PLACEMENT_3D('',#186,#11587,#11588);
#11587=DIRECTION('',(-0.7730049691985538,-0.6343999665781382,-0));
#11588=DIRECTION('',(-0.06596801484592284,0.08038084169378894,-0.9945788763621949));
#11589=FACE_BOUND('',#11590,.T.);
#11590=EDGE_LOOP('',(#11591,#11592,#11593));
#11591=ORIENTED_EDGE('',*,*,#11594,.T.);
#11592=ORIENTED_EDGE('',*,*,#11595,.T.);
#11593=ORIENTED_EDGE('',*,*,#11596,.T.);
#11594=EDGE_CURVE('',#187,#473,#11597,.F.);
#11595=EDGE_CURVE('',#473,#477,#11598,.T.);
#11596=EDGE_CURVE('',#477,#187,#11599,.T.);
#11597=LINE('',#186,#11600);
#11598=LINE('',#472,#11601);
#11599=LINE('',#476,#11602);
#11600=VECTOR('',#11603,1.0);
#11601=VECTOR('',#11604,1.0);
#11602=VECTOR('',#11605,1.0);
#11603=DIRECTION('',(-0.06596801484592284,0.08038084169378894,-0.9945788763621949));
#11604=DIRECTION('',(0.6343999665781382,-0.7730049691985538,0));
#11605=DIRECTION('',(0,0,1));
#11606=FACE_SURFACE('',(#11611),#11607,.T.);
#11607=PLANE('',#11608);
#11608=AXIS2_PLACEMENT_3D('',#184,#11609,#11610);
#11609=DIRECTION('',(-0.8819245177697024,-0.47139065005224473,0));
#11610=DIRECTION('',(-0.4713906500522448,0.8819245177697025,0));
#11611=FACE_BOUND('',#11612,.T.);
#11612=EDGE_LOOP('',(#11613,#11614,#11615));
#11613=ORIENTED_EDGE('',*,*,#11616,.T.);
#11614=ORIENTED_EDGE('',*,*,#11617,.T.);
#11615=ORIENTED_EDGE('',*,*,#11618,.T.);
#11616=EDGE_CURVE('',#185,#187,#11619,.F.);
#11617=EDGE_CURVE('',#187,#477,#11620,.T.);
#11618=EDGE_CURVE('',#477,#185,#11621,.T.);
#11619=LINE('',#184,#11622);
#11620=LINE('',#186,#11623);
#11621=LINE('',#476,#11624);
#11622=VECTOR('',#11625,1.0);
#11623=VECTOR('',#11626,1.0);
#11624=VECTOR('',#11627,1.0);
#11625=DIRECTION('',(-0.4713906500522448,0.8819245177697025,0));
#11626=DIRECTION('',(0,0,-1));
#11627=DIRECTION('',(0.049018421681839036,-0.0917085391888798,0.9945786736983974));
#11628=FACE_SURFACE('',(#11633),#11629,.T.);
#11629=PLANE('',#11630);
#11630=AXIS2_PLACEMENT_3D('',#184,#11631,#11632);
#11631=DIRECTION('',(-0.8819245177697024,-0.47139065005224473,-0));
#11632=DIRECTION('',(-0.049018421681839036,0.0917085391888798,-0.9945786736983974));
#11633=FACE_BOUND('',#11634,.T.);
#11634=EDGE_LOOP('',(#11635,#11636,#11637));
#11635=ORIENTED_EDGE('',*,*,#11638,.T.);
#11636=ORIENTED_EDGE('',*,*,#11639,.T.);
#11637=ORIENTED_EDGE('',*,*,#11640,.T.);
#11638=EDGE_CURVE('',#185,#477,#11641,.F.);
#11639=EDGE_CURVE('',#477,#481,#11642,.T.);
#11640=EDGE_CURVE('',#481,#185,#11643,.T.);
#11641=LINE('',#184,#11644);
#11642=LINE('',#476,#11645);
#11643=LINE('',#480,#11646);
#11644=VECTOR('',#11647,1.0);
#11645=VECTOR('',#11648,1.0);
#11646=VECTOR('',#11649,1.0);
#11647=DIRECTION('',(-0.049018421681839036,0.0917085391888798,-0.9945786736983974));
#11648=DIRECTION('',(0.4713906500522448,-0.8819245177697025,0));
#11649=DIRECTION('',(0,0,1));
#11650=FACE_SURFACE('',(#11655),#11651,.T.);
#11651=PLANE('',#11652);
#11652=AXIS2_PLACEMENT_3D('',#178,#11653,#11654);
#11653=DIRECTION('',(-0.9569371537872804,-0.2902951665141858,0));
#11654=DIRECTION('',(-0.2902951665141858,0.9569371537872804,0));
#11655=FACE_BOUND('',#11656,.T.);
#11656=EDGE_LOOP('',(#11657,#11658,#11659));
#11657=ORIENTED_EDGE('',*,*,#11660,.T.);
#11658=ORIENTED_EDGE('',*,*,#11661,.T.);
#11659=ORIENTED_EDGE('',*,*,#11662,.T.);
#11660=EDGE_CURVE('',#179,#185,#11663,.F.);
#11661=EDGE_CURVE('',#185,#481,#11664,.T.);
#11662=EDGE_CURVE('',#481,#179,#11665,.T.);
#11663=LINE('',#178,#11666);
#11664=LINE('',#184,#11667);
#11665=LINE('',#480,#11668);
#11666=VECTOR('',#11669,1.0);
#11667=VECTOR('',#11670,1.0);
#11668=VECTOR('',#11671,1.0);
#11669=DIRECTION('',(-0.2902951665141858,0.9569371537872804,0));
#11670=DIRECTION('',(0,0,-1));
#11671=DIRECTION('',(0.030185433856989418,-0.0995041133746542,0.9945791929275362));
#11672=FACE_SURFACE('',(#11677),#11673,.T.);
#11673=PLANE('',#11674);
#11674=AXIS2_PLACEMENT_3D('',#178,#11675,#11676);
#11675=DIRECTION('',(-0.9569371537872804,-0.2902951665141858,-0));
#11676=DIRECTION('',(-0.030185433856989418,0.0995041133746542,-0.9945791929275362));
#11677=FACE_BOUND('',#11678,.T.);
#11678=EDGE_LOOP('',(#11679,#11680,#11681));
#11679=ORIENTED_EDGE('',*,*,#11682,.T.);
#11680=ORIENTED_EDGE('',*,*,#11683,.T.);
#11681=ORIENTED_EDGE('',*,*,#11684,.T.);
#11682=EDGE_CURVE('',#179,#481,#11685,.F.);
#11683=EDGE_CURVE('',#481,#485,#11686,.T.);
#11684=EDGE_CURVE('',#485,#179,#11687,.T.);
#11685=LINE('',#178,#11688);
#11686=LINE('',#480,#11689);
#11687=LINE('',#484,#11690);
#11688=VECTOR('',#11691,1.0);
#11689=VECTOR('',#11692,1.0);
#11690=VECTOR('',#11693,1.0);
#11691=DIRECTION('',(-0.030185433856989418,0.0995041133746542,-0.9945791929275362));
#11692=DIRECTION('',(0.2902951665141858,-0.9569371537872804,0));
#11693=DIRECTION('',(0,0,1));
#11694=FACE_SURFACE('',(#11699),#11695,.T.);
#11695=PLANE('',#11696);
#11696=AXIS2_PLACEMENT_3D('',#86,#11697,#11698);
#11697=DIRECTION('',(-0.9951856438021754,-0.09800782810597135,0));
#11698=DIRECTION('',(-0.09800782810597135,0.9951856438021754,0));
#11699=FACE_BOUND('',#11700,.T.);
#11700=EDGE_LOOP('',(#11701,#11702,#11703));
#11701=ORIENTED_EDGE('',*,*,#11704,.T.);
#11702=ORIENTED_EDGE('',*,*,#11705,.T.);
#11703=ORIENTED_EDGE('',*,*,#11706,.T.);
#11704=EDGE_CURVE('',#87,#179,#11707,.F.);
#11705=EDGE_CURVE('',#179,#485,#11708,.T.);
#11706=EDGE_CURVE('',#485,#87,#11709,.T.);
#11707=LINE('',#86,#11710);
#11708=LINE('',#178,#11711);
#11709=LINE('',#484,#11712);
#11710=VECTOR('',#11713,1.0);
#11711=VECTOR('',#11714,1.0);
#11712=VECTOR('',#11715,1.0);
#11713=DIRECTION('',(-0.09800782810597135,0.9951856438021754,0));
#11714=DIRECTION('',(0,0,-1));
#11715=DIRECTION('',(0.010191484823505122,-0.10348580905612473,0.9945787153167372));
#11716=FACE_SURFACE('',(#11721),#11717,.T.);
#11717=PLANE('',#11718);
#11718=AXIS2_PLACEMENT_3D('',#86,#11719,#11720);
#11719=DIRECTION('',(-0.9951856438021754,-0.09800782810597135,-0));
#11720=DIRECTION('',(-0.010191484823505122,0.10348580905612473,-0.9945787153167372));
#11721=FACE_BOUND('',#11722,.T.);
#11722=EDGE_LOOP('',(#11723,#11724,#11725));
#11723=ORIENTED_EDGE('',*,*,#11726,.T.);
#11724=ORIENTED_EDGE('',*,*,#11727,.T.);
#11725=ORIENTED_EDGE('',*,*,#11728,.T.);
#11726=EDGE_CURVE('',#87,#485,#11729,.F.);
#11727=EDGE_CURVE('',#485,#405,#11730,.T.);
#11728=EDGE_CURVE('',#405,#87,#11731,.T.);
#11729=LINE('',#86,#11732);
#11730=LINE('',#484,#11733);
#11731=LINE('',#404,#11734);
#11732=VECTOR('',#11735,1.0);
#11733=VECTOR('',#11736,1.0);
#11734=VECTOR('',#11737,1.0);
#11735=DIRECTION('',(-0.010191484823505122,0.10348580905612473,-0.9945787153167372));
#11736=DIRECTION('',(0.09800782810597135,-0.9951856438021754,0));
#11737=DIRECTION('',(0,0,1));
#11738=FACE_SURFACE('',(#11743),#11739,.T.);
#11739=PLANE('',#11740);
#11740=AXIS2_PLACEMENT_3D('',#88,#11741,#11742);
#11741=DIRECTION('',(-0.995185871961211,0.09800551131851819,0));
#11742=DIRECTION('',(0.09800551131851819,0.9951858719612109,0));
#11743=FACE_BOUND('',#11744,.T.);
#11744=EDGE_LOOP('',(#11745,#11746,#11747));
#11745=ORIENTED_EDGE('',*,*,#11748,.T.);
#11746=ORIENTED_EDGE('',*,*,#11749,.T.);
#11747=ORIENTED_EDGE('',*,*,#11750,.T.);
#11748=EDGE_CURVE('',#89,#87,#11751,.F.);
#11749=EDGE_CURVE('',#87,#405,#11752,.T.);
#11750=EDGE_CURVE('',#405,#89,#11753,.T.);
#11751=LINE('',#88,#11754);
#11752=LINE('',#86,#11755);
#11753=LINE('',#404,#11756);
#11754=VECTOR('',#11757,1.0);
#11755=VECTOR('',#11758,1.0);
#11756=VECTOR('',#11759,1.0);
#11757=DIRECTION('',(0.09800551131851819,0.9951858719612109,0));
#11758=DIRECTION('',(0,0,-1));
#11759=DIRECTION('',(-0.010191482218362429,-0.10348825266668218,0.9945784610829805));
#11760=FACE_SURFACE('',(#11765),#11761,.T.);
#11761=PLANE('',#11762);
#11762=AXIS2_PLACEMENT_3D('',#88,#11763,#11764);
#11763=DIRECTION('',(-0.995185871961211,0.09800551131851819,0));
#11764=DIRECTION('',(0.010191482218362429,0.10348825266668218,-0.9945784610829805));
#11765=FACE_BOUND('',#11766,.T.);
#11766=EDGE_LOOP('',(#11767,#11768,#11769));
#11767=ORIENTED_EDGE('',*,*,#11770,.T.);
#11768=ORIENTED_EDGE('',*,*,#11771,.T.);
#11769=ORIENTED_EDGE('',*,*,#11772,.T.);
#11770=EDGE_CURVE('',#89,#405,#11773,.F.);
#11771=EDGE_CURVE('',#405,#403,#11774,.T.);
#11772=EDGE_CURVE('',#403,#89,#11775,.T.);
#11773=LINE('',#88,#11776);
#11774=LINE('',#404,#11777);
#11775=LINE('',#402,#11778);
#11776=VECTOR('',#11779,1.0);
#11777=VECTOR('',#11780,1.0);
#11778=VECTOR('',#11781,1.0);
#11779=DIRECTION('',(0.010191482218362429,0.10348825266668218,-0.9945784610829805));
#11780=DIRECTION('',(-0.09800551131851819,-0.9951858719612109,0));
#11781=DIRECTION('',(0,0,1));
#11782=FACE_SURFACE('',(#11787),#11783,.T.);
#11783=PLANE('',#11784);
#11784=AXIS2_PLACEMENT_3D('',#80,#11785,#11786);
#11785=DIRECTION('',(-0.95693515187406,0.2903017655953367,0));
#11786=DIRECTION('',(0.2903017655953367,0.9569351518740599,0));
#11787=FACE_BOUND('',#11788,.T.);
#11788=EDGE_LOOP('',(#11789,#11790,#11791));
#11789=ORIENTED_EDGE('',*,*,#11792,.T.);
#11790=ORIENTED_EDGE('',*,*,#11793,.T.);
#11791=ORIENTED_EDGE('',*,*,#11794,.T.);
#11792=EDGE_CURVE('',#81,#89,#11795,.F.);
#11793=EDGE_CURVE('',#89,#403,#11796,.T.);
#11794=EDGE_CURVE('',#403,#81,#11797,.T.);
#11795=LINE('',#80,#11798);
#11796=LINE('',#88,#11799);
#11797=LINE('',#402,#11800);
#11798=VECTOR('',#11801,1.0);
#11799=VECTOR('',#11802,1.0);
#11800=VECTOR('',#11803,1.0);
#11801=DIRECTION('',(0.2903017655953367,0.9569351518740599,0));
#11802=DIRECTION('',(0,0,-1));
#11803=DIRECTION('',(-0.03018544127592625,-0.09950166776466897,0.994579437373922));
#11804=FACE_SURFACE('',(#11809),#11805,.T.);
#11805=PLANE('',#11806);
#11806=AXIS2_PLACEMENT_3D('',#80,#11807,#11808);
#11807=DIRECTION('',(-0.95693515187406,0.2903017655953367,0));
#11808=DIRECTION('',(0.03018544127592625,0.09950166776466897,-0.994579437373922));
#11809=FACE_BOUND('',#11810,.T.);
#11810=EDGE_LOOP('',(#11811,#11812,#11813));
#11811=ORIENTED_EDGE('',*,*,#11814,.T.);
#11812=ORIENTED_EDGE('',*,*,#11815,.T.);
#11813=ORIENTED_EDGE('',*,*,#11816,.T.);
#11814=EDGE_CURVE('',#81,#403,#11817,.F.);
#11815=EDGE_CURVE('',#403,#399,#11818,.T.);
#11816=EDGE_CURVE('',#399,#81,#11819,.T.);
#11817=LINE('',#80,#11820);
#11818=LINE('',#402,#11821);
#11819=LINE('',#398,#11822);
#11820=VECTOR('',#11823,1.0);
#11821=VECTOR('',#11824,1.0);
#11822=VECTOR('',#11825,1.0);
#11823=DIRECTION('',(0.03018544127592625,0.09950166776466897,-0.994579437373922));
#11824=DIRECTION('',(-0.2903017655953367,-0.9569351518740599,0));
#11825=DIRECTION('',(0,0,1));
#11826=FACE_SURFACE('',(#11831),#11827,.T.);
#11827=PLANE('',#11828);
#11828=AXIS2_PLACEMENT_3D('',#76,#11829,#11830);
#11829=DIRECTION('',(-0.8819245177697024,0.47139065005224473,0));
#11830=DIRECTION('',(0.4713906500522448,0.8819245177697025,0));
#11831=FACE_BOUND('',#11832,.T.);
#11832=EDGE_LOOP('',(#11833,#11834,#11835));
#11833=ORIENTED_EDGE('',*,*,#11836,.T.);
#11834=ORIENTED_EDGE('',*,*,#11837,.T.);
#11835=ORIENTED_EDGE('',*,*,#11838,.T.);
#11836=EDGE_CURVE('',#77,#81,#11839,.F.);
#11837=EDGE_CURVE('',#81,#399,#11840,.T.);
#11838=EDGE_CURVE('',#399,#77,#11841,.T.);
#11839=LINE('',#76,#11842);
#11840=LINE('',#80,#11843);
#11841=LINE('',#398,#11844);
#11842=VECTOR('',#11845,1.0);
#11843=VECTOR('',#11846,1.0);
#11844=VECTOR('',#11847,1.0);
#11845=DIRECTION('',(0.4713906500522448,0.8819245177697025,0));
#11846=DIRECTION('',(0,0,-1));
#11847=DIRECTION('',(-0.049018421681839036,-0.0917085391888798,0.9945786736983974));
#11848=FACE_SURFACE('',(#11853),#11849,.T.);
#11849=PLANE('',#11850);
#11850=AXIS2_PLACEMENT_3D('',#76,#11851,#11852);
#11851=DIRECTION('',(-0.8819245177697024,0.47139065005224473,0));
#11852=DIRECTION('',(0.049018421681839036,0.0917085391888798,-0.9945786736983974));
#11853=FACE_BOUND('',#11854,.T.);
#11854=EDGE_LOOP('',(#11855,#11856,#11857));
#11855=ORIENTED_EDGE('',*,*,#11858,.T.);
#11856=ORIENTED_EDGE('',*,*,#11859,.T.);
#11857=ORIENTED_EDGE('',*,*,#11860,.T.);
#11858=EDGE_CURVE('',#77,#399,#11861,.F.);
#11859=EDGE_CURVE('',#399,#395,#11862,.T.);
#11860=EDGE_CURVE('',#395,#77,#11863,.T.);
#11861=LINE('',#76,#11864);
#11862=LINE('',#398,#11865);
#11863=LINE('',#394,#11866);
#11864=VECTOR('',#11867,1.0);
#11865=VECTOR('',#11868,1.0);
#11866=VECTOR('',#11869,1.0);
#11867=DIRECTION('',(0.049018421681839036,0.0917085391888798,-0.9945786736983974));
#11868=DIRECTION('',(-0.4713906500522448,-0.8819245177697025,0));
#11869=DIRECTION('',(0,0,1));
#11870=FACE_SURFACE('',(#11875),#11871,.T.);
#11871=PLANE('',#11872);
#11872=AXIS2_PLACEMENT_3D('',#72,#11873,#11874);
#11873=DIRECTION('',(-0.7730145290773501,0.6343883178584885,0));
#11874=DIRECTION('',(0.6343883178584885,0.7730145290773501,0));
#11875=FACE_BOUND('',#11876,.T.);
#11876=EDGE_LOOP('',(#11877,#11878,#11879));
#11877=ORIENTED_EDGE('',*,*,#11880,.T.);
#11878=ORIENTED_EDGE('',*,*,#11881,.T.);
#11879=ORIENTED_EDGE('',*,*,#11882,.T.);
#11880=EDGE_CURVE('',#73,#77,#11883,.F.);
#11881=EDGE_CURVE('',#77,#395,#11884,.T.);
#11882=EDGE_CURVE('',#395,#73,#11885,.T.);
#11883=LINE('',#72,#11886);
#11884=LINE('',#76,#11887);
#11885=LINE('',#394,#11888);
#11886=VECTOR('',#11889,1.0);
#11887=VECTOR('',#11890,1.0);
#11888=VECTOR('',#11891,1.0);
#11889=DIRECTION('',(0.6343883178584885,0.7730145290773501,0));
#11890=DIRECTION('',(0,0,-1));
#11891=DIRECTION('',(-0.06596800174804858,-0.08038329579835793,0.9945786788896911));
#11892=FACE_SURFACE('',(#11897),#11893,.T.);
#11893=PLANE('',#11894);
#11894=AXIS2_PLACEMENT_3D('',#72,#11895,#11896);
#11895=DIRECTION('',(-0.7730145290773501,0.6343883178584885,0));
#11896=DIRECTION('',(0.06596800174804858,0.08038329579835793,-0.9945786788896911));
#11897=FACE_BOUND('',#11898,.T.);
#11898=EDGE_LOOP('',(#11899,#11900,#11901));
#11899=ORIENTED_EDGE('',*,*,#11902,.T.);
#11900=ORIENTED_EDGE('',*,*,#11903,.T.);
#11901=ORIENTED_EDGE('',*,*,#11904,.T.);
#11902=EDGE_CURVE('',#73,#395,#11905,.F.);
#11903=EDGE_CURVE('',#395,#391,#11906,.T.);
#11904=EDGE_CURVE('',#391,#73,#11907,.T.);
#11905=LINE('',#72,#11908);
#11906=LINE('',#394,#11909);
#11907=LINE('',#390,#11910);
#11908=VECTOR('',#11911,1.0);
#11909=VECTOR('',#11912,1.0);
#11910=VECTOR('',#11913,1.0);
#11911=DIRECTION('',(0.06596800174804858,0.08038329579835793,-0.9945786788896911));
#11912=DIRECTION('',(-0.6343883178584885,-0.7730145290773501,0));
#11913=DIRECTION('',(0,0,1));
#11914=FACE_SURFACE('',(#11919),#11915,.T.);
#11915=PLANE('',#11916);
#11916=AXIS2_PLACEMENT_3D('',#72,#11917,#11918);
#11917=DIRECTION('',(-0.6343999665781382,0.7730049691985538,0));
#11918=DIRECTION('',(0,0,-1));
#11919=FACE_BOUND('',#11920,.T.);
#11920=EDGE_LOOP('',(#11921,#11922,#11923));
#11921=ORIENTED_EDGE('',*,*,#11924,.T.);
#11922=ORIENTED_EDGE('',*,*,#11925,.T.);
#11923=ORIENTED_EDGE('',*,*,#11926,.T.);
#11924=EDGE_CURVE('',#73,#391,#11927,.F.);
#11925=EDGE_CURVE('',#391,#389,#11928,.T.);
#11926=EDGE_CURVE('',#389,#73,#11929,.T.);
#11927=LINE('',#72,#11930);
#11928=LINE('',#390,#11931);
#11929=LINE('',#388,#11932);
#11930=VECTOR('',#11933,1.0);
#11931=VECTOR('',#11934,1.0);
#11932=VECTOR('',#11935,1.0);
#11933=DIRECTION('',(0,0,-1));
#11934=DIRECTION('',(-0.7730049691985538,-0.6343999665781382,0));
#11935=DIRECTION('',(0.08038084169378894,0.06596801484592284,0.9945788763621949));
#11936=FACE_SURFACE('',(#11941),#11937,.T.);
#11937=PLANE('',#11938);
#11938=AXIS2_PLACEMENT_3D('',#72,#11939,#11940);
#11939=DIRECTION('',(-0.6343999665781382,0.7730049691985538,0));
#11940=DIRECTION('',(-0.08038084169378894,-0.06596801484592284,-0.9945788763621949));
#11941=FACE_BOUND('',#11942,.T.);
#11942=EDGE_LOOP('',(#11943,#11944,#11945));
#11943=ORIENTED_EDGE('',*,*,#11946,.T.);
#11944=ORIENTED_EDGE('',*,*,#11947,.T.);
#11945=ORIENTED_EDGE('',*,*,#11948,.T.);
#11946=EDGE_CURVE('',#73,#389,#11949,.F.);
#11947=EDGE_CURVE('',#389,#69,#11950,.T.);
#11948=EDGE_CURVE('',#69,#73,#11951,.T.);
#11949=LINE('',#72,#11952);
#11950=LINE('',#388,#11953);
#11951=LINE('',#68,#11954);
#11952=VECTOR('',#11955,1.0);
#11953=VECTOR('',#11956,1.0);
#11954=VECTOR('',#11957,1.0);
#11955=DIRECTION('',(-0.08038084169378894,-0.06596801484592284,-0.9945788763621949));
#11956=DIRECTION('',(0,0,1));
#11957=DIRECTION('',(0.7730049691985538,0.6343999665781382,0));
#11958=FACE_SURFACE('',(#11963),#11959,.T.);
#11959=PLANE('',#11960);
#11960=AXIS2_PLACEMENT_3D('',#68,#11961,#11962);
#11961=DIRECTION('',(-0.4714005253463748,0.8819192393315625,0));
#11962=DIRECTION('',(0,0,-1));
#11963=FACE_BOUND('',#11964,.T.);
#11964=EDGE_LOOP('',(#11965,#11966,#11967));
#11965=ORIENTED_EDGE('',*,*,#11968,.T.);
#11966=ORIENTED_EDGE('',*,*,#11969,.T.);
#11967=ORIENTED_EDGE('',*,*,#11970,.T.);
#11968=EDGE_CURVE('',#69,#389,#11971,.F.);
#11969=EDGE_CURVE('',#389,#387,#11972,.T.);
#11970=EDGE_CURVE('',#387,#69,#11973,.T.);
#11971=LINE('',#68,#11974);
#11972=LINE('',#388,#11975);
#11973=LINE('',#386,#11976);
#11974=VECTOR('',#11977,1.0);
#11975=VECTOR('',#11978,1.0);
#11976=VECTOR('',#11979,1.0);
#11977=DIRECTION('',(0,0,-1));
#11978=DIRECTION('',(-0.8819192393315626,-0.47140052534637483,0));
#11979=DIRECTION('',(0.09170608989833252,0.04901843278563872,0.9945788989933372));
#11980=FACE_SURFACE('',(#11985),#11981,.T.);
#11981=PLANE('',#11982);
#11982=AXIS2_PLACEMENT_3D('',#68,#11983,#11984);
#11983=DIRECTION('',(-0.4714005253463748,0.8819192393315625,0));
#11984=DIRECTION('',(-0.09170608989833252,-0.04901843278563872,-0.9945788989933372));
#11985=FACE_BOUND('',#11986,.T.);
#11986=EDGE_LOOP('',(#11987,#11988,#11989));
#11987=ORIENTED_EDGE('',*,*,#11990,.T.);
#11988=ORIENTED_EDGE('',*,*,#11991,.T.);
#11989=ORIENTED_EDGE('',*,*,#11992,.T.);
#11990=EDGE_CURVE('',#69,#387,#11993,.F.);
#11991=EDGE_CURVE('',#387,#63,#11994,.T.);
#11992=EDGE_CURVE('',#63,#69,#11995,.T.);
#11993=LINE('',#68,#11996);
#11994=LINE('',#386,#11997);
#11995=LINE('',#62,#11998);
#11996=VECTOR('',#11999,1.0);
#11997=VECTOR('',#12000,1.0);
#11998=VECTOR('',#12001,1.0);
#11999=DIRECTION('',(-0.09170608989833252,-0.04901843278563872,-0.9945788989933372));
#12000=DIRECTION('',(0,0,1));
#12001=DIRECTION('',(0.8819192393315626,0.47140052534637483,0));
#12002=FACE_SURFACE('',(#12007),#12003,.T.);
#12003=PLANE('',#12004);
#12004=AXIS2_PLACEMENT_3D('',#62,#12005,#12006);
#12005=DIRECTION('',(-0.2902928452132903,0.95693785797092,0));
#12006=DIRECTION('',(0,0,-1));
#12007=FACE_BOUND('',#12008,.T.);
#12008=EDGE_LOOP('',(#12009,#12010,#12011));
#12009=ORIENTED_EDGE('',*,*,#12012,.T.);
#12010=ORIENTED_EDGE('',*,*,#12013,.T.);
#12011=ORIENTED_EDGE('',*,*,#12014,.T.);
#12012=EDGE_CURVE('',#63,#387,#12015,.F.);
#12013=EDGE_CURVE('',#387,#381,#12016,.T.);
#12014=EDGE_CURVE('',#381,#63,#12017,.T.);
#12015=LINE('',#62,#12018);
#12016=LINE('',#386,#12019);
#12017=LINE('',#380,#12020);
#12018=VECTOR('',#12021,1.0);
#12019=VECTOR('',#12022,1.0);
#12020=VECTOR('',#12023,1.0);
#12021=DIRECTION('',(0,0,-1));
#12022=DIRECTION('',(-0.95693785797092,-0.2902928452132903,0));
#12023=DIRECTION('',(0.09950900087944739,0.03018665292527743,0.9945786669384895));
#12024=FACE_SURFACE('',(#12029),#12025,.T.);
#12025=PLANE('',#12026);
#12026=AXIS2_PLACEMENT_3D('',#62,#12027,#12028);
#12027=DIRECTION('',(-0.2902928452132903,0.95693785797092,0));
#12028=DIRECTION('',(-0.09950900087944739,-0.03018665292527743,-0.9945786669384895));
#12029=FACE_BOUND('',#12030,.T.);
#12030=EDGE_LOOP('',(#12031,#12032,#12033));
#12031=ORIENTED_EDGE('',*,*,#12034,.T.);
#12032=ORIENTED_EDGE('',*,*,#12035,.T.);
#12033=ORIENTED_EDGE('',*,*,#12036,.T.);
#12034=EDGE_CURVE('',#63,#381,#12037,.F.);
#12035=EDGE_CURVE('',#381,#61,#12038,.T.);
#12036=EDGE_CURVE('',#61,#63,#12039,.T.);
#12037=LINE('',#62,#12040);
#12038=LINE('',#380,#12041);
#12039=LINE('',#60,#12042);
#12040=VECTOR('',#12043,1.0);
#12041=VECTOR('',#12044,1.0);
#12042=VECTOR('',#12045,1.0);
#12043=DIRECTION('',(-0.09950900087944739,-0.03018665292527743,-0.9945786669384895));
#12044=DIRECTION('',(0,0,1));
#12045=DIRECTION('',(0.95693785797092,0.2902928452132903,0));
#12046=FACE_SURFACE('',(#12051),#12047,.T.);
#12047=PLANE('',#12048);
#12048=AXIS2_PLACEMENT_3D('',#60,#12049,#12050);
#12049=DIRECTION('',(-0.09796309248738254,0.9951900484381405,0));
#12050=DIRECTION('',(0,0,-1));
#12051=FACE_BOUND('',#12052,.T.);
#12052=EDGE_LOOP('',(#12053,#12054,#12055));
#12053=ORIENTED_EDGE('',*,*,#12056,.T.);
#12054=ORIENTED_EDGE('',*,*,#12057,.T.);
#12055=ORIENTED_EDGE('',*,*,#12058,.T.);
#12056=EDGE_CURVE('',#61,#381,#12059,.F.);
#12057=EDGE_CURVE('',#381,#375,#12060,.T.);
#12058=EDGE_CURVE('',#375,#61,#12061,.T.);
#12059=LINE('',#60,#12062);
#12060=LINE('',#380,#12063);
#12061=LINE('',#374,#12064);
#12062=VECTOR('',#12065,1.0);
#12063=VECTOR('',#12066,1.0);
#12064=VECTOR('',#12067,1.0);
#12065=DIRECTION('',(0,0,-1));
#12066=DIRECTION('',(-0.9951900484381406,-0.09796309248738255,0));
#12067=DIRECTION('',(0.10348337065253589,0.010186547811697292,0.9945790196068234));
#12068=FACE_SURFACE('',(#12073),#12069,.T.);
#12069=PLANE('',#12070);
#12070=AXIS2_PLACEMENT_3D('',#60,#12071,#12072);
#12071=DIRECTION('',(-0.09796309248738254,0.9951900484381405,0));
#12072=DIRECTION('',(-0.10348337065253589,-0.010186547811697292,-0.9945790196068234));
#12073=FACE_BOUND('',#12074,.T.);
#12074=EDGE_LOOP('',(#12075,#12076,#12077));
#12075=ORIENTED_EDGE('',*,*,#12078,.T.);
#12076=ORIENTED_EDGE('',*,*,#12079,.T.);
#12077=ORIENTED_EDGE('',*,*,#12080,.T.);
#12078=EDGE_CURVE('',#61,#375,#12081,.F.);
#12079=EDGE_CURVE('',#375,#57,#12082,.T.);
#12080=EDGE_CURVE('',#57,#61,#12083,.T.);
#12081=LINE('',#60,#12084);
#12082=LINE('',#374,#12085);
#12083=LINE('',#56,#12086);
#12084=VECTOR('',#12087,1.0);
#12085=VECTOR('',#12088,1.0);
#12086=VECTOR('',#12089,1.0);
#12087=DIRECTION('',(-0.10348337065253589,-0.010186547811697292,-0.9945790196068234));
#12088=DIRECTION('',(0,0,1));
#12089=DIRECTION('',(0.9951900484381406,0.09796309248738255,0));
#12090=FACE_SURFACE('',(#12095),#12091,.T.);
#12091=PLANE('',#12092);
#12092=AXIS2_PLACEMENT_3D('',#56,#12093,#12094);
#12093=DIRECTION('',(0.09796077668165401,0.9951902763953872,0));
#12094=DIRECTION('',(0,0,-1));
#12095=FACE_BOUND('',#12096,.T.);
#12096=EDGE_LOOP('',(#12097,#12098,#12099));
#12097=ORIENTED_EDGE('',*,*,#12100,.T.);
#12098=ORIENTED_EDGE('',*,*,#12101,.T.);
#12099=ORIENTED_EDGE('',*,*,#12102,.T.);
#12100=EDGE_CURVE('',#57,#375,#12103,.F.);
#12101=EDGE_CURVE('',#375,#373,#12104,.T.);
#12102=EDGE_CURVE('',#373,#57,#12105,.T.);
#12103=LINE('',#56,#12106);
#12104=LINE('',#374,#12107);
#12105=LINE('',#372,#12108);
#12106=VECTOR('',#12109,1.0);
#12107=VECTOR('',#12110,1.0);
#12108=VECTOR('',#12111,1.0);
#12109=DIRECTION('',(0,0,-1));
#12110=DIRECTION('',(-0.9951902763953872,0.09796077668165401,0));
#12111=DIRECTION('',(0.10348581426508756,-0.010186545207877151,0.9945787653789014));
#12112=FACE_SURFACE('',(#12117),#12113,.T.);
#12113=PLANE('',#12114);
#12114=AXIS2_PLACEMENT_3D('',#56,#12115,#12116);
#12115=DIRECTION('',(0.09796077668165401,0.9951902763953872,0));
#12116=DIRECTION('',(-0.10348581426508756,0.010186545207877151,-0.9945787653789014));
#12117=FACE_BOUND('',#12118,.T.);
#12118=EDGE_LOOP('',(#12119,#12120,#12121));
#12119=ORIENTED_EDGE('',*,*,#12122,.T.);
#12120=ORIENTED_EDGE('',*,*,#12123,.T.);
#12121=ORIENTED_EDGE('',*,*,#12124,.T.);
#12122=EDGE_CURVE('',#57,#373,#12125,.F.);
#12123=EDGE_CURVE('',#373,#55,#12126,.T.);
#12124=EDGE_CURVE('',#55,#57,#12127,.T.);
#12125=LINE('',#56,#12128);
#12126=LINE('',#372,#12129);
#12127=LINE('',#54,#12130);
#12128=VECTOR('',#12131,1.0);
#12129=VECTOR('',#12132,1.0);
#12130=VECTOR('',#12133,1.0);
#12131=DIRECTION('',(-0.10348581426508756,0.010186545207877151,-0.9945787653789014));
#12132=DIRECTION('',(0,0,1));
#12133=DIRECTION('',(0.9951902763953872,-0.09796077668165401,0));
#12134=FACE_SURFACE('',(#12139),#12135,.T.);
#12135=PLANE('',#12136);
#12136=AXIS2_PLACEMENT_3D('',#54,#12137,#12138);
#12137=DIRECTION('',(0.2903027433863298,0.9569348552447919,0));
#12138=DIRECTION('',(0,0,-1));
#12139=FACE_BOUND('',#12140,.T.);
#12140=EDGE_LOOP('',(#12141,#12142,#12143));
#12141=ORIENTED_EDGE('',*,*,#12144,.T.);
#12142=ORIENTED_EDGE('',*,*,#12145,.T.);
#12143=ORIENTED_EDGE('',*,*,#12146,.T.);
#12144=EDGE_CURVE('',#55,#373,#12147,.F.);
#12145=EDGE_CURVE('',#373,#367,#12148,.T.);
#12146=EDGE_CURVE('',#367,#55,#12149,.T.);
#12147=LINE('',#54,#12150);
#12148=LINE('',#372,#12151);
#12149=LINE('',#366,#12152);
#12150=VECTOR('',#12153,1.0);
#12151=VECTOR('',#12154,1.0);
#12152=VECTOR('',#12155,1.0);
#12153=DIRECTION('',(0,0,-1));
#12154=DIRECTION('',(-0.9569348552447919,0.2903027433863298,0));
#12155=DIRECTION('',(0.09950533246933717,-0.030186664054605853,0.9945790336234829));
#12156=FACE_SURFACE('',(#12161),#12157,.T.);
#12157=PLANE('',#12158);
#12158=AXIS2_PLACEMENT_3D('',#54,#12159,#12160);
#12159=DIRECTION('',(0.2903027433863298,0.9569348552447919,0));
#12160=DIRECTION('',(-0.09950533246933717,0.030186664054605853,-0.9945790336234829));
#12161=FACE_BOUND('',#12162,.T.);
#12162=EDGE_LOOP('',(#12163,#12164,#12165));
#12163=ORIENTED_EDGE('',*,*,#12166,.T.);
#12164=ORIENTED_EDGE('',*,*,#12167,.T.);
#12165=ORIENTED_EDGE('',*,*,#12168,.T.);
#12166=EDGE_CURVE('',#55,#367,#12169,.F.);
#12167=EDGE_CURVE('',#367,#49,#12170,.T.);
#12168=EDGE_CURVE('',#49,#55,#12171,.T.);
#12169=LINE('',#54,#12172);
#12170=LINE('',#366,#12173);
#12171=LINE('',#48,#12174);
#12172=VECTOR('',#12175,1.0);
#12173=VECTOR('',#12176,1.0);
#12174=VECTOR('',#12177,1.0);
#12175=DIRECTION('',(-0.09950533246933717,0.030186664054605853,-0.9945790336234829));
#12176=DIRECTION('',(0,0,1));
#12177=DIRECTION('',(0.9569348552447919,-0.2903027433863298,0));
#12178=FACE_SURFACE('',(#12183),#12179,.T.);
#12179=PLANE('',#12180);
#12180=AXIS2_PLACEMENT_3D('',#48,#12181,#12182);
#12181=DIRECTION('',(0.4714054631264359,0.8819165999880888,0));
#12182=DIRECTION('',(0,0,-1));
#12183=FACE_BOUND('',#12184,.T.);
#12184=EDGE_LOOP('',(#12185,#12186,#12187));
#12185=ORIENTED_EDGE('',*,*,#12188,.T.);
#12186=ORIENTED_EDGE('',*,*,#12189,.T.);
#12187=ORIENTED_EDGE('',*,*,#12190,.T.);
#12188=EDGE_CURVE('',#49,#367,#12191,.F.);
#12189=EDGE_CURVE('',#367,#365,#12192,.T.);
#12190=EDGE_CURVE('',#365,#49,#12193,.T.);
#12191=LINE('',#48,#12194);
#12192=LINE('',#366,#12195);
#12193=LINE('',#364,#12196);
#12194=VECTOR('',#12197,1.0);
#12195=VECTOR('',#12198,1.0);
#12196=VECTOR('',#12199,1.0);
#12197=DIRECTION('',(0,0,-1));
#12198=DIRECTION('',(-0.8819165999880887,0.47140546312643583,0));
#12199=DIRECTION('',(0.09170486525243471,-0.04901843833742924,0.994579011638589));
#12200=FACE_SURFACE('',(#12205),#12201,.T.);
#12201=PLANE('',#12202);
#12202=AXIS2_PLACEMENT_3D('',#48,#12203,#12204);
#12203=DIRECTION('',(0.4714054631264359,0.8819165999880888,0));
#12204=DIRECTION('',(-0.09170486525243471,0.04901843833742924,-0.994579011638589));
#12205=FACE_BOUND('',#12206,.T.);
#12206=EDGE_LOOP('',(#12207,#12208,#12209));
#12207=ORIENTED_EDGE('',*,*,#12210,.T.);
#12208=ORIENTED_EDGE('',*,*,#12211,.T.);
#12209=ORIENTED_EDGE('',*,*,#12212,.T.);
#12210=EDGE_CURVE('',#49,#365,#12213,.F.);
#12211=EDGE_CURVE('',#365,#43,#12214,.T.);
#12212=EDGE_CURVE('',#43,#49,#12215,.T.);
#12213=LINE('',#48,#12216);
#12214=LINE('',#364,#12217);
#12215=LINE('',#42,#12218);
#12216=VECTOR('',#12219,1.0);
#12217=VECTOR('',#12220,1.0);
#12218=VECTOR('',#12221,1.0);
#12219=DIRECTION('',(-0.09170486525243471,0.04901843833742924,-0.994579011638589));
#12220=DIRECTION('',(0,0,1));
#12221=DIRECTION('',(0.8819165999880887,-0.47140546312643583,0));
#12222=FACE_SURFACE('',(#12227),#12223,.T.);
#12223=PLANE('',#12224);
#12224=AXIS2_PLACEMENT_3D('',#42,#12225,#12226);
#12225=DIRECTION('',(0.6343941421828476,0.7730097492037787,0));
#12226=DIRECTION('',(0,0,-1));
#12227=FACE_BOUND('',#12228,.T.);
#12228=EDGE_LOOP('',(#12229,#12230,#12231));
#12229=ORIENTED_EDGE('',*,*,#12232,.T.);
#12230=ORIENTED_EDGE('',*,*,#12233,.T.);
#12231=ORIENTED_EDGE('',*,*,#12234,.T.);
#12232=EDGE_CURVE('',#43,#365,#12235,.F.);
#12233=EDGE_CURVE('',#365,#363,#12236,.T.);
#12234=EDGE_CURVE('',#363,#43,#12237,.T.);
#12235=LINE('',#42,#12238);
#12236=LINE('',#364,#12239);
#12237=LINE('',#362,#12240);
#12238=VECTOR('',#12241,1.0);
#12239=VECTOR('',#12242,1.0);
#12240=VECTOR('',#12243,1.0);
#12241=DIRECTION('',(0,0,-1));
#12242=DIRECTION('',(-0.7730097492037787,0.6343941421828476,0));
#12243=DIRECTION('',(0.08038206874625616,-0.06596800829703506,0.9945787776266868));
#12244=FACE_SURFACE('',(#12249),#12245,.T.);
#12245=PLANE('',#12246);
#12246=AXIS2_PLACEMENT_3D('',#42,#12247,#12248);
#12247=DIRECTION('',(0.6343941421828476,0.7730097492037787,0));
#12248=DIRECTION('',(-0.08038206874625616,0.06596800829703506,-0.9945787776266868));
#12249=FACE_BOUND('',#12250,.T.);
#12250=EDGE_LOOP('',(#12251,#12252,#12253));
#12251=ORIENTED_EDGE('',*,*,#12254,.T.);
#12252=ORIENTED_EDGE('',*,*,#12255,.T.);
#12253=ORIENTED_EDGE('',*,*,#12256,.T.);
#12254=EDGE_CURVE('',#43,#363,#12257,.F.);
#12255=EDGE_CURVE('',#363,#45,#12258,.T.);
#12256=EDGE_CURVE('',#45,#43,#12259,.T.);
#12257=LINE('',#42,#12260);
#12258=LINE('',#362,#12261);
#12259=LINE('',#44,#12262);
#12260=VECTOR('',#12263,1.0);
#12261=VECTOR('',#12264,1.0);
#12262=VECTOR('',#12265,1.0);
#12263=DIRECTION('',(-0.08038206874625616,0.06596800829703506,-0.9945787776266868));
#12264=DIRECTION('',(0,0,1));
#12265=DIRECTION('',(0.7730097492037787,-0.6343941421828476,0));
#12266=FACE_SURFACE('',(#12271),#12267,.T.);
#12267=PLANE('',#12268);
#12268=AXIS2_PLACEMENT_3D('',#410,#12269,#12270);
#12269=DIRECTION('',(0.7730203533775477,0.6343812207687514,-0));
#12270=DIRECTION('',(0,0,1));
#12271=FACE_BOUND('',#12272,.T.);
#12272=EDGE_LOOP('',(#12273,#12274,#12275));
#12273=ORIENTED_EDGE('',*,*,#12276,.T.);
#12274=ORIENTED_EDGE('',*,*,#12277,.T.);
#12275=ORIENTED_EDGE('',*,*,#12278,.T.);
#12276=EDGE_CURVE('',#411,#239,#12279,.F.);
#12277=EDGE_CURVE('',#239,#45,#12280,.T.);
#12278=EDGE_CURVE('',#45,#411,#12281,.T.);
#12279=LINE('',#410,#12282);
#12280=LINE('',#238,#12283);
#12281=LINE('',#44,#12284);
#12282=VECTOR('',#12285,1.0);
#12283=VECTOR('',#12286,1.0);
#12284=VECTOR('',#12287,1.0);
#12285=DIRECTION('',(0,0,1));
#12286=DIRECTION('',(0.6343812207687514,-0.7730203533775477,0));
#12287=DIRECTION('',(-0.06596677209043587,0.08038330234733321,-0.9945787599198495));
#12288=FACE_SURFACE('',(#12293),#12289,.T.);
#12289=PLANE('',#12290);
#12290=AXIS2_PLACEMENT_3D('',#410,#12291,#12292);
#12291=DIRECTION('',(0.7730203533775477,0.6343812207687514,0));
#12292=DIRECTION('',(0.06596677209043587,-0.08038330234733321,0.9945787599198495));
#12293=FACE_BOUND('',#12294,.T.);
#12294=EDGE_LOOP('',(#12295,#12296,#12297));
#12295=ORIENTED_EDGE('',*,*,#12298,.T.);
#12296=ORIENTED_EDGE('',*,*,#12299,.T.);
#12297=ORIENTED_EDGE('',*,*,#12300,.T.);
#12298=EDGE_CURVE('',#411,#45,#12301,.F.);
#12299=EDGE_CURVE('',#45,#363,#12302,.T.);
#12300=EDGE_CURVE('',#363,#411,#12303,.T.);
#12301=LINE('',#410,#12304);
#12302=LINE('',#44,#12305);
#12303=LINE('',#362,#12306);
#12304=VECTOR('',#12307,1.0);
#12305=VECTOR('',#12308,1.0);
#12306=VECTOR('',#12309,1.0);
#12307=DIRECTION('',(0.06596677209043587,-0.08038330234733321,0.9945787599198495));
#12308=DIRECTION('',(0,0,-1));
#12309=DIRECTION('',(-0.6343812207687514,0.7730203533775477,0));
#12310=FACE_SURFACE('',(#12315),#12311,.T.);
#12311=PLANE('',#12312);
#12312=AXIS2_PLACEMENT_3D('',#416,#12313,#12314);
#12313=DIRECTION('',(0.8819195801905639,0.471399887650071,-0));
#12314=DIRECTION('',(0,0,1));
#12315=FACE_BOUND('',#12316,.T.);
#12316=EDGE_LOOP('',(#12317,#12318,#12319));
#12317=ORIENTED_EDGE('',*,*,#12320,.T.);
#12318=ORIENTED_EDGE('',*,*,#12321,.T.);
#12319=ORIENTED_EDGE('',*,*,#12322,.T.);
#12320=EDGE_CURVE('',#417,#249,#12323,.F.);
#12321=EDGE_CURVE('',#249,#239,#12324,.T.);
#12322=EDGE_CURVE('',#239,#417,#12325,.T.);
#12323=LINE('',#416,#12326);
#12324=LINE('',#248,#12327);
#12325=LINE('',#238,#12328);
#12326=VECTOR('',#12329,1.0);
#12327=VECTOR('',#12330,1.0);
#12328=VECTOR('',#12331,1.0);
#12329=DIRECTION('',(0,0,1));
#12330=DIRECTION('',(0.471399887650071,-0.8819195801905639,0));
#12331=DIRECTION('',(-0.04901965374622553,0.09170853363683765,-0.9945786134865263));
#12332=FACE_SURFACE('',(#12337),#12333,.T.);
#12333=PLANE('',#12334);
#12334=AXIS2_PLACEMENT_3D('',#416,#12335,#12336);
#12335=DIRECTION('',(0.8819195801905639,0.471399887650071,0));
#12336=DIRECTION('',(0.04901965374622553,-0.09170853363683765,0.9945786134865263));
#12337=FACE_BOUND('',#12338,.T.);
#12338=EDGE_LOOP('',(#12339,#12340,#12341));
#12339=ORIENTED_EDGE('',*,*,#12342,.T.);
#12340=ORIENTED_EDGE('',*,*,#12343,.T.);
#12341=ORIENTED_EDGE('',*,*,#12344,.T.);
#12342=EDGE_CURVE('',#417,#239,#12345,.F.);
#12343=EDGE_CURVE('',#239,#411,#12346,.T.);
#12344=EDGE_CURVE('',#411,#417,#12347,.T.);
#12345=LINE('',#416,#12348);
#12346=LINE('',#238,#12349);
#12347=LINE('',#410,#12350);
#12348=VECTOR('',#12351,1.0);
#12349=VECTOR('',#12352,1.0);
#12350=VECTOR('',#12353,1.0);
#12351=DIRECTION('',(0.04901965374622553,-0.09170853363683765,0.9945786134865263));
#12352=DIRECTION('',(0,0,-1));
#12353=DIRECTION('',(-0.471399887650071,0.8819195801905639,0));
#12354=FACE_SURFACE('',(#12359),#12355,.T.);
#12355=PLANE('',#12356);
#12356=AXIS2_PLACEMENT_3D('',#418,#12357,#12358);
#12357=DIRECTION('',(0.95693515187406,0.2903017655953367,-0));
#12358=DIRECTION('',(0,0,1));
#12359=FACE_BOUND('',#12360,.T.);
#12360=EDGE_LOOP('',(#12361,#12362,#12363));
#12361=ORIENTED_EDGE('',*,*,#12364,.T.);
#12362=ORIENTED_EDGE('',*,*,#12365,.T.);
#12363=ORIENTED_EDGE('',*,*,#12366,.T.);
#12364=EDGE_CURVE('',#419,#251,#12367,.F.);
#12365=EDGE_CURVE('',#251,#249,#12368,.T.);
#12366=EDGE_CURVE('',#249,#419,#12369,.T.);
#12367=LINE('',#418,#12370);
#12368=LINE('',#250,#12371);
#12369=LINE('',#248,#12372);
#12370=VECTOR('',#12373,1.0);
#12371=VECTOR('',#12374,1.0);
#12372=VECTOR('',#12375,1.0);
#12373=DIRECTION('',(0,0,1));
#12374=DIRECTION('',(0.2903017655953367,-0.9569351518740599,0));
#12375=DIRECTION('',(-0.03018544127592625,0.09950166776466897,-0.994579437373922));
#12376=FACE_SURFACE('',(#12381),#12377,.T.);
#12377=PLANE('',#12378);
#12378=AXIS2_PLACEMENT_3D('',#418,#12379,#12380);
#12379=DIRECTION('',(0.95693515187406,0.2903017655953367,0));
#12380=DIRECTION('',(0.03018544127592625,-0.09950166776466897,0.994579437373922));
#12381=FACE_BOUND('',#12382,.T.);
#12382=EDGE_LOOP('',(#12383,#12384,#12385));
#12383=ORIENTED_EDGE('',*,*,#12386,.T.);
#12384=ORIENTED_EDGE('',*,*,#12387,.T.);
#12385=ORIENTED_EDGE('',*,*,#12388,.T.);
#12386=EDGE_CURVE('',#419,#249,#12389,.F.);
#12387=EDGE_CURVE('',#249,#417,#12390,.T.);
#12388=EDGE_CURVE('',#417,#419,#12391,.T.);
#12389=LINE('',#418,#12392);
#12390=LINE('',#248,#12393);
#12391=LINE('',#416,#12394);
#12392=VECTOR('',#12395,1.0);
#12393=VECTOR('',#12396,1.0);
#12394=VECTOR('',#12397,1.0);
#12395=DIRECTION('',(0.03018544127592625,-0.09950166776466897,0.994579437373922));
#12396=DIRECTION('',(0,0,-1));
#12397=DIRECTION('',(-0.2903017655953367,0.9569351518740599,0));
#12398=FACE_SURFACE('',(#12403),#12399,.T.);
#12399=PLANE('',#12400);
#12400=AXIS2_PLACEMENT_3D('',#424,#12401,#12402);
#12401=DIRECTION('',(0.995185871961211,0.09800551131851819,-0));
#12402=DIRECTION('',(0,0,1));
#12403=FACE_BOUND('',#12404,.T.);
#12404=EDGE_LOOP('',(#12405,#12406,#12407));
#12405=ORIENTED_EDGE('',*,*,#12408,.T.);
#12406=ORIENTED_EDGE('',*,*,#12409,.T.);
#12407=ORIENTED_EDGE('',*,*,#12410,.T.);
#12408=EDGE_CURVE('',#425,#237,#12411,.F.);
#12409=EDGE_CURVE('',#237,#251,#12412,.T.);
#12410=EDGE_CURVE('',#251,#425,#12413,.T.);
#12411=LINE('',#424,#12414);
#12412=LINE('',#236,#12415);
#12413=LINE('',#250,#12416);
#12414=VECTOR('',#12417,1.0);
#12415=VECTOR('',#12418,1.0);
#12416=VECTOR('',#12419,1.0);
#12417=DIRECTION('',(0,0,1));
#12418=DIRECTION('',(0.09800551131851819,-0.9951858719612109,0));
#12419=DIRECTION('',(-0.010191482218362429,0.10348825266668218,-0.9945784610829805));
#12420=FACE_SURFACE('',(#12425),#12421,.T.);
#12421=PLANE('',#12422);
#12422=AXIS2_PLACEMENT_3D('',#424,#12423,#12424);
#12423=DIRECTION('',(0.995185871961211,0.09800551131851819,0));
#12424=DIRECTION('',(0.010191482218362429,-0.10348825266668218,0.9945784610829805));
#12425=FACE_BOUND('',#12426,.T.);
#12426=EDGE_LOOP('',(#12427,#12428,#12429));
#12427=ORIENTED_EDGE('',*,*,#12430,.T.);
#12428=ORIENTED_EDGE('',*,*,#12431,.T.);
#12429=ORIENTED_EDGE('',*,*,#12432,.T.);
#12430=EDGE_CURVE('',#425,#251,#12433,.F.);
#12431=EDGE_CURVE('',#251,#419,#12434,.T.);
#12432=EDGE_CURVE('',#419,#425,#12435,.T.);
#12433=LINE('',#424,#12436);
#12434=LINE('',#250,#12437);
#12435=LINE('',#418,#12438);
#12436=VECTOR('',#12439,1.0);
#12437=VECTOR('',#12440,1.0);
#12438=VECTOR('',#12441,1.0);
#12439=DIRECTION('',(0.010191482218362429,-0.10348825266668218,0.9945784610829805));
#12440=DIRECTION('',(0,0,-1));
#12441=DIRECTION('',(-0.09800551131851819,0.9951858719612109,0));
ENDSEC;
END-ISO-10303-21;
