ISO-10303-21;
HEADER;
FILE_DESCRIPTION((''),'2;1');
FILE_NAME('MOTOR MOUNTS', '2026-08-07T12:26:09', (''), (''), 'ImageToStl.com STEP Converter','', '');
FILE_SCHEMA(('AUTOMOTIVE_DESIGN_CC2'));
ENDSEC;
DATA;
#1=PRODUCT_DEFINITION_CONTEXT('',#4,'design');
#2=APPLICATION_PROTOCOL_DEFINITION('INTERNATIONAL STANDARD','automotive_design',1994,#4);
#3=(GEOMETRIC_REPRESENTATION_CONTEXT(3)GLOBAL_UNCERTAINTY_ASSIGNED_CONTEXT((#5))GLOBAL_UNIT_ASSIGNED_CONTEXT((#6,#7,#8))REPRESENTATION_CONTEXT('NONE','WORKSPACE'));
#4=APPLICATION_CONTEXT(' ');
#5=UNCERTAINTY_MEASURE_WITH_UNIT(LENGTH_MEASURE(1.0E-006),#6,'','');
#6=(CONVERSION_BASED_UNIT('METRE',#10)LENGTH_UNIT()NAMED_UNIT(#11));
#7=(NAMED_UNIT(#12)PLANE_ANGLE_UNIT()SI_UNIT($,.RADIAN.));
#8=(NAMED_UNIT(#12)SOLID_ANGLE_UNIT()SI_UNIT($,.STERADIAN.));
#9=AXIS2_PLACEMENT_3D('',#14,#15,#16);
#10=LENGTH_MEASURE_WITH_UNIT(LENGTH_MEASURE(1.0),#17);
#11=DIMENSIONAL_EXPONENTS(1.0,0.0,0.0,0.0,0.0,0.0,0.0);
#12=DIMENSIONAL_EXPONENTS(0.0,0.0,0.0,0.0,0.0,0.0,0.0);
#13=PRODUCT_CONTEXT('',#4,'mechanical');
#14=CARTESIAN_POINT('',(0.0,0.0,0.0));
#15=DIRECTION('',(0.0,0.0,1.0));
#16=DIRECTION('',(1.0,0.0,0.0));
#17=(NAMED_UNIT(#11)LENGTH_UNIT()SI_UNIT(.MILLI.,.METRE.));
#18=PRESENTATION_STYLE_ASSIGNMENT((#19));
#19=SURFACE_STYLE_USAGE(.BOTH.,#20);
#20=SURFACE_SIDE_STYLE('',(#21));
#21=SURFACE_STYLE_FILL_AREA(#22);
#22=FILL_AREA_STYLE('',(#23));
#23=FILL_AREA_STYLE_COLOUR('',#24);
#24=COLOUR_RGB('',0.9,0.9,0.9);
#25=SHAPE_DEFINITION_REPRESENTATION(#26,#27);
#26=PRODUCT_DEFINITION_SHAPE('productshape0','',#30);
#27=MANIFOLD_SURFACE_SHAPE_REPRESENTATION('',(#28,#9),#3);
#28=SHELL_BASED_SURFACE_MODEL('shell0',(#33));
#29=PRODUCT('product0','','',(#13));
#30=PRODUCT_DEFINITION('mesh0','',#31,#2);
#31=PRODUCT_DEFINITION_FORMATION_WITH_SPECIFIED_SOURCE('prodsource0','',#29,.NOT_KNOWN.);
#32=STYLED_ITEM('',(#18),#33);
#33=CLOSED_SHELL('',(#674,#696,#718,#740,#762,#784,#806,#828,#850,#872,#894,#916,#938,#960,#982,#1004,#1026,#1048,#1070,#1092,#1114,#1136,#1158,#1180,#1202,#1224,#1246,#1268,#1290,#1312,#1334,#1356,#1378,#1400,#1422,#1444,#1466,#1488,#1510,#1532,#1554,#1576,#1598,#1620,#1642,#1664,#1686,#1708,#1730,#1752,#1774,#1796,#1818,#1840,#1862,#1884,#1906,#1928,#1950,#1972,#1994,#2016,#2038,#2060,#2082,#2104,#2126,#2148,#2170,#2192,#2214,#2236,#2258,#2280,#2302,#2324,#2346,#2368,#2390,#2412,#2434,#2456,#2478,#2500,#2522,#2544,#2566,#2588,#2610,#2632,#2654,#2676,#2698,#2720,#2742,#2764,#2786,#2808,#2830,#2852,#2874,#2896,#2918,#2940,#2962,#2984,#3006,#3028,#3050,#3072,#3094,#3116,#3138,#3160,#3182,#3204,#3226,#3248,#3270,#3292,#3314,#3336,#3358,#3380,#3402,#3424,#3446,#3468,#3490,#3512,#3534,#3556,#3578,#3600,#3622,#3644,#3666,#3688,#3710,#3732,#3754,#3776,#3798,#3820,#3842,#3864,#3886,#3908,#3930,#3952,#3974,#3996,#4018,#4040,#4062,#4084,#4106,#4128,#4150,#4172,#4194,#4216,#4238,#4260,#4282,#4304,#4326,#4348,#4370,#4392,#4414,#4436,#4458,#4480,#4502,#4524,#4546,#4568,#4590,#4612,#4634,#4656,#4678,#4700,#4722,#4744,#4766,#4788,#4810,#4832,#4854,#4876,#4898,#4920,#4942,#4964,#4986,#5008,#5030,#5052,#5074,#5096,#5118,#5140,#5162,#5184,#5206,#5228,#5250,#5272,#5294,#5316,#5338,#5360,#5382,#5404,#5426,#5448,#5470,#5492,#5514,#5536,#5558,#5580,#5602,#5624,#5646,#5668,#5690,#5712,#5734,#5756,#5778,#5800,#5822,#5844,#5866,#5888,#5910,#5932,#5954,#5976,#5998,#6020,#6042,#6064,#6086,#6108,#6130,#6152,#6174,#6196,#6218,#6240,#6262,#6284,#6306,#6328,#6350,#6372,#6394,#6416,#6438,#6460,#6482,#6504,#6526,#6548,#6570,#6592,#6614,#6636,#6658,#6680,#6702,#6724,#6746,#6768,#6790,#6812,#6834,#6856,#6878,#6900,#6922,#6944,#6966,#6988,#7010,#7032,#7054,#7076,#7098,#7120,#7142,#7164,#7186,#7208,#7230,#7252,#7274,#7296,#7318,#7340,#7362,#7384,#7406,#7428,#7450,#7472,#7494,#7516,#7538,#7560,#7582,#7604,#7626,#7648,#7670,#7692,#7714,#7736,#7758,#7780,#7802,#7824,#7846,#7868,#7890,#7912,#7934,#7956,#7978,#8000,#8022,#8044,#8066,#8088,#8110,#8132,#8154,#8176,#8198,#8220,#8242,#8264,#8286,#8308,#8330,#8352,#8374,#8396,#8418,#8440,#8462,#8484,#8506,#8528,#8550,#8572,#8594,#8616,#8638,#8660,#8682,#8704,#8726,#8748,#8770,#8792,#8814,#8836,#8858,#8880,#8902,#8924,#8946,#8968,#8990,#9012,#9034,#9056,#9078,#9100,#9122,#9144,#9166,#9188,#9210,#9232,#9254,#9276,#9298,#9320,#9342,#9364,#9386,#9408,#9430,#9452,#9474,#9496,#9518,#9540,#9562,#9584,#9606,#9628,#9650,#9672,#9694,#9716,#9738,#9760,#9782,#9804,#9826,#9848,#9870,#9892,#9914,#9936,#9958,#9980,#10002,#10024,#10046,#10068,#10090,#10112,#10134,#10156,#10178,#10200,#10222,#10244,#10266,#10288,#10310,#10332,#10354,#10376,#10398,#10420,#10442,#10464,#10486,#10508,#10530,#10552,#10574,#10596,#10618,#10640,#10662,#10684,#10706,#10728,#10750,#10772,#10794,#10816,#10838,#10860,#10882,#10904,#10926,#10948,#10970,#10992,#11014,#11036,#11058,#11080,#11102,#11124,#11146,#11168,#11190,#11212,#11234,#11256,#11278,#11300,#11322,#11344,#11366,#11388,#11410,#11432,#11454,#11476,#11498,#11520,#11542,#11564,#11586,#11608,#11630,#11652,#11674,#11696,#11718,#11740,#11762,#11784,#11806,#11828,#11850,#11872,#11894,#11916,#11938,#11960,#11982,#12004,#12026,#12048,#12070,#12092,#12114,#12136,#12158,#12180,#12202,#12224,#12246,#12268,#12290,#12312,#12334,#12356,#12378,#12400,#12422,#12444,#12466,#12488,#12510,#12532,#12554,#12576,#12598,#12620,#12642,#12664,#12686,#12708,#12730,#12752,#12774,#12796,#12818,#12840,#12862,#12884,#12906,#12928,#12950,#12972,#12994,#13016,#13038,#13060,#13082,#13104,#13126,#13148,#13170,#13192,#13214,#13236,#13258,#13280,#13302,#13324,#13346,#13368,#13390,#13412,#13434,#13456,#13478,#13500,#13522,#13544,#13566,#13588,#13610,#13632,#13654,#13676,#13698,#13720,#13742,#13764,#13786,#13808,#13830,#13852,#13874,#13896,#13918,#13940,#13962,#13984,#14006,#14028,#14050,#14072,#14094,#14116,#14138,#14160,#14182,#14204,#14226,#14248,#14270,#14292,#14314,#14336,#14358,#14380,#14402,#14424,#14446,#14468,#14490,#14512,#14534,#14556,#14578,#14600,#14622,#14644,#14666,#14688,#14710,#14732));
#34=CARTESIAN_POINT('',(-0.3978785276412964,0.0012547299265861511,1.4798715710639954E-06));
#35=VERTEX_POINT('',#34);
#36=CARTESIAN_POINT('',(-0.35480085015296936,0.0012547299265861511,1.4882534742355347E-06));
#37=VERTEX_POINT('',#36);
#38=CARTESIAN_POINT('',(-0.35480085015296936,0.0012547299265861511,0.0029154838994145393));
#39=VERTEX_POINT('',#38);
#40=CARTESIAN_POINT('',(-0.3978785276412964,0.0012547299265861511,0.002915475517511368));
#41=VERTEX_POINT('',#40);
#42=CARTESIAN_POINT('',(-0.3802443742752075,0.016960471868515015,0.0028435848653316498));
#43=VERTEX_POINT('',#42);
#44=CARTESIAN_POINT('',(-0.3812735676765442,0.017805136740207672,0.002843583934009075));
#45=VERTEX_POINT('',#44);
#46=CARTESIAN_POINT('',(-0.3716685175895691,0.017805136740207672,0.0028435857966542244));
#47=VERTEX_POINT('',#46);
#48=CARTESIAN_POINT('',(-0.37269771099090576,0.016960471868515015,0.0028435857966542244));
#49=VERTEX_POINT('',#48);
#50=CARTESIAN_POINT('',(-0.37387192249298096,0.016332833096385002,0.0028435857966542244));
#51=VERTEX_POINT('',#50);
#52=CARTESIAN_POINT('',(-0.3790701627731323,0.016332833096385002,0.0028435848653316498));
#53=VERTEX_POINT('',#52);
#54=CARTESIAN_POINT('',(-0.3751460313796997,0.01594633050262928,0.0028435857966542244));
#55=VERTEX_POINT('',#54);
#56=CARTESIAN_POINT('',(-0.37647104263305664,0.015815867111086845,0.0028435848653316498));
#57=VERTEX_POINT('',#56);
#58=CARTESIAN_POINT('',(-0.3777960538864136,0.01594633050262928,0.0028435848653316498));
#59=VERTEX_POINT('',#58);
#60=CARTESIAN_POINT('',(-0.38211822509765625,0.018834339454770088,0.002843583934009075));
#61=VERTEX_POINT('',#60);
#62=CARTESIAN_POINT('',(-0.3827458620071411,0.020008550956845284,0.002843583934009075));
#63=VERTEX_POINT('',#62);
#64=CARTESIAN_POINT('',(-0.37082386016845703,0.018834339454770088,0.0028435857966542244));
#65=VERTEX_POINT('',#64);
#66=CARTESIAN_POINT('',(-0.37019625306129456,0.020008550956845284,0.002843586727976799));
#67=VERTEX_POINT('',#66);
#68=CARTESIAN_POINT('',(-0.3978785276412964,0.044332437217235565,0.002915475517511368));
#69=VERTEX_POINT('',#68);
#70=CARTESIAN_POINT('',(-0.38313233852386475,0.02128264121711254,0.002843583934009075));
#71=VERTEX_POINT('',#70);
#72=CARTESIAN_POINT('',(-0.35480085015296936,0.044332437217235565,0.0029154838994145393));
#73=VERTEX_POINT('',#72);
#74=CARTESIAN_POINT('',(-0.36980974674224854,0.02128264121711254,0.002843586727976799));
#75=VERTEX_POINT('',#74);
#76=CARTESIAN_POINT('',(-0.38326284289360046,0.022607620805501938,0.002843583934009075));
#77=VERTEX_POINT('',#76);
#78=CARTESIAN_POINT('',(-0.38313233852386475,0.023932652547955513,0.002843583934009075));
#79=VERTEX_POINT('',#78);
#80=CARTESIAN_POINT('',(-0.3696792423725128,0.022607620805501938,0.002843586727976799));
#81=VERTEX_POINT('',#80);
#82=CARTESIAN_POINT('',(-0.36980974674224854,0.023932652547955513,0.002843586727976799));
#83=VERTEX_POINT('',#82);
#84=CARTESIAN_POINT('',(-0.3827458620071411,0.02520674094557762,0.002843583934009075));
#85=VERTEX_POINT('',#84);
#86=CARTESIAN_POINT('',(-0.38211822509765625,0.026380954310297966,0.002843583934009075));
#87=VERTEX_POINT('',#86);
#88=CARTESIAN_POINT('',(-0.37019625306129456,0.02520674094557762,0.002843586727976799));
#89=VERTEX_POINT('',#88);
#90=CARTESIAN_POINT('',(-0.37082386016845703,0.026380954310297966,0.0028435857966542244));
#91=VERTEX_POINT('',#90);
#92=CARTESIAN_POINT('',(-0.3812735676765442,0.027410157024860382,0.002843583934009075));
#93=VERTEX_POINT('',#92);
#94=CARTESIAN_POINT('',(-0.3802443742752075,0.02825482189655304,0.0028435848653316498));
#95=VERTEX_POINT('',#94);
#96=CARTESIAN_POINT('',(-0.3716685175895691,0.027410157024860382,0.0028435857966542244));
#97=VERTEX_POINT('',#96);
#98=CARTESIAN_POINT('',(-0.37269771099090576,0.02825482189655304,0.0028435857966542244));
#99=VERTEX_POINT('',#98);
#100=CARTESIAN_POINT('',(-0.3790701627731323,0.028882460668683052,0.0028435848653316498));
#101=VERTEX_POINT('',#100);
#102=CARTESIAN_POINT('',(-0.37387192249298096,0.028882460668683052,0.0028435857966542244));
#103=VERTEX_POINT('',#102);
#104=CARTESIAN_POINT('',(-0.3751460313796997,0.029268963262438774,0.0028435857966542244));
#105=VERTEX_POINT('',#104);
#106=CARTESIAN_POINT('',(-0.3777960538864136,0.029268963262438774,0.0028435848653316498));
#107=VERTEX_POINT('',#106);
#108=CARTESIAN_POINT('',(-0.37647104263305664,0.02939942479133606,0.0028435848653316498));
#109=VERTEX_POINT('',#108);
#110=CARTESIAN_POINT('',(-0.35480085015296936,0.044332437217235565,1.4882534742355347E-06));
#111=VERTEX_POINT('',#110);
#112=CARTESIAN_POINT('',(-0.3978785276412964,0.044332437217235565,1.4798715710639954E-06));
#113=VERTEX_POINT('',#112);
#114=CARTESIAN_POINT('',(-0.3726808726787567,0.01693521998822689,7.337890565395355E-05));
#115=VERTEX_POINT('',#114);
#116=CARTESIAN_POINT('',(-0.37164705991744995,0.017783664166927338,7.337890565395355E-05));
#117=VERTEX_POINT('',#116);
#118=CARTESIAN_POINT('',(-0.3812950551509857,0.017783664166927338,7.337704300880432E-05));
#119=VERTEX_POINT('',#118);
#120=CARTESIAN_POINT('',(-0.38026124238967896,0.01693521998822689,7.337797433137894E-05));
#121=VERTEX_POINT('',#120);
#122=CARTESIAN_POINT('',(-0.3790817856788635,0.016304781660437584,7.337797433137894E-05));
#123=VERTEX_POINT('',#122);
#124=CARTESIAN_POINT('',(-0.37386032938957214,0.016304781660437584,7.337890565395355E-05));
#125=VERTEX_POINT('',#124);
#126=CARTESIAN_POINT('',(-0.3778019845485687,0.015916544944047928,7.337797433137894E-05));
#127=VERTEX_POINT('',#126);
#128=CARTESIAN_POINT('',(-0.37647104263305664,0.01578550413250923,7.337797433137894E-05));
#129=VERTEX_POINT('',#128);
#130=CARTESIAN_POINT('',(-0.37514010071754456,0.015916544944047928,7.337890565395355E-05));
#131=VERTEX_POINT('',#130);
#132=CARTESIAN_POINT('',(-0.38214346766471863,0.018817469477653503,7.337704300880432E-05));
#133=VERTEX_POINT('',#132);
#134=CARTESIAN_POINT('',(-0.37079861760139465,0.018817469477653503,7.337890565395355E-05));
#135=VERTEX_POINT('',#134);
#136=CARTESIAN_POINT('',(-0.37016817927360535,0.01999693363904953,7.337983697652817E-05));
#137=VERTEX_POINT('',#136);
#138=CARTESIAN_POINT('',(-0.38277390599250793,0.01999693363904953,7.337704300880432E-05));
#139=VERTEX_POINT('',#138);
#140=CARTESIAN_POINT('',(-0.3697799742221832,0.02127671241760254,7.337983697652817E-05));
#141=VERTEX_POINT('',#140);
#142=CARTESIAN_POINT('',(-0.38316214084625244,0.02127671241760254,7.337704300880432E-05));
#143=VERTEX_POINT('',#142);
#144=CARTESIAN_POINT('',(-0.3832932114601135,0.022607626393437386,7.337704300880432E-05));
#145=VERTEX_POINT('',#144);
#146=CARTESIAN_POINT('',(-0.36964887380599976,0.022607626393437386,7.337983697652817E-05));
#147=VERTEX_POINT('',#146);
#148=CARTESIAN_POINT('',(-0.3697799742221832,0.023938573896884918,7.337983697652817E-05));
#149=VERTEX_POINT('',#148);
#150=CARTESIAN_POINT('',(-0.38316214084625244,0.023938573896884918,7.337704300880432E-05));
#151=VERTEX_POINT('',#150);
#152=CARTESIAN_POINT('',(-0.38277390599250793,0.025218360126018524,7.337704300880432E-05));
#153=VERTEX_POINT('',#152);
#154=CARTESIAN_POINT('',(-0.37016817927360535,0.025218360126018524,7.337983697652817E-05));
#155=VERTEX_POINT('',#154);
#156=CARTESIAN_POINT('',(-0.37079861760139465,0.0263978261500597,7.337890565395355E-05));
#157=VERTEX_POINT('',#156);
#158=CARTESIAN_POINT('',(-0.38214346766471863,0.0263978261500597,7.337704300880432E-05));
#159=VERTEX_POINT('',#158);
#160=CARTESIAN_POINT('',(-0.3812950551509857,0.027431629598140717,7.337704300880432E-05));
#161=VERTEX_POINT('',#160);
#162=CARTESIAN_POINT('',(-0.37164705991744995,0.027431629598140717,7.337890565395355E-05));
#163=VERTEX_POINT('',#162);
#164=CARTESIAN_POINT('',(-0.3726808726787567,0.028280066326260567,7.337890565395355E-05));
#165=VERTEX_POINT('',#164);
#166=CARTESIAN_POINT('',(-0.38026124238967896,0.028280066326260567,7.337797433137894E-05));
#167=VERTEX_POINT('',#166);
#168=CARTESIAN_POINT('',(-0.3790817856788635,0.028910517692565918,7.337797433137894E-05));
#169=VERTEX_POINT('',#168);
#170=CARTESIAN_POINT('',(-0.37386032938957214,0.028910517692565918,7.337890565395355E-05));
#171=VERTEX_POINT('',#170);
#172=CARTESIAN_POINT('',(-0.3778019845485687,0.02929874137043953,7.337797433137894E-05));
#173=VERTEX_POINT('',#172);
#174=CARTESIAN_POINT('',(-0.37647104263305664,0.029429789632558823,7.337797433137894E-05));
#175=VERTEX_POINT('',#174);
#176=CARTESIAN_POINT('',(-0.37514010071754456,0.02929874137043953,7.337890565395355E-05));
#177=VERTEX_POINT('',#176);
#178=CARTESIAN_POINT('',(-0.35186174511909485,0.0012547299265861511,1.4882534742355347E-06));
#179=VERTEX_POINT('',#178);
#180=CARTESIAN_POINT('',(-0.35186174511909485,0.0012547299265861511,0.0029154838994145393));
#181=VERTEX_POINT('',#180);
#182=CARTESIAN_POINT('',(-0.35186174511909485,0.044332437217235565,0.0029154838994145393));
#183=VERTEX_POINT('',#182);
#184=CARTESIAN_POINT('',(-0.35186174511909485,0.044332437217235565,1.4882534742355347E-06));
#185=VERTEX_POINT('',#184);
#186=CARTESIAN_POINT('',(-0.35480087995529175,0.044332437217235565,0.048181720077991486));
#187=VERTEX_POINT('',#186);
#188=CARTESIAN_POINT('',(-0.35186174511909485,0.044332437217235565,0.048181720077991486));
#189=VERTEX_POINT('',#188);
#190=CARTESIAN_POINT('',(-0.35480087995529175,0.0012547299265861511,0.048181720077991486));
#191=VERTEX_POINT('',#190);
#192=CARTESIAN_POINT('',(-0.35186174511909485,0.0012547299265861511,0.048181720077991486));
#193=VERTEX_POINT('',#192);
#194=CARTESIAN_POINT('',(-0.4678783416748047,0.0012547299265861511,1.4659017324447632E-06));
#195=VERTEX_POINT('',#194);
#196=CARTESIAN_POINT('',(-0.42480066418647766,0.0012547299265861511,1.4742836356163025E-06));
#197=VERTEX_POINT('',#196);
#198=CARTESIAN_POINT('',(-0.42480066418647766,0.0012547299265861511,0.00291546992957592));
#199=VERTEX_POINT('',#198);
#200=CARTESIAN_POINT('',(-0.4678783416748047,0.0012547299265861511,0.0029154615476727486));
#201=VERTEX_POINT('',#200);
#202=CARTESIAN_POINT('',(-0.4502441883087158,0.016960471868515015,0.0028435708954930305));
#203=VERTEX_POINT('',#202);
#204=CARTESIAN_POINT('',(-0.4512733817100525,0.017805136740207672,0.0028435708954930305));
#205=VERTEX_POINT('',#204);
#206=CARTESIAN_POINT('',(-0.4416683316230774,0.017805136740207672,0.0028435727581381798));
#207=VERTEX_POINT('',#206);
#208=CARTESIAN_POINT('',(-0.44269752502441406,0.016960471868515015,0.002843571826815605));
#209=VERTEX_POINT('',#208);
#210=CARTESIAN_POINT('',(-0.44387173652648926,0.016332833096385002,0.002843571826815605));
#211=VERTEX_POINT('',#210);
#212=CARTESIAN_POINT('',(-0.4490699768066406,0.016332833096385002,0.0028435708954930305));
#213=VERTEX_POINT('',#212);
#214=CARTESIAN_POINT('',(-0.445145845413208,0.01594633050262928,0.002843571826815605));
#215=VERTEX_POINT('',#214);
#216=CARTESIAN_POINT('',(-0.44647085666656494,0.015815867111086845,0.002843571826815605));
#217=VERTEX_POINT('',#216);
#218=CARTESIAN_POINT('',(-0.4477958679199219,0.01594633050262928,0.0028435708954930305));
#219=VERTEX_POINT('',#218);
#220=CARTESIAN_POINT('',(-0.45211803913116455,0.018834339454770088,0.002843569964170456));
#221=VERTEX_POINT('',#220);
#222=CARTESIAN_POINT('',(-0.4527456760406494,0.020008550956845284,0.002843569964170456));
#223=VERTEX_POINT('',#222);
#224=CARTESIAN_POINT('',(-0.44082367420196533,0.018834339454770088,0.0028435727581381798));
#225=VERTEX_POINT('',#224);
#226=CARTESIAN_POINT('',(-0.44019603729248047,0.020008550956845284,0.0028435727581381798));
#227=VERTEX_POINT('',#226);
#228=CARTESIAN_POINT('',(-0.4678783416748047,0.044332437217235565,0.0029154615476727486));
#229=VERTEX_POINT('',#228);
#230=CARTESIAN_POINT('',(-0.45313215255737305,0.02128264121711254,0.002843569964170456));
#231=VERTEX_POINT('',#230);
#232=CARTESIAN_POINT('',(-0.42480066418647766,0.044332437217235565,0.00291546992957592));
#233=VERTEX_POINT('',#232);
#234=CARTESIAN_POINT('',(-0.43980956077575684,0.02128264121711254,0.0028435727581381798));
#235=VERTEX_POINT('',#234);
#236=CARTESIAN_POINT('',(-0.45326265692710876,0.022607620805501938,0.002843569964170456));
#237=VERTEX_POINT('',#236);
#238=CARTESIAN_POINT('',(-0.45313215255737305,0.023932652547955513,0.002843569964170456));
#239=VERTEX_POINT('',#238);
#240=CARTESIAN_POINT('',(-0.4396790564060211,0.022607620805501938,0.0028435727581381798));
#241=VERTEX_POINT('',#240);
#242=CARTESIAN_POINT('',(-0.43980956077575684,0.023932652547955513,0.0028435727581381798));
#243=VERTEX_POINT('',#242);
#244=CARTESIAN_POINT('',(-0.4527456760406494,0.02520674094557762,0.002843569964170456));
#245=VERTEX_POINT('',#244);
#246=CARTESIAN_POINT('',(-0.45211803913116455,0.026380954310297966,0.002843569964170456));
#247=VERTEX_POINT('',#246);
#248=CARTESIAN_POINT('',(-0.44019603729248047,0.02520674094557762,0.0028435727581381798));
#249=VERTEX_POINT('',#248);
#250=CARTESIAN_POINT('',(-0.44082367420196533,0.026380954310297966,0.0028435727581381798));
#251=VERTEX_POINT('',#250);
#252=CARTESIAN_POINT('',(-0.4512733817100525,0.027410157024860382,0.0028435708954930305));
#253=VERTEX_POINT('',#252);
#254=CARTESIAN_POINT('',(-0.4502441883087158,0.02825482189655304,0.0028435708954930305));
#255=VERTEX_POINT('',#254);
#256=CARTESIAN_POINT('',(-0.4416683316230774,0.027410157024860382,0.0028435727581381798));
#257=VERTEX_POINT('',#256);
#258=CARTESIAN_POINT('',(-0.44269752502441406,0.02825482189655304,0.002843571826815605));
#259=VERTEX_POINT('',#258);
#260=CARTESIAN_POINT('',(-0.4490699768066406,0.028882460668683052,0.0028435708954930305));
#261=VERTEX_POINT('',#260);
#262=CARTESIAN_POINT('',(-0.44387173652648926,0.028882460668683052,0.002843571826815605));
#263=VERTEX_POINT('',#262);
#264=CARTESIAN_POINT('',(-0.445145845413208,0.029268963262438774,0.002843571826815605));
#265=VERTEX_POINT('',#264);
#266=CARTESIAN_POINT('',(-0.4477958679199219,0.029268963262438774,0.0028435708954930305));
#267=VERTEX_POINT('',#266);
#268=CARTESIAN_POINT('',(-0.44647085666656494,0.02939942479133606,0.002843571826815605));
#269=VERTEX_POINT('',#268);
#270=CARTESIAN_POINT('',(-0.42480066418647766,0.044332437217235565,1.4742836356163025E-06));
#271=VERTEX_POINT('',#270);
#272=CARTESIAN_POINT('',(-0.4678783416748047,0.044332437217235565,1.4659017324447632E-06));
#273=VERTEX_POINT('',#272);
#274=CARTESIAN_POINT('',(-0.4426806569099426,0.01693521998822689,7.336493581533432E-05));
#275=VERTEX_POINT('',#274);
#276=CARTESIAN_POINT('',(-0.44164687395095825,0.017783664166927338,7.336586713790894E-05));
#277=VERTEX_POINT('',#276);
#278=CARTESIAN_POINT('',(-0.45129483938217163,0.017783664166927338,7.33640044927597E-05));
#279=VERTEX_POINT('',#278);
#280=CARTESIAN_POINT('',(-0.45026105642318726,0.01693521998822689,7.33640044927597E-05));
#281=VERTEX_POINT('',#280);
#282=CARTESIAN_POINT('',(-0.4490815997123718,0.016304781660437584,7.33640044927597E-05));
#283=VERTEX_POINT('',#282);
#284=CARTESIAN_POINT('',(-0.44386011362075806,0.016304781660437584,7.336493581533432E-05));
#285=VERTEX_POINT('',#284);
#286=CARTESIAN_POINT('',(-0.447801798582077,0.015916544944047928,7.33640044927597E-05));
#287=VERTEX_POINT('',#286);
#288=CARTESIAN_POINT('',(-0.44647085666656494,0.01578550413250923,7.336493581533432E-05));
#289=VERTEX_POINT('',#288);
#290=CARTESIAN_POINT('',(-0.44513991475105286,0.015916544944047928,7.336493581533432E-05));
#291=VERTEX_POINT('',#290);
#292=CARTESIAN_POINT('',(-0.45214328169822693,0.018817469477653503,7.336307317018509E-05));
#293=VERTEX_POINT('',#292);
#294=CARTESIAN_POINT('',(-0.44079843163490295,0.018817469477653503,7.336586713790894E-05));
#295=VERTEX_POINT('',#294);
#296=CARTESIAN_POINT('',(-0.44016799330711365,0.01999693363904953,7.336586713790894E-05));
#297=VERTEX_POINT('',#296);
#298=CARTESIAN_POINT('',(-0.45277372002601624,0.01999693363904953,7.336307317018509E-05));
#299=VERTEX_POINT('',#298);
#300=CARTESIAN_POINT('',(-0.43977978825569153,0.02127671241760254,7.336586713790894E-05));
#301=VERTEX_POINT('',#300);
#302=CARTESIAN_POINT('',(-0.45316195487976074,0.02127671241760254,7.336307317018509E-05));
#303=VERTEX_POINT('',#302);
#304=CARTESIAN_POINT('',(-0.4532930254936218,0.022607626393437386,7.336307317018509E-05));
#305=VERTEX_POINT('',#304);
#306=CARTESIAN_POINT('',(-0.43964868783950806,0.022607626393437386,7.336586713790894E-05));
#307=VERTEX_POINT('',#306);
#308=CARTESIAN_POINT('',(-0.43977978825569153,0.023938573896884918,7.336586713790894E-05));
#309=VERTEX_POINT('',#308);
#310=CARTESIAN_POINT('',(-0.45316195487976074,0.023938573896884918,7.336307317018509E-05));
#311=VERTEX_POINT('',#310);
#312=CARTESIAN_POINT('',(-0.45277372002601624,0.025218360126018524,7.336307317018509E-05));
#313=VERTEX_POINT('',#312);
#314=CARTESIAN_POINT('',(-0.44016799330711365,0.025218360126018524,7.336586713790894E-05));
#315=VERTEX_POINT('',#314);
#316=CARTESIAN_POINT('',(-0.44079843163490295,0.0263978261500597,7.336586713790894E-05));
#317=VERTEX_POINT('',#316);
#318=CARTESIAN_POINT('',(-0.45214328169822693,0.0263978261500597,7.336307317018509E-05));
#319=VERTEX_POINT('',#318);
#320=CARTESIAN_POINT('',(-0.45129483938217163,0.027431629598140717,7.33640044927597E-05));
#321=VERTEX_POINT('',#320);
#322=CARTESIAN_POINT('',(-0.44164687395095825,0.027431629598140717,7.336586713790894E-05));
#323=VERTEX_POINT('',#322);
#324=CARTESIAN_POINT('',(-0.4426806569099426,0.028280066326260567,7.336493581533432E-05));
#325=VERTEX_POINT('',#324);
#326=CARTESIAN_POINT('',(-0.45026105642318726,0.028280066326260567,7.33640044927597E-05));
#327=VERTEX_POINT('',#326);
#328=CARTESIAN_POINT('',(-0.4490815997123718,0.028910517692565918,7.33640044927597E-05));
#329=VERTEX_POINT('',#328);
#330=CARTESIAN_POINT('',(-0.44386011362075806,0.028910517692565918,7.336493581533432E-05));
#331=VERTEX_POINT('',#330);
#332=CARTESIAN_POINT('',(-0.447801798582077,0.02929874137043953,7.33640044927597E-05));
#333=VERTEX_POINT('',#332);
#334=CARTESIAN_POINT('',(-0.44647085666656494,0.029429789632558823,7.336493581533432E-05));
#335=VERTEX_POINT('',#334);
#336=CARTESIAN_POINT('',(-0.44513991475105286,0.02929874137043953,7.336493581533432E-05));
#337=VERTEX_POINT('',#336);
#338=CARTESIAN_POINT('',(-0.42186152935028076,0.0012547299265861511,1.475214958190918E-06));
#339=VERTEX_POINT('',#338);
#340=CARTESIAN_POINT('',(-0.42186152935028076,0.0012547299265861511,0.0029154708608984947));
#341=VERTEX_POINT('',#340);
#342=CARTESIAN_POINT('',(-0.42186152935028076,0.044332437217235565,0.0029154708608984947));
#343=VERTEX_POINT('',#342);
#344=CARTESIAN_POINT('',(-0.42186152935028076,0.044332437217235565,1.475214958190918E-06));
#345=VERTEX_POINT('',#344);
#346=CARTESIAN_POINT('',(-0.42480066418647766,0.044332437217235565,0.04818170517683029));
#347=VERTEX_POINT('',#346);
#348=CARTESIAN_POINT('',(-0.42186155915260315,0.044332437217235565,0.04818170517683029));
#349=VERTEX_POINT('',#348);
#350=CARTESIAN_POINT('',(-0.42480066418647766,0.0012547299265861511,0.04818170517683029));
#351=VERTEX_POINT('',#350);
#352=CARTESIAN_POINT('',(-0.42186155915260315,0.0012547299265861511,0.04818170517683029));
#353=VERTEX_POINT('',#352);
#354=CARTESIAN_POINT('',(-0.537878155708313,0.0012547299265861511,1.4528632164001465E-06));
#355=VERTEX_POINT('',#354);
#356=CARTESIAN_POINT('',(-0.49480047821998596,0.0012547299265861511,1.4612451195716858E-06));
#357=VERTEX_POINT('',#356);
#358=CARTESIAN_POINT('',(-0.49480047821998596,0.0012547299265861511,0.0029154568910598755));
#359=VERTEX_POINT('',#358);
#360=CARTESIAN_POINT('',(-0.537878155708313,0.0012547299265861511,0.002915448509156704));
#361=VERTEX_POINT('',#360);
#362=CARTESIAN_POINT('',(-0.5202440023422241,0.016960471868515015,0.0028435569256544113));
#363=VERTEX_POINT('',#362);
#364=CARTESIAN_POINT('',(-0.5212731957435608,0.017805136740207672,0.0028435569256544113));
#365=VERTEX_POINT('',#364);
#366=CARTESIAN_POINT('',(-0.5116681456565857,0.017805136740207672,0.0028435587882995605));
#367=VERTEX_POINT('',#366);
#368=CARTESIAN_POINT('',(-0.5126973390579224,0.016960471868515015,0.0028435587882995605));
#369=VERTEX_POINT('',#368);
#370=CARTESIAN_POINT('',(-0.5138715505599976,0.016332833096385002,0.0028435587882995605));
#371=VERTEX_POINT('',#370);
#372=CARTESIAN_POINT('',(-0.5190697908401489,0.016332833096385002,0.0028435569256544113));
#373=VERTEX_POINT('',#372);
#374=CARTESIAN_POINT('',(-0.5151456594467163,0.01594633050262928,0.002843557856976986));
#375=VERTEX_POINT('',#374);
#376=CARTESIAN_POINT('',(-0.5164706707000732,0.015815867111086845,0.002843557856976986));
#377=VERTEX_POINT('',#376);
#378=CARTESIAN_POINT('',(-0.5177956819534302,0.01594633050262928,0.002843557856976986));
#379=VERTEX_POINT('',#378);
#380=CARTESIAN_POINT('',(-0.5221178531646729,0.018834339454770088,0.0028435569256544113));
#381=VERTEX_POINT('',#380);
#382=CARTESIAN_POINT('',(-0.5227454900741577,0.020008550956845284,0.0028435569256544113));
#383=VERTEX_POINT('',#382);
#384=CARTESIAN_POINT('',(-0.5108234882354736,0.018834339454770088,0.0028435587882995605));
#385=VERTEX_POINT('',#384);
#386=CARTESIAN_POINT('',(-0.5101958513259888,0.020008550956845284,0.0028435587882995605));
#387=VERTEX_POINT('',#386);
#388=CARTESIAN_POINT('',(-0.537878155708313,0.044332437217235565,0.002915448509156704));
#389=VERTEX_POINT('',#388);
#390=CARTESIAN_POINT('',(-0.5231319665908813,0.02128264121711254,0.0028435569256544113));
#391=VERTEX_POINT('',#390);
#392=CARTESIAN_POINT('',(-0.49480047821998596,0.044332437217235565,0.0029154568910598755));
#393=VERTEX_POINT('',#392);
#394=CARTESIAN_POINT('',(-0.5098093748092651,0.02128264121711254,0.0028435587882995605));
#395=VERTEX_POINT('',#394);
#396=CARTESIAN_POINT('',(-0.5232625007629395,0.022607620805501938,0.0028435569256544113));
#397=VERTEX_POINT('',#396);
#398=CARTESIAN_POINT('',(-0.5231319665908813,0.023932652547955513,0.0028435569256544113));
#399=VERTEX_POINT('',#398);
#400=CARTESIAN_POINT('',(-0.509678840637207,0.022607620805501938,0.0028435587882995605));
#401=VERTEX_POINT('',#400);
#402=CARTESIAN_POINT('',(-0.5098093748092651,0.023932652547955513,0.0028435587882995605));
#403=VERTEX_POINT('',#402);
#404=CARTESIAN_POINT('',(-0.5227454900741577,0.02520674094557762,0.0028435569256544113));
#405=VERTEX_POINT('',#404);
#406=CARTESIAN_POINT('',(-0.5221178531646729,0.026380954310297966,0.0028435569256544113));
#407=VERTEX_POINT('',#406);
#408=CARTESIAN_POINT('',(-0.5101958513259888,0.02520674094557762,0.0028435587882995605));
#409=VERTEX_POINT('',#408);
#410=CARTESIAN_POINT('',(-0.5108234882354736,0.026380954310297966,0.0028435587882995605));
#411=VERTEX_POINT('',#410);
#412=CARTESIAN_POINT('',(-0.5212731957435608,0.027410157024860382,0.0028435569256544113));
#413=VERTEX_POINT('',#412);
#414=CARTESIAN_POINT('',(-0.5202440023422241,0.02825482189655304,0.0028435569256544113));
#415=VERTEX_POINT('',#414);
#416=CARTESIAN_POINT('',(-0.5116681456565857,0.027410157024860382,0.0028435587882995605));
#417=VERTEX_POINT('',#416);
#418=CARTESIAN_POINT('',(-0.5126973390579224,0.02825482189655304,0.0028435587882995605));
#419=VERTEX_POINT('',#418);
#420=CARTESIAN_POINT('',(-0.5190697908401489,0.028882460668683052,0.0028435569256544113));
#421=VERTEX_POINT('',#420);
#422=CARTESIAN_POINT('',(-0.5138715505599976,0.028882460668683052,0.0028435587882995605));
#423=VERTEX_POINT('',#422);
#424=CARTESIAN_POINT('',(-0.5151456594467163,0.029268963262438774,0.002843557856976986));
#425=VERTEX_POINT('',#424);
#426=CARTESIAN_POINT('',(-0.5177956819534302,0.029268963262438774,0.002843557856976986));
#427=VERTEX_POINT('',#426);
#428=CARTESIAN_POINT('',(-0.5164706707000732,0.02939942479133606,0.002843557856976986));
#429=VERTEX_POINT('',#428);
#430=CARTESIAN_POINT('',(-0.49480047821998596,0.044332437217235565,1.4612451195716858E-06));
#431=VERTEX_POINT('',#430);
#432=CARTESIAN_POINT('',(-0.537878155708313,0.044332437217235565,1.4528632164001465E-06));
#433=VERTEX_POINT('',#432);
#434=CARTESIAN_POINT('',(-0.5126804709434509,0.01693521998822689,7.33518972992897E-05));
#435=VERTEX_POINT('',#434);
#436=CARTESIAN_POINT('',(-0.5116466283798218,0.017783664166927338,7.33518972992897E-05));
#437=VERTEX_POINT('',#436);
#438=CARTESIAN_POINT('',(-0.5212946534156799,0.017783664166927338,7.335003465414047E-05));
#439=VERTEX_POINT('',#438);
#440=CARTESIAN_POINT('',(-0.5202608704566956,0.01693521998822689,7.335003465414047E-05));
#441=VERTEX_POINT('',#440);
#442=CARTESIAN_POINT('',(-0.5190814137458801,0.016304781660437584,7.335003465414047E-05));
#443=VERTEX_POINT('',#442);
#444=CARTESIAN_POINT('',(-0.5138599276542664,0.016304781660437584,7.33518972992897E-05));
#445=VERTEX_POINT('',#444);
#446=CARTESIAN_POINT('',(-0.5178015828132629,0.015916544944047928,7.335096597671509E-05));
#447=VERTEX_POINT('',#446);
#448=CARTESIAN_POINT('',(-0.5164706707000732,0.01578550413250923,7.335096597671509E-05));
#449=VERTEX_POINT('',#448);
#450=CARTESIAN_POINT('',(-0.5151396989822388,0.015916544944047928,7.335096597671509E-05));
#451=VERTEX_POINT('',#450);
#452=CARTESIAN_POINT('',(-0.5221430659294128,0.018817469477653503,7.335003465414047E-05));
#453=VERTEX_POINT('',#452);
#454=CARTESIAN_POINT('',(-0.5107982158660889,0.018817469477653503,7.33518972992897E-05));
#455=VERTEX_POINT('',#454);
#456=CARTESIAN_POINT('',(-0.5101678371429443,0.01999693363904953,7.33518972992897E-05));
#457=VERTEX_POINT('',#456);
#458=CARTESIAN_POINT('',(-0.5227735042572021,0.01999693363904953,7.335003465414047E-05));
#459=VERTEX_POINT('',#458);
#460=CARTESIAN_POINT('',(-0.5097795724868774,0.02127671241760254,7.33518972992897E-05));
#461=VERTEX_POINT('',#460);
#462=CARTESIAN_POINT('',(-0.523161768913269,0.02127671241760254,7.335003465414047E-05));
#463=VERTEX_POINT('',#462);
#464=CARTESIAN_POINT('',(-0.5232928395271301,0.022607626393437386,7.335003465414047E-05));
#465=VERTEX_POINT('',#464);
#466=CARTESIAN_POINT('',(-0.5096485018730164,0.022607626393437386,7.33518972992897E-05));
#467=VERTEX_POINT('',#466);
#468=CARTESIAN_POINT('',(-0.5097795724868774,0.023938573896884918,7.33518972992897E-05));
#469=VERTEX_POINT('',#468);
#470=CARTESIAN_POINT('',(-0.523161768913269,0.023938573896884918,7.335003465414047E-05));
#471=VERTEX_POINT('',#470);
#472=CARTESIAN_POINT('',(-0.5227735042572021,0.025218360126018524,7.335003465414047E-05));
#473=VERTEX_POINT('',#472);
#474=CARTESIAN_POINT('',(-0.5101678371429443,0.025218360126018524,7.33518972992897E-05));
#475=VERTEX_POINT('',#474);
#476=CARTESIAN_POINT('',(-0.5107982158660889,0.0263978261500597,7.33518972992897E-05));
#477=VERTEX_POINT('',#476);
#478=CARTESIAN_POINT('',(-0.5221430659294128,0.0263978261500597,7.335003465414047E-05));
#479=VERTEX_POINT('',#478);
#480=CARTESIAN_POINT('',(-0.5212946534156799,0.027431629598140717,7.335003465414047E-05));
#481=VERTEX_POINT('',#480);
#482=CARTESIAN_POINT('',(-0.5116466283798218,0.027431629598140717,7.33518972992897E-05));
#483=VERTEX_POINT('',#482);
#484=CARTESIAN_POINT('',(-0.5126804709434509,0.028280066326260567,7.33518972992897E-05));
#485=VERTEX_POINT('',#484);
#486=CARTESIAN_POINT('',(-0.5202608704566956,0.028280066326260567,7.335003465414047E-05));
#487=VERTEX_POINT('',#486);
#488=CARTESIAN_POINT('',(-0.5190814137458801,0.028910517692565918,7.335003465414047E-05));
#489=VERTEX_POINT('',#488);
#490=CARTESIAN_POINT('',(-0.5138599276542664,0.028910517692565918,7.33518972992897E-05));
#491=VERTEX_POINT('',#490);
#492=CARTESIAN_POINT('',(-0.5178015828132629,0.02929874137043953,7.335096597671509E-05));
#493=VERTEX_POINT('',#492);
#494=CARTESIAN_POINT('',(-0.5164706707000732,0.029429789632558823,7.335096597671509E-05));
#495=VERTEX_POINT('',#494);
#496=CARTESIAN_POINT('',(-0.5151396989822388,0.02929874137043953,7.335096597671509E-05));
#497=VERTEX_POINT('',#496);
#498=CARTESIAN_POINT('',(-0.49186134338378906,0.0012547299265861511,1.4612451195716858E-06));
#499=VERTEX_POINT('',#498);
#500=CARTESIAN_POINT('',(-0.49186134338378906,0.0012547299265861511,0.0029154568910598755));
#501=VERTEX_POINT('',#500);
#502=CARTESIAN_POINT('',(-0.49186134338378906,0.044332437217235565,0.0029154568910598755));
#503=VERTEX_POINT('',#502);
#504=CARTESIAN_POINT('',(-0.49186134338378906,0.044332437217235565,1.4612451195716858E-06));
#505=VERTEX_POINT('',#504);
#506=CARTESIAN_POINT('',(-0.49480047821998596,0.044332437217235565,0.0481816902756691));
#507=VERTEX_POINT('',#506);
#508=CARTESIAN_POINT('',(-0.49186134338378906,0.044332437217235565,0.0481816902756691));
#509=VERTEX_POINT('',#508);
#510=CARTESIAN_POINT('',(-0.49480047821998596,0.0012547299265861511,0.0481816902756691));
#511=VERTEX_POINT('',#510);
#512=CARTESIAN_POINT('',(-0.49186134338378906,0.0012547299265861511,0.0481816902756691));
#513=VERTEX_POINT('',#512);
#514=CARTESIAN_POINT('',(-0.6078779101371765,0.0012547299265861511,1.4388933777809143E-06));
#515=VERTEX_POINT('',#514);
#516=CARTESIAN_POINT('',(-0.5648002624511719,0.0012547299265861511,1.4472752809524536E-06));
#517=VERTEX_POINT('',#516);
#518=CARTESIAN_POINT('',(-0.5648002624511719,0.0012547299265861511,0.0029154429212212563));
#519=VERTEX_POINT('',#518);
#520=CARTESIAN_POINT('',(-0.6078779101371765,0.0012547299265861511,0.0029154345393180847));
#521=VERTEX_POINT('',#520);
#522=CARTESIAN_POINT('',(-0.5902438163757324,0.016960471868515015,0.0028435438871383667));
#523=VERTEX_POINT('',#522);
#524=CARTESIAN_POINT('',(-0.5912730097770691,0.017805136740207672,0.002843542955815792));
#525=VERTEX_POINT('',#524);
#526=CARTESIAN_POINT('',(-0.5816679000854492,0.017805136740207672,0.0028435448184609413));
#527=VERTEX_POINT('',#526);
#528=CARTESIAN_POINT('',(-0.5826971530914307,0.016960471868515015,0.0028435448184609413));
#529=VERTEX_POINT('',#528);
#530=CARTESIAN_POINT('',(-0.5838713645935059,0.016332833096385002,0.0028435448184609413));
#531=VERTEX_POINT('',#530);
#532=CARTESIAN_POINT('',(-0.5890696048736572,0.016332833096385002,0.0028435438871383667));
#533=VERTEX_POINT('',#532);
#534=CARTESIAN_POINT('',(-0.5851454734802246,0.01594633050262928,0.0028435448184609413));
#535=VERTEX_POINT('',#534);
#536=CARTESIAN_POINT('',(-0.5864704847335815,0.015815867111086845,0.0028435438871383667));
#537=VERTEX_POINT('',#536);
#538=CARTESIAN_POINT('',(-0.5877954959869385,0.01594633050262928,0.0028435438871383667));
#539=VERTEX_POINT('',#538);
#540=CARTESIAN_POINT('',(-0.5921176671981812,0.018834339454770088,0.002843542955815792));
#541=VERTEX_POINT('',#540);
#542=CARTESIAN_POINT('',(-0.592745304107666,0.020008550956845284,0.002843542955815792));
#543=VERTEX_POINT('',#542);
#544=CARTESIAN_POINT('',(-0.5808233022689819,0.018834339454770088,0.002843545749783516));
#545=VERTEX_POINT('',#544);
#546=CARTESIAN_POINT('',(-0.5801956653594971,0.020008550956845284,0.002843545749783516));
#547=VERTEX_POINT('',#546);
#548=CARTESIAN_POINT('',(-0.6078779101371765,0.044332437217235565,0.0029154345393180847));
#549=VERTEX_POINT('',#548);
#550=CARTESIAN_POINT('',(-0.5931317806243896,0.02128264121711254,0.002843542955815792));
#551=VERTEX_POINT('',#550);
#552=CARTESIAN_POINT('',(-0.5648002624511719,0.044332437217235565,0.0029154429212212563));
#553=VERTEX_POINT('',#552);
#554=CARTESIAN_POINT('',(-0.5798091888427734,0.02128264121711254,0.002843545749783516));
#555=VERTEX_POINT('',#554);
#556=CARTESIAN_POINT('',(-0.593262255191803,0.022607620805501938,0.002843542955815792));
#557=VERTEX_POINT('',#556);
#558=CARTESIAN_POINT('',(-0.5931317806243896,0.023932652547955513,0.002843542955815792));
#559=VERTEX_POINT('',#558);
#560=CARTESIAN_POINT('',(-0.5796786546707153,0.022607620805501938,0.002843545749783516));
#561=VERTEX_POINT('',#560);
#562=CARTESIAN_POINT('',(-0.5798091888427734,0.023932652547955513,0.002843545749783516));
#563=VERTEX_POINT('',#562);
#564=CARTESIAN_POINT('',(-0.592745304107666,0.02520674094557762,0.002843542955815792));
#565=VERTEX_POINT('',#564);
#566=CARTESIAN_POINT('',(-0.5921176671981812,0.026380954310297966,0.002843542955815792));
#567=VERTEX_POINT('',#566);
#568=CARTESIAN_POINT('',(-0.5801956653594971,0.02520674094557762,0.002843545749783516));
#569=VERTEX_POINT('',#568);
#570=CARTESIAN_POINT('',(-0.5808233022689819,0.026380954310297966,0.002843545749783516));
#571=VERTEX_POINT('',#570);
#572=CARTESIAN_POINT('',(-0.5912730097770691,0.027410157024860382,0.002843542955815792));
#573=VERTEX_POINT('',#572);
#574=CARTESIAN_POINT('',(-0.5902438163757324,0.02825482189655304,0.0028435438871383667));
#575=VERTEX_POINT('',#574);
#576=CARTESIAN_POINT('',(-0.5816679000854492,0.027410157024860382,0.0028435448184609413));
#577=VERTEX_POINT('',#576);
#578=CARTESIAN_POINT('',(-0.5826971530914307,0.02825482189655304,0.0028435448184609413));
#579=VERTEX_POINT('',#578);
#580=CARTESIAN_POINT('',(-0.5890696048736572,0.028882460668683052,0.0028435438871383667));
#581=VERTEX_POINT('',#580);
#582=CARTESIAN_POINT('',(-0.5838713645935059,0.028882460668683052,0.0028435448184609413));
#583=VERTEX_POINT('',#582);
#584=CARTESIAN_POINT('',(-0.5851454734802246,0.029268963262438774,0.0028435448184609413));
#585=VERTEX_POINT('',#584);
#586=CARTESIAN_POINT('',(-0.5877954959869385,0.029268963262438774,0.0028435438871383667));
#587=VERTEX_POINT('',#586);
#588=CARTESIAN_POINT('',(-0.5864704847335815,0.02939942479133606,0.0028435438871383667));
#589=VERTEX_POINT('',#588);
#590=CARTESIAN_POINT('',(-0.5648002624511719,0.044332437217235565,1.4472752809524536E-06));
#591=VERTEX_POINT('',#590);
#592=CARTESIAN_POINT('',(-0.6078779101371765,0.044332437217235565,1.4388933777809143E-06));
#593=VERTEX_POINT('',#592);
#594=CARTESIAN_POINT('',(-0.5826802849769592,0.01693521998822689,7.333792746067047E-05));
#595=VERTEX_POINT('',#594);
#596=CARTESIAN_POINT('',(-0.5816464424133301,0.017783664166927338,7.333792746067047E-05));
#597=VERTEX_POINT('',#596);
#598=CARTESIAN_POINT('',(-0.5912944674491882,0.017783664166927338,7.333606481552124E-05));
#599=VERTEX_POINT('',#598);
#600=CARTESIAN_POINT('',(-0.5902606248855591,0.01693521998822689,7.333699613809586E-05));
#601=VERTEX_POINT('',#600);
#602=CARTESIAN_POINT('',(-0.5890811681747437,0.016304781660437584,7.333699613809586E-05));
#603=VERTEX_POINT('',#602);
#604=CARTESIAN_POINT('',(-0.5838597416877747,0.016304781660437584,7.333792746067047E-05));
#605=VERTEX_POINT('',#604);
#606=CARTESIAN_POINT('',(-0.5878013968467712,0.015916544944047928,7.333699613809586E-05));
#607=VERTEX_POINT('',#606);
#608=CARTESIAN_POINT('',(-0.5864704847335815,0.01578550413250923,7.333699613809586E-05));
#609=VERTEX_POINT('',#608);
#610=CARTESIAN_POINT('',(-0.5851395130157471,0.015916544944047928,7.333792746067047E-05));
#611=VERTEX_POINT('',#610);
#612=CARTESIAN_POINT('',(-0.5921428799629211,0.018817469477653503,7.333606481552124E-05));
#613=VERTEX_POINT('',#612);
#614=CARTESIAN_POINT('',(-0.5807980298995972,0.018817469477653503,7.333885878324509E-05));
#615=VERTEX_POINT('',#614);
#616=CARTESIAN_POINT('',(-0.5801675915718079,0.01999693363904953,7.333885878324509E-05));
#617=VERTEX_POINT('',#616);
#618=CARTESIAN_POINT('',(-0.5927733182907104,0.01999693363904953,7.333606481552124E-05));
#619=VERTEX_POINT('',#618);
#620=CARTESIAN_POINT('',(-0.5797793865203857,0.02127671241760254,7.333885878324509E-05));
#621=VERTEX_POINT('',#620);
#622=CARTESIAN_POINT('',(-0.5931615829467773,0.02127671241760254,7.333606481552124E-05));
#623=VERTEX_POINT('',#622);
#624=CARTESIAN_POINT('',(-0.5932925939559937,0.022607626393437386,7.333606481552124E-05));
#625=VERTEX_POINT('',#624);
#626=CARTESIAN_POINT('',(-0.5796483159065247,0.022607626393437386,7.333885878324509E-05));
#627=VERTEX_POINT('',#626);
#628=CARTESIAN_POINT('',(-0.5797793865203857,0.023938573896884918,7.333885878324509E-05));
#629=VERTEX_POINT('',#628);
#630=CARTESIAN_POINT('',(-0.5931615829467773,0.023938573896884918,7.333606481552124E-05));
#631=VERTEX_POINT('',#630);
#632=CARTESIAN_POINT('',(-0.5927733182907104,0.025218360126018524,7.333606481552124E-05));
#633=VERTEX_POINT('',#632);
#634=CARTESIAN_POINT('',(-0.5801675915718079,0.025218360126018524,7.333885878324509E-05));
#635=VERTEX_POINT('',#634);
#636=CARTESIAN_POINT('',(-0.5807980298995972,0.0263978261500597,7.333885878324509E-05));
#637=VERTEX_POINT('',#636);
#638=CARTESIAN_POINT('',(-0.5921428799629211,0.0263978261500597,7.333606481552124E-05));
#639=VERTEX_POINT('',#638);
#640=CARTESIAN_POINT('',(-0.5912944674491882,0.027431629598140717,7.333606481552124E-05));
#641=VERTEX_POINT('',#640);
#642=CARTESIAN_POINT('',(-0.5816464424133301,0.027431629598140717,7.333792746067047E-05));
#643=VERTEX_POINT('',#642);
#644=CARTESIAN_POINT('',(-0.5826802849769592,0.028280066326260567,7.333792746067047E-05));
#645=VERTEX_POINT('',#644);
#646=CARTESIAN_POINT('',(-0.5902606248855591,0.028280066326260567,7.333699613809586E-05));
#647=VERTEX_POINT('',#646);
#648=CARTESIAN_POINT('',(-0.5890811681747437,0.028910517692565918,7.333699613809586E-05));
#649=VERTEX_POINT('',#648);
#650=CARTESIAN_POINT('',(-0.5838597416877747,0.028910517692565918,7.333792746067047E-05));
#651=VERTEX_POINT('',#650);
#652=CARTESIAN_POINT('',(-0.5878013968467712,0.02929874137043953,7.333699613809586E-05));
#653=VERTEX_POINT('',#652);
#654=CARTESIAN_POINT('',(-0.5864704847335815,0.029429789632558823,7.333699613809586E-05));
#655=VERTEX_POINT('',#654);
#656=CARTESIAN_POINT('',(-0.5851395130157471,0.02929874137043953,7.333792746067047E-05));
#657=VERTEX_POINT('',#656);
#658=CARTESIAN_POINT('',(-0.5618611574172974,0.0012547299265861511,1.448206603527069E-06));
#659=VERTEX_POINT('',#658);
#660=CARTESIAN_POINT('',(-0.5618611574172974,0.0012547299265861511,0.002915443852543831));
#661=VERTEX_POINT('',#660);
#662=CARTESIAN_POINT('',(-0.5618611574172974,0.044332437217235565,0.002915443852543831));
#663=VERTEX_POINT('',#662);
#664=CARTESIAN_POINT('',(-0.5618611574172974,0.044332437217235565,1.448206603527069E-06));
#665=VERTEX_POINT('',#664);
#666=CARTESIAN_POINT('',(-0.5648002624511719,0.044332437217235565,0.048181675374507904));
#667=VERTEX_POINT('',#666);
#668=CARTESIAN_POINT('',(-0.5618611574172974,0.044332437217235565,0.0481816828250885));
#669=VERTEX_POINT('',#668);
#670=CARTESIAN_POINT('',(-0.5648002624511719,0.0012547299265861511,0.048181675374507904));
#671=VERTEX_POINT('',#670);
#672=CARTESIAN_POINT('',(-0.5618611574172974,0.0012547299265861511,0.0481816828250885));
#673=VERTEX_POINT('',#672);
#674=FACE_SURFACE('',(#679),#675,.T.);
#675=PLANE('',#676);
#676=AXIS2_PLACEMENT_3D('',#34,#677,#678);
#677=DIRECTION('',(0,-1,0));
#678=DIRECTION('',(0.999999999999981,0,1.9457648741184883E-07));
#679=FACE_BOUND('',#680,.T.);
#680=EDGE_LOOP('',(#681,#682,#683));
#681=ORIENTED_EDGE('',*,*,#684,.T.);
#682=ORIENTED_EDGE('',*,*,#685,.T.);
#683=ORIENTED_EDGE('',*,*,#686,.T.);
#684=EDGE_CURVE('',#35,#37,#687,.F.);
#685=EDGE_CURVE('',#37,#39,#688,.T.);
#686=EDGE_CURVE('',#39,#35,#689,.T.);
#687=LINE('',#34,#690);
#688=LINE('',#36,#691);
#689=LINE('',#38,#692);
#690=VECTOR('',#693,1.0);
#691=VECTOR('',#694,1.0);
#692=VECTOR('',#695,1.0);
#693=DIRECTION('',(0.999999999999981,0,1.9457648741184883E-07));
#694=DIRECTION('',(0,0,1));
#695=DIRECTION('',(-0.9977198763862917,0,-0.06749109766275051));
#696=FACE_SURFACE('',(#701),#697,.T.);
#697=PLANE('',#698);
#698=AXIS2_PLACEMENT_3D('',#34,#699,#700);
#699=DIRECTION('',(0,-1,0));
#700=DIRECTION('',(0.9977198763862917,0,0.06749109766275051));
#701=FACE_BOUND('',#702,.T.);
#702=EDGE_LOOP('',(#703,#704,#705));
#703=ORIENTED_EDGE('',*,*,#706,.T.);
#704=ORIENTED_EDGE('',*,*,#707,.T.);
#705=ORIENTED_EDGE('',*,*,#708,.T.);
#706=EDGE_CURVE('',#35,#39,#709,.F.);
#707=EDGE_CURVE('',#39,#41,#710,.T.);
#708=EDGE_CURVE('',#41,#35,#711,.T.);
#709=LINE('',#34,#712);
#710=LINE('',#38,#713);
#711=LINE('',#40,#714);
#712=VECTOR('',#715,1.0);
#713=VECTOR('',#716,1.0);
#714=VECTOR('',#717,1.0);
#715=DIRECTION('',(0.9977198763862917,0,0.06749109766275051));
#716=DIRECTION('',(-0.999999999999981,0,-1.9457648741184883E-07));
#717=DIRECTION('',(0,0,-1));
#718=FACE_SURFACE('',(#723),#719,.T.);
#719=PLANE('',#720);
#720=AXIS2_PLACEMENT_3D('',#42,#721,#722);
#721=DIRECTION('',(0.0019546093001766847,0.002382722875703133,0.9999952510558143));
#722=DIRECTION('',(-0.7730002597721554,0.6344057048858334,-6.994920402467092E-07));
#723=FACE_BOUND('',#724,.T.);
#724=EDGE_LOOP('',(#725,#726,#727));
#725=ORIENTED_EDGE('',*,*,#728,.T.);
#726=ORIENTED_EDGE('',*,*,#729,.T.);
#727=ORIENTED_EDGE('',*,*,#730,.T.);
#728=EDGE_CURVE('',#43,#45,#731,.F.);
#729=EDGE_CURVE('',#45,#41,#732,.T.);
#730=EDGE_CURVE('',#41,#43,#733,.T.);
#731=LINE('',#42,#734);
#732=LINE('',#44,#735);
#733=LINE('',#40,#736);
#734=VECTOR('',#737,1.0);
#735=VECTOR('',#738,1.0);
#736=VECTOR('',#739,1.0);
#737=DIRECTION('',(-0.7730002597721554,0.6344057048858334,-6.994920402467092E-07));
#738=DIRECTION('',(-0.7082659512563113,-0.7059390477550914,0.003066454895685363));
#739=DIRECTION('',(0.7467549275147934,0.6650923320177748,-0.003044359297719063));
#740=FACE_SURFACE('',(#745),#741,.T.);
#741=PLANE('',#742);
#742=AXIS2_PLACEMENT_3D('',#38,#743,#744);
#743=DIRECTION('',(-0.0019414127334723603,0.002365540750566186,0.9999953175558153));
#744=DIRECTION('',(-0.7137843594151663,0.7003589304759644,-0.003042491880684274));
#745=FACE_BOUND('',#746,.T.);
#746=EDGE_LOOP('',(#747,#748,#749));
#747=ORIENTED_EDGE('',*,*,#750,.T.);
#748=ORIENTED_EDGE('',*,*,#751,.T.);
#749=ORIENTED_EDGE('',*,*,#752,.T.);
#750=EDGE_CURVE('',#39,#47,#753,.F.);
#751=EDGE_CURVE('',#47,#49,#754,.T.);
#752=EDGE_CURVE('',#49,#39,#755,.T.);
#753=LINE('',#38,#756);
#754=LINE('',#46,#757);
#755=LINE('',#48,#758);
#756=VECTOR('',#759,1.0);
#757=VECTOR('',#760,1.0);
#758=VECTOR('',#761,1.0);
#759=DIRECTION('',(-0.7137843594151663,0.7003589304759644,-0.003042491880684274));
#760=DIRECTION('',(-0.7730002597723444,-0.6344057048859886,0));
#761=DIRECTION('',(0.7516153198958666,-0.6595947949073917,0.0030195080576114627));
#762=FACE_SURFACE('',(#767),#763,.T.);
#763=PLANE('',#764);
#764=AXIS2_PLACEMENT_3D('',#38,#765,#766);
#765=DIRECTION('',(-0.0015206864351891198,0.0028449604813115498,0.9999947968427764));
#766=DIRECTION('',(-0.7516153198958666,0.6595947949073917,-0.0030195080576114627));
#767=FACE_BOUND('',#768,.T.);
#768=EDGE_LOOP('',(#769,#770,#771));
#769=ORIENTED_EDGE('',*,*,#772,.T.);
#770=ORIENTED_EDGE('',*,*,#773,.T.);
#771=ORIENTED_EDGE('',*,*,#774,.T.);
#772=EDGE_CURVE('',#39,#49,#775,.F.);
#773=EDGE_CURVE('',#49,#51,#776,.T.);
#774=EDGE_CURVE('',#51,#39,#777,.T.);
#775=LINE('',#38,#778);
#776=LINE('',#48,#779);
#777=LINE('',#50,#780);
#778=VECTOR('',#781,1.0);
#779=VECTOR('',#782,1.0);
#780=VECTOR('',#783,1.0);
#781=DIRECTION('',(-0.7516153198958666,0.6595947949073917,-0.0030195080576114627));
#782=DIRECTION('',(-0.8819182516739295,-0.4714023731000935,0));
#783=DIRECTION('',(0.7844391641611359,-0.6201987196512933,0.0029573422316554756));
#784=FACE_SURFACE('',(#789),#785,.T.);
#785=PLANE('',#786);
#786=AXIS2_PLACEMENT_3D('',#42,#787,#788);
#787=DIRECTION('',(-1.9457444885453823E-07,0.004577518872425106,0.9999895231055848));
#788=DIRECTION('',(-0.7467549275147934,-0.6650923320177748,0.003044359297719063));
#789=FACE_BOUND('',#790,.T.);
#790=EDGE_LOOP('',(#791,#792,#793));
#791=ORIENTED_EDGE('',*,*,#794,.T.);
#792=ORIENTED_EDGE('',*,*,#795,.T.);
#793=ORIENTED_EDGE('',*,*,#796,.T.);
#794=EDGE_CURVE('',#43,#41,#797,.F.);
#795=EDGE_CURVE('',#41,#39,#798,.T.);
#796=EDGE_CURVE('',#39,#43,#799,.T.);
#797=LINE('',#42,#800);
#798=LINE('',#40,#801);
#799=LINE('',#38,#802);
#800=VECTOR('',#803,1.0);
#801=VECTOR('',#804,1.0);
#802=VECTOR('',#805,1.0);
#803=DIRECTION('',(-0.7467549275147934,-0.6650923320177748,0.003044359297719063));
#804=DIRECTION('',(0.999999999999981,0,1.9457648741184883E-07));
#805=DIRECTION('',(-0.8509357001667907,0.5252643640003177,-0.00240459830229122));
#806=FACE_SURFACE('',(#811),#807,.T.);
#807=PLANE('',#808);
#808=AXIS2_PLACEMENT_3D('',#52,#809,#810);
#809=DIRECTION('',(0.018237598112870505,0.0341196217080124,0.9992513404692412));
#810=DIRECTION('',(-0.8819182516739295,0.4714023731000935,0));
#811=FACE_BOUND('',#812,.T.);
#812=EDGE_LOOP('',(#813,#814,#815));
#813=ORIENTED_EDGE('',*,*,#816,.T.);
#814=ORIENTED_EDGE('',*,*,#817,.T.);
#815=ORIENTED_EDGE('',*,*,#818,.T.);
#816=EDGE_CURVE('',#53,#43,#819,.F.);
#817=EDGE_CURVE('',#43,#39,#820,.T.);
#818=EDGE_CURVE('',#39,#53,#821,.T.);
#819=LINE('',#52,#822);
#820=LINE('',#42,#823);
#821=LINE('',#38,#824);
#822=VECTOR('',#825,1.0);
#823=VECTOR('',#826,1.0);
#824=VECTOR('',#827,1.0);
#825=DIRECTION('',(-0.8819182516739295,0.4714023731000935,0));
#826=DIRECTION('',(0.8509357001667907,-0.5252643640003177,0.00240459830229122));
#827=DIRECTION('',(-0.8494117026424853,0.5277247644598472,-0.0025164240089749694));
#828=FACE_SURFACE('',(#833),#829,.T.);
#829=PLANE('',#830);
#830=AXIS2_PLACEMENT_3D('',#38,#831,#832);
#831=DIRECTION('',(-0.001045386027834521,0.003446123388650245,0.9999935156797983));
#832=DIRECTION('',(-0.7844391641611359,0.6201987196512933,-0.0029573422316554756));
#833=FACE_BOUND('',#834,.T.);
#834=EDGE_LOOP('',(#835,#836,#837));
#835=ORIENTED_EDGE('',*,*,#838,.T.);
#836=ORIENTED_EDGE('',*,*,#839,.T.);
#837=ORIENTED_EDGE('',*,*,#840,.T.);
#838=EDGE_CURVE('',#39,#51,#841,.F.);
#839=EDGE_CURVE('',#51,#55,#842,.T.);
#840=EDGE_CURVE('',#55,#39,#843,.T.);
#841=LINE('',#38,#844);
#842=LINE('',#50,#845);
#843=LINE('',#54,#846);
#844=VECTOR('',#847,1.0);
#845=VECTOR('',#848,1.0);
#846=VECTOR('',#849,1.0);
#847=DIRECTION('',(-0.7844391641611359,0.6201987196512933,-0.0029573422316554756));
#848=DIRECTION('',(-0.956939107195417,-0.290288727166658,0));
#849=DIRECTION('',(0.8107164015115695,-0.5854320695755801,0.0028650013236927617));
#850=FACE_SURFACE('',(#855),#851,.T.);
#851=PLANE('',#852);
#852=AXIS2_PLACEMENT_3D('',#38,#853,#854);
#853=DIRECTION('',(-0.0004246523240307826,0.004305712028531893,0.9999906402133627));
#854=DIRECTION('',(-0.8107164015115695,0.5854320695755801,-0.0028650013236927617));
#855=FACE_BOUND('',#856,.T.);
#856=EDGE_LOOP('',(#857,#858,#859));
#857=ORIENTED_EDGE('',*,*,#860,.T.);
#858=ORIENTED_EDGE('',*,*,#861,.T.);
#859=ORIENTED_EDGE('',*,*,#862,.T.);
#860=EDGE_CURVE('',#39,#55,#863,.F.);
#861=EDGE_CURVE('',#55,#57,#864,.T.);
#862=EDGE_CURVE('',#57,#39,#865,.T.);
#863=LINE('',#38,#866);
#864=LINE('',#54,#867);
#865=LINE('',#56,#868);
#866=VECTOR('',#869,1.0);
#867=VECTOR('',#870,1.0);
#868=VECTOR('',#871,1.0);
#869=DIRECTION('',(-0.8107164015115695,0.5854320695755801,-0.0028650013236927617));
#870=DIRECTION('',(-0.9951875708234723,-0.09798825887822993,-6.994964369823102E-07));
#871=DIRECTION('',(0.8300202701569086,-0.5577264267854068,0.002753905197119892));
#872=FACE_SURFACE('',(#877),#873,.T.);
#873=PLANE('',#874);
#874=AXIS2_PLACEMENT_3D('',#58,#875,#876);
#875=DIRECTION('',(0.0028265553516741817,0.009317762288153337,0.9999525938217197));
#876=DIRECTION('',(-0.956939107195417,0.290288727166658,0));
#877=FACE_BOUND('',#878,.T.);
#878=EDGE_LOOP('',(#879,#880,#881));
#879=ORIENTED_EDGE('',*,*,#882,.T.);
#880=ORIENTED_EDGE('',*,*,#883,.T.);
#881=ORIENTED_EDGE('',*,*,#884,.T.);
#882=EDGE_CURVE('',#59,#53,#885,.F.);
#883=EDGE_CURVE('',#53,#39,#886,.T.);
#884=EDGE_CURVE('',#39,#59,#887,.T.);
#885=LINE('',#58,#888);
#886=LINE('',#52,#889);
#887=LINE('',#38,#890);
#888=VECTOR('',#891,1.0);
#889=VECTOR('',#892,1.0);
#890=VECTOR('',#893,1.0);
#891=DIRECTION('',(-0.956939107195417,0.290288727166658,0));
#892=DIRECTION('',(0.8494117026424853,-0.5277247644598472,0.0025164240089749694));
#893=DIRECTION('',(-0.8426896699665753,0.5383931442494853,-0.002634835246713025));
#894=FACE_SURFACE('',(#899),#895,.T.);
#895=PLANE('',#896);
#896=AXIS2_PLACEMENT_3D('',#38,#897,#898);
#897=DIRECTION('',(0.0005696432849233017,0.005785406572671253,0.9999831021458897));
#898=DIRECTION('',(-0.8300202701569086,0.5577264267854068,-0.002753905197119892));
#899=FACE_BOUND('',#900,.T.);
#900=EDGE_LOOP('',(#901,#902,#903));
#901=ORIENTED_EDGE('',*,*,#904,.T.);
#902=ORIENTED_EDGE('',*,*,#905,.T.);
#903=ORIENTED_EDGE('',*,*,#906,.T.);
#904=EDGE_CURVE('',#39,#57,#907,.F.);
#905=EDGE_CURVE('',#57,#59,#908,.T.);
#906=EDGE_CURVE('',#59,#39,#909,.T.);
#907=LINE('',#38,#910);
#908=LINE('',#56,#911);
#909=LINE('',#58,#912);
#910=VECTOR('',#913,1.0);
#911=VECTOR('',#914,1.0);
#912=VECTOR('',#915,1.0);
#913=DIRECTION('',(-0.8300202701569086,0.5577264267854068,-0.002753905197119892));
#914=DIRECTION('',(-0.9951875708237157,0.09798825887825391,0));
#915=DIRECTION('',(0.8426896699665753,-0.5383931442494853,0.002634835246713025));
#916=FACE_SURFACE('',(#921),#917,.T.);
#917=PLANE('',#918);
#918=AXIS2_PLACEMENT_3D('',#40,#919,#920);
#919=DIRECTION('',(0.002381472273387377,0.001954452898761052,0.9999952543405782));
#920=DIRECTION('',(0.7082659512563113,0.7059390477550914,-0.003066454895685363));
#921=FACE_BOUND('',#922,.T.);
#922=EDGE_LOOP('',(#923,#924,#925));
#923=ORIENTED_EDGE('',*,*,#926,.T.);
#924=ORIENTED_EDGE('',*,*,#927,.T.);
#925=ORIENTED_EDGE('',*,*,#928,.T.);
#926=EDGE_CURVE('',#41,#45,#929,.F.);
#927=EDGE_CURVE('',#45,#61,#930,.T.);
#928=EDGE_CURVE('',#61,#41,#931,.T.);
#929=LINE('',#40,#932);
#930=LINE('',#44,#933);
#931=LINE('',#60,#934);
#932=VECTOR('',#935,1.0);
#933=VECTOR('',#936,1.0);
#934=VECTOR('',#937,1.0);
#935=DIRECTION('',(0.7082659512563113,0.7059390477550914,-0.003066454895685363));
#936=DIRECTION('',(-0.634398930858317,0.773005819205667,0));
#937=DIRECTION('',(-0.6675248576687418,-0.7445812867918881,0.0030449554449901));
#938=FACE_SURFACE('',(#943),#939,.T.);
#939=PLANE('',#940);
#940=AXIS2_PLACEMENT_3D('',#40,#941,#942);
#941=DIRECTION('',(0.0028577113986781723,0.0015274975141157947,0.9999947501046724));
#942=DIRECTION('',(0.6675248576687418,0.7445812867918881,-0.0030449554449901));
#943=FACE_BOUND('',#944,.T.);
#944=EDGE_LOOP('',(#945,#946,#947));
#945=ORIENTED_EDGE('',*,*,#948,.T.);
#946=ORIENTED_EDGE('',*,*,#949,.T.);
#947=ORIENTED_EDGE('',*,*,#950,.T.);
#948=EDGE_CURVE('',#41,#61,#951,.F.);
#949=EDGE_CURVE('',#61,#63,#952,.T.);
#950=EDGE_CURVE('',#63,#41,#953,.T.);
#951=LINE('',#40,#954);
#952=LINE('',#60,#955);
#953=LINE('',#62,#956);
#954=VECTOR('',#957,1.0);
#955=VECTOR('',#958,1.0);
#956=VECTOR('',#959,1.0);
#957=DIRECTION('',(0.6675248576687418,0.7445812867918881,-0.0030449554449901));
#958=DIRECTION('',(-0.47140128499907463,0.8819188332841187,0));
#959=DIRECTION('',(-0.6279662878457405,-0.7782348239238424,0.0029833138397897916));
#960=FACE_SURFACE('',(#965),#961,.T.);
#961=PLANE('',#962);
#962=AXIS2_PLACEMENT_3D('',#64,#963,#964);
#963=DIRECTION('',(-0.0023611406926116224,0.0019377669530846635,0.9999953350260516));
#964=DIRECTION('',(-0.634398930858317,-0.773005819205667,0));
#965=FACE_BOUND('',#966,.T.);
#966=EDGE_LOOP('',(#967,#968,#969));
#967=ORIENTED_EDGE('',*,*,#970,.T.);
#968=ORIENTED_EDGE('',*,*,#971,.T.);
#969=ORIENTED_EDGE('',*,*,#972,.T.);
#970=EDGE_CURVE('',#65,#47,#973,.F.);
#971=EDGE_CURVE('',#47,#39,#974,.T.);
#972=EDGE_CURVE('',#39,#65,#975,.T.);
#973=LINE('',#64,#976);
#974=LINE('',#46,#977);
#975=LINE('',#38,#978);
#976=VECTOR('',#979,1.0);
#977=VECTOR('',#980,1.0);
#978=VECTOR('',#981,1.0);
#979=DIRECTION('',(-0.634398930858317,-0.773005819205667,0));
#980=DIRECTION('',(0.7137843594151663,-0.7003589304759644,0.003042491880684274));
#981=DIRECTION('',(-0.6736254834504872,0.7390666894576783,-0.00302267764822438));
#982=FACE_SURFACE('',(#987),#983,.T.);
#983=PLANE('',#984);
#984=AXIS2_PLACEMENT_3D('',#66,#985,#986);
#985=DIRECTION('',(-0.0028290323797139907,0.001511303122973069,0.9999948562561035));
#986=DIRECTION('',(-0.4713838750898831,-0.8819281389686783,-6.994988411870861E-07));
#987=FACE_BOUND('',#988,.T.);
#988=EDGE_LOOP('',(#989,#990,#991));
#989=ORIENTED_EDGE('',*,*,#992,.T.);
#990=ORIENTED_EDGE('',*,*,#993,.T.);
#991=ORIENTED_EDGE('',*,*,#994,.T.);
#992=EDGE_CURVE('',#67,#65,#995,.F.);
#993=EDGE_CURVE('',#65,#39,#996,.T.);
#994=EDGE_CURVE('',#39,#67,#997,.T.);
#995=LINE('',#66,#998);
#996=LINE('',#64,#999);
#997=LINE('',#38,#1000);
#998=VECTOR('',#1001,1.0);
#999=VECTOR('',#1002,1.0);
#1000=VECTOR('',#1003,1.0);
#1001=DIRECTION('',(-0.4713838750898831,-0.8819281389686783,-6.994988411870861E-07));
#1002=DIRECTION('',(0.6736254834504872,-0.7390666894576783,0.00302267764822438));
#1003=DIRECTION('',(-0.6345022930215173,0.7729152992923558,-0.0029631520792702706));
#1004=FACE_SURFACE('',(#1009),#1005,.T.);
#1005=PLANE('',#1006);
#1006=AXIS2_PLACEMENT_3D('',#68,#1007,#1008);
#1007=DIRECTION('',(0.004750701163255262,0,0.9999887153555572));
#1008=DIRECTION('',(0,-1,0));
#1009=FACE_BOUND('',#1010,.T.);
#1010=EDGE_LOOP('',(#1011,#1012,#1013));
#1011=ORIENTED_EDGE('',*,*,#1014,.T.);
#1012=ORIENTED_EDGE('',*,*,#1015,.T.);
#1013=ORIENTED_EDGE('',*,*,#1016,.T.);
#1014=EDGE_CURVE('',#69,#41,#1017,.F.);
#1015=EDGE_CURVE('',#41,#63,#1018,.T.);
#1016=EDGE_CURVE('',#63,#69,#1019,.T.);
#1017=LINE('',#68,#1020);
#1018=LINE('',#40,#1021);
#1019=LINE('',#62,#1022);
#1020=VECTOR('',#1023,1.0);
#1021=VECTOR('',#1024,1.0);
#1022=VECTOR('',#1025,1.0);
#1023=DIRECTION('',(0,-1,0));
#1024=DIRECTION('',(0.6279662878457405,0.7782348239238424,-0.0029833138397897916));
#1025=DIRECTION('',(-0.5282449368593721,0.8490883280202511,0.002509562155538154));
#1026=FACE_SURFACE('',(#1031),#1027,.T.);
#1027=PLANE('',#1028);
#1028=AXIS2_PLACEMENT_3D('',#68,#1029,#1030);
#1029=DIRECTION('',(0.009270667038395968,0.002812120315520119,0.9999530722548905));
#1030=DIRECTION('',(0.5282449368593721,-0.8490883280202511,-0.002509562155538154));
#1031=FACE_BOUND('',#1032,.T.);
#1032=EDGE_LOOP('',(#1033,#1034,#1035));
#1033=ORIENTED_EDGE('',*,*,#1036,.T.);
#1034=ORIENTED_EDGE('',*,*,#1037,.T.);
#1035=ORIENTED_EDGE('',*,*,#1038,.T.);
#1036=EDGE_CURVE('',#69,#63,#1039,.F.);
#1037=EDGE_CURVE('',#63,#71,#1040,.T.);
#1038=EDGE_CURVE('',#71,#69,#1041,.T.);
#1039=LINE('',#68,#1042);
#1040=LINE('',#62,#1043);
#1041=LINE('',#70,#1044);
#1042=VECTOR('',#1045,1.0);
#1043=VECTOR('',#1046,1.0);
#1044=VECTOR('',#1047,1.0);
#1045=DIRECTION('',(0.5282449368593721,-0.8490883280202511,-0.002509562155538154));
#1046=DIRECTION('',(-0.2902746779125706,0.9569433689423599,0));
#1047=DIRECTION('',(-0.5389045594464855,0.8423627324902472,0.0026273026764192958));
#1048=FACE_SURFACE('',(#1053),#1049,.T.);
#1049=PLANE('',#1050);
#1050=AXIS2_PLACEMENT_3D('',#66,#1051,#1052);
#1051=DIRECTION('',(-0.004669990637180386,0,0.9999890955342707));
#1052=DIRECTION('',(0.6345022930215173,-0.7729152992923558,0.0029631520792702706));
#1053=FACE_BOUND('',#1054,.T.);
#1054=EDGE_LOOP('',(#1055,#1056,#1057));
#1055=ORIENTED_EDGE('',*,*,#1058,.T.);
#1056=ORIENTED_EDGE('',*,*,#1059,.T.);
#1057=ORIENTED_EDGE('',*,*,#1060,.T.);
#1058=EDGE_CURVE('',#67,#39,#1061,.F.);
#1059=EDGE_CURVE('',#39,#73,#1062,.T.);
#1060=EDGE_CURVE('',#73,#67,#1063,.T.);
#1061=LINE('',#66,#1064);
#1062=LINE('',#38,#1065);
#1063=LINE('',#72,#1066);
#1064=VECTOR('',#1067,1.0);
#1065=VECTOR('',#1068,1.0);
#1066=VECTOR('',#1069,1.0);
#1067=DIRECTION('',(0.6345022930215173,-0.7729152992923558,0.0029631520792702706));
#1068=DIRECTION('',(0,1,0));
#1069=DIRECTION('',(-0.5348092738082801,-0.8449691134799724,-0.0024975815361541766));
#1070=FACE_SURFACE('',(#1075),#1071,.T.);
#1071=PLANE('',#1072);
#1072=AXIS2_PLACEMENT_3D('',#74,#1073,#1074);
#1073=DIRECTION('',(-0.008968208552469763,0.002720583764077304,0.9999560838653576));
#1074=DIRECTION('',(-0.29029517557761303,-0.9569371510378113,0));
#1075=FACE_BOUND('',#1076,.T.);
#1076=EDGE_LOOP('',(#1077,#1078,#1079));
#1077=ORIENTED_EDGE('',*,*,#1080,.T.);
#1078=ORIENTED_EDGE('',*,*,#1081,.T.);
#1079=ORIENTED_EDGE('',*,*,#1082,.T.);
#1080=EDGE_CURVE('',#75,#67,#1083,.F.);
#1081=EDGE_CURVE('',#67,#73,#1084,.T.);
#1082=EDGE_CURVE('',#73,#75,#1085,.T.);
#1083=LINE('',#74,#1086);
#1084=LINE('',#66,#1087);
#1085=LINE('',#72,#1088);
#1086=VECTOR('',#1089,1.0);
#1087=VECTOR('',#1090,1.0);
#1088=VECTOR('',#1091,1.0);
#1089=DIRECTION('',(-0.29029517557761303,-0.9569371510378113,0));
#1090=DIRECTION('',(0.5348092738082801,0.8449691134799724,0.0024975815361541766));
#1091=DIRECTION('',(-0.5456643399606682,-0.8379997587310469,-0.0026138978547987817));
#1092=FACE_SURFACE('',(#1097),#1093,.T.);
#1093=PLANE('',#1094);
#1094=AXIS2_PLACEMENT_3D('',#68,#1095,#1096);
#1095=DIRECTION('',(0.005762344367710439,0.0005675643055168382,0.9999832364885658));
#1096=DIRECTION('',(0.5389045594464855,-0.8423627324902472,-0.0026273026764192958));
#1097=FACE_BOUND('',#1098,.T.);
#1098=EDGE_LOOP('',(#1099,#1100,#1101));
#1099=ORIENTED_EDGE('',*,*,#1102,.T.);
#1100=ORIENTED_EDGE('',*,*,#1103,.T.);
#1101=ORIENTED_EDGE('',*,*,#1104,.T.);
#1102=EDGE_CURVE('',#69,#71,#1105,.F.);
#1103=EDGE_CURVE('',#71,#77,#1106,.T.);
#1104=EDGE_CURVE('',#77,#69,#1107,.T.);
#1105=LINE('',#68,#1108);
#1106=LINE('',#70,#1109);
#1107=LINE('',#76,#1110);
#1108=VECTOR('',#1111,1.0);
#1109=VECTOR('',#1112,1.0);
#1110=VECTOR('',#1113,1.0);
#1111=DIRECTION('',(0.5389045594464855,-0.8423627324902472,-0.0026273026764192958));
#1112=DIRECTION('',(-0.09802106105390138,0.9951843405067562,0));
#1113=DIRECTION('',(-0.5581958392149796,0.8297046863063133,0.002745651912879567));
#1114=FACE_SURFACE('',(#1119),#1115,.T.);
#1115=PLANE('',#1116);
#1116=AXIS2_PLACEMENT_3D('',#68,#1117,#1118);
#1117=DIRECTION('',(0.004290613086637285,-0.00042258893784277794,0.9999907059857759));
#1118=DIRECTION('',(0.5581958392149796,-0.8297046863063133,-0.002745651912879567));
#1119=FACE_BOUND('',#1120,.T.);
#1120=EDGE_LOOP('',(#1121,#1122,#1123));
#1121=ORIENTED_EDGE('',*,*,#1124,.T.);
#1122=ORIENTED_EDGE('',*,*,#1125,.T.);
#1123=ORIENTED_EDGE('',*,*,#1126,.T.);
#1124=EDGE_CURVE('',#69,#77,#1127,.F.);
#1125=EDGE_CURVE('',#77,#79,#1128,.T.);
#1126=EDGE_CURVE('',#79,#69,#1129,.T.);
#1127=LINE('',#68,#1130);
#1128=LINE('',#76,#1131);
#1129=LINE('',#78,#1132);
#1130=VECTOR('',#1133,1.0);
#1131=VECTOR('',#1134,1.0);
#1132=VECTOR('',#1135,1.0);
#1133=DIRECTION('',(0.5581958392149796,-0.8297046863063133,-0.002745651912879567));
#1134=DIRECTION('',(0.09801723995228055,0.9951847168602103,0));
#1135=DIRECTION('',(-0.5858278250018664,0.8104305043249186,0.0028560660428057463));
#1136=FACE_SURFACE('',(#1141),#1137,.T.);
#1137=PLANE('',#1138);
#1138=AXIS2_PLACEMENT_3D('',#80,#1139,#1140);
#1139=DIRECTION('',(-0.005643950330638831,0.0005559030396951669,0.9999839182689269));
#1140=DIRECTION('',(-0.09802106105390138,-0.9951843405067562,0));
#1141=FACE_BOUND('',#1142,.T.);
#1142=EDGE_LOOP('',(#1143,#1144,#1145));
#1143=ORIENTED_EDGE('',*,*,#1146,.T.);
#1144=ORIENTED_EDGE('',*,*,#1147,.T.);
#1145=ORIENTED_EDGE('',*,*,#1148,.T.);
#1146=EDGE_CURVE('',#81,#75,#1149,.F.);
#1147=EDGE_CURVE('',#75,#73,#1150,.T.);
#1148=EDGE_CURVE('',#73,#81,#1151,.T.);
#1149=LINE('',#80,#1152);
#1150=LINE('',#74,#1153);
#1151=LINE('',#72,#1154);
#1152=VECTOR('',#1155,1.0);
#1153=VECTOR('',#1156,1.0);
#1154=VECTOR('',#1157,1.0);
#1155=DIRECTION('',(-0.09802106105390138,-0.9951843405067562,0));
#1156=DIRECTION('',(0.5456643399606682,0.8379997587310469,0.0026138978547987817));
#1157=DIRECTION('',(-0.5650450461805774,-0.825055537688283,-0.002730479204730728));
#1158=FACE_SURFACE('',(#1163),#1159,.T.);
#1159=PLANE('',#1160);
#1160=AXIS2_PLACEMENT_3D('',#82,#1161,#1162);
#1161=DIRECTION('',(-0.00422470868329611,-0.000416097914008947,0.9999909893089374));
#1162=DIRECTION('',(0.09801723995228055,-0.9951847168602103,0));
#1163=FACE_BOUND('',#1164,.T.);
#1164=EDGE_LOOP('',(#1165,#1166,#1167));
#1165=ORIENTED_EDGE('',*,*,#1168,.T.);
#1166=ORIENTED_EDGE('',*,*,#1169,.T.);
#1167=ORIENTED_EDGE('',*,*,#1170,.T.);
#1168=EDGE_CURVE('',#83,#81,#1171,.F.);
#1169=EDGE_CURVE('',#81,#73,#1172,.T.);
#1170=EDGE_CURVE('',#73,#83,#1173,.T.);
#1171=LINE('',#82,#1174);
#1172=LINE('',#80,#1175);
#1173=LINE('',#72,#1176);
#1174=VECTOR('',#1177,1.0);
#1175=VECTOR('',#1178,1.0);
#1176=VECTOR('',#1179,1.0);
#1177=DIRECTION('',(0.09801723995228055,-0.9951847168602103,0));
#1178=DIRECTION('',(0.5650450461805774,0.825055537688283,0.002730479204730728));
#1179=DIRECTION('',(-0.5926201020207329,-0.8054770981995509,-0.002838830211067641));
#1180=FACE_SURFACE('',(#1185),#1181,.T.);
#1181=PLANE('',#1182);
#1182=AXIS2_PLACEMENT_3D('',#68,#1183,#1184);
#1183=DIRECTION('',(0.0034341515468140726,-0.0010417008193394038,0.999993560710546));
#1184=DIRECTION('',(0.5858278250018664,-0.8104305043249186,-0.0028560660428057463));
#1185=FACE_BOUND('',#1186,.T.);
#1186=EDGE_LOOP('',(#1187,#1188,#1189));
#1187=ORIENTED_EDGE('',*,*,#1190,.T.);
#1188=ORIENTED_EDGE('',*,*,#1191,.T.);
#1189=ORIENTED_EDGE('',*,*,#1192,.T.);
#1190=EDGE_CURVE('',#69,#79,#1193,.F.);
#1191=EDGE_CURVE('',#79,#85,#1194,.T.);
#1192=EDGE_CURVE('',#85,#69,#1195,.T.);
#1193=LINE('',#68,#1196);
#1194=LINE('',#78,#1197);
#1195=LINE('',#84,#1198);
#1196=VECTOR('',#1199,1.0);
#1197=VECTOR('',#1200,1.0);
#1198=VECTOR('',#1201,1.0);
#1199=DIRECTION('',(0.5858278250018664,-0.8104305043249186,-0.0028560660428057463));
#1200=DIRECTION('',(0.29027506652090557,0.9569432510636583,0));
#1201=DIRECTION('',(-0.6204857089810035,0.7842122133518916,0.0029477754440371024));
#1202=FACE_SURFACE('',(#1207),#1203,.T.);
#1203=PLANE('',#1204);
#1204=AXIS2_PLACEMENT_3D('',#68,#1205,#1206);
#1205=DIRECTION('',(0.0028353106424243916,-0.001515521507851864,0.9999948320907064));
#1206=DIRECTION('',(0.6204857089810035,-0.7842122133518916,-0.0029477754440371024));
#1207=FACE_BOUND('',#1208,.T.);
#1208=EDGE_LOOP('',(#1209,#1210,#1211));
#1209=ORIENTED_EDGE('',*,*,#1212,.T.);
#1210=ORIENTED_EDGE('',*,*,#1213,.T.);
#1211=ORIENTED_EDGE('',*,*,#1214,.T.);
#1212=EDGE_CURVE('',#69,#85,#1215,.F.);
#1213=EDGE_CURVE('',#85,#87,#1216,.T.);
#1214=EDGE_CURVE('',#87,#69,#1217,.T.);
#1215=LINE('',#68,#1218);
#1216=LINE('',#84,#1219);
#1217=LINE('',#86,#1220);
#1218=VECTOR('',#1221,1.0);
#1219=VECTOR('',#1222,1.0);
#1220=VECTOR('',#1223,1.0);
#1221=DIRECTION('',(0.6204857089810035,-0.7842122133518916,-0.0029477754440371024));
#1222=DIRECTION('',(0.471400703389788,0.8819191441643689,0));
#1223=DIRECTION('',(-0.6597514965080129,0.7514778145657738,0.003009496782858926));
#1224=FACE_SURFACE('',(#1229),#1225,.T.);
#1225=PLANE('',#1226);
#1226=AXIS2_PLACEMENT_3D('',#88,#1227,#1228);
#1227=DIRECTION('',(-0.0033917775515307507,-0.0010289266105175674,0.9999937185578072));
#1228=DIRECTION('',(0.29029556420833896,-0.9569370331432272,0));
#1229=FACE_BOUND('',#1230,.T.);
#1230=EDGE_LOOP('',(#1231,#1232,#1233));
#1231=ORIENTED_EDGE('',*,*,#1234,.T.);
#1232=ORIENTED_EDGE('',*,*,#1235,.T.);
#1233=ORIENTED_EDGE('',*,*,#1236,.T.);
#1234=EDGE_CURVE('',#89,#83,#1237,.F.);
#1235=EDGE_CURVE('',#83,#73,#1238,.T.);
#1236=EDGE_CURVE('',#73,#89,#1239,.T.);
#1237=LINE('',#88,#1240);
#1238=LINE('',#82,#1241);
#1239=LINE('',#72,#1242);
#1240=VECTOR('',#1243,1.0);
#1241=VECTOR('',#1244,1.0);
#1242=VECTOR('',#1245,1.0);
#1243=DIRECTION('',(0.29029556420833896,-0.9569370331432272,0));
#1244=DIRECTION('',(0.5926201020207329,0.8054770981995509,0.002838830211067641));
#1245=DIRECTION('',(-0.6270450227961042,-0.7789775120577052,-0.0029283263173823402));
#1246=FACE_SURFACE('',(#1251),#1247,.T.);
#1247=PLANE('',#1248);
#1248=AXIS2_PLACEMENT_3D('',#90,#1249,#1250);
#1249=DIRECTION('',(-0.002807095996052795,-0.0014995759141025289,0.9999949357292499));
#1250=DIRECTION('',(0.4713832934898032,-0.8819284498292459,6.994979781355406E-07));
#1251=FACE_BOUND('',#1252,.T.);
#1252=EDGE_LOOP('',(#1253,#1254,#1255));
#1253=ORIENTED_EDGE('',*,*,#1256,.T.);
#1254=ORIENTED_EDGE('',*,*,#1257,.T.);
#1255=ORIENTED_EDGE('',*,*,#1258,.T.);
#1256=EDGE_CURVE('',#91,#89,#1259,.F.);
#1257=EDGE_CURVE('',#89,#73,#1260,.T.);
#1258=EDGE_CURVE('',#73,#91,#1261,.T.);
#1259=LINE('',#90,#1262);
#1260=LINE('',#88,#1263);
#1261=LINE('',#72,#1264);
#1262=VECTOR('',#1265,1.0);
#1263=VECTOR('',#1266,1.0);
#1264=VECTOR('',#1267,1.0);
#1265=DIRECTION('',(0.4713832934898032,-0.8819284498292459,6.994979781355406E-07));
#1266=DIRECTION('',(0.6270450227961042,0.7789775120577052,0.0029283263173823402));
#1267=DIRECTION('',(-0.6658948608717289,-0.7460396143547321,-0.0029879889663829828));
#1268=FACE_SURFACE('',(#1273),#1269,.T.);
#1269=PLANE('',#1270);
#1270=AXIS2_PLACEMENT_3D('',#68,#1271,#1272);
#1271=DIRECTION('',(0.0023576371624930677,-0.001934891637393347,0.9999953488598643));
#1272=DIRECTION('',(0.6597514965080129,-0.7514778145657738,-0.003009496782858926));
#1273=FACE_BOUND('',#1274,.T.);
#1274=EDGE_LOOP('',(#1275,#1276,#1277));
#1275=ORIENTED_EDGE('',*,*,#1278,.T.);
#1276=ORIENTED_EDGE('',*,*,#1279,.T.);
#1277=ORIENTED_EDGE('',*,*,#1280,.T.);
#1278=EDGE_CURVE('',#69,#87,#1281,.F.);
#1279=EDGE_CURVE('',#87,#93,#1282,.T.);
#1280=EDGE_CURVE('',#93,#69,#1283,.T.);
#1281=LINE('',#68,#1284);
#1282=LINE('',#86,#1285);
#1283=LINE('',#92,#1286);
#1284=VECTOR('',#1287,1.0);
#1285=VECTOR('',#1288,1.0);
#1286=VECTOR('',#1289,1.0);
#1287=DIRECTION('',(0.6597514965080129,-0.7514778145657738,-0.003009496782858926));
#1288=DIRECTION('',(0.634398930858317,0.773005819205667,0));
#1289=DIRECTION('',(-0.7003797453469872,0.7137639787740957,0.0030323113727952185));
#1290=FACE_SURFACE('',(#1295),#1291,.T.);
#1291=PLANE('',#1292);
#1292=AXIS2_PLACEMENT_3D('',#68,#1293,#1294);
#1293=DIRECTION('',(0.0019308058519781294,-0.0023537192406177985,0.9999953659865123));
#1294=DIRECTION('',(0.7003797453469872,-0.7137639787740957,-0.0030323113727952185));
#1295=FACE_BOUND('',#1296,.T.);
#1296=EDGE_LOOP('',(#1297,#1298,#1299));
#1297=ORIENTED_EDGE('',*,*,#1300,.T.);
#1298=ORIENTED_EDGE('',*,*,#1301,.T.);
#1299=ORIENTED_EDGE('',*,*,#1302,.T.);
#1300=EDGE_CURVE('',#69,#93,#1303,.F.);
#1301=EDGE_CURVE('',#93,#95,#1304,.T.);
#1302=EDGE_CURVE('',#95,#69,#1305,.T.);
#1303=LINE('',#68,#1306);
#1304=LINE('',#92,#1307);
#1305=LINE('',#94,#1308);
#1306=VECTOR('',#1309,1.0);
#1307=VECTOR('',#1310,1.0);
#1308=VECTOR('',#1311,1.0);
#1309=DIRECTION('',(0.7003797453469872,-0.7137639787740957,-0.0030323113727952185));
#1310=DIRECTION('',(0.7730002597721554,0.6344057048858334,6.994920402467092E-07));
#1311=DIRECTION('',(-0.7389646609824517,0.673737451875724,0.003012600055863944));
#1312=FACE_SURFACE('',(#1317),#1313,.T.);
#1313=PLANE('',#1314);
#1314=AXIS2_PLACEMENT_3D('',#96,#1315,#1316);
#1315=DIRECTION('',(-0.0023377109237218267,-0.0019185383522583232,0.9999954271486584));
#1316=DIRECTION('',(0.634398930858317,-0.773005819205667,0));
#1317=FACE_BOUND('',#1318,.T.);
#1318=EDGE_LOOP('',(#1319,#1320,#1321));
#1319=ORIENTED_EDGE('',*,*,#1322,.T.);
#1320=ORIENTED_EDGE('',*,*,#1323,.T.);
#1321=ORIENTED_EDGE('',*,*,#1324,.T.);
#1322=EDGE_CURVE('',#97,#91,#1325,.F.);
#1323=EDGE_CURVE('',#91,#73,#1326,.T.);
#1324=EDGE_CURVE('',#73,#97,#1327,.T.);
#1325=LINE('',#96,#1328);
#1326=LINE('',#90,#1329);
#1327=LINE('',#72,#1330);
#1328=VECTOR('',#1331,1.0);
#1329=VECTOR('',#1332,1.0);
#1330=VECTOR('',#1333,1.0);
#1331=DIRECTION('',(0.634398930858317,-0.773005819205667,0));
#1332=DIRECTION('',(0.6658948608717289,0.7460396143547321,0.0029879889663829828));
#1333=DIRECTION('',(-0.7059598067225543,-0.7082455057177911,-0.0030091398777673654));
#1334=FACE_SURFACE('',(#1339),#1335,.T.);
#1335=PLANE('',#1336);
#1336=AXIS2_PLACEMENT_3D('',#98,#1337,#1338);
#1337=DIRECTION('',(-0.0019179465434748676,-0.0023369480521963173,0.9999954300669867));
#1338=DIRECTION('',(0.7730002597723444,-0.6344057048859886,0));
#1339=FACE_BOUND('',#1340,.T.);
#1340=EDGE_LOOP('',(#1341,#1342,#1343));
#1341=ORIENTED_EDGE('',*,*,#1344,.T.);
#1342=ORIENTED_EDGE('',*,*,#1345,.T.);
#1343=ORIENTED_EDGE('',*,*,#1346,.T.);
#1344=EDGE_CURVE('',#99,#97,#1347,.F.);
#1345=EDGE_CURVE('',#97,#73,#1348,.T.);
#1346=EDGE_CURVE('',#73,#99,#1349,.T.);
#1347=LINE('',#98,#1350);
#1348=LINE('',#96,#1351);
#1349=LINE('',#72,#1352);
#1350=VECTOR('',#1353,1.0);
#1351=VECTOR('',#1354,1.0);
#1352=VECTOR('',#1355,1.0);
#1353=DIRECTION('',(0.7730002597723444,-0.6344057048859886,0));
#1354=DIRECTION('',(0.7059598067225543,0.7082455057177911,0.0030091398777673654));
#1355=DIRECTION('',(-0.7439014570360782,-0.6682826430302831,-0.0029885187064847885));
#1356=FACE_SURFACE('',(#1361),#1357,.T.);
#1357=PLANE('',#1358);
#1358=AXIS2_PLACEMENT_3D('',#72,#1359,#1360);
#1359=DIRECTION('',(-1.9457454206571802E-07,-0.0044716435336489245,0.9999900021520566));
#1360=DIRECTION('',(-0.999999999999981,0,-1.9457648741184883E-07));
#1361=FACE_BOUND('',#1362,.T.);
#1362=EDGE_LOOP('',(#1363,#1364,#1365));
#1363=ORIENTED_EDGE('',*,*,#1366,.T.);
#1364=ORIENTED_EDGE('',*,*,#1367,.T.);
#1365=ORIENTED_EDGE('',*,*,#1368,.T.);
#1366=EDGE_CURVE('',#73,#69,#1369,.F.);
#1367=EDGE_CURVE('',#69,#95,#1370,.T.);
#1368=EDGE_CURVE('',#95,#73,#1371,.T.);
#1369=LINE('',#72,#1372);
#1370=LINE('',#68,#1373);
#1371=LINE('',#94,#1374);
#1372=VECTOR('',#1375,1.0);
#1373=VECTOR('',#1376,1.0);
#1374=VECTOR('',#1377,1.0);
#1375=DIRECTION('',(-0.999999999999981,0,-1.9457648741184883E-07));
#1376=DIRECTION('',(0.7389646609824517,-0.673737451875724,-0.003012600055863944));
#1377=DIRECTION('',(0.8453661465509112,0.5341819648911786,0.0023888596992843905));
#1378=FACE_SURFACE('',(#1383),#1379,.T.);
#1379=PLANE('',#1380);
#1380=AXIS2_PLACEMENT_3D('',#72,#1381,#1382);
#1381=DIRECTION('',(0.015503417417355761,-0.029004408046928495,0.9994590478665099));
#1382=DIRECTION('',(-0.8453661465509112,-0.5341819648911786,-0.0023888596992843905));
#1383=FACE_BOUND('',#1384,.T.);
#1384=EDGE_LOOP('',(#1385,#1386,#1387));
#1385=ORIENTED_EDGE('',*,*,#1388,.T.);
#1386=ORIENTED_EDGE('',*,*,#1389,.T.);
#1387=ORIENTED_EDGE('',*,*,#1390,.T.);
#1388=EDGE_CURVE('',#73,#95,#1391,.F.);
#1389=EDGE_CURVE('',#95,#101,#1392,.T.);
#1390=EDGE_CURVE('',#101,#73,#1393,.T.);
#1391=LINE('',#72,#1394);
#1392=LINE('',#94,#1395);
#1393=LINE('',#100,#1396);
#1394=VECTOR('',#1397,1.0);
#1395=VECTOR('',#1398,1.0);
#1396=VECTOR('',#1399,1.0);
#1397=DIRECTION('',(-0.8453661465509112,-0.5341819648911786,-0.0023888596992843905));
#1398=DIRECTION('',(0.8819182516739295,0.4714023731000935,0));
#1399=DIRECTION('',(0.8435664491727355,0.5370189943507747,0.002499107157648265));
#1400=FACE_SURFACE('',(#1405),#1401,.T.);
#1401=PLANE('',#1402);
#1402=AXIS2_PLACEMENT_3D('',#102,#1403,#1404);
#1403=DIRECTION('',(-0.00149863446550898,-0.002803704782027775,0.9999949466543488));
#1404=DIRECTION('',(0.8819182516739295,-0.4714023731000935,0));
#1405=FACE_BOUND('',#1406,.T.);
#1406=EDGE_LOOP('',(#1407,#1408,#1409));
#1407=ORIENTED_EDGE('',*,*,#1410,.T.);
#1408=ORIENTED_EDGE('',*,*,#1411,.T.);
#1409=ORIENTED_EDGE('',*,*,#1412,.T.);
#1410=EDGE_CURVE('',#103,#99,#1413,.F.);
#1411=EDGE_CURVE('',#99,#73,#1414,.T.);
#1412=EDGE_CURVE('',#73,#103,#1415,.T.);
#1413=LINE('',#102,#1416);
#1414=LINE('',#98,#1417);
#1415=LINE('',#72,#1418);
#1416=VECTOR('',#1419,1.0);
#1417=VECTOR('',#1420,1.0);
#1418=VECTOR('',#1421,1.0);
#1419=DIRECTION('',(0.8819182516739295,-0.4714023731000935,0));
#1420=DIRECTION('',(0.7439014570360782,0.6682826430302831,0.0029885187064847885));
#1421=DIRECTION('',(-0.7770125578733803,-0.6294782790943588,-0.002929343863628881));
#1422=FACE_SURFACE('',(#1427),#1423,.T.);
#1423=PLANE('',#1424);
#1424=AXIS2_PLACEMENT_3D('',#104,#1425,#1426);
#1425=DIRECTION('',(-0.001027079342768902,-0.0033857752551440354,0.9999937407973838));
#1426=DIRECTION('',(0.956939107195417,-0.290288727166658,0));
#1427=FACE_BOUND('',#1428,.T.);
#1428=EDGE_LOOP('',(#1429,#1430,#1431));
#1429=ORIENTED_EDGE('',*,*,#1432,.T.);
#1430=ORIENTED_EDGE('',*,*,#1433,.T.);
#1431=ORIENTED_EDGE('',*,*,#1434,.T.);
#1432=EDGE_CURVE('',#105,#103,#1435,.F.);
#1433=EDGE_CURVE('',#103,#73,#1436,.T.);
#1434=EDGE_CURVE('',#73,#105,#1437,.T.);
#1435=LINE('',#104,#1438);
#1436=LINE('',#102,#1439);
#1437=LINE('',#72,#1440);
#1438=VECTOR('',#1441,1.0);
#1439=VECTOR('',#1442,1.0);
#1440=VECTOR('',#1443,1.0);
#1441=DIRECTION('',(0.956939107195417,-0.290288727166658,0));
#1442=DIRECTION('',(0.7770125578733803,0.6294782790943588,0.002929343863628881));
#1443=DIRECTION('',(-0.8036867699790433,-0.5950458043346548,-0.0028401592166276903));
#1444=FACE_SURFACE('',(#1449),#1445,.T.);
#1445=PLANE('',#1446);
#1446=AXIS2_PLACEMENT_3D('',#72,#1447,#1448);
#1447=DIRECTION('',(0.0026966038882226275,-0.008889376251162399,0.9999568527278242));
#1448=DIRECTION('',(-0.8435664491727355,-0.5370189943507747,-0.002499107157648265));
#1449=FACE_BOUND('',#1450,.T.);
#1450=EDGE_LOOP('',(#1451,#1452,#1453));
#1451=ORIENTED_EDGE('',*,*,#1454,.T.);
#1452=ORIENTED_EDGE('',*,*,#1455,.T.);
#1453=ORIENTED_EDGE('',*,*,#1456,.T.);
#1454=EDGE_CURVE('',#73,#101,#1457,.F.);
#1455=EDGE_CURVE('',#101,#107,#1458,.T.);
#1456=EDGE_CURVE('',#107,#73,#1459,.T.);
#1457=LINE('',#72,#1460);
#1458=LINE('',#100,#1461);
#1459=LINE('',#106,#1462);
#1460=VECTOR('',#1463,1.0);
#1461=VECTOR('',#1464,1.0);
#1462=VECTOR('',#1465,1.0);
#1463=DIRECTION('',(-0.8435664491727355,-0.5370189943507747,-0.002499107157648265));
#1464=DIRECTION('',(0.956939107195417,0.290288727166658,0));
#1465=DIRECTION('',(0.8364974398174904,0.5479645905297511,0.0026154740194023647));
#1466=FACE_SURFACE('',(#1471),#1467,.T.);
#1467=PLANE('',#1468);
#1468=AXIS2_PLACEMENT_3D('',#108,#1469,#1470);
#1469=DIRECTION('',(-0.00041540965763779903,-0.004211901865127788,0.999991043618639));
#1470=DIRECTION('',(0.9951877072476911,-0.09798687331777937,6.994965328720277E-07));
#1471=FACE_BOUND('',#1472,.T.);
#1472=EDGE_LOOP('',(#1473,#1474,#1475));
#1473=ORIENTED_EDGE('',*,*,#1476,.T.);
#1474=ORIENTED_EDGE('',*,*,#1477,.T.);
#1475=ORIENTED_EDGE('',*,*,#1478,.T.);
#1476=EDGE_CURVE('',#109,#105,#1479,.F.);
#1477=EDGE_CURVE('',#105,#73,#1480,.T.);
#1478=EDGE_CURVE('',#73,#109,#1481,.T.);
#1479=LINE('',#108,#1482);
#1480=LINE('',#104,#1483);
#1481=LINE('',#72,#1484);
#1482=VECTOR('',#1485,1.0);
#1483=VECTOR('',#1486,1.0);
#1484=VECTOR('',#1487,1.0);
#1485=DIRECTION('',(0.9951877072476911,-0.09798687331777937,6.994965328720277E-07));
#1486=DIRECTION('',(0.8036867699790433,0.5950458043346548,0.0028401592166276903));
#1487=DIRECTION('',(-0.8234218377688961,-0.5674231341719216,-0.002732012409799461));
#1488=FACE_SURFACE('',(#1493),#1489,.T.);
#1489=PLANE('',#1490);
#1490=AXIS2_PLACEMENT_3D('',#72,#1491,#1492);
#1491=DIRECTION('',(0.0005530840218381649,-0.005617307716548835,0.9999840698491563));
#1492=DIRECTION('',(-0.8364974398174904,-0.5479645905297511,-0.0026154740194023647));
#1493=FACE_BOUND('',#1494,.T.);
#1494=EDGE_LOOP('',(#1495,#1496,#1497));
#1495=ORIENTED_EDGE('',*,*,#1498,.T.);
#1496=ORIENTED_EDGE('',*,*,#1499,.T.);
#1497=ORIENTED_EDGE('',*,*,#1500,.T.);
#1498=EDGE_CURVE('',#73,#107,#1501,.F.);
#1499=EDGE_CURVE('',#107,#109,#1502,.T.);
#1500=EDGE_CURVE('',#109,#73,#1503,.T.);
#1501=LINE('',#72,#1504);
#1502=LINE('',#106,#1505);
#1503=LINE('',#108,#1506);
#1504=VECTOR('',#1507,1.0);
#1505=VECTOR('',#1508,1.0);
#1506=VECTOR('',#1509,1.0);
#1507=DIRECTION('',(-0.8364974398174904,-0.5479645905297511,-0.0026154740194023647));
#1508=DIRECTION('',(0.9951877072479346,0.09798687331780334,0));
#1509=DIRECTION('',(0.8234218377688961,0.5674231341719216,0.002732012409799461));
#1510=FACE_SURFACE('',(#1515),#1511,.T.);
#1511=PLANE('',#1512);
#1512=AXIS2_PLACEMENT_3D('',#68,#1513,#1514);
#1513=DIRECTION('',(-0,1,0));
#1514=DIRECTION('',(0.999999999999981,0,1.9457648741184883E-07));
#1515=FACE_BOUND('',#1516,.T.);
#1516=EDGE_LOOP('',(#1517,#1518,#1519));
#1517=ORIENTED_EDGE('',*,*,#1520,.T.);
#1518=ORIENTED_EDGE('',*,*,#1521,.T.);
#1519=ORIENTED_EDGE('',*,*,#1522,.T.);
#1520=EDGE_CURVE('',#69,#73,#1523,.F.);
#1521=EDGE_CURVE('',#73,#111,#1524,.T.);
#1522=EDGE_CURVE('',#111,#69,#1525,.T.);
#1523=LINE('',#68,#1526);
#1524=LINE('',#72,#1527);
#1525=LINE('',#110,#1528);
#1526=VECTOR('',#1529,1.0);
#1527=VECTOR('',#1530,1.0);
#1528=VECTOR('',#1531,1.0);
#1529=DIRECTION('',(0.999999999999981,0,1.9457648741184883E-07));
#1530=DIRECTION('',(0,0,-1));
#1531=DIRECTION('',(-0.9977199025309434,0,0.06749071116564619));
#1532=FACE_SURFACE('',(#1537),#1533,.T.);
#1533=PLANE('',#1534);
#1534=AXIS2_PLACEMENT_3D('',#68,#1535,#1536);
#1535=DIRECTION('',(0,1,0));
#1536=DIRECTION('',(0.9977199025309434,0,-0.06749071116564619));
#1537=FACE_BOUND('',#1538,.T.);
#1538=EDGE_LOOP('',(#1539,#1540,#1541));
#1539=ORIENTED_EDGE('',*,*,#1542,.T.);
#1540=ORIENTED_EDGE('',*,*,#1543,.T.);
#1541=ORIENTED_EDGE('',*,*,#1544,.T.);
#1542=EDGE_CURVE('',#69,#111,#1545,.F.);
#1543=EDGE_CURVE('',#111,#113,#1546,.T.);
#1544=EDGE_CURVE('',#113,#69,#1547,.T.);
#1545=LINE('',#68,#1548);
#1546=LINE('',#110,#1549);
#1547=LINE('',#112,#1550);
#1548=VECTOR('',#1551,1.0);
#1549=VECTOR('',#1552,1.0);
#1550=VECTOR('',#1553,1.0);
#1551=DIRECTION('',(0.9977199025309434,0,-0.06749071116564619));
#1552=DIRECTION('',(-0.999999999999981,0,-1.9457648741184883E-07));
#1553=DIRECTION('',(0,0,1));
#1554=FACE_SURFACE('',(#1559),#1555,.T.);
#1555=PLANE('',#1556);
#1556=AXIS2_PLACEMENT_3D('',#114,#1557,#1558);
#1557=DIRECTION('',(-0.001943696168192841,0.0023683560489019075,-0.9999953064564009));
#1558=DIRECTION('',(0.773004596828935,0.6344004203035617,0));
#1559=FACE_BOUND('',#1560,.T.);
#1560=EDGE_LOOP('',(#1561,#1562,#1563));
#1561=ORIENTED_EDGE('',*,*,#1564,.T.);
#1562=ORIENTED_EDGE('',*,*,#1565,.T.);
#1563=ORIENTED_EDGE('',*,*,#1566,.T.);
#1564=EDGE_CURVE('',#115,#117,#1567,.F.);
#1565=EDGE_CURVE('',#117,#37,#1568,.T.);
#1566=EDGE_CURVE('',#37,#115,#1569,.T.);
#1567=LINE('',#114,#1570);
#1568=LINE('',#116,#1571);
#1569=LINE('',#36,#1572);
#1570=VECTOR('',#1573,1.0);
#1571=VECTOR('',#1574,1.0);
#1572=VECTOR('',#1575,1.0);
#1573=DIRECTION('',(0.773004596828935,0.6344004203035617,0));
#1574=DIRECTION('',(0.7137932159837769,-0.7003498883810361,-0.0030460893302377925));
#1575=DIRECTION('',(-0.751833638565153,0.6593459197562693,0.0030229162479603272));
#1576=FACE_SURFACE('',(#1581),#1577,.T.);
#1577=PLANE('',#1578);
#1578=AXIS2_PLACEMENT_3D('',#34,#1579,#1580);
#1579=DIRECTION('',(0.001958273670477904,0.0023850207748852895,-0.9999952384087312));
#1580=DIRECTION('',(0.708267131381026,0.7059378454079588,0.0030706719234087393));
#1581=FACE_BOUND('',#1582,.T.);
#1582=EDGE_LOOP('',(#1583,#1584,#1585));
#1583=ORIENTED_EDGE('',*,*,#1586,.T.);
#1584=ORIENTED_EDGE('',*,*,#1587,.T.);
#1585=ORIENTED_EDGE('',*,*,#1588,.T.);
#1586=EDGE_CURVE('',#35,#119,#1589,.F.);
#1587=EDGE_CURVE('',#119,#121,#1590,.T.);
#1588=EDGE_CURVE('',#121,#35,#1591,.T.);
#1589=LINE('',#34,#1592);
#1590=LINE('',#118,#1593);
#1591=LINE('',#120,#1594);
#1592=VECTOR('',#1595,1.0);
#1593=VECTOR('',#1596,1.0);
#1594=VECTOR('',#1597,1.0);
#1595=DIRECTION('',(0.708267131381026,0.7059378454079588,0.0030706719234087393));
#1596=DIRECTION('',(0.7730045968287476,-0.6344004203034078,6.96370424367908E-07));
#1597=DIRECTION('',(-0.7469702743659359,-0.6648504463796863,-0.003048468863290501));
#1598=FACE_SURFACE('',(#1603),#1599,.T.);
#1599=PLANE('',#1600);
#1600=AXIS2_PLACEMENT_3D('',#34,#1601,#1602);
#1601=DIRECTION('',(0.001531264878998212,0.0028647697291875407,-0.9999947241472172));
#1602=DIRECTION('',(0.7469702743659359,0.6648504463796863,0.003048468863290501));
#1603=FACE_BOUND('',#1604,.T.);
#1604=EDGE_LOOP('',(#1605,#1606,#1607));
#1605=ORIENTED_EDGE('',*,*,#1608,.T.);
#1606=ORIENTED_EDGE('',*,*,#1609,.T.);
#1607=ORIENTED_EDGE('',*,*,#1610,.T.);
#1608=EDGE_CURVE('',#35,#121,#1611,.F.);
#1609=EDGE_CURVE('',#121,#123,#1612,.T.);
#1610=EDGE_CURVE('',#123,#35,#1613,.T.);
#1611=LINE('',#34,#1614);
#1612=LINE('',#120,#1615);
#1613=LINE('',#122,#1616);
#1614=VECTOR('',#1617,1.0);
#1615=VECTOR('',#1618,1.0);
#1616=VECTOR('',#1619,1.0);
#1617=DIRECTION('',(0.7469702743659359,0.6648504463796863,0.003048468863290501));
#1618=DIRECTION('',(0.8819195292874702,-0.4713999828822303,0));
#1619=DIRECTION('',(-0.7806088334492018,-0.6250127469319867,-0.0029858522415804937));
#1620=FACE_SURFACE('',(#1625),#1621,.T.);
#1621=PLANE('',#1622);
#1622=AXIS2_PLACEMENT_3D('',#114,#1623,#1624);
#1623=DIRECTION('',(1.9457444228084295E-07,0.0045848934104062485,-0.9999894893209516));
#1624=DIRECTION('',(0.751833638565153,-0.6593459197562693,-0.0030229162479603272));
#1625=FACE_BOUND('',#1626,.T.);
#1626=EDGE_LOOP('',(#1627,#1628,#1629));
#1627=ORIENTED_EDGE('',*,*,#1630,.T.);
#1628=ORIENTED_EDGE('',*,*,#1631,.T.);
#1629=ORIENTED_EDGE('',*,*,#1632,.T.);
#1630=EDGE_CURVE('',#115,#37,#1633,.F.);
#1631=EDGE_CURVE('',#37,#35,#1634,.T.);
#1632=EDGE_CURVE('',#35,#115,#1635,.T.);
#1633=LINE('',#114,#1636);
#1634=LINE('',#36,#1637);
#1635=LINE('',#34,#1638);
#1636=VECTOR('',#1639,1.0);
#1637=VECTOR('',#1640,1.0);
#1638=VECTOR('',#1641,1.0);
#1639=DIRECTION('',(0.751833638565153,-0.6593459197562693,-0.0030229162479603272));
#1640=DIRECTION('',(-0.999999999999981,0,-1.9457648741184883E-07));
#1641=DIRECTION('',(0.8490246507600883,0.528347682279309,0.0024226084686437962));
#1642=FACE_SURFACE('',(#1647),#1643,.T.);
#1643=PLANE('',#1644);
#1644=AXIS2_PLACEMENT_3D('',#124,#1645,#1646);
#1645=DIRECTION('',(-0.017362602396526105,0.03248285678571037,-0.9993214718262884));
#1646=DIRECTION('',(0.8819195292874702,0.4713999828822303,0));
#1647=FACE_BOUND('',#1648,.T.);
#1648=EDGE_LOOP('',(#1649,#1650,#1651));
#1649=ORIENTED_EDGE('',*,*,#1652,.T.);
#1650=ORIENTED_EDGE('',*,*,#1653,.T.);
#1651=ORIENTED_EDGE('',*,*,#1654,.T.);
#1652=EDGE_CURVE('',#125,#115,#1655,.F.);
#1653=EDGE_CURVE('',#115,#35,#1656,.T.);
#1654=EDGE_CURVE('',#35,#125,#1657,.T.);
#1655=LINE('',#124,#1658);
#1656=LINE('',#114,#1659);
#1657=LINE('',#34,#1660);
#1658=VECTOR('',#1661,1.0);
#1659=VECTOR('',#1662,1.0);
#1660=VECTOR('',#1663,1.0);
#1661=DIRECTION('',(0.8819195292874702,0.4713999828822303,0));
#1662=DIRECTION('',(-0.8490246507600883,-0.528347682279309,-0.0024226084686437962));
#1663=DIRECTION('',(0.8473817111610102,0.530978154882089,0.0025366568255222447));
#1664=FACE_SURFACE('',(#1669),#1665,.T.);
#1665=PLANE('',#1666);
#1666=AXIS2_PLACEMENT_3D('',#34,#1667,#1668);
#1667=DIRECTION('',(0.0010510056553563706,0.003464582737510365,-0.9999934460053062));
#1668=DIRECTION('',(0.7806088334492018,0.6250127469319867,0.0029858522415804937));
#1669=FACE_BOUND('',#1670,.T.);
#1670=EDGE_LOOP('',(#1671,#1672,#1673));
#1671=ORIENTED_EDGE('',*,*,#1674,.T.);
#1672=ORIENTED_EDGE('',*,*,#1675,.T.);
#1673=ORIENTED_EDGE('',*,*,#1676,.T.);
#1674=EDGE_CURVE('',#35,#123,#1677,.F.);
#1675=EDGE_CURVE('',#123,#127,#1678,.T.);
#1676=EDGE_CURVE('',#127,#35,#1679,.T.);
#1677=LINE('',#34,#1680);
#1678=LINE('',#122,#1681);
#1679=LINE('',#126,#1682);
#1680=VECTOR('',#1683,1.0);
#1681=VECTOR('',#1684,1.0);
#1682=VECTOR('',#1685,1.0);
#1683=DIRECTION('',(0.7806088334492018,0.6250127469319867,0.0029858522415804937));
#1684=DIRECTION('',(0.956937575718648,-0.29029377564411685,0));
#1685=DIRECTION('',(-0.8075698401873612,-0.5897648592101112,-0.002892068574143828));
#1686=FACE_SURFACE('',(#1691),#1687,.T.);
#1687=PLANE('',#1688);
#1688=AXIS2_PLACEMENT_3D('',#34,#1689,#1690);
#1689=DIRECTION('',(0.00042544827026385685,0.0043211494886771845,-0.9999905732860016));
#1690=DIRECTION('',(0.8075698401873612,0.5897648592101112,0.002892068574143828));
#1691=FACE_BOUND('',#1692,.T.);
#1692=EDGE_LOOP('',(#1693,#1694,#1695));
#1693=ORIENTED_EDGE('',*,*,#1696,.T.);
#1694=ORIENTED_EDGE('',*,*,#1697,.T.);
#1695=ORIENTED_EDGE('',*,*,#1698,.T.);
#1696=EDGE_CURVE('',#35,#127,#1699,.F.);
#1697=EDGE_CURVE('',#127,#129,#1700,.T.);
#1698=EDGE_CURVE('',#129,#35,#1701,.T.);
#1699=LINE('',#34,#1702);
#1700=LINE('',#126,#1703);
#1701=LINE('',#128,#1704);
#1702=VECTOR('',#1705,1.0);
#1703=VECTOR('',#1706,1.0);
#1704=VECTOR('',#1707,1.0);
#1705=DIRECTION('',(0.8075698401873612,0.5897648592101112,0.002892068574143828));
#1706=DIRECTION('',(0.9951880466247186,-0.09798342643160142,0));
#1707=DIRECTION('',(-0.8273959543157013,-0.5616121551143519,-0.0027788504499226376));
#1708=FACE_SURFACE('',(#1713),#1709,.T.);
#1709=PLANE('',#1710);
#1710=AXIS2_PLACEMENT_3D('',#130,#1711,#1712);
#1711=DIRECTION('',(-0.0028092672931642046,0.009260380542663187,-0.9999531755884775));
#1712=DIRECTION('',(0.9569356977836019,0.2902999660823458,0));
#1713=FACE_BOUND('',#1714,.T.);
#1714=EDGE_LOOP('',(#1715,#1716,#1717));
#1715=ORIENTED_EDGE('',*,*,#1718,.T.);
#1716=ORIENTED_EDGE('',*,*,#1719,.T.);
#1717=ORIENTED_EDGE('',*,*,#1720,.T.);
#1718=EDGE_CURVE('',#131,#125,#1721,.F.);
#1719=EDGE_CURVE('',#125,#35,#1722,.T.);
#1720=EDGE_CURVE('',#35,#131,#1723,.T.);
#1721=LINE('',#130,#1724);
#1722=LINE('',#124,#1725);
#1723=LINE('',#34,#1726);
#1724=VECTOR('',#1727,1.0);
#1725=VECTOR('',#1728,1.0);
#1726=VECTOR('',#1729,1.0);
#1727=DIRECTION('',(0.9569356977836019,0.2902999660823458,0));
#1728=DIRECTION('',(-0.8473817111610102,-0.530978154882089,-0.0025366568255222447));
#1729=DIRECTION('',(0.840430674296826,0.5419125572257295,0.0026574465286538416));
#1730=FACE_SURFACE('',(#1735),#1731,.T.);
#1731=PLANE('',#1732);
#1732=AXIS2_PLACEMENT_3D('',#34,#1733,#1734);
#1733=DIRECTION('',(-0.000568990429821055,0.005786170815827607,-0.9999830980957534));
#1734=DIRECTION('',(0.8273959543157013,0.5616121551143519,0.0027788504499226376));
#1735=FACE_BOUND('',#1736,.T.);
#1736=EDGE_LOOP('',(#1737,#1738,#1739));
#1737=ORIENTED_EDGE('',*,*,#1740,.T.);
#1738=ORIENTED_EDGE('',*,*,#1741,.T.);
#1739=ORIENTED_EDGE('',*,*,#1742,.T.);
#1740=EDGE_CURVE('',#35,#129,#1743,.F.);
#1741=EDGE_CURVE('',#129,#131,#1744,.T.);
#1742=EDGE_CURVE('',#131,#35,#1745,.T.);
#1743=LINE('',#34,#1746);
#1744=LINE('',#128,#1747);
#1745=LINE('',#130,#1748);
#1746=VECTOR('',#1749,1.0);
#1747=VECTOR('',#1750,1.0);
#1748=VECTOR('',#1751,1.0);
#1749=DIRECTION('',(0.8273959543157013,0.5616121551143519,0.0027788504499226376));
#1750=DIRECTION('',(0.9951880466244771,0.09798342643157765,6.963798216936096E-07));
#1751=DIRECTION('',(-0.840430674296826,-0.5419125572257295,-0.0026574465286538416));
#1752=FACE_SURFACE('',(#1757),#1753,.T.);
#1753=PLANE('',#1754);
#1754=AXIS2_PLACEMENT_3D('',#132,#1755,#1756);
#1755=DIRECTION('',(0.002384775012370045,0.0019571121776411787,-0.9999952412687095));
#1756=DIRECTION('',(0.6343890043631748,-0.7730139656843853,0));
#1757=FACE_BOUND('',#1758,.T.);
#1758=EDGE_LOOP('',(#1759,#1760,#1761));
#1759=ORIENTED_EDGE('',*,*,#1762,.T.);
#1760=ORIENTED_EDGE('',*,*,#1763,.T.);
#1761=ORIENTED_EDGE('',*,*,#1764,.T.);
#1762=EDGE_CURVE('',#133,#119,#1765,.F.);
#1763=EDGE_CURVE('',#119,#35,#1766,.T.);
#1764=EDGE_CURVE('',#35,#133,#1767,.T.);
#1765=LINE('',#132,#1768);
#1766=LINE('',#118,#1769);
#1767=LINE('',#34,#1770);
#1768=VECTOR('',#1771,1.0);
#1769=VECTOR('',#1772,1.0);
#1770=VECTOR('',#1773,1.0);
#1771=DIRECTION('',(0.6343890043631748,-0.7730139656843853,0));
#1772=DIRECTION('',(-0.708267131381026,-0.7059378454079588,-0.0030706719234087393));
#1773=DIRECTION('',(0.6672869195910024,0.7447945156901565,0.003048990097744154));
#1774=FACE_SURFACE('',(#1779),#1775,.T.);
#1775=PLANE('',#1776);
#1776=AXIS2_PLACEMENT_3D('',#36,#1777,#1778);
#1777=DIRECTION('',(-0.0023639204233559794,0.0019400655985736407,-0.99999532400192));
#1778=DIRECTION('',(-0.7137932159837769,0.7003498883810361,0.0030460893302377925));
#1779=FACE_BOUND('',#1780,.T.);
#1780=EDGE_LOOP('',(#1781,#1782,#1783));
#1781=ORIENTED_EDGE('',*,*,#1784,.T.);
#1782=ORIENTED_EDGE('',*,*,#1785,.T.);
#1783=ORIENTED_EDGE('',*,*,#1786,.T.);
#1784=EDGE_CURVE('',#37,#117,#1787,.F.);
#1785=EDGE_CURVE('',#117,#135,#1788,.T.);
#1786=EDGE_CURVE('',#135,#37,#1789,.T.);
#1787=LINE('',#36,#1790);
#1788=LINE('',#116,#1791);
#1789=LINE('',#134,#1792);
#1790=VECTOR('',#1793,1.0);
#1791=VECTOR('',#1794,1.0);
#1792=VECTOR('',#1795,1.0);
#1793=DIRECTION('',(-0.7137932159837769,0.7003498883810361,0.0030460893302377925));
#1794=DIRECTION('',(0.6344023200680416,0.7730030376992616,0));
#1795=DIRECTION('',(0.6733985936810943,-0.739273411305915,-0.0030261137519788147));
#1796=FACE_SURFACE('',(#1801),#1797,.T.);
#1797=PLANE('',#1798);
#1798=AXIS2_PLACEMENT_3D('',#36,#1799,#1800);
#1799=DIRECTION('',(-0.002831421949306356,0.0015142200121167472,-0.9999948450804633));
#1800=DIRECTION('',(-0.6733985936810943,0.739273411305915,0.0030261137519788147));
#1801=FACE_BOUND('',#1802,.T.);
#1802=EDGE_LOOP('',(#1803,#1804,#1805));
#1803=ORIENTED_EDGE('',*,*,#1806,.T.);
#1804=ORIENTED_EDGE('',*,*,#1807,.T.);
#1805=ORIENTED_EDGE('',*,*,#1808,.T.);
#1806=EDGE_CURVE('',#37,#135,#1809,.F.);
#1807=EDGE_CURVE('',#135,#137,#1810,.T.);
#1808=EDGE_CURVE('',#137,#37,#1811,.T.);
#1809=LINE('',#36,#1812);
#1810=LINE('',#134,#1813);
#1811=LINE('',#136,#1814);
#1812=VECTOR('',#1815,1.0);
#1813=VECTOR('',#1816,1.0);
#1814=VECTOR('',#1817,1.0);
#1815=DIRECTION('',(-0.6733985936810943,0.739273411305915,0.0030261137519788147));
#1816=DIRECTION('',(0.471397666801007,0.8819207672654511,6.963778522989254E-07));
#1817=DIRECTION('',(0.6340452709686358,-0.7732902404921236,-0.002966196544906756));
#1818=FACE_SURFACE('',(#1823),#1819,.T.);
#1819=PLANE('',#1820);
#1820=AXIS2_PLACEMENT_3D('',#132,#1821,#1822);
#1821=DIRECTION('',(0.004569186328209118,0,-0.9999895612136649));
#1822=DIRECTION('',(-0.6672869195910024,-0.7447945156901565,-0.003048990097744154));
#1823=FACE_BOUND('',#1824,.T.);
#1824=EDGE_LOOP('',(#1825,#1826,#1827));
#1825=ORIENTED_EDGE('',*,*,#1828,.T.);
#1826=ORIENTED_EDGE('',*,*,#1829,.T.);
#1827=ORIENTED_EDGE('',*,*,#1830,.T.);
#1828=EDGE_CURVE('',#133,#35,#1831,.F.);
#1829=EDGE_CURVE('',#35,#113,#1832,.T.);
#1830=EDGE_CURVE('',#113,#133,#1833,.T.);
#1831=LINE('',#132,#1834);
#1832=LINE('',#34,#1835);
#1833=LINE('',#112,#1836);
#1834=VECTOR('',#1837,1.0);
#1835=VECTOR('',#1838,1.0);
#1836=VECTOR('',#1839,1.0);
#1837=DIRECTION('',(-0.6672869195910024,-0.7447945156901565,-0.003048990097744154));
#1838=DIRECTION('',(0,1,0));
#1839=DIRECTION('',(0.5249072497854392,-0.8511560530741037,0.0023984240659338427));
#1840=FACE_SURFACE('',(#1845),#1841,.T.);
#1841=PLANE('',#1842);
#1842=AXIS2_PLACEMENT_3D('',#138,#1843,#1844);
#1843=DIRECTION('',(0.03425999513732185,0.018312395366789587,-0.9992451695700715));
#1844=DIRECTION('',(0.4713976668011212,-0.8819207672656648,0));
#1845=FACE_BOUND('',#1846,.T.);
#1846=EDGE_LOOP('',(#1847,#1848,#1849));
#1847=ORIENTED_EDGE('',*,*,#1850,.T.);
#1848=ORIENTED_EDGE('',*,*,#1851,.T.);
#1849=ORIENTED_EDGE('',*,*,#1852,.T.);
#1850=EDGE_CURVE('',#139,#133,#1853,.F.);
#1851=EDGE_CURVE('',#133,#113,#1854,.T.);
#1852=EDGE_CURVE('',#113,#139,#1855,.T.);
#1853=LINE('',#138,#1856);
#1854=LINE('',#132,#1857);
#1855=LINE('',#112,#1858);
#1856=VECTOR('',#1859,1.0);
#1857=VECTOR('',#1860,1.0);
#1858=VECTOR('',#1861,1.0);
#1859=DIRECTION('',(0.4713976668011212,-0.8819207672656648,0));
#1860=DIRECTION('',(-0.5249072497854392,0.8511560530741037,-0.0023984240659338427));
#1861=DIRECTION('',(0.5273568230254869,-0.8496402062971855,0.0025101895827338867));
#1862=FACE_SURFACE('',(#1867),#1863,.T.);
#1863=PLANE('',#1864);
#1864=AXIS2_PLACEMENT_3D('',#110,#1865,#1866);
#1865=DIRECTION('',(-0.004678158205246967,-0,-0.9999890573580327));
#1866=DIRECTION('',(0,-1,0));
#1867=FACE_BOUND('',#1868,.T.);
#1868=EDGE_LOOP('',(#1869,#1870,#1871));
#1869=ORIENTED_EDGE('',*,*,#1872,.T.);
#1870=ORIENTED_EDGE('',*,*,#1873,.T.);
#1871=ORIENTED_EDGE('',*,*,#1874,.T.);
#1872=EDGE_CURVE('',#111,#37,#1875,.F.);
#1873=EDGE_CURVE('',#37,#137,#1876,.T.);
#1874=EDGE_CURVE('',#137,#111,#1877,.T.);
#1875=LINE('',#110,#1878);
#1876=LINE('',#36,#1879);
#1877=LINE('',#136,#1880);
#1878=VECTOR('',#1881,1.0);
#1879=VECTOR('',#1882,1.0);
#1880=VECTOR('',#1883,1.0);
#1881=DIRECTION('',(0,-1,0));
#1882=DIRECTION('',(-0.6340452709686358,0.7732902404921236,0.002966196544906756));
#1883=DIRECTION('',(0.5339301598413206,0.8455248933187524,-0.002497837091227481));
#1884=FACE_SURFACE('',(#1889),#1885,.T.);
#1885=PLANE('',#1886);
#1886=AXIS2_PLACEMENT_3D('',#110,#1887,#1888);
#1887=DIRECTION('',(-0.009002417420012898,0.0027307718927882915,-0.9999557487036441));
#1888=DIRECTION('',(-0.5339301598413206,-0.8455248933187524,0.002497837091227481));
#1889=FACE_BOUND('',#1890,.T.);
#1890=EDGE_LOOP('',(#1891,#1892,#1893));
#1891=ORIENTED_EDGE('',*,*,#1894,.T.);
#1892=ORIENTED_EDGE('',*,*,#1895,.T.);
#1893=ORIENTED_EDGE('',*,*,#1896,.T.);
#1894=EDGE_CURVE('',#111,#137,#1897,.F.);
#1895=EDGE_CURVE('',#137,#141,#1898,.T.);
#1896=EDGE_CURVE('',#141,#111,#1899,.T.);
#1897=LINE('',#110,#1900);
#1898=LINE('',#136,#1901);
#1899=LINE('',#140,#1902);
#1900=VECTOR('',#1903,1.0);
#1901=VECTOR('',#1904,1.0);
#1902=VECTOR('',#1905,1.0);
#1903=DIRECTION('',(-0.5339301598413206,-0.8455248933187524,0.002497837091227481));
#1904=DIRECTION('',(0.29027673653967984,0.956942744485726,0));
#1905=DIRECTION('',(0.5448050150390854,0.8385586792766516,-0.0026147653928341986));
#1906=FACE_SURFACE('',(#1911),#1907,.T.);
#1907=PLANE('',#1908);
#1908=AXIS2_PLACEMENT_3D('',#142,#1909,#1910);
#1909=DIRECTION('',(0.009310033942330218,0.00282430036075743,-0.9999526721777712));
#1910=DIRECTION('',(0.2902971430551106,-0.9569365541842577,0));
#1911=FACE_BOUND('',#1912,.T.);
#1912=EDGE_LOOP('',(#1913,#1914,#1915));
#1913=ORIENTED_EDGE('',*,*,#1916,.T.);
#1914=ORIENTED_EDGE('',*,*,#1917,.T.);
#1915=ORIENTED_EDGE('',*,*,#1918,.T.);
#1916=EDGE_CURVE('',#143,#139,#1919,.F.);
#1917=EDGE_CURVE('',#139,#113,#1920,.T.);
#1918=EDGE_CURVE('',#113,#143,#1921,.T.);
#1919=LINE('',#142,#1922);
#1920=LINE('',#138,#1923);
#1921=LINE('',#112,#1924);
#1922=VECTOR('',#1925,1.0);
#1923=VECTOR('',#1926,1.0);
#1924=VECTOR('',#1927,1.0);
#1925=DIRECTION('',(0.2902971430551106,-0.9569365541842577,0));
#1926=DIRECTION('',(-0.5273568230254869,0.8496402062971855,-0.0025101895827338867));
#1927=DIRECTION('',(0.5380327294177419,-0.842919849512819,0.0026285685423197815));
#1928=FACE_SURFACE('',(#1933),#1929,.T.);
#1929=PLANE('',#1930);
#1930=AXIS2_PLACEMENT_3D('',#144,#1931,#1932);
#1931=DIRECTION('',(0.005776715033119734,0.0005689004693309431,-0.9999831528159273));
#1932=DIRECTION('',(0.0980075342213991,-0.9951856727444589,0));
#1933=FACE_BOUND('',#1934,.T.);
#1934=EDGE_LOOP('',(#1935,#1936,#1937));
#1935=ORIENTED_EDGE('',*,*,#1938,.T.);
#1936=ORIENTED_EDGE('',*,*,#1939,.T.);
#1937=ORIENTED_EDGE('',*,*,#1940,.T.);
#1938=EDGE_CURVE('',#145,#143,#1941,.F.);
#1939=EDGE_CURVE('',#143,#113,#1942,.T.);
#1940=EDGE_CURVE('',#113,#145,#1943,.T.);
#1941=LINE('',#144,#1944);
#1942=LINE('',#142,#1945);
#1943=LINE('',#112,#1946);
#1944=VECTOR('',#1947,1.0);
#1945=VECTOR('',#1948,1.0);
#1946=VECTOR('',#1949,1.0);
#1947=DIRECTION('',(0.0980075342213991,-0.9951856727444589,0));
#1948=DIRECTION('',(-0.5380327294177419,0.842919849512819,-0.0026285685423197815));
#1949=DIRECTION('',(0.5573967196901602,-0.8302417402988608,0.002747643384385477));
#1950=FACE_SURFACE('',(#1955),#1951,.T.);
#1951=PLANE('',#1952);
#1952=AXIS2_PLACEMENT_3D('',#110,#1953,#1954);
#1953=DIRECTION('',(-0.00565708100728345,0.0005572453876842485,-0.9999838433255085));
#1954=DIRECTION('',(-0.5448050150390854,-0.8385586792766516,0.0026147653928341986));
#1955=FACE_BOUND('',#1956,.T.);
#1956=EDGE_LOOP('',(#1957,#1958,#1959));
#1957=ORIENTED_EDGE('',*,*,#1960,.T.);
#1958=ORIENTED_EDGE('',*,*,#1961,.T.);
#1959=ORIENTED_EDGE('',*,*,#1962,.T.);
#1960=EDGE_CURVE('',#111,#141,#1963,.F.);
#1961=EDGE_CURVE('',#141,#147,#1964,.T.);
#1962=EDGE_CURVE('',#147,#111,#1965,.T.);
#1963=LINE('',#110,#1966);
#1964=LINE('',#140,#1967);
#1965=LINE('',#146,#1968);
#1966=VECTOR('',#1969,1.0);
#1967=VECTOR('',#1970,1.0);
#1968=VECTOR('',#1971,1.0);
#1969=DIRECTION('',(-0.5448050150390854,-0.8385586792766516,0.0026147653928341986));
#1970=DIRECTION('',(0.09802960466412514,0.9951834989635808,0));
#1971=DIRECTION('',(0.56425928218152,0.825593119153188,-0.0027320466514489466));
#1972=FACE_SURFACE('',(#1977),#1973,.T.);
#1973=PLANE('',#1974);
#1974=AXIS2_PLACEMENT_3D('',#110,#1975,#1976);
#1975=DIRECTION('',(-0.004231877701207567,-0.00041684658968800287,-0.9999909586841487));
#1976=DIRECTION('',(-0.56425928218152,-0.825593119153188,0.0027320466514489466));
#1977=FACE_BOUND('',#1978,.T.);
#1978=EDGE_LOOP('',(#1979,#1980,#1981));
#1979=ORIENTED_EDGE('',*,*,#1982,.T.);
#1980=ORIENTED_EDGE('',*,*,#1983,.T.);
#1981=ORIENTED_EDGE('',*,*,#1984,.T.);
#1982=EDGE_CURVE('',#111,#147,#1985,.F.);
#1983=EDGE_CURVE('',#147,#149,#1986,.T.);
#1984=EDGE_CURVE('',#149,#111,#1987,.T.);
#1985=LINE('',#110,#1988);
#1986=LINE('',#146,#1989);
#1987=LINE('',#148,#1990);
#1988=VECTOR('',#1991,1.0);
#1989=VECTOR('',#1992,1.0);
#1990=VECTOR('',#1993,1.0);
#1991=DIRECTION('',(-0.56425928218152,-0.825593119153188,0.0027320466514489466));
#1992=DIRECTION('',(-0.09802715895138064,0.9951837398731556,0));
#1993=DIRECTION('',(0.5919682332407645,0.8059562884263628,-0.0028411229838332308));
#1994=FACE_SURFACE('',(#1999),#1995,.T.);
#1995=PLANE('',#1996);
#1996=AXIS2_PLACEMENT_3D('',#150,#1997,#1998);
#1997=DIRECTION('',(0.004298806723957732,-0.0004233429453226417,-0.9999906704772303));
#1998=DIRECTION('',(-0.09800508904860228,-0.995185913546095,0));
#1999=FACE_BOUND('',#2000,.T.);
#2000=EDGE_LOOP('',(#2001,#2002,#2003));
#2001=ORIENTED_EDGE('',*,*,#2004,.T.);
#2002=ORIENTED_EDGE('',*,*,#2005,.T.);
#2003=ORIENTED_EDGE('',*,*,#2006,.T.);
#2004=EDGE_CURVE('',#151,#145,#2007,.F.);
#2005=EDGE_CURVE('',#145,#113,#2008,.T.);
#2006=EDGE_CURVE('',#113,#151,#2009,.T.);
#2007=LINE('',#150,#2010);
#2008=LINE('',#144,#2011);
#2009=LINE('',#112,#2012);
#2010=VECTOR('',#2013,1.0);
#2011=VECTOR('',#2014,1.0);
#2012=VECTOR('',#2015,1.0);
#2013=DIRECTION('',(-0.09800508904860228,-0.995185913546095,0));
#2014=DIRECTION('',(-0.5573967196901602,0.8302417402988608,-0.002747643384385477));
#2015=DIRECTION('',(0.5851610851811111,-0.810912036886022,0.002858814969047223));
#2016=FACE_SURFACE('',(#2021),#2017,.T.);
#2017=PLANE('',#2018);
#2018=AXIS2_PLACEMENT_3D('',#152,#2019,#2020);
#2019=DIRECTION('',(0.0034395316081922518,-0.0010434133611205792,-0.9999935404345741));
#2020=DIRECTION('',(-0.29029559544323047,-0.9569370236678378,0));
#2021=FACE_BOUND('',#2022,.T.);
#2022=EDGE_LOOP('',(#2023,#2024,#2025));
#2023=ORIENTED_EDGE('',*,*,#2026,.T.);
#2024=ORIENTED_EDGE('',*,*,#2027,.T.);
#2025=ORIENTED_EDGE('',*,*,#2028,.T.);
#2026=EDGE_CURVE('',#153,#151,#2029,.F.);
#2027=EDGE_CURVE('',#151,#113,#2030,.T.);
#2028=EDGE_CURVE('',#113,#153,#2031,.T.);
#2029=LINE('',#152,#2032);
#2030=LINE('',#150,#2033);
#2031=LINE('',#112,#2034);
#2032=VECTOR('',#2035,1.0);
#2033=VECTOR('',#2036,1.0);
#2034=VECTOR('',#2037,1.0);
#2035=DIRECTION('',(-0.29029559544323047,-0.9569370236678378,0));
#2036=DIRECTION('',(-0.5851610851811111,0.810912036886022,-0.002858814969047223));
#2037=DIRECTION('',(0.6200097213600662,-0.7845885773862378,0.002951212302180758));
#2038=FACE_SURFACE('',(#2043),#2039,.T.);
#2039=PLANE('',#2040);
#2040=AXIS2_PLACEMENT_3D('',#110,#2041,#2042);
#2041=DIRECTION('',(-0.003396648423405212,-0.0010303252573389133,-0.9999937005848345));
#2042=DIRECTION('',(-0.5919682332407645,-0.8059562884263628,0.0028411229838332308));
#2043=FACE_BOUND('',#2044,.T.);
#2044=EDGE_LOOP('',(#2045,#2046,#2047));
#2045=ORIENTED_EDGE('',*,*,#2048,.T.);
#2046=ORIENTED_EDGE('',*,*,#2049,.T.);
#2047=ORIENTED_EDGE('',*,*,#2050,.T.);
#2048=EDGE_CURVE('',#111,#149,#2051,.F.);
#2049=EDGE_CURVE('',#149,#155,#2052,.T.);
#2050=EDGE_CURVE('',#155,#111,#2053,.T.);
#2051=LINE('',#110,#2054);
#2052=LINE('',#148,#2055);
#2053=LINE('',#154,#2056);
#2054=VECTOR('',#2057,1.0);
#2055=VECTOR('',#2058,1.0);
#2056=VECTOR('',#2059,1.0);
#2057=DIRECTION('',(-0.5919682332407645,-0.8059562884263628,0.0028411229838332308));
#2058=DIRECTION('',(-0.29027518901656835,0.9569432139063401,0));
#2059=DIRECTION('',(0.6265817179579685,0.7793502154459073,-0.0029312804810756213));
#2060=FACE_SURFACE('',(#2065),#2061,.T.);
#2061=PLANE('',#2062);
#2062=AXIS2_PLACEMENT_3D('',#110,#2063,#2064);
#2063=DIRECTION('',(-0.0028094142063309984,-0.001502454225924384,-0.9999949248986798));
#2064=DIRECTION('',(-0.6265817179579685,-0.7793502154459073,0.0029312804810756213));
#2065=FACE_BOUND('',#2066,.T.);
#2066=EDGE_LOOP('',(#2067,#2068,#2069));
#2067=ORIENTED_EDGE('',*,*,#2070,.T.);
#2068=ORIENTED_EDGE('',*,*,#2071,.T.);
#2069=ORIENTED_EDGE('',*,*,#2072,.T.);
#2070=EDGE_CURVE('',#111,#155,#2073,.F.);
#2071=EDGE_CURVE('',#155,#157,#2074,.T.);
#2072=EDGE_CURVE('',#157,#111,#2075,.T.);
#2073=LINE('',#110,#2076);
#2074=LINE('',#154,#2077);
#2075=LINE('',#156,#2078);
#2076=VECTOR('',#2079,1.0);
#2077=VECTOR('',#2080,1.0);
#2078=VECTOR('',#2081,1.0);
#2079=DIRECTION('',(-0.6265817179579685,-0.7793502154459073,0.0029312804810756213));
#2080=DIRECTION('',(-0.4713970877837778,0.8819210767571487,-6.963769969387849E-07));
#2081=DIRECTION('',(0.6656589876615894,0.7462500680528237,-0.002991333566171635));
#2082=FACE_SURFACE('',(#2087),#2083,.T.);
#2083=PLANE('',#2084);
#2084=AXIS2_PLACEMENT_3D('',#158,#2085,#2086);
#2085=DIRECTION('',(0.002839378164740143,-0.0015176807009726584,-0.9999948172750335));
#2086=DIRECTION('',(-0.47139708778389205,-0.8819210767573624,0));
#2087=FACE_BOUND('',#2088,.T.);
#2088=EDGE_LOOP('',(#2089,#2090,#2091));
#2089=ORIENTED_EDGE('',*,*,#2092,.T.);
#2090=ORIENTED_EDGE('',*,*,#2093,.T.);
#2091=ORIENTED_EDGE('',*,*,#2094,.T.);
#2092=EDGE_CURVE('',#159,#153,#2095,.F.);
#2093=EDGE_CURVE('',#153,#113,#2096,.T.);
#2094=EDGE_CURVE('',#113,#159,#2097,.T.);
#2095=LINE('',#158,#2098);
#2096=LINE('',#152,#2099);
#2097=LINE('',#112,#2100);
#2098=VECTOR('',#2101,1.0);
#2099=VECTOR('',#2102,1.0);
#2100=VECTOR('',#2103,1.0);
#2101=DIRECTION('',(-0.47139708778389205,-0.8819210767573624,0));
#2102=DIRECTION('',(-0.6200097213600662,0.7845885773862378,-0.002951212302180758));
#2103=DIRECTION('',(0.659504579183418,-0.7516945052819919,0.0030134307631560536));
#2104=FACE_SURFACE('',(#2109),#2105,.T.);
#2105=PLANE('',#2106);
#2106=AXIS2_PLACEMENT_3D('',#160,#2107,#2108);
#2107=DIRECTION('',(0.0023608745975617256,-0.0019375013264306183,-0.9999953361689966));
#2108=DIRECTION('',(-0.6343896873652202,-0.7730134051649157,0));
#2109=FACE_BOUND('',#2110,.T.);
#2110=EDGE_LOOP('',(#2111,#2112,#2113));
#2111=ORIENTED_EDGE('',*,*,#2114,.T.);
#2112=ORIENTED_EDGE('',*,*,#2115,.T.);
#2113=ORIENTED_EDGE('',*,*,#2116,.T.);
#2114=EDGE_CURVE('',#161,#159,#2117,.F.);
#2115=EDGE_CURVE('',#159,#113,#2118,.T.);
#2116=EDGE_CURVE('',#113,#161,#2119,.T.);
#2117=LINE('',#160,#2120);
#2118=LINE('',#158,#2121);
#2119=LINE('',#112,#2122);
#2120=VECTOR('',#2123,1.0);
#2121=VECTOR('',#2124,1.0);
#2122=VECTOR('',#2125,1.0);
#2123=DIRECTION('',(-0.6343896873652202,-0.7730134051649157,0));
#2124=DIRECTION('',(-0.659504579183418,0.7516945052819919,-0.0030134307631560536));
#2125=DIRECTION('',(0.7003707524987206,-0.7137727853401965,0.0030364373982470056));
#2126=FACE_SURFACE('',(#2131),#2127,.T.);
#2127=PLANE('',#2128);
#2128=AXIS2_PLACEMENT_3D('',#110,#2129,#2130);
#2129=DIRECTION('',(-0.002340431207876789,-0.0019207914988724872,-0.9999954164603851));
#2130=DIRECTION('',(-0.6656589876615894,-0.7462500680528237,0.002991333566171635));
#2131=FACE_BOUND('',#2132,.T.);
#2132=EDGE_LOOP('',(#2133,#2134,#2135));
#2133=ORIENTED_EDGE('',*,*,#2136,.T.);
#2134=ORIENTED_EDGE('',*,*,#2137,.T.);
#2135=ORIENTED_EDGE('',*,*,#2138,.T.);
#2136=EDGE_CURVE('',#111,#157,#2139,.F.);
#2137=EDGE_CURVE('',#157,#163,#2140,.T.);
#2138=EDGE_CURVE('',#163,#111,#2141,.T.);
#2139=LINE('',#110,#2142);
#2140=LINE('',#156,#2143);
#2141=LINE('',#162,#2144);
#2142=VECTOR('',#2145,1.0);
#2143=VECTOR('',#2146,1.0);
#2144=VECTOR('',#2147,1.0);
#2145=DIRECTION('',(-0.6656589876615894,-0.7462500680528237,0.002991333566171635));
#2146=DIRECTION('',(-0.6344030030651119,0.7730024771641859,0));
#2147=DIRECTION('',(0.7059586557898134,0.7082466379882637,-0.0030126555994603905));
#2148=FACE_SURFACE('',(#2153),#2149,.T.);
#2149=PLANE('',#2150);
#2150=AXIS2_PLACEMENT_3D('',#110,#2151,#2152);
#2151=DIRECTION('',(-0.0019201630728934022,-0.0023397019751209935,-0.9999954193737296));
#2152=DIRECTION('',(-0.7059586557898134,-0.7082466379882637,0.0030126555994603905));
#2153=FACE_BOUND('',#2154,.T.);
#2154=EDGE_LOOP('',(#2155,#2156,#2157));
#2155=ORIENTED_EDGE('',*,*,#2158,.T.);
#2156=ORIENTED_EDGE('',*,*,#2159,.T.);
#2157=ORIENTED_EDGE('',*,*,#2160,.T.);
#2158=EDGE_CURVE('',#111,#163,#2161,.F.);
#2159=EDGE_CURVE('',#163,#165,#2162,.T.);
#2160=EDGE_CURVE('',#165,#111,#2163,.T.);
#2161=LINE('',#110,#2164);
#2162=LINE('',#162,#2165);
#2163=LINE('',#164,#2166);
#2164=VECTOR('',#2167,1.0);
#2165=VECTOR('',#2168,1.0);
#2166=VECTOR('',#2169,1.0);
#2167=DIRECTION('',(-0.7059586557898134,-0.7082466379882637,0.0030126555994603905));
#2168=DIRECTION('',(-0.7730073288009033,0.6343970914341366,0));
#2169=DIRECTION('',(0.7441107440031511,0.6680495860377526,-0.0029918646133230238));
#2170=FACE_SURFACE('',(#2175),#2171,.T.);
#2171=PLANE('',#2172);
#2172=AXIS2_PLACEMENT_3D('',#166,#2173,#2174);
#2173=DIRECTION('',(0.0019344075063674453,-0.0023559610058753143,-0.9999953537468751));
#2174=DIRECTION('',(-0.7730073288007159,-0.6343970914339828,-6.963728854974883E-07));
#2175=FACE_BOUND('',#2176,.T.);
#2176=EDGE_LOOP('',(#2177,#2178,#2179));
#2177=ORIENTED_EDGE('',*,*,#2180,.T.);
#2178=ORIENTED_EDGE('',*,*,#2181,.T.);
#2179=ORIENTED_EDGE('',*,*,#2182,.T.);
#2180=EDGE_CURVE('',#167,#161,#2183,.F.);
#2181=EDGE_CURVE('',#161,#113,#2184,.T.);
#2182=EDGE_CURVE('',#113,#167,#2185,.T.);
#2183=LINE('',#166,#2186);
#2184=LINE('',#160,#2187);
#2185=LINE('',#112,#2188);
#2186=VECTOR('',#2189,1.0);
#2187=VECTOR('',#2190,1.0);
#2188=VECTOR('',#2191,1.0);
#2189=DIRECTION('',(-0.7730073288007159,-0.6343970914339828,-6.963728854974883E-07));
#2190=DIRECTION('',(-0.7003707524987206,0.7137727853401965,-0.0030364373982470056));
#2191=DIRECTION('',(0.7391706953792873,-0.6735113829685456,0.003016637912978916));
#2192=FACE_SURFACE('',(#2197),#2193,.T.);
#2193=PLANE('',#2194);
#2194=AXIS2_PLACEMENT_3D('',#168,#2195,#2196);
#2195=DIRECTION('',(0.001508926379681233,-0.002822919323771406,-0.9999948771207141));
#2196=DIRECTION('',(-0.881915476114489,-0.4714075656899813,0));
#2197=FACE_BOUND('',#2198,.T.);
#2198=EDGE_LOOP('',(#2199,#2200,#2201));
#2199=ORIENTED_EDGE('',*,*,#2202,.T.);
#2200=ORIENTED_EDGE('',*,*,#2203,.T.);
#2201=ORIENTED_EDGE('',*,*,#2204,.T.);
#2202=EDGE_CURVE('',#169,#167,#2205,.F.);
#2203=EDGE_CURVE('',#167,#113,#2206,.T.);
#2204=EDGE_CURVE('',#113,#169,#2207,.T.);
#2205=LINE('',#168,#2208);
#2206=LINE('',#166,#2209);
#2207=LINE('',#112,#2210);
#2208=VECTOR('',#2211,1.0);
#2209=VECTOR('',#2212,1.0);
#2210=VECTOR('',#2213,1.0);
#2211=DIRECTION('',(-0.881915476114489,-0.4714075656899813,0));
#2212=DIRECTION('',(-0.7391706953792873,0.6735113829685456,-0.003016637912978916));
#2213=DIRECTION('',(0.7730911314858124,-0.6342880717753315,0.002957096805698815));
#2214=FACE_SURFACE('',(#2219),#2215,.T.);
#2215=PLANE('',#2216);
#2216=AXIS2_PLACEMENT_3D('',#112,#2217,#2218);
#2217=DIRECTION('',(1.9457453593978503E-07,-0.00447867861077463,-0.999989970668638));
#2218=DIRECTION('',(0.999999999999981,0,1.9457648741184883E-07));
#2219=FACE_BOUND('',#2220,.T.);
#2220=EDGE_LOOP('',(#2221,#2222,#2223));
#2221=ORIENTED_EDGE('',*,*,#2224,.T.);
#2222=ORIENTED_EDGE('',*,*,#2225,.T.);
#2223=ORIENTED_EDGE('',*,*,#2226,.T.);
#2224=EDGE_CURVE('',#113,#111,#2227,.F.);
#2225=EDGE_CURVE('',#111,#165,#2228,.T.);
#2226=EDGE_CURVE('',#165,#113,#2229,.T.);
#2227=LINE('',#112,#2230);
#2228=LINE('',#110,#2231);
#2229=LINE('',#164,#2232);
#2230=VECTOR('',#2233,1.0);
#2231=VECTOR('',#2234,1.0);
#2232=VECTOR('',#2235,1.0);
#2233=DIRECTION('',(0.999999999999981,0,1.9457648741184883E-07));
#2234=DIRECTION('',(-0.7441107440031511,-0.6680495860377526,0.0029918646133230238));
#2235=DIRECTION('',(-0.8433936406987674,0.5372907735943447,-0.002406540934386267));
#2236=FACE_SURFACE('',(#2241),#2237,.T.);
#2237=PLANE('',#2238);
#2238=AXIS2_PLACEMENT_3D('',#112,#2239,#2240);
#2239=DIRECTION('',(-0.014868266397946946,-0.027815748396295026,-0.9995024856374664));
#2240=DIRECTION('',(0.8433936406987674,-0.5372907735943447,0.002406540934386267));
#2241=FACE_BOUND('',#2242,.T.);
#2242=EDGE_LOOP('',(#2243,#2244,#2245));
#2243=ORIENTED_EDGE('',*,*,#2246,.T.);
#2244=ORIENTED_EDGE('',*,*,#2247,.T.);
#2245=ORIENTED_EDGE('',*,*,#2248,.T.);
#2246=EDGE_CURVE('',#113,#165,#2249,.F.);
#2247=EDGE_CURVE('',#165,#171,#2250,.T.);
#2248=EDGE_CURVE('',#171,#113,#2251,.T.);
#2249=LINE('',#112,#2252);
#2250=LINE('',#164,#2253);
#2251=LINE('',#170,#2254);
#2252=VECTOR('',#2255,1.0);
#2253=VECTOR('',#2256,1.0);
#2254=VECTOR('',#2257,1.0);
#2255=DIRECTION('',(0.8433936406987674,-0.5372907735943447,0.002406540934386267));
#2256=DIRECTION('',(-0.881915476114489,0.4714075656899813,0));
#2257=DIRECTION('',(-0.8414681275576157,0.5403008839281437,-0.002518954375713298));
#2258=FACE_SURFACE('',(#2263),#2259,.T.);
#2259=PLANE('',#2260);
#2260=AXIS2_PLACEMENT_3D('',#172,#2261,#2262);
#2261=DIRECTION('',(0.001032478666289541,-0.0034036238370623055,-0.9999936746462846));
#2262=DIRECTION('',(-0.9569402839462974,-0.29028484796967924,0));
#2263=FACE_BOUND('',#2264,.T.);
#2264=EDGE_LOOP('',(#2265,#2266,#2267));
#2265=ORIENTED_EDGE('',*,*,#2268,.T.);
#2266=ORIENTED_EDGE('',*,*,#2269,.T.);
#2267=ORIENTED_EDGE('',*,*,#2270,.T.);
#2268=EDGE_CURVE('',#173,#169,#2271,.F.);
#2269=EDGE_CURVE('',#169,#113,#2272,.T.);
#2270=EDGE_CURVE('',#113,#173,#2273,.T.);
#2271=LINE('',#172,#2274);
#2272=LINE('',#168,#2275);
#2273=LINE('',#112,#2276);
#2274=VECTOR('',#2277,1.0);
#2275=VECTOR('',#2278,1.0);
#2276=VECTOR('',#2279,1.0);
#2277=DIRECTION('',(-0.9569402839462974,-0.29028484796967924,0));
#2278=DIRECTION('',(-0.7730911314858124,0.6342880717753315,-0.002957096805698815));
#2279=DIRECTION('',(0.8004502641281162,-0.5993923234597411,0.0028665719530993968));
#2280=FACE_SURFACE('',(#2285),#2281,.T.);
#2281=PLANE('',#2282);
#2282=AXIS2_PLACEMENT_3D('',#174,#2283,#2284);
#2283=DIRECTION('',(0.0004161682013866431,-0.0042266543193418835,-0.9999909810579758));
#2284=DIRECTION('',(-0.9951875033669698,-0.09798894397949816,0));
#2285=FACE_BOUND('',#2286,.T.);
#2286=EDGE_LOOP('',(#2287,#2288,#2289));
#2287=ORIENTED_EDGE('',*,*,#2290,.T.);
#2288=ORIENTED_EDGE('',*,*,#2291,.T.);
#2289=ORIENTED_EDGE('',*,*,#2292,.T.);
#2290=EDGE_CURVE('',#175,#173,#2293,.F.);
#2291=EDGE_CURVE('',#173,#113,#2294,.T.);
#2292=EDGE_CURVE('',#113,#175,#2295,.T.);
#2293=LINE('',#174,#2296);
#2294=LINE('',#172,#2297);
#2295=LINE('',#112,#2298);
#2296=VECTOR('',#2299,1.0);
#2297=VECTOR('',#2300,1.0);
#2298=VECTOR('',#2301,1.0);
#2299=DIRECTION('',(-0.9951875033669698,-0.09798894397949816,0));
#2300=DIRECTION('',(-0.8004502641281162,0.5993923234597411,-0.0028665719530993968));
#2301=DIRECTION('',(0.8207136149485563,-0.5713331466455205,0.0027564074809184147));
#2302=FACE_SURFACE('',(#2307),#2303,.T.);
#2303=PLANE('',#2304);
#2304=AXIS2_PLACEMENT_3D('',#112,#2305,#2306);
#2305=DIRECTION('',(-0.0026807008051952224,-0.008836874783506338,-0.9999573608345776));
#2306=DIRECTION('',(0.8414681275576157,-0.5403008839281437,0.002518954375713298));
#2307=FACE_BOUND('',#2308,.T.);
#2308=EDGE_LOOP('',(#2309,#2310,#2311));
#2309=ORIENTED_EDGE('',*,*,#2312,.T.);
#2310=ORIENTED_EDGE('',*,*,#2313,.T.);
#2311=ORIENTED_EDGE('',*,*,#2314,.T.);
#2312=EDGE_CURVE('',#113,#171,#2315,.F.);
#2313=EDGE_CURVE('',#171,#177,#2316,.T.);
#2314=EDGE_CURVE('',#177,#113,#2317,.T.);
#2315=LINE('',#112,#2318);
#2316=LINE('',#170,#2319);
#2317=LINE('',#176,#2320);
#2318=VECTOR('',#2321,1.0);
#2319=VECTOR('',#2322,1.0);
#2320=VECTOR('',#2323,1.0);
#2321=DIRECTION('',(0.8414681275576157,-0.5403008839281437,0.002518954375713298));
#2322=DIRECTION('',(-0.9569384061214424,0.2902910382525671,0));
#2323=DIRECTION('',(-0.8341620933413455,0.5515130505849122,-0.0026376252403439338));
#2324=FACE_SURFACE('',(#2329),#2325,.T.);
#2325=PLANE('',#2326);
#2326=AXIS2_PLACEMENT_3D('',#112,#2327,#2328);
#2327=DIRECTION('',(-0.0005524700473974113,-0.005618058866060041,-0.9999840659687653));
#2328=DIRECTION('',(0.8341620933413455,-0.5515130505849122,0.0026376252403439338));
#2329=FACE_BOUND('',#2330,.T.);
#2330=EDGE_LOOP('',(#2331,#2332,#2333));
#2331=ORIENTED_EDGE('',*,*,#2334,.T.);
#2332=ORIENTED_EDGE('',*,*,#2335,.T.);
#2333=ORIENTED_EDGE('',*,*,#2336,.T.);
#2334=EDGE_CURVE('',#113,#177,#2337,.F.);
#2335=EDGE_CURVE('',#177,#175,#2338,.T.);
#2336=EDGE_CURVE('',#175,#113,#2339,.T.);
#2337=LINE('',#112,#2340);
#2338=LINE('',#176,#2341);
#2339=LINE('',#174,#2342);
#2340=VECTOR('',#2343,1.0);
#2341=VECTOR('',#2344,1.0);
#2342=VECTOR('',#2345,1.0);
#2343=DIRECTION('',(0.8341620933413455,-0.5515130505849122,0.0026376252403439338));
#2344=DIRECTION('',(-0.9951875033667286,0.0979889439794744,-6.963794415506453E-07));
#2345=DIRECTION('',(-0.8207136149485563,0.5713331466455205,-0.0027564074809184147));
#2346=FACE_SURFACE('',(#2351),#2347,.T.);
#2347=PLANE('',#2348);
#2348=AXIS2_PLACEMENT_3D('',#40,#2349,#2350);
#2349=DIRECTION('',(-1,0,0));
#2350=DIRECTION('',(0,1,0));
#2351=FACE_BOUND('',#2352,.T.);
#2352=EDGE_LOOP('',(#2353,#2354,#2355));
#2353=ORIENTED_EDGE('',*,*,#2356,.T.);
#2354=ORIENTED_EDGE('',*,*,#2357,.T.);
#2355=ORIENTED_EDGE('',*,*,#2358,.T.);
#2356=EDGE_CURVE('',#41,#69,#2359,.F.);
#2357=EDGE_CURVE('',#69,#113,#2360,.T.);
#2358=EDGE_CURVE('',#113,#41,#2361,.T.);
#2359=LINE('',#40,#2362);
#2360=LINE('',#68,#2363);
#2361=LINE('',#112,#2364);
#2362=VECTOR('',#2365,1.0);
#2363=VECTOR('',#2366,1.0);
#2364=VECTOR('',#2367,1.0);
#2365=DIRECTION('',(0,1,0));
#2366=DIRECTION('',(0,0,-1));
#2367=DIRECTION('',(0,-0.9977198926027373,0.06749085793485307));
#2368=FACE_SURFACE('',(#2373),#2369,.T.);
#2369=PLANE('',#2370);
#2370=AXIS2_PLACEMENT_3D('',#40,#2371,#2372);
#2371=DIRECTION('',(-1,0,0));
#2372=DIRECTION('',(0,0.9977198926027373,-0.06749085793485307));
#2373=FACE_BOUND('',#2374,.T.);
#2374=EDGE_LOOP('',(#2375,#2376,#2377));
#2375=ORIENTED_EDGE('',*,*,#2378,.T.);
#2376=ORIENTED_EDGE('',*,*,#2379,.T.);
#2377=ORIENTED_EDGE('',*,*,#2380,.T.);
#2378=EDGE_CURVE('',#41,#113,#2381,.F.);
#2379=EDGE_CURVE('',#113,#35,#2382,.T.);
#2380=EDGE_CURVE('',#35,#41,#2383,.T.);
#2381=LINE('',#40,#2384);
#2382=LINE('',#112,#2385);
#2383=LINE('',#34,#2386);
#2384=VECTOR('',#2387,1.0);
#2385=VECTOR('',#2388,1.0);
#2386=VECTOR('',#2389,1.0);
#2387=DIRECTION('',(0,0.9977198926027373,-0.06749085793485307));
#2388=DIRECTION('',(0,-1,0));
#2389=DIRECTION('',(0,0,1));
#2390=FACE_SURFACE('',(#2395),#2391,.T.);
#2391=PLANE('',#2392);
#2392=AXIS2_PLACEMENT_3D('',#38,#2393,#2394);
#2393=DIRECTION('',(0,-1,0));
#2394=DIRECTION('',(0,0,-1));
#2395=FACE_BOUND('',#2396,.T.);
#2396=EDGE_LOOP('',(#2397,#2398,#2399));
#2397=ORIENTED_EDGE('',*,*,#2400,.T.);
#2398=ORIENTED_EDGE('',*,*,#2401,.T.);
#2399=ORIENTED_EDGE('',*,*,#2402,.T.);
#2400=EDGE_CURVE('',#39,#37,#2403,.F.);
#2401=EDGE_CURVE('',#37,#179,#2404,.T.);
#2402=EDGE_CURVE('',#179,#39,#2405,.T.);
#2403=LINE('',#38,#2406);
#2404=LINE('',#36,#2407);
#2405=LINE('',#178,#2408);
#2406=VECTOR('',#2409,1.0);
#2407=VECTOR('',#2410,1.0);
#2408=VECTOR('',#2411,1.0);
#2409=DIRECTION('',(0,0,-1));
#2410=DIRECTION('',(1,0,0));
#2411=DIRECTION('',(-0.7101336848249559,0,0.7040668644929474));
#2412=FACE_SURFACE('',(#2417),#2413,.T.);
#2413=PLANE('',#2414);
#2414=AXIS2_PLACEMENT_3D('',#38,#2415,#2416);
#2415=DIRECTION('',(0,-1,0));
#2416=DIRECTION('',(0.7101336848249559,0,-0.7040668644929474));
#2417=FACE_BOUND('',#2418,.T.);
#2418=EDGE_LOOP('',(#2419,#2420,#2421));
#2419=ORIENTED_EDGE('',*,*,#2422,.T.);
#2420=ORIENTED_EDGE('',*,*,#2423,.T.);
#2421=ORIENTED_EDGE('',*,*,#2424,.T.);
#2422=EDGE_CURVE('',#39,#179,#2425,.F.);
#2423=EDGE_CURVE('',#179,#181,#2426,.T.);
#2424=EDGE_CURVE('',#181,#39,#2427,.T.);
#2425=LINE('',#38,#2428);
#2426=LINE('',#178,#2429);
#2427=LINE('',#180,#2430);
#2428=VECTOR('',#2431,1.0);
#2429=VECTOR('',#2432,1.0);
#2430=VECTOR('',#2433,1.0);
#2431=DIRECTION('',(0.7101336848249559,0,-0.7040668644929474));
#2432=DIRECTION('',(0,0,1));
#2433=DIRECTION('',(-1,0,0));
#2434=FACE_SURFACE('',(#2439),#2435,.T.);
#2435=PLANE('',#2436);
#2436=AXIS2_PLACEMENT_3D('',#150,#2437,#2438);
#2437=DIRECTION('',(0.9951254309672511,-0.09801140079549137,-0.01091521673391404));
#2438=DIRECTION('',(0.010757510543195214,-0.002137382876051099,0.9999398519717844));
#2439=FACE_BOUND('',#2440,.T.);
#2440=EDGE_LOOP('',(#2441,#2442,#2443));
#2441=ORIENTED_EDGE('',*,*,#2444,.T.);
#2442=ORIENTED_EDGE('',*,*,#2445,.T.);
#2443=ORIENTED_EDGE('',*,*,#2446,.T.);
#2444=EDGE_CURVE('',#151,#79,#2447,.F.);
#2445=EDGE_CURVE('',#79,#77,#2448,.T.);
#2446=EDGE_CURVE('',#77,#151,#2449,.T.);
#2447=LINE('',#150,#2450);
#2448=LINE('',#78,#2451);
#2449=LINE('',#76,#2452);
#2450=VECTOR('',#2453,1.0);
#2451=VECTOR('',#2454,1.0);
#2452=VECTOR('',#2455,1.0);
#2453=DIRECTION('',(0.010757510543195214,-0.002137382876051099,0.9999398519717844));
#2454=DIRECTION('',(-0.09801723995228055,-0.9951847168602103,0));
#2455=DIRECTION('',(0.03274863630962953,0.4328303136106425,-0.9008803729905389));
#2456=FACE_SURFACE('',(#2461),#2457,.T.);
#2457=PLANE('',#2458);
#2458=AXIS2_PLACEMENT_3D('',#150,#2459,#2460);
#2459=DIRECTION('',(0.9951266914451171,-0.0979992569048782,-0.010909336349489445));
#2460=DIRECTION('',(-0.03274863630962953,-0.4328303136106425,0.9008803729905389));
#2461=FACE_BOUND('',#2462,.T.);
#2462=EDGE_LOOP('',(#2463,#2464,#2465));
#2463=ORIENTED_EDGE('',*,*,#2466,.T.);
#2464=ORIENTED_EDGE('',*,*,#2467,.T.);
#2465=ORIENTED_EDGE('',*,*,#2468,.T.);
#2466=EDGE_CURVE('',#151,#77,#2469,.F.);
#2467=EDGE_CURVE('',#77,#145,#2470,.T.);
#2468=EDGE_CURVE('',#145,#151,#2471,.T.);
#2469=LINE('',#150,#2472);
#2470=LINE('',#76,#2473);
#2471=LINE('',#144,#2474);
#2472=VECTOR('',#2475,1.0);
#2473=VECTOR('',#2476,1.0);
#2474=VECTOR('',#2477,1.0);
#2475=DIRECTION('',(-0.03274863630962953,-0.4328303136106425,0.9008803729905389));
#2476=DIRECTION('',(-0.010961903951171834,2.017033357060568E-06,-0.9999399165238364));
#2477=DIRECTION('',(0.09800508904860228,0.995185913546095,0));
#2478=FACE_SURFACE('',(#2483),#2479,.T.);
#2479=PLANE('',#2480);
#2480=AXIS2_PLACEMENT_3D('',#152,#2481,#2482);
#2481=DIRECTION('',(0.956886356175892,-0.2902578082693711,-0.01090440750729021));
#2482=DIRECTION('',(0.010122818588621333,-0.004194084906736176,0.9999399672958457));
#2483=FACE_BOUND('',#2484,.T.);
#2484=EDGE_LOOP('',(#2485,#2486,#2487));
#2485=ORIENTED_EDGE('',*,*,#2488,.T.);
#2486=ORIENTED_EDGE('',*,*,#2489,.T.);
#2487=ORIENTED_EDGE('',*,*,#2490,.T.);
#2488=EDGE_CURVE('',#153,#85,#2491,.F.);
#2489=EDGE_CURVE('',#85,#79,#2492,.T.);
#2490=EDGE_CURVE('',#79,#153,#2493,.T.);
#2491=LINE('',#152,#2494);
#2492=LINE('',#84,#2495);
#2493=LINE('',#78,#2496);
#2494=VECTOR('',#2497,1.0);
#2495=VECTOR('',#2498,1.0);
#2496=VECTOR('',#2499,1.0);
#2497=DIRECTION('',(0.010122818588621333,-0.004194084906736176,0.9999399672958457));
#2498=DIRECTION('',(-0.29027506652090557,-0.9569432510636583,0));
#2499=DIRECTION('',(0.1165638003586387,0.4181176325754219,-0.9008831920817902));
#2500=FACE_SURFACE('',(#2505),#2501,.T.);
#2501=PLANE('',#2502);
#2502=AXIS2_PLACEMENT_3D('',#152,#2503,#2504);
#2503=DIRECTION('',(0.956880021282394,-0.29027830324843096,-0.010914739292217493));
#2504=DIRECTION('',(-0.1165638003586387,-0.4181176325754219,0.9008831920817902));
#2505=FACE_BOUND('',#2506,.T.);
#2506=EDGE_LOOP('',(#2507,#2508,#2509));
#2507=ORIENTED_EDGE('',*,*,#2510,.T.);
#2508=ORIENTED_EDGE('',*,*,#2511,.T.);
#2509=ORIENTED_EDGE('',*,*,#2512,.T.);
#2510=EDGE_CURVE('',#153,#79,#2513,.F.);
#2511=EDGE_CURVE('',#79,#151,#2514,.T.);
#2512=EDGE_CURVE('',#151,#153,#2515,.T.);
#2513=LINE('',#152,#2516);
#2514=LINE('',#78,#2517);
#2515=LINE('',#150,#2518);
#2516=VECTOR('',#2519,1.0);
#2517=VECTOR('',#2520,1.0);
#2518=VECTOR('',#2521,1.0);
#2519=DIRECTION('',(-0.1165638003586387,-0.4181176325754219,0.9008831920817902));
#2520=DIRECTION('',(-0.010757510543195214,0.002137382876051099,-0.9999398519717844));
#2521=DIRECTION('',(0.29029559544323047,0.9569370236678378,0));
#2522=FACE_SURFACE('',(#2527),#2523,.T.);
#2523=PLANE('',#2524);
#2524=AXIS2_PLACEMENT_3D('',#158,#2525,#2526);
#2525=DIRECTION('',(0.8818666888559651,-0.471372665139976,-0.010906587232160666));
#2526=DIRECTION('',(0.009111612257925061,-0.00609009620958421,0.9999399428216773));
#2527=FACE_BOUND('',#2528,.T.);
#2528=EDGE_LOOP('',(#2529,#2530,#2531));
#2529=ORIENTED_EDGE('',*,*,#2532,.T.);
#2530=ORIENTED_EDGE('',*,*,#2533,.T.);
#2531=ORIENTED_EDGE('',*,*,#2534,.T.);
#2532=EDGE_CURVE('',#159,#87,#2535,.F.);
#2533=EDGE_CURVE('',#87,#85,#2536,.T.);
#2534=EDGE_CURVE('',#85,#159,#2537,.T.);
#2535=LINE('',#158,#2538);
#2536=LINE('',#86,#2539);
#2537=LINE('',#84,#2540);
#2538=VECTOR('',#2541,1.0);
#2539=VECTOR('',#2542,1.0);
#2540=VECTOR('',#2543,1.0);
#2541=DIRECTION('',(0.009111612257925061,-0.00609009620958421,0.9999399428216773));
#2542=DIRECTION('',(-0.471400703389788,-0.8819191441643689,0));
#2543=DIRECTION('',(0.1959007635888611,0.38734510705910036,-0.9008810459004426));
#2544=FACE_SURFACE('',(#2549),#2545,.T.);
#2545=PLANE('',#2546);
#2546=AXIS2_PLACEMENT_3D('',#158,#2547,#2548);
#2547=DIRECTION('',(0.8818686403253923,-0.4713690599002458,-0.010904612758029763));
#2548=DIRECTION('',(-0.1959007635888611,-0.38734510705910036,0.9008810459004426));
#2549=FACE_BOUND('',#2550,.T.);
#2550=EDGE_LOOP('',(#2551,#2552,#2553));
#2551=ORIENTED_EDGE('',*,*,#2554,.T.);
#2552=ORIENTED_EDGE('',*,*,#2555,.T.);
#2553=ORIENTED_EDGE('',*,*,#2556,.T.);
#2554=EDGE_CURVE('',#159,#85,#2557,.F.);
#2555=EDGE_CURVE('',#85,#153,#2558,.T.);
#2556=EDGE_CURVE('',#153,#159,#2559,.T.);
#2557=LINE('',#158,#2560);
#2558=LINE('',#84,#2561);
#2559=LINE('',#152,#2562);
#2560=VECTOR('',#2563,1.0);
#2561=VECTOR('',#2564,1.0);
#2562=VECTOR('',#2565,1.0);
#2563=DIRECTION('',(-0.1959007635888611,-0.38734510705910036,0.9008810459004426));
#2564=DIRECTION('',(-0.010122818588621333,0.004194084906736176,-0.9999399672958457));
#2565=DIRECTION('',(0.47139708778389205,0.8819210767573624,0));
#2566=FACE_SURFACE('',(#2571),#2567,.T.);
#2567=PLANE('',#2568);
#2568=AXIS2_PLACEMENT_3D('',#160,#2569,#2570);
#2569=DIRECTION('',(0.7729597907100934,-0.6343611556855363,-0.010912657912691835));
#2570=DIRECTION('',(0.007756165332981369,-0.0077507865775493425,0.9999398817962791));
#2571=FACE_BOUND('',#2572,.T.);
#2572=EDGE_LOOP('',(#2573,#2574,#2575));
#2573=ORIENTED_EDGE('',*,*,#2576,.T.);
#2574=ORIENTED_EDGE('',*,*,#2577,.T.);
#2575=ORIENTED_EDGE('',*,*,#2578,.T.);
#2576=EDGE_CURVE('',#161,#93,#2579,.F.);
#2577=EDGE_CURVE('',#93,#87,#2580,.T.);
#2578=EDGE_CURVE('',#87,#161,#2581,.T.);
#2579=LINE('',#160,#2582);
#2580=LINE('',#92,#2583);
#2581=LINE('',#86,#2584);
#2582=VECTOR('',#2585,1.0);
#2583=VECTOR('',#2586,1.0);
#2584=VECTOR('',#2587,1.0);
#2585=DIRECTION('',(0.007756165332981369,-0.0077507865775493425,0.9999398817962791));
#2586=DIRECTION('',(-0.634398930858317,-0.773005819205667,0));
#2587=DIRECTION('',(0.2676982720684042,0.3416839501953433,-0.9008827411547502));
#2588=FACE_SURFACE('',(#2593),#2589,.T.);
#2589=PLANE('',#2590);
#2590=AXIS2_PLACEMENT_3D('',#160,#2591,#2592);
#2591=DIRECTION('',(0.7729674247884258,-0.6343519526034793,-0.010906898922345308));
#2592=DIRECTION('',(-0.2676982720684042,-0.3416839501953433,0.9008827411547502));
#2593=FACE_BOUND('',#2594,.T.);
#2594=EDGE_LOOP('',(#2595,#2596,#2597));
#2595=ORIENTED_EDGE('',*,*,#2598,.T.);
#2596=ORIENTED_EDGE('',*,*,#2599,.T.);
#2597=ORIENTED_EDGE('',*,*,#2600,.T.);
#2598=EDGE_CURVE('',#161,#87,#2601,.F.);
#2599=EDGE_CURVE('',#87,#159,#2602,.T.);
#2600=EDGE_CURVE('',#159,#161,#2603,.T.);
#2601=LINE('',#160,#2604);
#2602=LINE('',#86,#2605);
#2603=LINE('',#158,#2606);
#2604=VECTOR('',#2607,1.0);
#2605=VECTOR('',#2608,1.0);
#2606=VECTOR('',#2609,1.0);
#2607=DIRECTION('',(-0.2676982720684042,-0.3416839501953433,0.9008827411547502));
#2608=DIRECTION('',(-0.009111612257925061,0.00609009620958421,-0.9999399428216773));
#2609=DIRECTION('',(0.6343896873652202,0.7730134051649157,0));
#2610=FACE_SURFACE('',(#2615),#2611,.T.);
#2611=PLANE('',#2612);
#2612=AXIS2_PLACEMENT_3D('',#166,#2613,#2614);
#2613=DIRECTION('',(0.6343679775290386,-0.7729542783356417,-0.010906543372881392));
#2614=DIRECTION('',(0.006088751533199222,-0.009112284621184744,0.9999399448835663));
#2615=FACE_BOUND('',#2616,.T.);
#2616=EDGE_LOOP('',(#2617,#2618,#2619));
#2617=ORIENTED_EDGE('',*,*,#2620,.T.);
#2618=ORIENTED_EDGE('',*,*,#2621,.T.);
#2619=ORIENTED_EDGE('',*,*,#2622,.T.);
#2620=EDGE_CURVE('',#167,#95,#2623,.F.);
#2621=EDGE_CURVE('',#95,#93,#2624,.T.);
#2622=EDGE_CURVE('',#93,#167,#2625,.T.);
#2623=LINE('',#166,#2626);
#2624=LINE('',#94,#2627);
#2625=LINE('',#92,#2628);
#2626=VECTOR('',#2629,1.0);
#2627=VECTOR('',#2630,1.0);
#2628=VECTOR('',#2631,1.0);
#2629=DIRECTION('',(0.006088751533199222,-0.009112284621184744,0.9999399448835663));
#2630=DIRECTION('',(-0.7730002597721554,-0.6344057048858334,-6.994920402467092E-07));
#2631=DIRECTION('',(0.32921215888541716,0.2828979211171129,-0.9008818572208116));
#2632=FACE_SURFACE('',(#2637),#2633,.T.);
#2633=PLANE('',#2634);
#2634=AXIS2_PLACEMENT_3D('',#166,#2635,#2636);
#2635=DIRECTION('',(0.6343593274232978,-0.7729613017047898,-0.010911909910655505));
#2636=DIRECTION('',(-0.32921215888541716,-0.2828979211171129,0.9008818572208116));
#2637=FACE_BOUND('',#2638,.T.);
#2638=EDGE_LOOP('',(#2639,#2640,#2641));
#2639=ORIENTED_EDGE('',*,*,#2642,.T.);
#2640=ORIENTED_EDGE('',*,*,#2643,.T.);
#2641=ORIENTED_EDGE('',*,*,#2644,.T.);
#2642=EDGE_CURVE('',#167,#93,#2645,.F.);
#2643=EDGE_CURVE('',#93,#161,#2646,.T.);
#2644=EDGE_CURVE('',#161,#167,#2647,.T.);
#2645=LINE('',#166,#2648);
#2646=LINE('',#92,#2649);
#2647=LINE('',#160,#2650);
#2648=VECTOR('',#2651,1.0);
#2649=VECTOR('',#2652,1.0);
#2650=VECTOR('',#2653,1.0);
#2651=DIRECTION('',(-0.32921215888541716,-0.2828979211171129,0.9008818572208116));
#2652=DIRECTION('',(-0.007756165332981369,0.0077507865775493425,-0.9999398817962791));
#2653=DIRECTION('',(0.7730073288007159,0.6343970914339828,6.963728854974883E-07));
#2654=FACE_SURFACE('',(#2659),#2655,.T.);
#2655=PLANE('',#2656);
#2656=AXIS2_PLACEMENT_3D('',#168,#2657,#2658);
#2657=DIRECTION('',(0.4713743203364828,-0.8818657694514165,-0.010909390321185698));
#2658=DIRECTION('',(0.004195429372118508,-0.010127524460291842,0.9999399140051815));
#2659=FACE_BOUND('',#2660,.T.);
#2660=EDGE_LOOP('',(#2661,#2662,#2663));
#2661=ORIENTED_EDGE('',*,*,#2664,.T.);
#2662=ORIENTED_EDGE('',*,*,#2665,.T.);
#2663=ORIENTED_EDGE('',*,*,#2666,.T.);
#2664=EDGE_CURVE('',#169,#101,#2667,.F.);
#2665=EDGE_CURVE('',#101,#95,#2668,.T.);
#2666=EDGE_CURVE('',#95,#169,#2669,.T.);
#2667=LINE('',#168,#2670);
#2668=LINE('',#100,#2671);
#2669=LINE('',#94,#2672);
#2670=VECTOR('',#2673,1.0);
#2671=VECTOR('',#2674,1.0);
#2672=VECTOR('',#2675,1.0);
#2673=DIRECTION('',(0.004195429372118508,-0.010127524460291842,0.9999399140051815));
#2674=DIRECTION('',(-0.8819182516739295,-0.4714023731000935,0));
#2675=DIRECTION('',(0.3780781832738966,0.2132347385106546,-0.9008816979074459));
#2676=FACE_SURFACE('',(#2681),#2677,.T.);
#2677=PLANE('',#2678);
#2678=AXIS2_PLACEMENT_3D('',#168,#2679,#2680);
#2679=DIRECTION('',(0.47137952719948345,-0.8818630213375684,-0.010906554660690456));
#2680=DIRECTION('',(-0.3780781832738966,-0.2132347385106546,0.9008816979074459));
#2681=FACE_BOUND('',#2682,.T.);
#2682=EDGE_LOOP('',(#2683,#2684,#2685));
#2683=ORIENTED_EDGE('',*,*,#2686,.T.);
#2684=ORIENTED_EDGE('',*,*,#2687,.T.);
#2685=ORIENTED_EDGE('',*,*,#2688,.T.);
#2686=EDGE_CURVE('',#169,#95,#2689,.F.);
#2687=EDGE_CURVE('',#95,#167,#2690,.T.);
#2688=EDGE_CURVE('',#167,#169,#2691,.T.);
#2689=LINE('',#168,#2692);
#2690=LINE('',#94,#2693);
#2691=LINE('',#166,#2694);
#2692=VECTOR('',#2695,1.0);
#2693=VECTOR('',#2696,1.0);
#2694=VECTOR('',#2697,1.0);
#2695=DIRECTION('',(-0.3780781832738966,-0.2132347385106546,0.9008816979074459));
#2696=DIRECTION('',(-0.006088751533199222,0.009112284621184744,-0.9999399448835663));
#2697=DIRECTION('',(0.881915476114489,0.4714075656899813,0));
#2698=FACE_SURFACE('',(#2703),#2699,.T.);
#2699=PLANE('',#2700);
#2700=AXIS2_PLACEMENT_3D('',#172,#2701,#2702);
#2701=DIRECTION('',(0.2902714587562724,-0.9568821817426846,-0.01090735966517942));
#2702=DIRECTION('',(0.002140744783905312,-0.010748770998836128,0.9999399387632162));
#2703=FACE_BOUND('',#2704,.T.);
#2704=EDGE_LOOP('',(#2705,#2706,#2707));
#2705=ORIENTED_EDGE('',*,*,#2708,.T.);
#2706=ORIENTED_EDGE('',*,*,#2709,.T.);
#2707=ORIENTED_EDGE('',*,*,#2710,.T.);
#2708=EDGE_CURVE('',#173,#107,#2711,.F.);
#2709=EDGE_CURVE('',#107,#101,#2712,.T.);
#2710=EDGE_CURVE('',#101,#173,#2713,.T.);
#2711=LINE('',#172,#2714);
#2712=LINE('',#106,#2715);
#2713=LINE('',#100,#2716);
#2714=VECTOR('',#2717,1.0);
#2715=VECTOR('',#2718,1.0);
#2716=VECTOR('',#2719,1.0);
#2717=DIRECTION('',(0.002140744783905312,-0.010748770998836128,0.9999399387632162));
#2718=DIRECTION('',(-0.956939107195417,-0.290288727166658,0));
#2719=DIRECTION('',(0.4124159695411121,0.13537593209758067,-0.9008809161460664));
#2720=FACE_SURFACE('',(#2725),#2721,.T.);
#2721=PLANE('',#2722);
#2722=AXIS2_PLACEMENT_3D('',#172,#2723,#2724);
#2723=DIRECTION('',(0.2902675736075314,-0.9568833380425262,-0.010909312012623063));
#2724=DIRECTION('',(-0.4124159695411121,-0.13537593209758067,0.9008809161460664));
#2725=FACE_BOUND('',#2726,.T.);
#2726=EDGE_LOOP('',(#2727,#2728,#2729));
#2727=ORIENTED_EDGE('',*,*,#2730,.T.);
#2728=ORIENTED_EDGE('',*,*,#2731,.T.);
#2729=ORIENTED_EDGE('',*,*,#2732,.T.);
#2730=EDGE_CURVE('',#173,#101,#2733,.F.);
#2731=EDGE_CURVE('',#101,#169,#2734,.T.);
#2732=EDGE_CURVE('',#169,#173,#2735,.T.);
#2733=LINE('',#172,#2736);
#2734=LINE('',#100,#2737);
#2735=LINE('',#168,#2738);
#2736=VECTOR('',#2739,1.0);
#2737=VECTOR('',#2740,1.0);
#2738=VECTOR('',#2741,1.0);
#2739=DIRECTION('',(-0.4124159695411121,-0.13537593209758067,0.9008809161460664));
#2740=DIRECTION('',(-0.004195429372118508,0.010127524460291842,-0.9999399140051815));
#2741=DIRECTION('',(0.9569402839462974,0.29028484796967924,0));
#2742=FACE_SURFACE('',(#2747),#2743,.T.);
#2743=PLANE('',#2744);
#2744=AXIS2_PLACEMENT_3D('',#174,#2745,#2746);
#2745=DIRECTION('',(0.09798104387867586,-0.9951285014996196,-0.010907820294018296));
#2746=DIRECTION('',(0,-0.010960559423842005,0.9999399312644317));
#2747=FACE_BOUND('',#2748,.T.);
#2748=EDGE_LOOP('',(#2749,#2750,#2751));
#2749=ORIENTED_EDGE('',*,*,#2752,.T.);
#2750=ORIENTED_EDGE('',*,*,#2753,.T.);
#2751=ORIENTED_EDGE('',*,*,#2754,.T.);
#2752=EDGE_CURVE('',#175,#109,#2755,.F.);
#2753=EDGE_CURVE('',#109,#107,#2756,.T.);
#2754=EDGE_CURVE('',#107,#175,#2757,.T.);
#2755=LINE('',#174,#2758);
#2756=LINE('',#108,#2759);
#2757=LINE('',#106,#2760);
#2758=VECTOR('',#2761,1.0);
#2759=VECTOR('',#2762,1.0);
#2760=VECTOR('',#2763,1.0);
#2761=DIRECTION('',(0,-0.010960559423842005,0.9999399312644317));
#2762=DIRECTION('',(-0.9951877072479346,-0.09798687331780334,0));
#2763=DIRECTION('',(0.4308993092221271,0.052301421300278504,-0.9008830926606761));
#2764=FACE_SURFACE('',(#2769),#2765,.T.);
#2765=PLANE('',#2766);
#2766=AXIS2_PLACEMENT_3D('',#174,#2767,#2768);
#2767=DIRECTION('',(0.09798311548825668,-0.9951283085087397,-0.010906818223003718));
#2768=DIRECTION('',(-0.4308993092221271,-0.052301421300278504,0.9008830926606761));
#2769=FACE_BOUND('',#2770,.T.);
#2770=EDGE_LOOP('',(#2771,#2772,#2773));
#2771=ORIENTED_EDGE('',*,*,#2774,.T.);
#2772=ORIENTED_EDGE('',*,*,#2775,.T.);
#2773=ORIENTED_EDGE('',*,*,#2776,.T.);
#2774=EDGE_CURVE('',#175,#107,#2777,.F.);
#2775=EDGE_CURVE('',#107,#173,#2778,.T.);
#2776=EDGE_CURVE('',#173,#175,#2779,.T.);
#2777=LINE('',#174,#2780);
#2778=LINE('',#106,#2781);
#2779=LINE('',#172,#2782);
#2780=VECTOR('',#2783,1.0);
#2781=VECTOR('',#2784,1.0);
#2782=VECTOR('',#2785,1.0);
#2783=DIRECTION('',(-0.4308993092221271,-0.052301421300278504,0.9008830926606761));
#2784=DIRECTION('',(-0.002140744783905312,0.010748770998836128,-0.9999399387632162));
#2785=DIRECTION('',(0.9951875033669698,0.09798894397949816,0));
#2786=FACE_SURFACE('',(#2791),#2787,.T.);
#2787=PLANE('',#2788);
#2788=AXIS2_PLACEMENT_3D('',#176,#2789,#2790);
#2789=DIRECTION('',(-0.09798103735956545,-0.995128513149562,-0.010906815973762807));
#2790=DIRECTION('',(-0.002140744783905312,-0.010748770998836128,0.9999399387632162));
#2791=FACE_BOUND('',#2792,.T.);
#2792=EDGE_LOOP('',(#2793,#2794,#2795));
#2793=ORIENTED_EDGE('',*,*,#2796,.T.);
#2794=ORIENTED_EDGE('',*,*,#2797,.T.);
#2795=ORIENTED_EDGE('',*,*,#2798,.T.);
#2796=EDGE_CURVE('',#177,#105,#2799,.F.);
#2797=EDGE_CURVE('',#105,#109,#2800,.T.);
#2798=EDGE_CURVE('',#109,#177,#2801,.T.);
#2799=LINE('',#176,#2802);
#2800=LINE('',#104,#2803);
#2801=LINE('',#108,#2804);
#2802=VECTOR('',#2805,1.0);
#2803=VECTOR('',#2806,1.0);
#2804=VECTOR('',#2807,1.0);
#2805=DIRECTION('',(-0.002140744783905312,-0.010748770998836128,0.9999399387632162));
#2806=DIRECTION('',(-0.9951877072476911,0.09798687331777937,-6.994965328720277E-07));
#2807=DIRECTION('',(0.43282756400513395,-0.03274264586188326,-0.9008819117838613));
#2808=FACE_SURFACE('',(#2813),#2809,.T.);
#2809=PLANE('',#2810);
#2810=AXIS2_PLACEMENT_3D('',#176,#2811,#2812);
#2811=DIRECTION('',(-0.0979831068601378,-0.9951282983992741,-0.010907818067791163));
#2812=DIRECTION('',(-0.43282756400513395,0.03274264586188326,0.9008819117838613));
#2813=FACE_BOUND('',#2814,.T.);
#2814=EDGE_LOOP('',(#2815,#2816,#2817));
#2815=ORIENTED_EDGE('',*,*,#2818,.T.);
#2816=ORIENTED_EDGE('',*,*,#2819,.T.);
#2817=ORIENTED_EDGE('',*,*,#2820,.T.);
#2818=EDGE_CURVE('',#177,#109,#2821,.F.);
#2819=EDGE_CURVE('',#109,#175,#2822,.T.);
#2820=EDGE_CURVE('',#175,#177,#2823,.T.);
#2821=LINE('',#176,#2824);
#2822=LINE('',#108,#2825);
#2823=LINE('',#174,#2826);
#2824=VECTOR('',#2827,1.0);
#2825=VECTOR('',#2828,1.0);
#2826=VECTOR('',#2829,1.0);
#2827=DIRECTION('',(-0.43282756400513395,0.03274264586188326,0.9008819117838613));
#2828=DIRECTION('',(0,0.010960559423842005,-0.9999399312644317));
#2829=DIRECTION('',(0.9951875033667286,-0.0979889439794744,6.963794415506453E-07));
#2830=FACE_SURFACE('',(#2835),#2831,.T.);
#2831=PLANE('',#2832);
#2832=AXIS2_PLACEMENT_3D('',#170,#2833,#2834);
#2833=DIRECTION('',(-0.2902714624472641,-0.956882193910068,-0.010906193954883061));
#2834=DIRECTION('',(-0.004184672049530021,-0.01012752491678514,0.9999399590769926));
#2835=FACE_BOUND('',#2836,.T.);
#2836=EDGE_LOOP('',(#2837,#2838,#2839));
#2837=ORIENTED_EDGE('',*,*,#2840,.T.);
#2838=ORIENTED_EDGE('',*,*,#2841,.T.);
#2839=ORIENTED_EDGE('',*,*,#2842,.T.);
#2840=EDGE_CURVE('',#171,#103,#2843,.F.);
#2841=EDGE_CURVE('',#103,#105,#2844,.T.);
#2842=EDGE_CURVE('',#105,#171,#2845,.T.);
#2843=LINE('',#170,#2846);
#2844=LINE('',#102,#2847);
#2845=LINE('',#104,#2848);
#2846=VECTOR('',#2849,1.0);
#2847=VECTOR('',#2850,1.0);
#2848=VECTOR('',#2851,1.0);
#2849=DIRECTION('',(-0.004184672049530021,-0.01012752491678514,0.9999399590769926));
#2850=DIRECTION('',(-0.956939107195417,0.290288727166658,0));
#2851=DIRECTION('',(0.41811592638535344,-0.11656807149473677,-0.90088343131113));
#2852=FACE_SURFACE('',(#2857),#2853,.T.);
#2853=PLANE('',#2854);
#2854=AXIS2_PLACEMENT_3D('',#170,#2855,#2856);
#2855=DIRECTION('',(-0.2902737697128966,-0.9568814807374285,-0.010907357077247359));
#2856=DIRECTION('',(-0.41811592638535344,0.11656807149473677,0.90088343131113));
#2857=FACE_BOUND('',#2858,.T.);
#2858=EDGE_LOOP('',(#2859,#2860,#2861));
#2859=ORIENTED_EDGE('',*,*,#2862,.T.);
#2860=ORIENTED_EDGE('',*,*,#2863,.T.);
#2861=ORIENTED_EDGE('',*,*,#2864,.T.);
#2862=EDGE_CURVE('',#171,#105,#2865,.F.);
#2863=EDGE_CURVE('',#105,#177,#2866,.T.);
#2864=EDGE_CURVE('',#177,#171,#2867,.T.);
#2865=LINE('',#170,#2868);
#2866=LINE('',#104,#2869);
#2867=LINE('',#176,#2870);
#2868=VECTOR('',#2871,1.0);
#2869=VECTOR('',#2872,1.0);
#2870=VECTOR('',#2873,1.0);
#2871=DIRECTION('',(-0.41811592638535344,0.11656807149473677,0.90088343131113));
#2872=DIRECTION('',(0.002140744783905312,0.010748770998836128,-0.9999399387632162));
#2873=DIRECTION('',(0.9569384061214424,-0.2902910382525671,0));
#2874=FACE_SURFACE('',(#2879),#2875,.T.);
#2875=PLANE('',#2876);
#2876=AXIS2_PLACEMENT_3D('',#164,#2877,#2878);
#2877=DIRECTION('',(-0.47137436101586305,-0.8818658455560141,-0.010901477820144488));
#2878=DIRECTION('',(-0.006077994419412303,-0.009112285217510502,0.9999400103215953));
#2879=FACE_BOUND('',#2880,.T.);
#2880=EDGE_LOOP('',(#2881,#2882,#2883));
#2881=ORIENTED_EDGE('',*,*,#2884,.T.);
#2882=ORIENTED_EDGE('',*,*,#2885,.T.);
#2883=ORIENTED_EDGE('',*,*,#2886,.T.);
#2884=EDGE_CURVE('',#165,#99,#2887,.F.);
#2885=EDGE_CURVE('',#99,#103,#2888,.T.);
#2886=EDGE_CURVE('',#103,#165,#2889,.T.);
#2887=LINE('',#164,#2890);
#2888=LINE('',#98,#2891);
#2889=LINE('',#102,#2892);
#2890=VECTOR('',#2893,1.0);
#2891=VECTOR('',#2894,1.0);
#2892=VECTOR('',#2895,1.0);
#2893=DIRECTION('',(-0.006077994419412303,-0.009112285217510502,0.9999400103215953));
#2894=DIRECTION('',(-0.8819182516739295,0.4714023731000935,0));
#2895=DIRECTION('',(0.3873353247295734,-0.19590163690126028,-0.9008850619674204));
#2896=FACE_SURFACE('',(#2901),#2897,.T.);
#2897=PLANE('',#2898);
#2898=AXIS2_PLACEMENT_3D('',#164,#2899,#2900);
#2899=DIRECTION('',(-0.4713795387221436,-0.8818630428943126,-0.010904313425557855));
#2900=DIRECTION('',(-0.3873353247295734,0.19590163690126028,0.9008850619674204));
#2901=FACE_BOUND('',#2902,.T.);
#2902=EDGE_LOOP('',(#2903,#2904,#2905));
#2903=ORIENTED_EDGE('',*,*,#2906,.T.);
#2904=ORIENTED_EDGE('',*,*,#2907,.T.);
#2905=ORIENTED_EDGE('',*,*,#2908,.T.);
#2906=EDGE_CURVE('',#165,#103,#2909,.F.);
#2907=EDGE_CURVE('',#103,#171,#2910,.T.);
#2908=EDGE_CURVE('',#171,#165,#2911,.T.);
#2909=LINE('',#164,#2912);
#2910=LINE('',#102,#2913);
#2911=LINE('',#170,#2914);
#2912=VECTOR('',#2915,1.0);
#2913=VECTOR('',#2916,1.0);
#2914=VECTOR('',#2917,1.0);
#2915=DIRECTION('',(-0.3873353247295734,0.19590163690126028,0.9008850619674204));
#2916=DIRECTION('',(0.004184672049530021,0.01012752491678514,-0.9999399590769926));
#2917=DIRECTION('',(0.881915476114489,-0.4714075656899813,0));
#2918=FACE_SURFACE('',(#2923),#2919,.T.);
#2919=PLANE('',#2920);
#2920=AXIS2_PLACEMENT_3D('',#98,#2921,#2922);
#2921=DIRECTION('',(-0.6343594058113725,-0.7729614091978969,-0.010899731622558044));
#2922=DIRECTION('',(0.006077994419412303,0.009112285217510502,-0.9999400103215953));
#2923=FACE_BOUND('',#2924,.T.);
#2924=EDGE_LOOP('',(#2925,#2926,#2927));
#2925=ORIENTED_EDGE('',*,*,#2928,.T.);
#2926=ORIENTED_EDGE('',*,*,#2929,.T.);
#2927=ORIENTED_EDGE('',*,*,#2930,.T.);
#2928=EDGE_CURVE('',#99,#165,#2931,.F.);
#2929=EDGE_CURVE('',#165,#163,#2932,.T.);
#2930=EDGE_CURVE('',#163,#99,#2933,.T.);
#2931=LINE('',#98,#2934);
#2932=LINE('',#164,#2935);
#2933=LINE('',#162,#2936);
#2934=VECTOR('',#2937,1.0);
#2935=VECTOR('',#2938,1.0);
#2936=VECTOR('',#2939,1.0);
#2937=DIRECTION('',(0.006077994419412303,0.009112285217510502,-0.9999400103215953));
#2938=DIRECTION('',(0.7730073288009033,-0.6343970914341366,0));
#2939=DIRECTION('',(-0.34167633002542586,0.2677057403097466,0.9008834120492878));
#2940=FACE_SURFACE('',(#2945),#2941,.T.);
#2941=PLANE('',#2942);
#2942=AXIS2_PLACEMENT_3D('',#98,#2943,#2944);
#2943=DIRECTION('',(-0.6343679816318178,-0.7729542953602201,-0.0109050980994781));
#2944=DIRECTION('',(0.34167633002542586,-0.2677057403097466,-0.9008834120492878));
#2945=FACE_BOUND('',#2946,.T.);
#2946=EDGE_LOOP('',(#2947,#2948,#2949));
#2947=ORIENTED_EDGE('',*,*,#2950,.T.);
#2948=ORIENTED_EDGE('',*,*,#2951,.T.);
#2949=ORIENTED_EDGE('',*,*,#2952,.T.);
#2950=EDGE_CURVE('',#99,#163,#2953,.F.);
#2951=EDGE_CURVE('',#163,#97,#2954,.T.);
#2952=EDGE_CURVE('',#97,#99,#2955,.T.);
#2953=LINE('',#98,#2956);
#2954=LINE('',#162,#2957);
#2955=LINE('',#96,#2958);
#2956=VECTOR('',#2959,1.0);
#2957=VECTOR('',#2960,1.0);
#2958=VECTOR('',#2961,1.0);
#2959=DIRECTION('',(0.34167633002542586,-0.2677057403097466,-0.9008834120492878));
#2960=DIRECTION('',(-0.007745408467923079,-0.007750787223803581,0.9999399651704477));
#2961=DIRECTION('',(-0.7730002597723444,0.6344057048859886,0));
#2962=FACE_SURFACE('',(#2967),#2963,.T.);
#2963=PLANE('',#2964);
#2964=AXIS2_PLACEMENT_3D('',#90,#2965,#2966);
#2965=DIRECTION('',(-0.7729598608260408,-0.6343612132290646,-0.010904343278569142));
#2966=DIRECTION('',(-0.634398930858317,0.773005819205667,0));
#2967=FACE_BOUND('',#2968,.T.);
#2968=EDGE_LOOP('',(#2969,#2970,#2971));
#2969=ORIENTED_EDGE('',*,*,#2972,.T.);
#2970=ORIENTED_EDGE('',*,*,#2973,.T.);
#2971=ORIENTED_EDGE('',*,*,#2974,.T.);
#2972=EDGE_CURVE('',#91,#97,#2975,.F.);
#2973=EDGE_CURVE('',#97,#163,#2976,.T.);
#2974=EDGE_CURVE('',#163,#91,#2977,.T.);
#2975=LINE('',#90,#2978);
#2976=LINE('',#96,#2979);
#2977=LINE('',#162,#2980);
#2978=VECTOR('',#2981,1.0);
#2979=VECTOR('',#2982,1.0);
#2980=VECTOR('',#2983,1.0);
#2981=DIRECTION('',(-0.634398930858317,0.773005819205667,0));
#2982=DIRECTION('',(0.007745408467923079,0.007750787223803581,-0.9999399651704477));
#2983=DIRECTION('',(0.26770726933185096,-0.34168306368769114,0.9008804037916892));
#2984=FACE_SURFACE('',(#2989),#2985,.T.);
#2985=PLANE('',#2986);
#2986=AXIS2_PLACEMENT_3D('',#90,#2987,#2988);
#2987=DIRECTION('',(-0.7729564975934935,-0.6343652676391739,-0.010906880446720836));
#2988=DIRECTION('',(-0.26770726933185096,0.34168306368769114,-0.9008804037916892));
#2989=FACE_BOUND('',#2990,.T.);
#2990=EDGE_LOOP('',(#2991,#2992,#2993));
#2991=ORIENTED_EDGE('',*,*,#2994,.T.);
#2992=ORIENTED_EDGE('',*,*,#2995,.T.);
#2993=ORIENTED_EDGE('',*,*,#2996,.T.);
#2994=EDGE_CURVE('',#91,#163,#2997,.F.);
#2995=EDGE_CURVE('',#163,#157,#2998,.T.);
#2996=EDGE_CURVE('',#157,#91,#2999,.T.);
#2997=LINE('',#90,#3000);
#2998=LINE('',#162,#3001);
#2999=LINE('',#156,#3002);
#3000=VECTOR('',#3003,1.0);
#3001=VECTOR('',#3004,1.0);
#3002=VECTOR('',#3005,1.0);
#3003=DIRECTION('',(-0.26770726933185096,0.34168306368769114,-0.9008804037916892));
#3004=DIRECTION('',(0.6344030030651119,-0.7730024771641859,0));
#3005=DIRECTION('',(-0.009111612257925061,-0.00609009620958421,0.9999399428216773));
#3006=FACE_SURFACE('',(#3011),#3007,.T.);
#3007=PLANE('',#3008);
#3008=AXIS2_PLACEMENT_3D('',#88,#3009,#3010);
#3009=DIRECTION('',(-0.8818759905755266,-0.471355263113103,-0.010906566004529872));
#3010=DIRECTION('',(-0.4713832934898032,0.8819284498292459,-6.994979781355406E-07));
#3011=FACE_BOUND('',#3012,.T.);
#3012=EDGE_LOOP('',(#3013,#3014,#3015));
#3013=ORIENTED_EDGE('',*,*,#3016,.T.);
#3014=ORIENTED_EDGE('',*,*,#3017,.T.);
#3015=ORIENTED_EDGE('',*,*,#3018,.T.);
#3016=EDGE_CURVE('',#89,#91,#3019,.F.);
#3017=EDGE_CURVE('',#91,#157,#3020,.T.);
#3018=EDGE_CURVE('',#157,#89,#3021,.T.);
#3019=LINE('',#88,#3022);
#3020=LINE('',#90,#3023);
#3021=LINE('',#156,#3024);
#3022=VECTOR('',#3025,1.0);
#3023=VECTOR('',#3026,1.0);
#3024=VECTOR('',#3027,1.0);
#3025=DIRECTION('',(-0.4713832934898032,0.8819284498292459,-6.994979781355406E-07));
#3026=DIRECTION('',(0.009111612257925061,0.00609009620958421,-0.9999399428216773));
#3027=DIRECTION('',(0.19589139023704014,-0.38734573678256556,0.9008828133710682));
#3028=FACE_SURFACE('',(#3033),#3029,.T.);
#3029=PLANE('',#3030);
#3030=AXIS2_PLACEMENT_3D('',#88,#3031,#3032);
#3031=DIRECTION('',(-0.8818685454691862,-0.47136901781642127,-0.010914098902063052));
#3032=DIRECTION('',(-0.19589139023704014,0.38734573678256556,-0.9008828133710682));
#3033=FACE_BOUND('',#3034,.T.);
#3034=EDGE_LOOP('',(#3035,#3036,#3037));
#3035=ORIENTED_EDGE('',*,*,#3038,.T.);
#3036=ORIENTED_EDGE('',*,*,#3039,.T.);
#3037=ORIENTED_EDGE('',*,*,#3040,.T.);
#3038=EDGE_CURVE('',#89,#157,#3041,.F.);
#3039=EDGE_CURVE('',#157,#155,#3042,.T.);
#3040=EDGE_CURVE('',#155,#89,#3043,.T.);
#3041=LINE('',#88,#3044);
#3042=LINE('',#156,#3045);
#3043=LINE('',#154,#3046);
#3044=VECTOR('',#3047,1.0);
#3045=VECTOR('',#3048,1.0);
#3046=VECTOR('',#3049,1.0);
#3047=DIRECTION('',(-0.19589139023704014,0.38734573678256556,-0.9008828133710682));
#3048=DIRECTION('',(0.4713970877837778,-0.8819210767571487,6.963769969387849E-07));
#3049=DIRECTION('',(-0.010133574996309685,-0.004194084449773076,0.9999398583482021));
#3050=FACE_SURFACE('',(#3055),#3051,.T.);
#3051=PLANE('',#3052);
#3052=AXIS2_PLACEMENT_3D('',#82,#3053,#3054);
#3053=DIRECTION('',(-0.9568800309214188,-0.29027827206521156,-0.010914723572293585));
#3054=DIRECTION('',(-0.29029556420833896,0.9569370331432272,0));
#3055=FACE_BOUND('',#3056,.T.);
#3056=EDGE_LOOP('',(#3057,#3058,#3059));
#3057=ORIENTED_EDGE('',*,*,#3060,.T.);
#3058=ORIENTED_EDGE('',*,*,#3061,.T.);
#3059=ORIENTED_EDGE('',*,*,#3062,.T.);
#3060=EDGE_CURVE('',#83,#89,#3063,.F.);
#3061=EDGE_CURVE('',#89,#155,#3064,.T.);
#3062=EDGE_CURVE('',#155,#83,#3065,.T.);
#3063=LINE('',#82,#3066);
#3064=LINE('',#88,#3067);
#3065=LINE('',#154,#3068);
#3066=VECTOR('',#3069,1.0);
#3067=VECTOR('',#3070,1.0);
#3068=VECTOR('',#3071,1.0);
#3069=DIRECTION('',(-0.29029556420833896,0.9569370331432272,0));
#3070=DIRECTION('',(0.010133574996309685,0.004194084449773076,-0.9999398583482021));
#3071=DIRECTION('',(0.1165638003586387,-0.4181176325754219,0.9008831920817902));
#3072=FACE_SURFACE('',(#3077),#3073,.T.);
#3073=PLANE('',#3074);
#3074=AXIS2_PLACEMENT_3D('',#82,#3075,#3076);
#3075=DIRECTION('',(-0.9568863183774379,-0.2902579305626013,-0.010904469156667));
#3076=DIRECTION('',(-0.1165638003586387,0.4181176325754219,-0.9008831920817902));
#3077=FACE_BOUND('',#3078,.T.);
#3078=EDGE_LOOP('',(#3079,#3080,#3081));
#3079=ORIENTED_EDGE('',*,*,#3082,.T.);
#3080=ORIENTED_EDGE('',*,*,#3083,.T.);
#3081=ORIENTED_EDGE('',*,*,#3084,.T.);
#3082=EDGE_CURVE('',#83,#155,#3085,.F.);
#3083=EDGE_CURVE('',#155,#149,#3086,.T.);
#3084=EDGE_CURVE('',#149,#83,#3087,.T.);
#3085=LINE('',#82,#3088);
#3086=LINE('',#154,#3089);
#3087=LINE('',#148,#3090);
#3088=VECTOR('',#3091,1.0);
#3089=VECTOR('',#3092,1.0);
#3090=VECTOR('',#3093,1.0);
#3091=DIRECTION('',(-0.1165638003586387,0.4181176325754219,-0.9008831920817902));
#3092=DIRECTION('',(0.29027518901656835,-0.9569432139063401,0));
#3093=DIRECTION('',(-0.01074675427568801,-0.002137383123274035,0.9999399676310184));
#3094=FACE_SURFACE('',(#3099),#3095,.T.);
#3095=PLANE('',#3096);
#3096=AXIS2_PLACEMENT_3D('',#80,#3097,#3098);
#3097=DIRECTION('',(-0.9951255471958389,-0.09801141224301983,-0.010904512291295172));
#3098=DIRECTION('',(-0.09801723995228055,0.9951847168602103,0));
#3099=FACE_BOUND('',#3100,.T.);
#3100=EDGE_LOOP('',(#3101,#3102,#3103));
#3101=ORIENTED_EDGE('',*,*,#3104,.T.);
#3102=ORIENTED_EDGE('',*,*,#3105,.T.);
#3103=ORIENTED_EDGE('',*,*,#3106,.T.);
#3104=EDGE_CURVE('',#81,#83,#3107,.F.);
#3105=EDGE_CURVE('',#83,#149,#3108,.T.);
#3106=EDGE_CURVE('',#149,#81,#3109,.T.);
#3107=LINE('',#80,#3110);
#3108=LINE('',#82,#3111);
#3109=LINE('',#148,#3112);
#3110=VECTOR('',#3113,1.0);
#3111=VECTOR('',#3114,1.0);
#3112=VECTOR('',#3115,1.0);
#3113=DIRECTION('',(-0.09801723995228055,0.9951847168602103,0));
#3114=DIRECTION('',(0.01074675427568801,0.002137383123274035,-0.9999399676310184));
#3115=DIRECTION('',(0.032758317723864325,-0.432830176212782,0.9008800870146451));
#3116=FACE_SURFACE('',(#3121),#3117,.T.);
#3117=PLANE('',#3118);
#3118=AXIS2_PLACEMENT_3D('',#80,#3119,#3120);
#3119=DIRECTION('',(-0.9951245181597225,-0.09802132551974035,-0.010909312569228021));
#3120=DIRECTION('',(-0.032758317723864325,0.432830176212782,-0.9008800870146451));
#3121=FACE_BOUND('',#3122,.T.);
#3122=EDGE_LOOP('',(#3123,#3124,#3125));
#3123=ORIENTED_EDGE('',*,*,#3126,.T.);
#3124=ORIENTED_EDGE('',*,*,#3127,.T.);
#3125=ORIENTED_EDGE('',*,*,#3128,.T.);
#3126=EDGE_CURVE('',#81,#149,#3129,.F.);
#3127=EDGE_CURVE('',#149,#147,#3130,.T.);
#3128=EDGE_CURVE('',#147,#81,#3131,.T.);
#3129=LINE('',#80,#3132);
#3130=LINE('',#148,#3133);
#3131=LINE('',#146,#3134);
#3132=VECTOR('',#3135,1.0);
#3133=VECTOR('',#3136,1.0);
#3134=VECTOR('',#3137,1.0);
#3135=DIRECTION('',(-0.032758317723864325,0.432830176212782,-0.9008800870146451));
#3136=DIRECTION('',(0.09802715895138064,-0.9951837398731556,0));
#3137=DIRECTION('',(-0.010961903951171834,-2.017033357060568E-06,0.9999399165238364));
#3138=FACE_SURFACE('',(#3143),#3139,.T.);
#3139=PLANE('',#3140);
#3140=AXIS2_PLACEMENT_3D('',#74,#3141,#3142);
#3141=DIRECTION('',(-0.9951251229789327,0.09801522840092043,-0.010908923763568855));
#3142=DIRECTION('',(0.09802106105390138,0.9951843405067562,0));
#3143=FACE_BOUND('',#3144,.T.);
#3144=EDGE_LOOP('',(#3145,#3146,#3147));
#3145=ORIENTED_EDGE('',*,*,#3148,.T.);
#3146=ORIENTED_EDGE('',*,*,#3149,.T.);
#3147=ORIENTED_EDGE('',*,*,#3150,.T.);
#3148=EDGE_CURVE('',#75,#81,#3151,.F.);
#3149=EDGE_CURVE('',#81,#147,#3152,.T.);
#3150=EDGE_CURVE('',#147,#75,#3153,.T.);
#3151=LINE('',#74,#3154);
#3152=LINE('',#80,#3155);
#3153=LINE('',#146,#3156);
#3154=VECTOR('',#3157,1.0);
#3155=VECTOR('',#3158,1.0);
#3156=VECTOR('',#3159,1.0);
#3157=DIRECTION('',(0.09802106105390138,0.9951843405067562,0));
#3158=DIRECTION('',(0.010961903951171834,2.017033357060568E-06,-0.9999399165238364));
#3159=DIRECTION('',(-0.05231671453479208,-0.43089206207699854,0.9008856710034393));
#3160=FACE_SURFACE('',(#3165),#3161,.T.);
#3161=PLANE('',#3162);
#3162=AXIS2_PLACEMENT_3D('',#74,#3163,#3164);
#3163=DIRECTION('',(-0.9951243263659929,0.09802377592364207,-0.010904789236866042));
#3164=DIRECTION('',(0.05231671453479208,0.43089206207699854,-0.9008856710034393));
#3165=FACE_BOUND('',#3166,.T.);
#3166=EDGE_LOOP('',(#3167,#3168,#3169));
#3167=ORIENTED_EDGE('',*,*,#3170,.T.);
#3168=ORIENTED_EDGE('',*,*,#3171,.T.);
#3169=ORIENTED_EDGE('',*,*,#3172,.T.);
#3170=EDGE_CURVE('',#75,#147,#3173,.F.);
#3171=EDGE_CURVE('',#147,#141,#3174,.T.);
#3172=EDGE_CURVE('',#141,#75,#3175,.T.);
#3173=LINE('',#74,#3176);
#3174=LINE('',#146,#3177);
#3175=LINE('',#140,#3178);
#3176=VECTOR('',#3179,1.0);
#3177=VECTOR('',#3180,1.0);
#3178=VECTOR('',#3181,1.0);
#3179=DIRECTION('',(0.05231671453479208,0.43089206207699854,-0.9008856710034393));
#3180=DIRECTION('',(-0.09802960466412514,-0.9951834989635808,0));
#3181=DIRECTION('',(-0.010746754213874318,0.002140072488911534,0.9999399618795164));
#3182=FACE_SURFACE('',(#3187),#3183,.T.);
#3183=PLANE('',#3184);
#3184=AXIS2_PLACEMENT_3D('',#66,#3185,#3186);
#3185=DIRECTION('',(-0.9568802479570404,0.2902779135350584,-0.010905227343153575));
#3186=DIRECTION('',(0.29029517557761303,0.9569371510378113,0));
#3187=FACE_BOUND('',#3188,.T.);
#3188=EDGE_LOOP('',(#3189,#3190,#3191));
#3189=ORIENTED_EDGE('',*,*,#3192,.T.);
#3190=ORIENTED_EDGE('',*,*,#3193,.T.);
#3191=ORIENTED_EDGE('',*,*,#3194,.T.);
#3192=EDGE_CURVE('',#67,#75,#3195,.F.);
#3193=EDGE_CURVE('',#75,#141,#3196,.T.);
#3194=EDGE_CURVE('',#141,#67,#3197,.T.);
#3195=LINE('',#66,#3198);
#3196=LINE('',#74,#3199);
#3197=LINE('',#140,#3200);
#3198=VECTOR('',#3201,1.0);
#3199=VECTOR('',#3202,1.0);
#3200=VECTOR('',#3203,1.0);
#3201=DIRECTION('',(0.29029517557761303,0.9569371510378113,0));
#3202=DIRECTION('',(0.010746754213874318,-0.002140072488911534,-0.9999399618795164));
#3203=DIRECTION('',(-0.13537564182974757,-0.41241147895065283,0.9008830155069631));
#3204=FACE_SURFACE('',(#3209),#3205,.T.);
#3205=PLANE('',#3206);
#3206=AXIS2_PLACEMENT_3D('',#66,#3207,#3208);
#3207=DIRECTION('',(-0.9568857441822792,0.29025944620317684,-0.010914507343474373));
#3208=DIRECTION('',(0.13537564182974757,0.41241147895065283,-0.9008830155069631));
#3209=FACE_BOUND('',#3210,.T.);
#3210=EDGE_LOOP('',(#3211,#3212,#3213));
#3211=ORIENTED_EDGE('',*,*,#3214,.T.);
#3212=ORIENTED_EDGE('',*,*,#3215,.T.);
#3213=ORIENTED_EDGE('',*,*,#3216,.T.);
#3214=EDGE_CURVE('',#67,#141,#3217,.F.);
#3215=EDGE_CURVE('',#141,#137,#3218,.T.);
#3216=EDGE_CURVE('',#137,#67,#3219,.T.);
#3217=LINE('',#66,#3220);
#3218=LINE('',#140,#3221);
#3219=LINE('',#136,#3222);
#3220=VECTOR('',#3223,1.0);
#3221=VECTOR('',#3224,1.0);
#3222=VECTOR('',#3225,1.0);
#3223=DIRECTION('',(0.13537564182974757,0.41241147895065283,-0.9008830155069631));
#3224=DIRECTION('',(-0.29027673653967984,-0.956942744485726,0));
#3225=DIRECTION('',(-0.01013357502488275,0.004193412117183765,0.9999398611676756));
#3226=FACE_SURFACE('',(#3231),#3227,.T.);
#3227=PLANE('',#3228);
#3228=AXIS2_PLACEMENT_3D('',#64,#3229,#3230);
#3229=DIRECTION('',(-0.8818756101391795,0.4713558074867303,-0.010913798155656722));
#3230=DIRECTION('',(0.4713838750898831,0.8819281389686783,6.994988411870861E-07));
#3231=FACE_BOUND('',#3232,.T.);
#3232=EDGE_LOOP('',(#3233,#3234,#3235));
#3233=ORIENTED_EDGE('',*,*,#3236,.T.);
#3234=ORIENTED_EDGE('',*,*,#3237,.T.);
#3235=ORIENTED_EDGE('',*,*,#3238,.T.);
#3236=EDGE_CURVE('',#65,#67,#3239,.F.);
#3237=EDGE_CURVE('',#67,#137,#3240,.T.);
#3238=EDGE_CURVE('',#137,#65,#3241,.T.);
#3239=LINE('',#64,#3242);
#3240=LINE('',#66,#3243);
#3241=LINE('',#136,#3244);
#3242=VECTOR('',#3245,1.0);
#3243=VECTOR('',#3246,1.0);
#3244=VECTOR('',#3247,1.0);
#3245=DIRECTION('',(0.4713838750898831,0.8819281389686783,6.994988411870861E-07));
#3246=DIRECTION('',(0.01013357502488275,-0.004193412117183765,-0.9999398611676756));
#3247=DIRECTION('',(-0.21323002460839774,-0.37808023456221124,0.9008819527767695));
#3248=FACE_SURFACE('',(#3253),#3249,.T.);
#3249=PLANE('',#3250);
#3250=AXIS2_PLACEMENT_3D('',#64,#3251,#3252);
#3251=DIRECTION('',(-0.8818683113644148,0.47136963707839075,-0.010906266632619026));
#3252=DIRECTION('',(0.21323002460839774,0.37808023456221124,-0.9008819527767695));
#3253=FACE_BOUND('',#3254,.T.);
#3254=EDGE_LOOP('',(#3255,#3256,#3257));
#3255=ORIENTED_EDGE('',*,*,#3258,.T.);
#3256=ORIENTED_EDGE('',*,*,#3259,.T.);
#3257=ORIENTED_EDGE('',*,*,#3260,.T.);
#3258=EDGE_CURVE('',#65,#137,#3261,.F.);
#3259=EDGE_CURVE('',#137,#135,#3262,.T.);
#3260=EDGE_CURVE('',#135,#65,#3263,.T.);
#3261=LINE('',#64,#3264);
#3262=LINE('',#136,#3265);
#3263=LINE('',#134,#3266);
#3264=VECTOR('',#3267,1.0);
#3265=VECTOR('',#3268,1.0);
#3266=VECTOR('',#3269,1.0);
#3267=DIRECTION('',(0.21323002460839774,0.37808023456221124,-0.9008819527767695));
#3268=DIRECTION('',(-0.471397666801007,-0.8819207672654511,-6.963778522989254E-07));
#3269=DIRECTION('',(-0.009111612295231797,0.0060894238900468115,0.999939946915848));
#3270=FACE_SURFACE('',(#3275),#3271,.T.);
#3271=PLANE('',#3272);
#3272=AXIS2_PLACEMENT_3D('',#46,#3273,#3274);
#3273=DIRECTION('',(-0.7729598429844086,0.6343611985865972,-0.010906459613186082));
#3274=DIRECTION('',(0.634398930858317,0.773005819205667,0));
#3275=FACE_BOUND('',#3276,.T.);
#3276=EDGE_LOOP('',(#3277,#3278,#3279));
#3277=ORIENTED_EDGE('',*,*,#3280,.T.);
#3278=ORIENTED_EDGE('',*,*,#3281,.T.);
#3279=ORIENTED_EDGE('',*,*,#3282,.T.);
#3280=EDGE_CURVE('',#47,#65,#3283,.F.);
#3281=EDGE_CURVE('',#65,#135,#3284,.T.);
#3282=EDGE_CURVE('',#135,#47,#3285,.T.);
#3283=LINE('',#46,#3286);
#3284=LINE('',#64,#3287);
#3285=LINE('',#134,#3288);
#3286=VECTOR('',#3289,1.0);
#3287=VECTOR('',#3290,1.0);
#3288=VECTOR('',#3291,1.0);
#3289=DIRECTION('',(0.634398930858317,0.773005819205667,0));
#3290=DIRECTION('',(0.009111612295231797,-0.0060894238900468115,-0.999939946915848));
#3291=DIRECTION('',(-0.2828948319613859,-0.32921451148625663,0.9008819675609034));
#3292=FACE_SURFACE('',(#3297),#3293,.T.);
#3293=PLANE('',#3294);
#3294=AXIS2_PLACEMENT_3D('',#46,#3295,#3296);
#3295=DIRECTION('',(-0.7729570794451812,0.6343646022046012,-0.01090434800315021));
#3296=DIRECTION('',(0.2828948319613859,0.32921451148625663,-0.9008819675609034));
#3297=FACE_BOUND('',#3298,.T.);
#3298=EDGE_LOOP('',(#3299,#3300,#3301));
#3299=ORIENTED_EDGE('',*,*,#3302,.T.);
#3300=ORIENTED_EDGE('',*,*,#3303,.T.);
#3301=ORIENTED_EDGE('',*,*,#3304,.T.);
#3302=EDGE_CURVE('',#47,#135,#3305,.F.);
#3303=EDGE_CURVE('',#135,#117,#3306,.T.);
#3304=EDGE_CURVE('',#117,#47,#3307,.T.);
#3305=LINE('',#46,#3308);
#3306=LINE('',#134,#3309);
#3307=LINE('',#116,#3310);
#3308=VECTOR('',#3311,1.0);
#3309=VECTOR('',#3312,1.0);
#3310=VECTOR('',#3313,1.0);
#3311=DIRECTION('',(0.2828948319613859,0.32921451148625663,-0.9008819675609034));
#3312=DIRECTION('',(-0.6344023200680416,-0.7730030376992616,0));
#3313=DIRECTION('',(-0.007745408467923079,0.007750787223803581,0.9999399651704477));
#3314=FACE_SURFACE('',(#3319),#3315,.T.);
#3315=PLANE('',#3316);
#3316=AXIS2_PLACEMENT_3D('',#48,#3317,#3318);
#3317=DIRECTION('',(-0.6343679816318178,0.7729542953602201,-0.0109050980994781));
#3318=DIRECTION('',(0.7730002597723444,0.6344057048859886,0));
#3319=FACE_BOUND('',#3320,.T.);
#3320=EDGE_LOOP('',(#3321,#3322,#3323));
#3321=ORIENTED_EDGE('',*,*,#3324,.T.);
#3322=ORIENTED_EDGE('',*,*,#3325,.T.);
#3323=ORIENTED_EDGE('',*,*,#3326,.T.);
#3324=EDGE_CURVE('',#49,#47,#3327,.F.);
#3325=EDGE_CURVE('',#47,#117,#3328,.T.);
#3326=EDGE_CURVE('',#117,#49,#3329,.T.);
#3327=LINE('',#48,#3330);
#3328=LINE('',#46,#3331);
#3329=LINE('',#116,#3332);
#3330=VECTOR('',#3333,1.0);
#3331=VECTOR('',#3334,1.0);
#3332=VECTOR('',#3335,1.0);
#3333=DIRECTION('',(0.7730002597723444,0.6344057048859886,0));
#3334=DIRECTION('',(0.007745408467923079,-0.007750787223803581,-0.9999399651704477));
#3335=DIRECTION('',(-0.34167633002542586,-0.2677057403097466,0.9008834120492878));
#3336=FACE_SURFACE('',(#3341),#3337,.T.);
#3337=PLANE('',#3338);
#3338=AXIS2_PLACEMENT_3D('',#48,#3339,#3340);
#3339=DIRECTION('',(-0.6343627201395868,0.7729586599109868,-0.010901805617220792));
#3340=DIRECTION('',(0.34167633002542586,0.2677057403097466,-0.9008834120492878));
#3341=FACE_BOUND('',#3342,.T.);
#3342=EDGE_LOOP('',(#3343,#3344,#3345));
#3343=ORIENTED_EDGE('',*,*,#3346,.T.);
#3344=ORIENTED_EDGE('',*,*,#3347,.T.);
#3345=ORIENTED_EDGE('',*,*,#3348,.T.);
#3346=EDGE_CURVE('',#49,#117,#3349,.F.);
#3347=EDGE_CURVE('',#117,#115,#3350,.T.);
#3348=EDGE_CURVE('',#115,#49,#3351,.T.);
#3349=LINE('',#48,#3352);
#3350=LINE('',#116,#3353);
#3351=LINE('',#114,#3354);
#3352=VECTOR('',#3355,1.0);
#3353=VECTOR('',#3356,1.0);
#3354=VECTOR('',#3357,1.0);
#3355=DIRECTION('',(0.34167633002542586,0.2677057403097466,-0.9008834120492878));
#3356=DIRECTION('',(-0.773004596828935,-0.6344004203035617,0));
#3357=DIRECTION('',(-0.006077994270440689,0.009114974372164205,0.9999399858130703));
#3358=FACE_SURFACE('',(#3363),#3359,.T.);
#3359=PLANE('',#3360);
#3360=AXIS2_PLACEMENT_3D('',#50,#3361,#3362);
#3361=DIRECTION('',(-0.4713743488265567,0.8818658227517765,-0.010903849351123677));
#3362=DIRECTION('',(0.8819182516739295,0.4714023731000935,0));
#3363=FACE_BOUND('',#3364,.T.);
#3364=EDGE_LOOP('',(#3365,#3366,#3367));
#3365=ORIENTED_EDGE('',*,*,#3368,.T.);
#3366=ORIENTED_EDGE('',*,*,#3369,.T.);
#3367=ORIENTED_EDGE('',*,*,#3370,.T.);
#3368=EDGE_CURVE('',#51,#49,#3371,.F.);
#3369=EDGE_CURVE('',#49,#115,#3372,.T.);
#3370=EDGE_CURVE('',#115,#51,#3373,.T.);
#3371=LINE('',#50,#3374);
#3372=LINE('',#48,#3375);
#3373=LINE('',#114,#3376);
#3374=VECTOR('',#3377,1.0);
#3375=VECTOR('',#3378,1.0);
#3376=VECTOR('',#3379,1.0);
#3377=DIRECTION('',(0.8819182516739295,0.4714023731000935,0));
#3378=DIRECTION('',(0.006077994270440689,-0.009114974372164205,-0.9999399858130703));
#3379=DIRECTION('',(-0.38733550858230714,-0.1958993069209816,0.9008854895818693));
#3380=FACE_SURFACE('',(#3385),#3381,.T.);
#3381=PLANE('',#3382);
#3382=AXIS2_PLACEMENT_3D('',#50,#3383,#3384);
#3383=DIRECTION('',(-0.47137196545992166,0.8818671128411582,-0.010902544090735912));
#3384=DIRECTION('',(0.38733550858230714,0.1958993069209816,-0.9008854895818693));
#3385=FACE_BOUND('',#3386,.T.);
#3386=EDGE_LOOP('',(#3387,#3388,#3389));
#3387=ORIENTED_EDGE('',*,*,#3390,.T.);
#3388=ORIENTED_EDGE('',*,*,#3391,.T.);
#3389=ORIENTED_EDGE('',*,*,#3392,.T.);
#3390=EDGE_CURVE('',#51,#115,#3393,.F.);
#3391=EDGE_CURVE('',#115,#125,#3394,.T.);
#3392=EDGE_CURVE('',#125,#51,#3395,.T.);
#3393=LINE('',#50,#3396);
#3394=LINE('',#114,#3397);
#3395=LINE('',#124,#3398);
#3396=VECTOR('',#3399,1.0);
#3397=VECTOR('',#3400,1.0);
#3398=VECTOR('',#3401,1.0);
#3399=DIRECTION('',(0.38733550858230714,0.1958993069209816,-0.9008854895818693));
#3400=DIRECTION('',(-0.8819195292874702,-0.4713999828822303,0));
#3401=DIRECTION('',(-0.004184672135004136,0.010125508090161037,0.9999399795012892));
#3402=FACE_SURFACE('',(#3407),#3403,.T.);
#3403=PLANE('',#3404);
#3404=AXIS2_PLACEMENT_3D('',#54,#3405,#3406);
#3405=DIRECTION('',(-0.2902714685572019,0.9568822140515267,-0.010904264005131652));
#3406=DIRECTION('',(0.956939107195417,0.290288727166658,0));
#3407=FACE_BOUND('',#3408,.T.);
#3408=EDGE_LOOP('',(#3409,#3410,#3411));
#3409=ORIENTED_EDGE('',*,*,#3412,.T.);
#3410=ORIENTED_EDGE('',*,*,#3413,.T.);
#3411=ORIENTED_EDGE('',*,*,#3414,.T.);
#3412=EDGE_CURVE('',#55,#51,#3415,.F.);
#3413=EDGE_CURVE('',#51,#125,#3416,.T.);
#3414=EDGE_CURVE('',#125,#55,#3417,.T.);
#3415=LINE('',#54,#3418);
#3416=LINE('',#50,#3419);
#3417=LINE('',#124,#3420);
#3418=VECTOR('',#3421,1.0);
#3419=VECTOR('',#3422,1.0);
#3420=VECTOR('',#3423,1.0);
#3421=DIRECTION('',(0.956939107195417,0.290288727166658,0));
#3422=DIRECTION('',(0.004184672135004136,-0.010125508090161037,-0.9999399795012892));
#3423=DIRECTION('',(-0.41811583781521083,-0.11656986402267391,0.9008832404756011));
#3424=FACE_SURFACE('',(#3429),#3425,.T.);
#3425=PLANE('',#3426);
#3426=AXIS2_PLACEMENT_3D('',#54,#3427,#3428);
#3427=DIRECTION('',(-0.2902826888938319,0.9568787458015903,-0.010909920336213397));
#3428=DIRECTION('',(0.41811583781521083,0.11656986402267391,-0.9008832404756011));
#3429=FACE_BOUND('',#3430,.T.);
#3430=EDGE_LOOP('',(#3431,#3432,#3433));
#3431=ORIENTED_EDGE('',*,*,#3434,.T.);
#3432=ORIENTED_EDGE('',*,*,#3435,.T.);
#3433=ORIENTED_EDGE('',*,*,#3436,.T.);
#3434=EDGE_CURVE('',#55,#125,#3437,.F.);
#3435=EDGE_CURVE('',#125,#131,#3438,.T.);
#3436=EDGE_CURVE('',#131,#55,#3439,.T.);
#3437=LINE('',#54,#3440);
#3438=LINE('',#124,#3441);
#3439=LINE('',#130,#3442);
#3440=VECTOR('',#3443,1.0);
#3441=VECTOR('',#3444,1.0);
#3442=VECTOR('',#3445,1.0);
#3443=DIRECTION('',(0.41811583781521083,0.11656986402267391,-0.9008832404756011));
#3444=DIRECTION('',(-0.9569356977836019,-0.2902999660823458,0));
#3445=DIRECTION('',(-0.002140744722013979,0.010751460065868574,0.9999399098538307));
#3446=FACE_SURFACE('',(#3451),#3447,.T.);
#3447=PLANE('',#3448);
#3448=AXIS2_PLACEMENT_3D('',#56,#3449,#3450);
#3449=DIRECTION('',(-0.09798241997354067,0.995128347664611,-0.010909493591802922));
#3450=DIRECTION('',(0.9951875708234723,0.09798825887822993,6.994964369823102E-07));
#3451=FACE_BOUND('',#3452,.T.);
#3452=EDGE_LOOP('',(#3453,#3454,#3455));
#3453=ORIENTED_EDGE('',*,*,#3456,.T.);
#3454=ORIENTED_EDGE('',*,*,#3457,.T.);
#3455=ORIENTED_EDGE('',*,*,#3458,.T.);
#3456=EDGE_CURVE('',#57,#55,#3459,.F.);
#3457=EDGE_CURVE('',#55,#131,#3460,.T.);
#3458=EDGE_CURVE('',#131,#57,#3461,.T.);
#3459=LINE('',#56,#3462);
#3460=LINE('',#54,#3463);
#3461=LINE('',#130,#3464);
#3462=VECTOR('',#3465,1.0);
#3463=VECTOR('',#3466,1.0);
#3464=VECTOR('',#3467,1.0);
#3465=DIRECTION('',(0.9951875708234723,0.09798825887822993,6.994964369823102E-07));
#3466=DIRECTION('',(0.002140744722013979,-0.010751460065868574,-0.9999399098538307));
#3467=DIRECTION('',(-0.4328275897578985,-0.032740830591264036,0.9008819653853454));
#3468=FACE_SURFACE('',(#3473),#3469,.T.);
#3469=PLANE('',#3470);
#3470=AXIS2_PLACEMENT_3D('',#56,#3471,#3472);
#3471=DIRECTION('',(-0.09797759034964919,0.9951288488227374,-0.010907154991539344));
#3472=DIRECTION('',(0.4328275897578985,0.032740830591264036,-0.9008819653853454));
#3473=FACE_BOUND('',#3474,.T.);
#3474=EDGE_LOOP('',(#3475,#3476,#3477));
#3475=ORIENTED_EDGE('',*,*,#3478,.T.);
#3476=ORIENTED_EDGE('',*,*,#3479,.T.);
#3477=ORIENTED_EDGE('',*,*,#3480,.T.);
#3478=EDGE_CURVE('',#57,#131,#3481,.F.);
#3479=EDGE_CURVE('',#131,#129,#3482,.T.);
#3480=EDGE_CURVE('',#129,#57,#3483,.T.);
#3481=LINE('',#56,#3484);
#3482=LINE('',#130,#3485);
#3483=LINE('',#128,#3486);
#3484=VECTOR('',#3487,1.0);
#3485=VECTOR('',#3488,1.0);
#3486=VECTOR('',#3489,1.0);
#3487=DIRECTION('',(0.4328275897578985,0.032740830591264036,-0.9008819653853454));
#3488=DIRECTION('',(-0.9951880466244771,-0.09798342643157765,-6.963798216936096E-07));
#3489=DIRECTION('',(0,0.010959887160143646,0.9999399386330347));
#3490=FACE_SURFACE('',(#3495),#3491,.T.);
#3491=PLANE('',#3492);
#3492=AXIS2_PLACEMENT_3D('',#58,#3493,#3494);
#3493=DIRECTION('',(0.09798243007339974,0.9951283723624916,-0.010907149769275157));
#3494=DIRECTION('',(0.9951875708237157,-0.09798825887825391,0));
#3495=FACE_BOUND('',#3496,.T.);
#3496=EDGE_LOOP('',(#3497,#3498,#3499));
#3497=ORIENTED_EDGE('',*,*,#3500,.T.);
#3498=ORIENTED_EDGE('',*,*,#3501,.T.);
#3499=ORIENTED_EDGE('',*,*,#3502,.T.);
#3500=EDGE_CURVE('',#59,#57,#3503,.F.);
#3501=EDGE_CURVE('',#57,#129,#3504,.T.);
#3502=EDGE_CURVE('',#129,#59,#3505,.T.);
#3503=LINE('',#58,#3506);
#3504=LINE('',#56,#3507);
#3505=LINE('',#128,#3508);
#3506=VECTOR('',#3509,1.0);
#3507=VECTOR('',#3510,1.0);
#3508=VECTOR('',#3511,1.0);
#3509=DIRECTION('',(0.9951875708237157,-0.09798825887825391,0));
#3510=DIRECTION('',(0,-0.010959887160143646,-0.9999399386330347));
#3511=DIRECTION('',(-0.4308993092221271,0.052301421300278504,0.9008830926606761));
#3512=FACE_SURFACE('',(#3517),#3513,.T.);
#3513=PLANE('',#3514);
#3514=AXIS2_PLACEMENT_3D('',#58,#3515,#3516);
#3515=DIRECTION('',(0.09797759541447697,0.9951288227462195,-0.010909488371160802));
#3516=DIRECTION('',(0.4308993092221271,-0.052301421300278504,-0.9008830926606761));
#3517=FACE_BOUND('',#3518,.T.);
#3518=EDGE_LOOP('',(#3519,#3520,#3521));
#3519=ORIENTED_EDGE('',*,*,#3522,.T.);
#3520=ORIENTED_EDGE('',*,*,#3523,.T.);
#3521=ORIENTED_EDGE('',*,*,#3524,.T.);
#3522=EDGE_CURVE('',#59,#129,#3525,.F.);
#3523=EDGE_CURVE('',#129,#127,#3526,.T.);
#3524=EDGE_CURVE('',#127,#59,#3527,.T.);
#3525=LINE('',#58,#3528);
#3526=LINE('',#128,#3529);
#3527=LINE('',#126,#3530);
#3528=VECTOR('',#3531,1.0);
#3529=VECTOR('',#3532,1.0);
#3530=VECTOR('',#3533,1.0);
#3531=DIRECTION('',(0.4308993092221271,-0.052301421300278504,-0.9008830926606761));
#3532=DIRECTION('',(-0.9951880466247186,0.09798342643160142,0));
#3533=DIRECTION('',(0.002140744722013979,0.010751460065868574,0.9999399098538307));
#3534=FACE_SURFACE('',(#3539),#3535,.T.);
#3535=PLANE('',#3536);
#3536=AXIS2_PLACEMENT_3D('',#52,#3537,#3538);
#3537=DIRECTION('',(0.29027145060713644,0.9568821548789929,-0.010909932931226862));
#3538=DIRECTION('',(0.956939107195417,-0.290288727166658,0));
#3539=FACE_BOUND('',#3540,.T.);
#3540=EDGE_LOOP('',(#3541,#3542,#3543));
#3541=ORIENTED_EDGE('',*,*,#3544,.T.);
#3542=ORIENTED_EDGE('',*,*,#3545,.T.);
#3543=ORIENTED_EDGE('',*,*,#3546,.T.);
#3544=EDGE_CURVE('',#53,#59,#3547,.F.);
#3545=EDGE_CURVE('',#59,#127,#3548,.T.);
#3546=EDGE_CURVE('',#127,#53,#3549,.T.);
#3547=LINE('',#52,#3550);
#3548=LINE('',#58,#3551);
#3549=LINE('',#126,#3552);
#3550=VECTOR('',#3553,1.0);
#3551=VECTOR('',#3554,1.0);
#3552=VECTOR('',#3555,1.0);
#3553=DIRECTION('',(0.956939107195417,-0.290288727166658,0));
#3554=DIRECTION('',(-0.002140744722013979,-0.010751460065868574,-0.9999399098538307));
#3555=DIRECTION('',(-0.41241583426350725,0.13537831064650852,0.9008806206458394));
#3556=FACE_SURFACE('',(#3561),#3557,.T.);
#3557=PLANE('',#3558);
#3558=AXIS2_PLACEMENT_3D('',#52,#3559,#3560);
#3559=DIRECTION('',(0.2902765068307295,0.9568806500185298,-0.010907392092756036));
#3560=DIRECTION('',(0.41241583426350725,-0.13537831064650852,-0.9008806206458394));
#3561=FACE_BOUND('',#3562,.T.);
#3562=EDGE_LOOP('',(#3563,#3564,#3565));
#3563=ORIENTED_EDGE('',*,*,#3566,.T.);
#3564=ORIENTED_EDGE('',*,*,#3567,.T.);
#3565=ORIENTED_EDGE('',*,*,#3568,.T.);
#3566=EDGE_CURVE('',#53,#127,#3569,.F.);
#3567=EDGE_CURVE('',#127,#123,#3570,.T.);
#3568=EDGE_CURVE('',#123,#53,#3571,.T.);
#3569=LINE('',#52,#3572);
#3570=LINE('',#126,#3573);
#3571=LINE('',#122,#3574);
#3572=VECTOR('',#3575,1.0);
#3573=VECTOR('',#3576,1.0);
#3574=VECTOR('',#3577,1.0);
#3575=DIRECTION('',(0.41241583426350725,-0.13537831064650852,-0.9008806206458394));
#3576=DIRECTION('',(-0.956937575718648,0.29029377564411685,0));
#3577=DIRECTION('',(0.004195429457812339,0.010125507633758626,0.9999399344294753));
#3578=FACE_SURFACE('',(#3583),#3579,.T.);
#3579=PLANE('',#3580);
#3580=AXIS2_PLACEMENT_3D('',#42,#3581,#3582);
#3581=DIRECTION('',(0.4713743294833561,0.8818657865637498,-0.010907611673291035));
#3582=DIRECTION('',(0.8819182516739295,-0.4714023731000935,0));
#3583=FACE_BOUND('',#3584,.T.);
#3584=EDGE_LOOP('',(#3585,#3586,#3587));
#3585=ORIENTED_EDGE('',*,*,#3588,.T.);
#3586=ORIENTED_EDGE('',*,*,#3589,.T.);
#3587=ORIENTED_EDGE('',*,*,#3590,.T.);
#3588=EDGE_CURVE('',#43,#53,#3591,.F.);
#3589=EDGE_CURVE('',#53,#123,#3592,.T.);
#3590=EDGE_CURVE('',#123,#43,#3593,.T.);
#3591=LINE('',#42,#3594);
#3592=LINE('',#52,#3595);
#3593=LINE('',#122,#3596);
#3594=VECTOR('',#3597,1.0);
#3595=VECTOR('',#3598,1.0);
#3596=VECTOR('',#3599,1.0);
#3597=DIRECTION('',(0.8819182516739295,-0.4714023731000935,0));
#3598=DIRECTION('',(-0.004195429457812339,-0.010125507633758626,-0.9999399344294753));
#3599=DIRECTION('',(-0.37807832977635636,0.21323300391919178,0.9008820469923456));
#3600=FACE_SURFACE('',(#3605),#3601,.T.);
#3601=PLANE('',#3602);
#3602=AXIS2_PLACEMENT_3D('',#42,#3603,#3604);
#3603=DIRECTION('',(0.47137193269530153,0.881867051543408,-0.010908916959638843));
#3604=DIRECTION('',(0.37807832977635636,-0.21323300391919178,-0.9008820469923456));
#3605=FACE_BOUND('',#3606,.T.);
#3606=EDGE_LOOP('',(#3607,#3608,#3609));
#3607=ORIENTED_EDGE('',*,*,#3610,.T.);
#3608=ORIENTED_EDGE('',*,*,#3611,.T.);
#3609=ORIENTED_EDGE('',*,*,#3612,.T.);
#3610=EDGE_CURVE('',#43,#123,#3613,.F.);
#3611=EDGE_CURVE('',#123,#121,#3614,.T.);
#3612=EDGE_CURVE('',#121,#43,#3615,.T.);
#3613=LINE('',#42,#3616);
#3614=LINE('',#122,#3617);
#3615=LINE('',#120,#3618);
#3616=VECTOR('',#3619,1.0);
#3617=VECTOR('',#3620,1.0);
#3618=VECTOR('',#3621,1.0);
#3619=DIRECTION('',(0.37807832977635636,-0.21323300391919178,-0.9008820469923456));
#3620=DIRECTION('',(-0.8819195292874702,0.4713999828822303,0));
#3621=DIRECTION('',(0.006088751383963968,0.009114973775662491,0.9999399203750459));
#3622=FACE_SURFACE('',(#3627),#3623,.T.);
#3623=PLANE('',#3624);
#3624=AXIS2_PLACEMENT_3D('',#44,#3625,#3626);
#3625=DIRECTION('',(0.6343679631454406,0.7729542608074592,-0.0109086220165103));
#3626=DIRECTION('',(0.7730002597721554,-0.6344057048858334,6.994920402467092E-07));
#3627=FACE_BOUND('',#3628,.T.);
#3628=EDGE_LOOP('',(#3629,#3630,#3631));
#3629=ORIENTED_EDGE('',*,*,#3632,.T.);
#3630=ORIENTED_EDGE('',*,*,#3633,.T.);
#3631=ORIENTED_EDGE('',*,*,#3634,.T.);
#3632=EDGE_CURVE('',#45,#43,#3635,.F.);
#3633=EDGE_CURVE('',#43,#121,#3636,.T.);
#3634=EDGE_CURVE('',#121,#45,#3637,.T.);
#3635=LINE('',#44,#3638);
#3636=LINE('',#42,#3639);
#3637=LINE('',#120,#3640);
#3638=VECTOR('',#3641,1.0);
#3639=VECTOR('',#3642,1.0);
#3640=VECTOR('',#3643,1.0);
#3641=DIRECTION('',(0.7730002597721554,-0.6344057048858334,6.994920402467092E-07));
#3642=DIRECTION('',(-0.006088751383963968,-0.009114973775662491,-0.9999399203750459));
#3643=DIRECTION('',(-0.329211933226274,0.28290015016056735,0.9008812397095123));
#3644=FACE_SURFACE('',(#3649),#3645,.T.);
#3645=PLANE('',#3646);
#3646=AXIS2_PLACEMENT_3D('',#44,#3647,#3648);
#3647=DIRECTION('',(0.6343626560623455,0.7729585698562913,-0.010911914554434793));
#3648=DIRECTION('',(0.329211933226274,-0.28290015016056735,-0.9008812397095123));
#3649=FACE_BOUND('',#3650,.T.);
#3650=EDGE_LOOP('',(#3651,#3652,#3653));
#3651=ORIENTED_EDGE('',*,*,#3654,.T.);
#3652=ORIENTED_EDGE('',*,*,#3655,.T.);
#3653=ORIENTED_EDGE('',*,*,#3656,.T.);
#3654=EDGE_CURVE('',#45,#121,#3657,.F.);
#3655=EDGE_CURVE('',#121,#119,#3658,.T.);
#3656=EDGE_CURVE('',#119,#45,#3659,.T.);
#3657=LINE('',#44,#3660);
#3658=LINE('',#120,#3661);
#3659=LINE('',#118,#3662);
#3660=VECTOR('',#3663,1.0);
#3661=VECTOR('',#3664,1.0);
#3662=VECTOR('',#3665,1.0);
#3663=DIRECTION('',(0.329211933226274,-0.28290015016056735,-0.9008812397095123));
#3664=DIRECTION('',(-0.7730045968287476,0.6344004203034078,-6.96370424367908E-07));
#3665=DIRECTION('',(0.007756165332981369,0.0077507865775493425,0.9999398817962791));
#3666=FACE_SURFACE('',(#3671),#3667,.T.);
#3667=PLANE('',#3668);
#3668=AXIS2_PLACEMENT_3D('',#132,#3669,#3670);
#3669=DIRECTION('',(0.7729598429844086,0.6343611985865972,-0.010906459613186082));
#3670=DIRECTION('',(0.009111612295231797,0.0060894238900468115,0.999939946915848));
#3671=FACE_BOUND('',#3672,.T.);
#3672=EDGE_LOOP('',(#3673,#3674,#3675));
#3673=ORIENTED_EDGE('',*,*,#3676,.T.);
#3674=ORIENTED_EDGE('',*,*,#3677,.T.);
#3675=ORIENTED_EDGE('',*,*,#3678,.T.);
#3676=EDGE_CURVE('',#133,#61,#3679,.F.);
#3677=EDGE_CURVE('',#61,#45,#3680,.T.);
#3678=EDGE_CURVE('',#45,#133,#3681,.T.);
#3679=LINE('',#132,#3682);
#3680=LINE('',#60,#3683);
#3681=LINE('',#44,#3684);
#3682=VECTOR('',#3685,1.0);
#3683=VECTOR('',#3686,1.0);
#3684=VECTOR('',#3687,1.0);
#3685=DIRECTION('',(0.009111612295231797,0.0060894238900468115,0.999939946915848));
#3686=DIRECTION('',(0.634398930858317,-0.773005819205667,0));
#3687=DIRECTION('',(-0.2828948319613859,0.32921451148625663,-0.9008819675609034));
#3688=FACE_SURFACE('',(#3693),#3689,.T.);
#3689=PLANE('',#3690);
#3690=AXIS2_PLACEMENT_3D('',#132,#3691,#3692);
#3691=DIRECTION('',(0.7729679368197369,0.634351229876668,-0.010912644161612214));
#3692=DIRECTION('',(0.2828948319613859,-0.32921451148625663,0.9008819675609034));
#3693=FACE_BOUND('',#3694,.T.);
#3694=EDGE_LOOP('',(#3695,#3696,#3697));
#3695=ORIENTED_EDGE('',*,*,#3698,.T.);
#3696=ORIENTED_EDGE('',*,*,#3699,.T.);
#3697=ORIENTED_EDGE('',*,*,#3700,.T.);
#3698=EDGE_CURVE('',#133,#45,#3701,.F.);
#3699=EDGE_CURVE('',#45,#119,#3702,.T.);
#3700=EDGE_CURVE('',#119,#133,#3703,.T.);
#3701=LINE('',#132,#3704);
#3702=LINE('',#44,#3705);
#3703=LINE('',#118,#3706);
#3704=VECTOR('',#3707,1.0);
#3705=VECTOR('',#3708,1.0);
#3706=VECTOR('',#3709,1.0);
#3707=DIRECTION('',(0.2828948319613859,-0.32921451148625663,0.9008819675609034));
#3708=DIRECTION('',(-0.007756165332981369,-0.0077507865775493425,-0.9999398817962791));
#3709=DIRECTION('',(-0.6343890043631748,0.7730139656843853,0));
#3710=FACE_SURFACE('',(#3715),#3711,.T.);
#3711=PLANE('',#3712);
#3712=AXIS2_PLACEMENT_3D('',#138,#3713,#3714);
#3713=DIRECTION('',(0.8818664000824684,0.4713732585212382,-0.010904290745287242));
#3714=DIRECTION('',(0.010122818617164077,0.004193412574073615,0.9999399701153202));
#3715=FACE_BOUND('',#3716,.T.);
#3716=EDGE_LOOP('',(#3717,#3718,#3719));
#3717=ORIENTED_EDGE('',*,*,#3720,.T.);
#3718=ORIENTED_EDGE('',*,*,#3721,.T.);
#3719=ORIENTED_EDGE('',*,*,#3722,.T.);
#3720=EDGE_CURVE('',#139,#63,#3723,.F.);
#3721=EDGE_CURVE('',#63,#61,#3724,.T.);
#3722=EDGE_CURVE('',#61,#139,#3725,.T.);
#3723=LINE('',#138,#3726);
#3724=LINE('',#62,#3727);
#3725=LINE('',#60,#3728);
#3726=VECTOR('',#3729,1.0);
#3727=VECTOR('',#3730,1.0);
#3728=VECTOR('',#3731,1.0);
#3729=DIRECTION('',(0.010122818617164077,0.004193412574073615,0.9999399701153202));
#3730=DIRECTION('',(0.47140128499907463,-0.8819188332841187,0));
#3731=DIRECTION('',(-0.21322996642861478,0.3780801314030711,-0.9008820098409605));
#3732=FACE_SURFACE('',(#3737),#3733,.T.);
#3733=PLANE('',#3734);
#3734=AXIS2_PLACEMENT_3D('',#138,#3735,#3736);
#3735=DIRECTION('',(0.8818683149447032,0.4713696303803481,-0.010906266624453514));
#3736=DIRECTION('',(0.21322996642861478,-0.3780801314030711,0.9008820098409605));
#3737=FACE_BOUND('',#3738,.T.);
#3738=EDGE_LOOP('',(#3739,#3740,#3741));
#3739=ORIENTED_EDGE('',*,*,#3742,.T.);
#3740=ORIENTED_EDGE('',*,*,#3743,.T.);
#3741=ORIENTED_EDGE('',*,*,#3744,.T.);
#3742=EDGE_CURVE('',#139,#61,#3745,.F.);
#3743=EDGE_CURVE('',#61,#133,#3746,.T.);
#3744=EDGE_CURVE('',#133,#139,#3747,.T.);
#3745=LINE('',#138,#3748);
#3746=LINE('',#60,#3749);
#3747=LINE('',#132,#3750);
#3748=VECTOR('',#3751,1.0);
#3749=VECTOR('',#3752,1.0);
#3750=VECTOR('',#3753,1.0);
#3751=DIRECTION('',(0.21322996642861478,-0.3780801314030711,0.9008820098409605));
#3752=DIRECTION('',(-0.009111612295231797,-0.0060894238900468115,-0.999939946915848));
#3753=DIRECTION('',(-0.4713976668011212,0.8819207672656648,0));
#3754=FACE_SURFACE('',(#3759),#3755,.T.);
#3755=PLANE('',#3756);
#3756=AXIS2_PLACEMENT_3D('',#142,#3757,#3758);
#3757=DIRECTION('',(0.9568863577793396,0.2902573844158808,-0.010915543405679825));
#3758=DIRECTION('',(0.010757510481319671,0.002140072241377532,0.9999398462202844));
#3759=FACE_BOUND('',#3760,.T.);
#3760=EDGE_LOOP('',(#3761,#3762,#3763));
#3761=ORIENTED_EDGE('',*,*,#3764,.T.);
#3762=ORIENTED_EDGE('',*,*,#3765,.T.);
#3763=ORIENTED_EDGE('',*,*,#3766,.T.);
#3764=EDGE_CURVE('',#143,#71,#3767,.F.);
#3765=EDGE_CURVE('',#71,#63,#3768,.T.);
#3766=EDGE_CURVE('',#63,#143,#3769,.T.);
#3767=LINE('',#142,#3770);
#3768=LINE('',#70,#3771);
#3769=LINE('',#62,#3772);
#3770=VECTOR('',#3773,1.0);
#3771=VECTOR('',#3774,1.0);
#3772=VECTOR('',#3775,1.0);
#3773=DIRECTION('',(0.010757510481319671,0.002140072241377532,0.9999398462202844));
#3774=DIRECTION('',(0.2902746779125706,-0.9569433689423599,0));
#3775=DIRECTION('',(-0.13537564182974757,0.41241147895065283,-0.9008830155069631));
#3776=FACE_SURFACE('',(#3781),#3777,.T.);
#3777=PLANE('',#3778);
#3778=AXIS2_PLACEMENT_3D('',#142,#3779,#3780);
#3779=DIRECTION('',(0.9568796614724214,0.29027988403032523,-0.010904237147330558));
#3780=DIRECTION('',(0.13537564182974757,-0.41241147895065283,0.9008830155069631));
#3781=FACE_BOUND('',#3782,.T.);
#3782=EDGE_LOOP('',(#3783,#3784,#3785));
#3783=ORIENTED_EDGE('',*,*,#3786,.T.);
#3784=ORIENTED_EDGE('',*,*,#3787,.T.);
#3785=ORIENTED_EDGE('',*,*,#3788,.T.);
#3786=EDGE_CURVE('',#143,#63,#3789,.F.);
#3787=EDGE_CURVE('',#63,#139,#3790,.T.);
#3788=EDGE_CURVE('',#139,#143,#3791,.T.);
#3789=LINE('',#142,#3792);
#3790=LINE('',#62,#3793);
#3791=LINE('',#138,#3794);
#3792=VECTOR('',#3795,1.0);
#3793=VECTOR('',#3796,1.0);
#3794=VECTOR('',#3797,1.0);
#3795=DIRECTION('',(0.13537564182974757,-0.41241147895065283,0.9008830155069631));
#3796=DIRECTION('',(-0.010122818617164077,-0.004193412574073615,-0.9999399701153202));
#3797=DIRECTION('',(-0.2902971430551106,0.9569365541842577,0));
#3798=FACE_SURFACE('',(#3803),#3799,.T.);
#3799=PLANE('',#3800);
#3800=AXIS2_PLACEMENT_3D('',#144,#3801,#3802);
#3801=DIRECTION('',(0.9951251229789327,0.09801522840092043,-0.010908923763568855));
#3802=DIRECTION('',(0.010961903951171834,-2.017033357060568E-06,0.9999399165238364));
#3803=FACE_BOUND('',#3804,.T.);
#3804=EDGE_LOOP('',(#3805,#3806,#3807));
#3805=ORIENTED_EDGE('',*,*,#3808,.T.);
#3806=ORIENTED_EDGE('',*,*,#3809,.T.);
#3807=ORIENTED_EDGE('',*,*,#3810,.T.);
#3808=EDGE_CURVE('',#145,#77,#3811,.F.);
#3809=EDGE_CURVE('',#77,#71,#3812,.T.);
#3810=EDGE_CURVE('',#71,#145,#3813,.T.);
#3811=LINE('',#144,#3814);
#3812=LINE('',#76,#3815);
#3813=LINE('',#70,#3816);
#3814=VECTOR('',#3817,1.0);
#3815=VECTOR('',#3818,1.0);
#3816=VECTOR('',#3819,1.0);
#3817=DIRECTION('',(0.010961903951171834,-2.017033357060568E-06,0.9999399165238364));
#3818=DIRECTION('',(0.09802106105390138,-0.9951843405067562,0));
#3819=DIRECTION('',(-0.05231671453479208,0.43089206207699854,-0.9008856710034393));
#3820=FACE_SURFACE('',(#3825),#3821,.T.);
#3821=PLANE('',#3822);
#3822=AXIS2_PLACEMENT_3D('',#144,#3823,#3824);
#3823=DIRECTION('',(0.9951263840451559,0.09800169537204162,-0.01091546982124427));
#3824=DIRECTION('',(0.05231671453479208,-0.43089206207699854,0.9008856710034393));
#3825=FACE_BOUND('',#3826,.T.);
#3826=EDGE_LOOP('',(#3827,#3828,#3829));
#3827=ORIENTED_EDGE('',*,*,#3830,.T.);
#3828=ORIENTED_EDGE('',*,*,#3831,.T.);
#3829=ORIENTED_EDGE('',*,*,#3832,.T.);
#3830=EDGE_CURVE('',#145,#71,#3833,.F.);
#3831=EDGE_CURVE('',#71,#143,#3834,.T.);
#3832=EDGE_CURVE('',#143,#145,#3835,.T.);
#3833=LINE('',#144,#3836);
#3834=LINE('',#70,#3837);
#3835=LINE('',#142,#3838);
#3836=VECTOR('',#3839,1.0);
#3837=VECTOR('',#3840,1.0);
#3838=VECTOR('',#3841,1.0);
#3839=DIRECTION('',(0.05231671453479208,-0.43089206207699854,0.9008856710034393));
#3840=DIRECTION('',(-0.010757510481319671,-0.002140072241377532,-0.9999398462202844));
#3841=DIRECTION('',(-0.0980075342213991,0.9951856727444589,0));
#3842=FACE_SURFACE('',(#3847),#3843,.T.);
#3843=PLANE('',#3844);
#3844=AXIS2_PLACEMENT_3D('',#182,#3845,#3846);
#3845=DIRECTION('',(1,0,0));
#3846=DIRECTION('',(0,-1,0));
#3847=FACE_BOUND('',#3848,.T.);
#3848=EDGE_LOOP('',(#3849,#3850,#3851));
#3849=ORIENTED_EDGE('',*,*,#3852,.T.);
#3850=ORIENTED_EDGE('',*,*,#3853,.T.);
#3851=ORIENTED_EDGE('',*,*,#3854,.T.);
#3852=EDGE_CURVE('',#183,#181,#3855,.F.);
#3853=EDGE_CURVE('',#181,#179,#3856,.T.);
#3854=EDGE_CURVE('',#179,#183,#3857,.T.);
#3855=LINE('',#182,#3858);
#3856=LINE('',#180,#3859);
#3857=LINE('',#178,#3860);
#3858=VECTOR('',#3861,1.0);
#3859=VECTOR('',#3862,1.0);
#3860=VECTOR('',#3863,1.0);
#3861=DIRECTION('',(0,-1,0));
#3862=DIRECTION('',(0,0,-1));
#3863=DIRECTION('',(0,0.9977198926027373,0.06749085793485307));
#3864=FACE_SURFACE('',(#3869),#3865,.T.);
#3865=PLANE('',#3866);
#3866=AXIS2_PLACEMENT_3D('',#182,#3867,#3868);
#3867=DIRECTION('',(1,0,0));
#3868=DIRECTION('',(0,-0.9977198926027373,-0.06749085793485307));
#3869=FACE_BOUND('',#3870,.T.);
#3870=EDGE_LOOP('',(#3871,#3872,#3873));
#3871=ORIENTED_EDGE('',*,*,#3874,.T.);
#3872=ORIENTED_EDGE('',*,*,#3875,.T.);
#3873=ORIENTED_EDGE('',*,*,#3876,.T.);
#3874=EDGE_CURVE('',#183,#179,#3877,.F.);
#3875=EDGE_CURVE('',#179,#185,#3878,.T.);
#3876=EDGE_CURVE('',#185,#183,#3879,.T.);
#3877=LINE('',#182,#3880);
#3878=LINE('',#178,#3881);
#3879=LINE('',#184,#3882);
#3880=VECTOR('',#3883,1.0);
#3881=VECTOR('',#3884,1.0);
#3882=VECTOR('',#3885,1.0);
#3883=DIRECTION('',(0,-0.9977198926027373,-0.06749085793485307));
#3884=DIRECTION('',(0,1,0));
#3885=DIRECTION('',(0,0,1));
#3886=FACE_SURFACE('',(#3891),#3887,.T.);
#3887=PLANE('',#3888);
#3888=AXIS2_PLACEMENT_3D('',#110,#3889,#3890);
#3889=DIRECTION('',(0,1,0));
#3890=DIRECTION('',(0,0,1));
#3891=FACE_BOUND('',#3892,.T.);
#3892=EDGE_LOOP('',(#3893,#3894,#3895));
#3893=ORIENTED_EDGE('',*,*,#3896,.T.);
#3894=ORIENTED_EDGE('',*,*,#3897,.T.);
#3895=ORIENTED_EDGE('',*,*,#3898,.T.);
#3896=EDGE_CURVE('',#111,#73,#3899,.F.);
#3897=EDGE_CURVE('',#73,#183,#3900,.T.);
#3898=EDGE_CURVE('',#183,#111,#3901,.T.);
#3899=LINE('',#110,#3902);
#3900=LINE('',#72,#3903);
#3901=LINE('',#182,#3904);
#3902=VECTOR('',#3905,1.0);
#3903=VECTOR('',#3906,1.0);
#3904=VECTOR('',#3907,1.0);
#3905=DIRECTION('',(0,0,1));
#3906=DIRECTION('',(1,0,0));
#3907=DIRECTION('',(-0.7101336848249559,0,-0.7040668644929474));
#3908=FACE_SURFACE('',(#3913),#3909,.T.);
#3909=PLANE('',#3910);
#3910=AXIS2_PLACEMENT_3D('',#110,#3911,#3912);
#3911=DIRECTION('',(0,1,0));
#3912=DIRECTION('',(0.7101336848249559,0,0.7040668644929474));
#3913=FACE_BOUND('',#3914,.T.);
#3914=EDGE_LOOP('',(#3915,#3916,#3917));
#3915=ORIENTED_EDGE('',*,*,#3918,.T.);
#3916=ORIENTED_EDGE('',*,*,#3919,.T.);
#3917=ORIENTED_EDGE('',*,*,#3920,.T.);
#3918=EDGE_CURVE('',#111,#183,#3921,.F.);
#3919=EDGE_CURVE('',#183,#185,#3922,.T.);
#3920=EDGE_CURVE('',#185,#111,#3923,.T.);
#3921=LINE('',#110,#3924);
#3922=LINE('',#182,#3925);
#3923=LINE('',#184,#3926);
#3924=VECTOR('',#3927,1.0);
#3925=VECTOR('',#3928,1.0);
#3926=VECTOR('',#3929,1.0);
#3927=DIRECTION('',(0.7101336848249559,0,0.7040668644929474));
#3928=DIRECTION('',(0,0,-1));
#3929=DIRECTION('',(-1,0,0));
#3930=FACE_SURFACE('',(#3935),#3931,.T.);
#3931=PLANE('',#3932);
#3932=AXIS2_PLACEMENT_3D('',#182,#3933,#3934);
#3933=DIRECTION('',(0,1,0));
#3934=DIRECTION('',(-1,0,0));
#3935=FACE_BOUND('',#3936,.T.);
#3936=EDGE_LOOP('',(#3937,#3938,#3939));
#3937=ORIENTED_EDGE('',*,*,#3940,.T.);
#3938=ORIENTED_EDGE('',*,*,#3941,.T.);
#3939=ORIENTED_EDGE('',*,*,#3942,.T.);
#3940=EDGE_CURVE('',#183,#73,#3943,.F.);
#3941=EDGE_CURVE('',#73,#187,#3944,.T.);
#3942=EDGE_CURVE('',#187,#183,#3945,.T.);
#3943=LINE('',#182,#3946);
#3944=LINE('',#72,#3947);
#3945=LINE('',#186,#3948);
#3946=VECTOR('',#3949,1.0);
#3947=VECTOR('',#3950,1.0);
#3948=VECTOR('',#3951,1.0);
#3949=DIRECTION('',(-1,0,0));
#3950=DIRECTION('',(-6.583786261821638E-07,0,0.9999999999997833));
#3951=DIRECTION('',(0.06479352065753945,0,-0.9978986920929405));
#3952=FACE_SURFACE('',(#3957),#3953,.T.);
#3953=PLANE('',#3954);
#3954=AXIS2_PLACEMENT_3D('',#182,#3955,#3956);
#3955=DIRECTION('',(0,1,-0));
#3956=DIRECTION('',(-0.06479352065753945,0,0.9978986920929405));
#3957=FACE_BOUND('',#3958,.T.);
#3958=EDGE_LOOP('',(#3959,#3960,#3961));
#3959=ORIENTED_EDGE('',*,*,#3962,.T.);
#3960=ORIENTED_EDGE('',*,*,#3963,.T.);
#3961=ORIENTED_EDGE('',*,*,#3964,.T.);
#3962=EDGE_CURVE('',#183,#187,#3965,.F.);
#3963=EDGE_CURVE('',#187,#189,#3966,.T.);
#3964=EDGE_CURVE('',#189,#183,#3967,.T.);
#3965=LINE('',#182,#3968);
#3966=LINE('',#186,#3969);
#3967=LINE('',#188,#3970);
#3968=VECTOR('',#3971,1.0);
#3969=VECTOR('',#3972,1.0);
#3970=VECTOR('',#3973,1.0);
#3971=DIRECTION('',(-0.06479352065753945,0,0.9978986920929405));
#3972=DIRECTION('',(1,0,0));
#3973=DIRECTION('',(0,0,-1));
#3974=FACE_SURFACE('',(#3979),#3975,.T.);
#3975=PLANE('',#3976);
#3976=AXIS2_PLACEMENT_3D('',#36,#3977,#3978);
#3977=DIRECTION('',(0,0,-1));
#3978=DIRECTION('',(0,1,0));
#3979=FACE_BOUND('',#3980,.T.);
#3980=EDGE_LOOP('',(#3981,#3982,#3983));
#3981=ORIENTED_EDGE('',*,*,#3984,.T.);
#3982=ORIENTED_EDGE('',*,*,#3985,.T.);
#3983=ORIENTED_EDGE('',*,*,#3986,.T.);
#3984=EDGE_CURVE('',#37,#111,#3987,.F.);
#3985=EDGE_CURVE('',#111,#185,#3988,.T.);
#3986=EDGE_CURVE('',#185,#37,#3989,.T.);
#3987=LINE('',#36,#3990);
#3988=LINE('',#110,#3991);
#3989=LINE('',#184,#3992);
#3990=VECTOR('',#3993,1.0);
#3991=VECTOR('',#3994,1.0);
#3992=VECTOR('',#3995,1.0);
#3993=DIRECTION('',(0,1,0));
#3994=DIRECTION('',(1,0,0));
#3995=DIRECTION('',(-0.06806973160725227,-0.9976805659322611,0));
#3996=FACE_SURFACE('',(#4001),#3997,.T.);
#3997=PLANE('',#3998);
#3998=AXIS2_PLACEMENT_3D('',#36,#3999,#4000);
#3999=DIRECTION('',(0,0,-1));
#4000=DIRECTION('',(0.06806973160725227,0.9976805659322611,0));
#4001=FACE_BOUND('',#4002,.T.);
#4002=EDGE_LOOP('',(#4003,#4004,#4005));
#4003=ORIENTED_EDGE('',*,*,#4006,.T.);
#4004=ORIENTED_EDGE('',*,*,#4007,.T.);
#4005=ORIENTED_EDGE('',*,*,#4008,.T.);
#4006=EDGE_CURVE('',#37,#185,#4009,.F.);
#4007=EDGE_CURVE('',#185,#179,#4010,.T.);
#4008=EDGE_CURVE('',#179,#37,#4011,.T.);
#4009=LINE('',#36,#4012);
#4010=LINE('',#184,#4013);
#4011=LINE('',#178,#4014);
#4012=VECTOR('',#4015,1.0);
#4013=VECTOR('',#4016,1.0);
#4014=VECTOR('',#4017,1.0);
#4015=DIRECTION('',(0.06806973160725227,0.9976805659322611,0));
#4016=DIRECTION('',(0,-1,0));
#4017=DIRECTION('',(-1,0,0));
#4018=FACE_SURFACE('',(#4023),#4019,.T.);
#4019=PLANE('',#4020);
#4020=AXIS2_PLACEMENT_3D('',#186,#4021,#4022);
#4021=DIRECTION('',(0,0,1));
#4022=DIRECTION('',(0,-1,0));
#4023=FACE_BOUND('',#4024,.T.);
#4024=EDGE_LOOP('',(#4025,#4026,#4027));
#4025=ORIENTED_EDGE('',*,*,#4028,.T.);
#4026=ORIENTED_EDGE('',*,*,#4029,.T.);
#4027=ORIENTED_EDGE('',*,*,#4030,.T.);
#4028=EDGE_CURVE('',#187,#191,#4031,.F.);
#4029=EDGE_CURVE('',#191,#193,#4032,.T.);
#4030=EDGE_CURVE('',#193,#187,#4033,.T.);
#4031=LINE('',#186,#4034);
#4032=LINE('',#190,#4035);
#4033=LINE('',#192,#4036);
#4034=VECTOR('',#4037,1.0);
#4035=VECTOR('',#4038,1.0);
#4036=VECTOR('',#4039,1.0);
#4037=DIRECTION('',(0,-1,0));
#4038=DIRECTION('',(1,0,0));
#4039=DIRECTION('',(-0.06807041863145145,0.9976805190577487,0));
#4040=FACE_SURFACE('',(#4045),#4041,.T.);
#4041=PLANE('',#4042);
#4042=AXIS2_PLACEMENT_3D('',#186,#4043,#4044);
#4043=DIRECTION('',(-0,0,1));
#4044=DIRECTION('',(0.06807041863145145,-0.9976805190577487,0));
#4045=FACE_BOUND('',#4046,.T.);
#4046=EDGE_LOOP('',(#4047,#4048,#4049));
#4047=ORIENTED_EDGE('',*,*,#4050,.T.);
#4048=ORIENTED_EDGE('',*,*,#4051,.T.);
#4049=ORIENTED_EDGE('',*,*,#4052,.T.);
#4050=EDGE_CURVE('',#187,#193,#4053,.F.);
#4051=EDGE_CURVE('',#193,#189,#4054,.T.);
#4052=EDGE_CURVE('',#189,#187,#4055,.T.);
#4053=LINE('',#186,#4056);
#4054=LINE('',#192,#4057);
#4055=LINE('',#188,#4058);
#4056=VECTOR('',#4059,1.0);
#4057=VECTOR('',#4060,1.0);
#4058=VECTOR('',#4061,1.0);
#4059=DIRECTION('',(0.06807041863145145,-0.9976805190577487,0));
#4060=DIRECTION('',(0,1,0));
#4061=DIRECTION('',(-1,0,0));
#4062=FACE_SURFACE('',(#4067),#4063,.T.);
#4063=PLANE('',#4064);
#4064=AXIS2_PLACEMENT_3D('',#38,#4065,#4066);
#4065=DIRECTION('',(0,-1,0));
#4066=DIRECTION('',(1,0,0));
#4067=FACE_BOUND('',#4068,.T.);
#4068=EDGE_LOOP('',(#4069,#4070,#4071));
#4069=ORIENTED_EDGE('',*,*,#4072,.T.);
#4070=ORIENTED_EDGE('',*,*,#4073,.T.);
#4071=ORIENTED_EDGE('',*,*,#4074,.T.);
#4072=EDGE_CURVE('',#39,#181,#4075,.F.);
#4073=EDGE_CURVE('',#181,#193,#4076,.T.);
#4074=EDGE_CURVE('',#193,#39,#4077,.T.);
#4075=LINE('',#38,#4078);
#4076=LINE('',#180,#4079);
#4077=LINE('',#192,#4080);
#4078=VECTOR('',#4081,1.0);
#4079=VECTOR('',#4082,1.0);
#4080=VECTOR('',#4083,1.0);
#4081=DIRECTION('',(1,0,0));
#4082=DIRECTION('',(0,0,1));
#4083=DIRECTION('',(-0.06479286642052502,0,-0.9978987345723072));
#4084=FACE_SURFACE('',(#4089),#4085,.T.);
#4085=PLANE('',#4086);
#4086=AXIS2_PLACEMENT_3D('',#38,#4087,#4088);
#4087=DIRECTION('',(0,-1,0));
#4088=DIRECTION('',(0.06479286642052502,0,0.9978987345723072));
#4089=FACE_BOUND('',#4090,.T.);
#4090=EDGE_LOOP('',(#4091,#4092,#4093));
#4091=ORIENTED_EDGE('',*,*,#4094,.T.);
#4092=ORIENTED_EDGE('',*,*,#4095,.T.);
#4093=ORIENTED_EDGE('',*,*,#4096,.T.);
#4094=EDGE_CURVE('',#39,#193,#4097,.F.);
#4095=EDGE_CURVE('',#193,#191,#4098,.T.);
#4096=EDGE_CURVE('',#191,#39,#4099,.T.);
#4097=LINE('',#38,#4100);
#4098=LINE('',#192,#4101);
#4099=LINE('',#190,#4102);
#4100=VECTOR('',#4103,1.0);
#4101=VECTOR('',#4104,1.0);
#4102=VECTOR('',#4105,1.0);
#4103=DIRECTION('',(0.06479286642052502,0,0.9978987345723072));
#4104=DIRECTION('',(-1,0,0));
#4105=DIRECTION('',(6.583786261821638E-07,0,-0.9999999999997833));
#4106=FACE_SURFACE('',(#4111),#4107,.T.);
#4107=PLANE('',#4108);
#4108=AXIS2_PLACEMENT_3D('',#72,#4109,#4110);
#4109=DIRECTION('',(-0.9999999999997833,-0,-6.583786261821638E-07));
#4110=DIRECTION('',(0,-1,0));
#4111=FACE_BOUND('',#4112,.T.);
#4112=EDGE_LOOP('',(#4113,#4114,#4115));
#4113=ORIENTED_EDGE('',*,*,#4116,.T.);
#4114=ORIENTED_EDGE('',*,*,#4117,.T.);
#4115=ORIENTED_EDGE('',*,*,#4118,.T.);
#4116=EDGE_CURVE('',#73,#39,#4119,.F.);
#4117=EDGE_CURVE('',#39,#191,#4120,.T.);
#4118=EDGE_CURVE('',#191,#73,#4121,.T.);
#4119=LINE('',#72,#4122);
#4120=LINE('',#38,#4123);
#4121=LINE('',#190,#4124);
#4122=VECTOR('',#4125,1.0);
#4123=VECTOR('',#4126,1.0);
#4124=VECTOR('',#4127,1.0);
#4125=DIRECTION('',(0,-1,0));
#4126=DIRECTION('',(-6.583786261821638E-07,0,0.9999999999997833));
#4127=DIRECTION('',(4.769305081674556E-07,0.6893782491696324,-0.7244015665165175));
#4128=FACE_SURFACE('',(#4133),#4129,.T.);
#4129=PLANE('',#4130);
#4130=AXIS2_PLACEMENT_3D('',#72,#4131,#4132);
#4131=DIRECTION('',(-0.9999999999997833,0,-6.583786261821638E-07));
#4132=DIRECTION('',(-4.769305081674556E-07,-0.6893782491696324,0.7244015665165175));
#4133=FACE_BOUND('',#4134,.T.);
#4134=EDGE_LOOP('',(#4135,#4136,#4137));
#4135=ORIENTED_EDGE('',*,*,#4138,.T.);
#4136=ORIENTED_EDGE('',*,*,#4139,.T.);
#4137=ORIENTED_EDGE('',*,*,#4140,.T.);
#4138=EDGE_CURVE('',#73,#191,#4141,.F.);
#4139=EDGE_CURVE('',#191,#187,#4142,.T.);
#4140=EDGE_CURVE('',#187,#73,#4143,.T.);
#4141=LINE('',#72,#4144);
#4142=LINE('',#190,#4145);
#4143=LINE('',#186,#4146);
#4144=VECTOR('',#4147,1.0);
#4145=VECTOR('',#4148,1.0);
#4146=VECTOR('',#4149,1.0);
#4147=DIRECTION('',(-4.769305081674556E-07,-0.6893782491696324,0.7244015665165175));
#4148=DIRECTION('',(0,1,0));
#4149=DIRECTION('',(6.583786261821638E-07,0,-0.9999999999997833));
#4150=FACE_SURFACE('',(#4155),#4151,.T.);
#4151=PLANE('',#4152);
#4152=AXIS2_PLACEMENT_3D('',#180,#4153,#4154);
#4153=DIRECTION('',(1,0,0));
#4154=DIRECTION('',(0,1,0));
#4155=FACE_BOUND('',#4156,.T.);
#4156=EDGE_LOOP('',(#4157,#4158,#4159));
#4157=ORIENTED_EDGE('',*,*,#4160,.T.);
#4158=ORIENTED_EDGE('',*,*,#4161,.T.);
#4159=ORIENTED_EDGE('',*,*,#4162,.T.);
#4160=EDGE_CURVE('',#181,#183,#4163,.F.);
#4161=EDGE_CURVE('',#183,#189,#4164,.T.);
#4162=EDGE_CURVE('',#189,#181,#4165,.T.);
#4163=LINE('',#180,#4166);
#4164=LINE('',#182,#4167);
#4165=LINE('',#188,#4168);
#4166=VECTOR('',#4169,1.0);
#4167=VECTOR('',#4170,1.0);
#4168=VECTOR('',#4171,1.0);
#4169=DIRECTION('',(0,1,0));
#4170=DIRECTION('',(0,0,1));
#4171=DIRECTION('',(0,-0.6893782491697109,-0.7244015665166));
#4172=FACE_SURFACE('',(#4177),#4173,.T.);
#4173=PLANE('',#4174);
#4174=AXIS2_PLACEMENT_3D('',#180,#4175,#4176);
#4175=DIRECTION('',(1,0,0));
#4176=DIRECTION('',(0,0.6893782491697109,0.7244015665166));
#4177=FACE_BOUND('',#4178,.T.);
#4178=EDGE_LOOP('',(#4179,#4180,#4181));
#4179=ORIENTED_EDGE('',*,*,#4182,.T.);
#4180=ORIENTED_EDGE('',*,*,#4183,.T.);
#4181=ORIENTED_EDGE('',*,*,#4184,.T.);
#4182=EDGE_CURVE('',#181,#189,#4185,.F.);
#4183=EDGE_CURVE('',#189,#193,#4186,.T.);
#4184=EDGE_CURVE('',#193,#181,#4187,.T.);
#4185=LINE('',#180,#4188);
#4186=LINE('',#188,#4189);
#4187=LINE('',#192,#4190);
#4188=VECTOR('',#4191,1.0);
#4189=VECTOR('',#4192,1.0);
#4190=VECTOR('',#4193,1.0);
#4191=DIRECTION('',(0,0.6893782491697109,0.7244015665166));
#4192=DIRECTION('',(0,-1,0));
#4193=DIRECTION('',(0,0,-1));
#4194=FACE_SURFACE('',(#4199),#4195,.T.);
#4195=PLANE('',#4196);
#4196=AXIS2_PLACEMENT_3D('',#194,#4197,#4198);
#4197=DIRECTION('',(0,-1,0));
#4198=DIRECTION('',(0.999999999999981,0,1.9457648741184883E-07));
#4199=FACE_BOUND('',#4200,.T.);
#4200=EDGE_LOOP('',(#4201,#4202,#4203));
#4201=ORIENTED_EDGE('',*,*,#4204,.T.);
#4202=ORIENTED_EDGE('',*,*,#4205,.T.);
#4203=ORIENTED_EDGE('',*,*,#4206,.T.);
#4204=EDGE_CURVE('',#195,#197,#4207,.F.);
#4205=EDGE_CURVE('',#197,#199,#4208,.T.);
#4206=EDGE_CURVE('',#199,#195,#4209,.T.);
#4207=LINE('',#194,#4210);
#4208=LINE('',#196,#4211);
#4209=LINE('',#198,#4212);
#4210=VECTOR('',#4213,1.0);
#4211=VECTOR('',#4214,1.0);
#4212=VECTOR('',#4215,1.0);
#4213=DIRECTION('',(0.999999999999981,0,1.9457648741184883E-07));
#4214=DIRECTION('',(0,0,1));
#4215=DIRECTION('',(-0.9977198763862917,0,-0.06749109766275051));
#4216=FACE_SURFACE('',(#4221),#4217,.T.);
#4217=PLANE('',#4218);
#4218=AXIS2_PLACEMENT_3D('',#194,#4219,#4220);
#4219=DIRECTION('',(0,-1,0));
#4220=DIRECTION('',(0.9977198763862917,0,0.06749109766275051));
#4221=FACE_BOUND('',#4222,.T.);
#4222=EDGE_LOOP('',(#4223,#4224,#4225));
#4223=ORIENTED_EDGE('',*,*,#4226,.T.);
#4224=ORIENTED_EDGE('',*,*,#4227,.T.);
#4225=ORIENTED_EDGE('',*,*,#4228,.T.);
#4226=EDGE_CURVE('',#195,#199,#4229,.F.);
#4227=EDGE_CURVE('',#199,#201,#4230,.T.);
#4228=EDGE_CURVE('',#201,#195,#4231,.T.);
#4229=LINE('',#194,#4232);
#4230=LINE('',#198,#4233);
#4231=LINE('',#200,#4234);
#4232=VECTOR('',#4235,1.0);
#4233=VECTOR('',#4236,1.0);
#4234=VECTOR('',#4237,1.0);
#4235=DIRECTION('',(0.9977198763862917,0,0.06749109766275051));
#4236=DIRECTION('',(-0.999999999999981,0,-1.9457648741184883E-07));
#4237=DIRECTION('',(0,0,-1));
#4238=FACE_SURFACE('',(#4243),#4239,.T.);
#4239=PLANE('',#4240);
#4240=AXIS2_PLACEMENT_3D('',#202,#4241,#4242);
#4241=DIRECTION('',(0.0019550802416401425,0.0023821941117871965,0.9999952513949566));
#4242=DIRECTION('',(-0.7730002597723444,0.6344057048859886,0));
#4243=FACE_BOUND('',#4244,.T.);
#4244=EDGE_LOOP('',(#4245,#4246,#4247));
#4245=ORIENTED_EDGE('',*,*,#4248,.T.);
#4246=ORIENTED_EDGE('',*,*,#4249,.T.);
#4247=ORIENTED_EDGE('',*,*,#4250,.T.);
#4248=EDGE_CURVE('',#203,#205,#4251,.F.);
#4249=EDGE_CURVE('',#205,#201,#4252,.T.);
#4250=EDGE_CURVE('',#201,#203,#4253,.T.);
#4251=LINE('',#202,#4254);
#4252=LINE('',#204,#4255);
#4253=LINE('',#200,#4256);
#4254=VECTOR('',#4257,1.0);
#4255=VECTOR('',#4258,1.0);
#4256=VECTOR('',#4259,1.0);
#4257=DIRECTION('',(-0.7730002597723444,0.6344057048859886,0));
#4258=DIRECTION('',(-0.7082659513425871,-0.7059390478410837,0.0030664151715385887));
#4259=DIRECTION('',(0.7467549275147934,0.6650923320177748,-0.003044359297719063));
#4260=FACE_SURFACE('',(#4265),#4261,.T.);
#4261=PLANE('',#4262);
#4262=AXIS2_PLACEMENT_3D('',#198,#4263,#4264);
#4263=DIRECTION('',(-0.001941880334259366,0.002365007916083879,0.9999953179082012));
#4264=DIRECTION('',(-0.7137843595007528,0.7003589305599413,-0.0030424524705324908));
#4265=FACE_BOUND('',#4266,.T.);
#4266=EDGE_LOOP('',(#4267,#4268,#4269));
#4267=ORIENTED_EDGE('',*,*,#4270,.T.);
#4268=ORIENTED_EDGE('',*,*,#4271,.T.);
#4269=ORIENTED_EDGE('',*,*,#4272,.T.);
#4270=EDGE_CURVE('',#199,#207,#4273,.F.);
#4271=EDGE_CURVE('',#207,#209,#4274,.T.);
#4272=EDGE_CURVE('',#209,#199,#4275,.T.);
#4273=LINE('',#198,#4276);
#4274=LINE('',#206,#4277);
#4275=LINE('',#208,#4278);
#4276=VECTOR('',#4279,1.0);
#4277=VECTOR('',#4280,1.0);
#4278=VECTOR('',#4281,1.0);
#4279=DIRECTION('',(-0.7137843595007528,0.7003589305599413,-0.0030424524705324908));
#4280=DIRECTION('',(-0.7730002597721554,-0.6344057048858334,-6.994920402467092E-07));
#4281=DIRECTION('',(0.7516153198958666,-0.6595947949073917,0.0030195080576114627));
#4282=FACE_SURFACE('',(#4287),#4283,.T.);
#4283=PLANE('',#4284);
#4284=AXIS2_PLACEMENT_3D('',#198,#4285,#4286);
#4285=DIRECTION('',(-0.0015206864351891198,0.0028449604813115498,0.9999947968427764));
#4286=DIRECTION('',(-0.7516153198958666,0.6595947949073917,-0.0030195080576114627));
#4287=FACE_BOUND('',#4288,.T.);
#4288=EDGE_LOOP('',(#4289,#4290,#4291));
#4289=ORIENTED_EDGE('',*,*,#4292,.T.);
#4290=ORIENTED_EDGE('',*,*,#4293,.T.);
#4291=ORIENTED_EDGE('',*,*,#4294,.T.);
#4292=EDGE_CURVE('',#199,#209,#4295,.F.);
#4293=EDGE_CURVE('',#209,#211,#4296,.T.);
#4294=EDGE_CURVE('',#211,#199,#4297,.T.);
#4295=LINE('',#198,#4298);
#4296=LINE('',#208,#4299);
#4297=LINE('',#210,#4300);
#4298=VECTOR('',#4301,1.0);
#4299=VECTOR('',#4302,1.0);
#4300=VECTOR('',#4303,1.0);
#4301=DIRECTION('',(-0.7516153198958666,0.6595947949073917,-0.0030195080576114627));
#4302=DIRECTION('',(-0.8819182516739295,-0.4714023731000935,0));
#4303=DIRECTION('',(0.7844391641611359,-0.6201987196512933,0.0029573422316554756));
#4304=FACE_SURFACE('',(#4309),#4305,.T.);
#4305=PLANE('',#4306);
#4306=AXIS2_PLACEMENT_3D('',#202,#4307,#4308);
#4307=DIRECTION('',(-1.9457444885453823E-07,0.004577518872425106,0.9999895231055848));
#4308=DIRECTION('',(-0.7467549275147934,-0.6650923320177748,0.003044359297719063));
#4309=FACE_BOUND('',#4310,.T.);
#4310=EDGE_LOOP('',(#4311,#4312,#4313));
#4311=ORIENTED_EDGE('',*,*,#4314,.T.);
#4312=ORIENTED_EDGE('',*,*,#4315,.T.);
#4313=ORIENTED_EDGE('',*,*,#4316,.T.);
#4314=EDGE_CURVE('',#203,#201,#4317,.F.);
#4315=EDGE_CURVE('',#201,#199,#4318,.T.);
#4316=EDGE_CURVE('',#199,#203,#4319,.T.);
#4317=LINE('',#202,#4320);
#4318=LINE('',#200,#4321);
#4319=LINE('',#198,#4322);
#4320=VECTOR('',#4323,1.0);
#4321=VECTOR('',#4324,1.0);
#4322=VECTOR('',#4325,1.0);
#4323=DIRECTION('',(-0.7467549275147934,-0.6650923320177748,0.003044359297719063));
#4324=DIRECTION('',(0.999999999999981,0,1.9457648741184883E-07));
#4325=DIRECTION('',(-0.8509357001667907,0.5252643640003177,-0.00240459830229122));
#4326=FACE_SURFACE('',(#4331),#4327,.T.);
#4327=PLANE('',#4328);
#4328=AXIS2_PLACEMENT_3D('',#212,#4329,#4330);
#4329=DIRECTION('',(0.018237598112870505,0.0341196217080124,0.9992513404692412));
#4330=DIRECTION('',(-0.8819182516739295,0.4714023731000935,0));
#4331=FACE_BOUND('',#4332,.T.);
#4332=EDGE_LOOP('',(#4333,#4334,#4335));
#4333=ORIENTED_EDGE('',*,*,#4336,.T.);
#4334=ORIENTED_EDGE('',*,*,#4337,.T.);
#4335=ORIENTED_EDGE('',*,*,#4338,.T.);
#4336=EDGE_CURVE('',#213,#203,#4339,.F.);
#4337=EDGE_CURVE('',#203,#199,#4340,.T.);
#4338=EDGE_CURVE('',#199,#213,#4341,.T.);
#4339=LINE('',#212,#4342);
#4340=LINE('',#202,#4343);
#4341=LINE('',#198,#4344);
#4342=VECTOR('',#4345,1.0);
#4343=VECTOR('',#4346,1.0);
#4344=VECTOR('',#4347,1.0);
#4345=DIRECTION('',(-0.8819182516739295,0.4714023731000935,0));
#4346=DIRECTION('',(0.8509357001667907,-0.5252643640003177,0.00240459830229122));
#4347=DIRECTION('',(-0.8494117026424853,0.5277247644598472,-0.0025164240089749694));
#4348=FACE_SURFACE('',(#4353),#4349,.T.);
#4349=PLANE('',#4350);
#4350=AXIS2_PLACEMENT_3D('',#198,#4351,#4352);
#4351=DIRECTION('',(-0.001045386027834521,0.003446123388650245,0.9999935156797983));
#4352=DIRECTION('',(-0.7844391641611359,0.6201987196512933,-0.0029573422316554756));
#4353=FACE_BOUND('',#4354,.T.);
#4354=EDGE_LOOP('',(#4355,#4356,#4357));
#4355=ORIENTED_EDGE('',*,*,#4358,.T.);
#4356=ORIENTED_EDGE('',*,*,#4359,.T.);
#4357=ORIENTED_EDGE('',*,*,#4360,.T.);
#4358=EDGE_CURVE('',#199,#211,#4361,.F.);
#4359=EDGE_CURVE('',#211,#215,#4362,.T.);
#4360=EDGE_CURVE('',#215,#199,#4363,.T.);
#4361=LINE('',#198,#4364);
#4362=LINE('',#210,#4365);
#4363=LINE('',#214,#4366);
#4364=VECTOR('',#4367,1.0);
#4365=VECTOR('',#4368,1.0);
#4366=VECTOR('',#4369,1.0);
#4367=DIRECTION('',(-0.7844391641611359,0.6201987196512933,-0.0029573422316554756));
#4368=DIRECTION('',(-0.956939107195417,-0.290288727166658,0));
#4369=DIRECTION('',(0.8107164015115695,-0.5854320695755801,0.0028650013236927617));
#4370=FACE_SURFACE('',(#4375),#4371,.T.);
#4371=PLANE('',#4372);
#4372=AXIS2_PLACEMENT_3D('',#198,#4373,#4374);
#4373=DIRECTION('',(-0.00042403378852634533,0.004306568570373505,0.9999906367874125));
#4374=DIRECTION('',(-0.8107164015115695,0.5854320695755801,-0.0028650013236927617));
#4375=FACE_BOUND('',#4376,.T.);
#4376=EDGE_LOOP('',(#4377,#4378,#4379));
#4377=ORIENTED_EDGE('',*,*,#4380,.T.);
#4378=ORIENTED_EDGE('',*,*,#4381,.T.);
#4379=ORIENTED_EDGE('',*,*,#4382,.T.);
#4380=EDGE_CURVE('',#199,#215,#4383,.F.);
#4381=EDGE_CURVE('',#215,#217,#4384,.T.);
#4382=EDGE_CURVE('',#217,#199,#4385,.T.);
#4383=LINE('',#198,#4386);
#4384=LINE('',#214,#4387);
#4385=LINE('',#216,#4388);
#4386=VECTOR('',#4389,1.0);
#4387=VECTOR('',#4390,1.0);
#4388=VECTOR('',#4391,1.0);
#4389=DIRECTION('',(-0.8107164015115695,0.5854320695755801,-0.0028650013236927617));
#4390=DIRECTION('',(-0.9951875708237157,-0.09798825887825391,0));
#4391=DIRECTION('',(0.8300202702384467,-0.5577264268401959,0.0027538695255053805));
#4392=FACE_SURFACE('',(#4397),#4393,.T.);
#4393=PLANE('',#4394);
#4394=AXIS2_PLACEMENT_3D('',#218,#4395,#4396);
#4395=DIRECTION('',(0.0028265553516741817,0.009317762288153337,0.9999525938217197));
#4396=DIRECTION('',(-0.956939107195417,0.290288727166658,0));
#4397=FACE_BOUND('',#4398,.T.);
#4398=EDGE_LOOP('',(#4399,#4400,#4401));
#4399=ORIENTED_EDGE('',*,*,#4402,.T.);
#4400=ORIENTED_EDGE('',*,*,#4403,.T.);
#4401=ORIENTED_EDGE('',*,*,#4404,.T.);
#4402=EDGE_CURVE('',#219,#213,#4405,.F.);
#4403=EDGE_CURVE('',#213,#199,#4406,.T.);
#4404=EDGE_CURVE('',#199,#219,#4407,.T.);
#4405=LINE('',#218,#4408);
#4406=LINE('',#212,#4409);
#4407=LINE('',#198,#4410);
#4408=VECTOR('',#4411,1.0);
#4409=VECTOR('',#4412,1.0);
#4410=VECTOR('',#4413,1.0);
#4411=DIRECTION('',(-0.956939107195417,0.290288727166658,0));
#4412=DIRECTION('',(0.8494117026424853,-0.5277247644598472,0.0025164240089749694));
#4413=DIRECTION('',(-0.8426896699665753,0.5383931442494853,-0.002634835246713025));
#4414=FACE_SURFACE('',(#4419),#4415,.T.);
#4415=PLANE('',#4416);
#4416=AXIS2_PLACEMENT_3D('',#198,#4417,#4418);
#4417=DIRECTION('',(0.0005688123669995276,0.005784106064130879,0.9999831101421313));
#4418=DIRECTION('',(-0.8300202702384467,0.5577264268401959,-0.0027538695255053805));
#4419=FACE_BOUND('',#4420,.T.);
#4420=EDGE_LOOP('',(#4421,#4422,#4423));
#4421=ORIENTED_EDGE('',*,*,#4424,.T.);
#4422=ORIENTED_EDGE('',*,*,#4425,.T.);
#4423=ORIENTED_EDGE('',*,*,#4426,.T.);
#4424=EDGE_CURVE('',#199,#217,#4427,.F.);
#4425=EDGE_CURVE('',#217,#219,#4428,.T.);
#4426=EDGE_CURVE('',#219,#199,#4429,.T.);
#4427=LINE('',#198,#4430);
#4428=LINE('',#216,#4431);
#4429=LINE('',#218,#4432);
#4430=VECTOR('',#4433,1.0);
#4431=VECTOR('',#4434,1.0);
#4432=VECTOR('',#4435,1.0);
#4433=DIRECTION('',(-0.8300202702384467,0.5577264268401959,-0.0027538695255053805));
#4434=DIRECTION('',(-0.9951875708234723,0.09798825887822993,-6.994964369823102E-07));
#4435=DIRECTION('',(0.8426896699665753,-0.5383931442494853,0.002634835246713025));
#4436=FACE_SURFACE('',(#4441),#4437,.T.);
#4437=PLANE('',#4438);
#4438=AXIS2_PLACEMENT_3D('',#200,#4439,#4440);
#4439=DIRECTION('',(0.0023809453162863137,0.001954925322630795,0.9999952546719327));
#4440=DIRECTION('',(0.7082659513425871,0.7059390478410837,-0.0030664151715385887));
#4441=FACE_BOUND('',#4442,.T.);
#4442=EDGE_LOOP('',(#4443,#4444,#4445));
#4443=ORIENTED_EDGE('',*,*,#4446,.T.);
#4444=ORIENTED_EDGE('',*,*,#4447,.T.);
#4445=ORIENTED_EDGE('',*,*,#4448,.T.);
#4446=EDGE_CURVE('',#201,#205,#4449,.F.);
#4447=EDGE_CURVE('',#205,#221,#4450,.T.);
#4448=EDGE_CURVE('',#221,#201,#4451,.T.);
#4449=LINE('',#200,#4452);
#4450=LINE('',#204,#4453);
#4451=LINE('',#220,#4454);
#4452=VECTOR('',#4455,1.0);
#4453=VECTOR('',#4456,1.0);
#4454=VECTOR('',#4457,1.0);
#4455=DIRECTION('',(0.7082659513425871,0.7059390478410837,-0.0030664151715385887));
#4456=DIRECTION('',(-0.6343989308581619,0.7730058192054778,-6.994907412785815E-07));
#4457=DIRECTION('',(-0.6675248576687418,-0.7445812867918881,0.0030449554449901));
#4458=FACE_SURFACE('',(#4463),#4459,.T.);
#4459=PLANE('',#4460);
#4460=AXIS2_PLACEMENT_3D('',#200,#4461,#4462);
#4461=DIRECTION('',(0.0028577113986781723,0.0015274975141157947,0.9999947501046724));
#4462=DIRECTION('',(0.6675248576687418,0.7445812867918881,-0.0030449554449901));
#4463=FACE_BOUND('',#4464,.T.);
#4464=EDGE_LOOP('',(#4465,#4466,#4467));
#4465=ORIENTED_EDGE('',*,*,#4468,.T.);
#4466=ORIENTED_EDGE('',*,*,#4469,.T.);
#4467=ORIENTED_EDGE('',*,*,#4470,.T.);
#4468=EDGE_CURVE('',#201,#221,#4471,.F.);
#4469=EDGE_CURVE('',#221,#223,#4472,.T.);
#4470=EDGE_CURVE('',#223,#201,#4473,.T.);
#4471=LINE('',#200,#4474);
#4472=LINE('',#220,#4475);
#4473=LINE('',#222,#4476);
#4474=VECTOR('',#4477,1.0);
#4475=VECTOR('',#4478,1.0);
#4476=VECTOR('',#4479,1.0);
#4477=DIRECTION('',(0.6675248576687418,0.7445812867918881,-0.0030449554449901));
#4478=DIRECTION('',(-0.47140128499907463,0.8819188332841187,0));
#4479=DIRECTION('',(-0.6279662878457405,-0.7782348239238424,0.0029833138397897916));
#4480=FACE_SURFACE('',(#4485),#4481,.T.);
#4481=PLANE('',#4482);
#4482=AXIS2_PLACEMENT_3D('',#224,#4483,#4484);
#4483=DIRECTION('',(-0.0023611101081729728,0.0019377418527106454,0.9999953351469043));
#4484=DIRECTION('',(-0.634398930858317,-0.773005819205667,0));
#4485=FACE_BOUND('',#4486,.T.);
#4486=EDGE_LOOP('',(#4487,#4488,#4489));
#4487=ORIENTED_EDGE('',*,*,#4490,.T.);
#4488=ORIENTED_EDGE('',*,*,#4491,.T.);
#4489=ORIENTED_EDGE('',*,*,#4492,.T.);
#4490=EDGE_CURVE('',#225,#207,#4493,.F.);
#4491=EDGE_CURVE('',#207,#199,#4494,.T.);
#4492=EDGE_CURVE('',#199,#225,#4495,.T.);
#4493=LINE('',#224,#4496);
#4494=LINE('',#206,#4497);
#4495=LINE('',#198,#4498);
#4496=VECTOR('',#4499,1.0);
#4497=VECTOR('',#4500,1.0);
#4498=VECTOR('',#4501,1.0);
#4499=DIRECTION('',(-0.634398930858317,-0.773005819205667,0));
#4500=DIRECTION('',(0.7137843595007528,-0.7003589305599413,0.0030424524705324908));
#4501=DIRECTION('',(-0.6736254835302099,0.7390666895451459,-0.0030226384947265586));
#4502=FACE_SURFACE('',(#4507),#4503,.T.);
#4503=PLANE('',#4504);
#4504=AXIS2_PLACEMENT_3D('',#226,#4505,#4506);
#4505=DIRECTION('',(-0.0028283975686469354,0.0015118287511600118,0.9999948572572864));
#4506=DIRECTION('',(-0.47140128499907463,-0.8819188332841187,0));
#4507=FACE_BOUND('',#4508,.T.);
#4508=EDGE_LOOP('',(#4509,#4510,#4511));
#4509=ORIENTED_EDGE('',*,*,#4512,.T.);
#4510=ORIENTED_EDGE('',*,*,#4513,.T.);
#4511=ORIENTED_EDGE('',*,*,#4514,.T.);
#4512=EDGE_CURVE('',#227,#225,#4515,.F.);
#4513=EDGE_CURVE('',#225,#199,#4516,.T.);
#4514=EDGE_CURVE('',#199,#227,#4517,.T.);
#4515=LINE('',#226,#4518);
#4516=LINE('',#224,#4519);
#4517=LINE('',#198,#4520);
#4518=VECTOR('',#4521,1.0);
#4519=VECTOR('',#4522,1.0);
#4520=VECTOR('',#4523,1.0);
#4521=DIRECTION('',(-0.47140128499907463,-0.8819188332841187,0));
#4522=DIRECTION('',(0.6736254835302099,-0.7390666895451459,0.0030226384947265586));
#4523=DIRECTION('',(-0.6345015592464621,0.7729159016541696,-0.0029631543885655616));
#4524=FACE_SURFACE('',(#4529),#4525,.T.);
#4525=PLANE('',#4526);
#4526=AXIS2_PLACEMENT_3D('',#228,#4527,#4528);
#4527=DIRECTION('',(0.004750701163255262,0,0.9999887153555572));
#4528=DIRECTION('',(0,-1,0));
#4529=FACE_BOUND('',#4530,.T.);
#4530=EDGE_LOOP('',(#4531,#4532,#4533));
#4531=ORIENTED_EDGE('',*,*,#4534,.T.);
#4532=ORIENTED_EDGE('',*,*,#4535,.T.);
#4533=ORIENTED_EDGE('',*,*,#4536,.T.);
#4534=EDGE_CURVE('',#229,#201,#4537,.F.);
#4535=EDGE_CURVE('',#201,#223,#4538,.T.);
#4536=EDGE_CURVE('',#223,#229,#4539,.T.);
#4537=LINE('',#228,#4540);
#4538=LINE('',#200,#4541);
#4539=LINE('',#222,#4542);
#4540=VECTOR('',#4543,1.0);
#4541=VECTOR('',#4544,1.0);
#4542=VECTOR('',#4545,1.0);
#4543=DIRECTION('',(0,-1,0));
#4544=DIRECTION('',(0.6279662878457405,0.7782348239238424,-0.0029833138397897916));
#4545=DIRECTION('',(-0.5282449368593721,0.8490883280202511,0.002509562155538154));
#4546=FACE_SURFACE('',(#4551),#4547,.T.);
#4547=PLANE('',#4548);
#4548=AXIS2_PLACEMENT_3D('',#228,#4549,#4550);
#4549=DIRECTION('',(0.009270667038395968,0.002812120315520119,0.9999530722548905));
#4550=DIRECTION('',(0.5282449368593721,-0.8490883280202511,-0.002509562155538154));
#4551=FACE_BOUND('',#4552,.T.);
#4552=EDGE_LOOP('',(#4553,#4554,#4555));
#4553=ORIENTED_EDGE('',*,*,#4556,.T.);
#4554=ORIENTED_EDGE('',*,*,#4557,.T.);
#4555=ORIENTED_EDGE('',*,*,#4558,.T.);
#4556=EDGE_CURVE('',#229,#223,#4559,.F.);
#4557=EDGE_CURVE('',#223,#231,#4560,.T.);
#4558=EDGE_CURVE('',#231,#229,#4561,.T.);
#4559=LINE('',#228,#4562);
#4560=LINE('',#222,#4563);
#4561=LINE('',#230,#4564);
#4562=VECTOR('',#4565,1.0);
#4563=VECTOR('',#4566,1.0);
#4564=VECTOR('',#4567,1.0);
#4565=DIRECTION('',(0.5282449368593721,-0.8490883280202511,-0.002509562155538154));
#4566=DIRECTION('',(-0.2902746779125706,0.9569433689423599,0));
#4567=DIRECTION('',(-0.5389045594464855,0.8423627324902472,0.0026273026764192958));
#4568=FACE_SURFACE('',(#4573),#4569,.T.);
#4569=PLANE('',#4570);
#4570=AXIS2_PLACEMENT_3D('',#226,#4571,#4572);
#4571=DIRECTION('',(-0.004669999677138708,0,0.9999890954920536));
#4572=DIRECTION('',(0.6345015592464621,-0.7729159016541696,0.0029631543885655616));
#4573=FACE_BOUND('',#4574,.T.);
#4574=EDGE_LOOP('',(#4575,#4576,#4577));
#4575=ORIENTED_EDGE('',*,*,#4578,.T.);
#4576=ORIENTED_EDGE('',*,*,#4579,.T.);
#4577=ORIENTED_EDGE('',*,*,#4580,.T.);
#4578=EDGE_CURVE('',#227,#199,#4581,.F.);
#4579=EDGE_CURVE('',#199,#233,#4582,.T.);
#4580=EDGE_CURVE('',#233,#227,#4583,.T.);
#4581=LINE('',#226,#4584);
#4582=LINE('',#198,#4585);
#4583=LINE('',#232,#4586);
#4584=VECTOR('',#4587,1.0);
#4585=VECTOR('',#4588,1.0);
#4586=VECTOR('',#4589,1.0);
#4587=DIRECTION('',(0.6345015592464621,-0.7729159016541696,0.0029631543885655616));
#4588=DIRECTION('',(0,1,0));
#4589=DIRECTION('',(-0.534808534639182,-0.8449695813203298,-0.0024975829190087926));
#4590=FACE_SURFACE('',(#4595),#4591,.T.);
#4591=PLANE('',#4592);
#4592=AXIS2_PLACEMENT_3D('',#234,#4593,#4594);
#4593=DIRECTION('',(-0.0089676054867672,0.002720191057068855,0.9999560903421943));
#4594=DIRECTION('',(-0.2902746779125706,-0.9569433689423599,0));
#4595=FACE_BOUND('',#4596,.T.);
#4596=EDGE_LOOP('',(#4597,#4598,#4599));
#4597=ORIENTED_EDGE('',*,*,#4600,.T.);
#4598=ORIENTED_EDGE('',*,*,#4601,.T.);
#4599=ORIENTED_EDGE('',*,*,#4602,.T.);
#4600=EDGE_CURVE('',#235,#227,#4603,.F.);
#4601=EDGE_CURVE('',#227,#233,#4604,.T.);
#4602=EDGE_CURVE('',#233,#235,#4605,.T.);
#4603=LINE('',#234,#4606);
#4604=LINE('',#226,#4607);
#4605=LINE('',#232,#4608);
#4606=VECTOR('',#4609,1.0);
#4607=VECTOR('',#4610,1.0);
#4608=VECTOR('',#4611,1.0);
#4609=DIRECTION('',(-0.2902746779125706,-0.9569433689423599,0));
#4610=DIRECTION('',(0.534808534639182,0.8449695813203298,0.0024975829190087926));
#4611=DIRECTION('',(-0.5456643399606682,-0.8379997587310469,-0.0026138978547987817));
#4612=FACE_SURFACE('',(#4617),#4613,.T.);
#4613=PLANE('',#4614);
#4614=AXIS2_PLACEMENT_3D('',#228,#4615,#4616);
#4615=DIRECTION('',(0.005762344367710439,0.0005675643055168382,0.9999832364885658));
#4616=DIRECTION('',(0.5389045594464855,-0.8423627324902472,-0.0026273026764192958));
#4617=FACE_BOUND('',#4618,.T.);
#4618=EDGE_LOOP('',(#4619,#4620,#4621));
#4619=ORIENTED_EDGE('',*,*,#4622,.T.);
#4620=ORIENTED_EDGE('',*,*,#4623,.T.);
#4621=ORIENTED_EDGE('',*,*,#4624,.T.);
#4622=EDGE_CURVE('',#229,#231,#4625,.F.);
#4623=EDGE_CURVE('',#231,#237,#4626,.T.);
#4624=EDGE_CURVE('',#237,#229,#4627,.T.);
#4625=LINE('',#228,#4628);
#4626=LINE('',#230,#4629);
#4627=LINE('',#236,#4630);
#4628=VECTOR('',#4631,1.0);
#4629=VECTOR('',#4632,1.0);
#4630=VECTOR('',#4633,1.0);
#4631=DIRECTION('',(0.5389045594464855,-0.8423627324902472,-0.0026273026764192958));
#4632=DIRECTION('',(-0.09802106105390138,0.9951843405067562,0));
#4633=DIRECTION('',(-0.5581958392149796,0.8297046863063133,0.002745651912879567));
#4634=FACE_SURFACE('',(#4639),#4635,.T.);
#4635=PLANE('',#4636);
#4636=AXIS2_PLACEMENT_3D('',#228,#4637,#4638);
#4637=DIRECTION('',(0.004290613086637285,-0.00042258893784277794,0.9999907059857759));
#4638=DIRECTION('',(0.5581958392149796,-0.8297046863063133,-0.002745651912879567));
#4639=FACE_BOUND('',#4640,.T.);
#4640=EDGE_LOOP('',(#4641,#4642,#4643));
#4641=ORIENTED_EDGE('',*,*,#4644,.T.);
#4642=ORIENTED_EDGE('',*,*,#4645,.T.);
#4643=ORIENTED_EDGE('',*,*,#4646,.T.);
#4644=EDGE_CURVE('',#229,#237,#4647,.F.);
#4645=EDGE_CURVE('',#237,#239,#4648,.T.);
#4646=EDGE_CURVE('',#239,#229,#4649,.T.);
#4647=LINE('',#228,#4650);
#4648=LINE('',#236,#4651);
#4649=LINE('',#238,#4652);
#4650=VECTOR('',#4653,1.0);
#4651=VECTOR('',#4654,1.0);
#4652=VECTOR('',#4655,1.0);
#4653=DIRECTION('',(0.5581958392149796,-0.8297046863063133,-0.002745651912879567));
#4654=DIRECTION('',(0.09801723995228055,0.9951847168602103,0));
#4655=DIRECTION('',(-0.5858278250018664,0.8104305043249186,0.0028560660428057463));
#4656=FACE_SURFACE('',(#4661),#4657,.T.);
#4657=PLANE('',#4658);
#4658=AXIS2_PLACEMENT_3D('',#240,#4659,#4660);
#4659=DIRECTION('',(-0.005643950330638831,0.0005559030396951669,0.9999839182689269));
#4660=DIRECTION('',(-0.09802106105390138,-0.9951843405067562,0));
#4661=FACE_BOUND('',#4662,.T.);
#4662=EDGE_LOOP('',(#4663,#4664,#4665));
#4663=ORIENTED_EDGE('',*,*,#4666,.T.);
#4664=ORIENTED_EDGE('',*,*,#4667,.T.);
#4665=ORIENTED_EDGE('',*,*,#4668,.T.);
#4666=EDGE_CURVE('',#241,#235,#4669,.F.);
#4667=EDGE_CURVE('',#235,#233,#4670,.T.);
#4668=EDGE_CURVE('',#233,#241,#4671,.T.);
#4669=LINE('',#240,#4672);
#4670=LINE('',#234,#4673);
#4671=LINE('',#232,#4674);
#4672=VECTOR('',#4675,1.0);
#4673=VECTOR('',#4676,1.0);
#4674=VECTOR('',#4677,1.0);
#4675=DIRECTION('',(-0.09802106105390138,-0.9951843405067562,0));
#4676=DIRECTION('',(0.5456643399606682,0.8379997587310469,0.0026138978547987817));
#4677=DIRECTION('',(-0.5650450461805774,-0.825055537688283,-0.002730479204730728));
#4678=FACE_SURFACE('',(#4683),#4679,.T.);
#4679=PLANE('',#4680);
#4680=AXIS2_PLACEMENT_3D('',#242,#4681,#4682);
#4681=DIRECTION('',(-0.00422470868329611,-0.000416097914008947,0.9999909893089374));
#4682=DIRECTION('',(0.09801723995228055,-0.9951847168602103,0));
#4683=FACE_BOUND('',#4684,.T.);
#4684=EDGE_LOOP('',(#4685,#4686,#4687));
#4685=ORIENTED_EDGE('',*,*,#4688,.T.);
#4686=ORIENTED_EDGE('',*,*,#4689,.T.);
#4687=ORIENTED_EDGE('',*,*,#4690,.T.);
#4688=EDGE_CURVE('',#243,#241,#4691,.F.);
#4689=EDGE_CURVE('',#241,#233,#4692,.T.);
#4690=EDGE_CURVE('',#233,#243,#4693,.T.);
#4691=LINE('',#242,#4694);
#4692=LINE('',#240,#4695);
#4693=LINE('',#232,#4696);
#4694=VECTOR('',#4697,1.0);
#4695=VECTOR('',#4698,1.0);
#4696=VECTOR('',#4699,1.0);
#4697=DIRECTION('',(0.09801723995228055,-0.9951847168602103,0));
#4698=DIRECTION('',(0.5650450461805774,0.825055537688283,0.002730479204730728));
#4699=DIRECTION('',(-0.5926201020207329,-0.8054770981995509,-0.002838830211067641));
#4700=FACE_SURFACE('',(#4705),#4701,.T.);
#4701=PLANE('',#4702);
#4702=AXIS2_PLACEMENT_3D('',#228,#4703,#4704);
#4703=DIRECTION('',(0.0034341515468140726,-0.0010417008193394038,0.999993560710546));
#4704=DIRECTION('',(0.5858278250018664,-0.8104305043249186,-0.0028560660428057463));
#4705=FACE_BOUND('',#4706,.T.);
#4706=EDGE_LOOP('',(#4707,#4708,#4709));
#4707=ORIENTED_EDGE('',*,*,#4710,.T.);
#4708=ORIENTED_EDGE('',*,*,#4711,.T.);
#4709=ORIENTED_EDGE('',*,*,#4712,.T.);
#4710=EDGE_CURVE('',#229,#239,#4713,.F.);
#4711=EDGE_CURVE('',#239,#245,#4714,.T.);
#4712=EDGE_CURVE('',#245,#229,#4715,.T.);
#4713=LINE('',#228,#4716);
#4714=LINE('',#238,#4717);
#4715=LINE('',#244,#4718);
#4716=VECTOR('',#4719,1.0);
#4717=VECTOR('',#4720,1.0);
#4718=VECTOR('',#4721,1.0);
#4719=DIRECTION('',(0.5858278250018664,-0.8104305043249186,-0.0028560660428057463));
#4720=DIRECTION('',(0.29027506652090557,0.9569432510636583,0));
#4721=DIRECTION('',(-0.6204857089810035,0.7842122133518916,0.0029477754440371024));
#4722=FACE_SURFACE('',(#4727),#4723,.T.);
#4723=PLANE('',#4724);
#4724=AXIS2_PLACEMENT_3D('',#228,#4725,#4726);
#4725=DIRECTION('',(0.0028353106424243916,-0.001515521507851864,0.9999948320907064));
#4726=DIRECTION('',(0.6204857089810035,-0.7842122133518916,-0.0029477754440371024));
#4727=FACE_BOUND('',#4728,.T.);
#4728=EDGE_LOOP('',(#4729,#4730,#4731));
#4729=ORIENTED_EDGE('',*,*,#4732,.T.);
#4730=ORIENTED_EDGE('',*,*,#4733,.T.);
#4731=ORIENTED_EDGE('',*,*,#4734,.T.);
#4732=EDGE_CURVE('',#229,#245,#4735,.F.);
#4733=EDGE_CURVE('',#245,#247,#4736,.T.);
#4734=EDGE_CURVE('',#247,#229,#4737,.T.);
#4735=LINE('',#228,#4738);
#4736=LINE('',#244,#4739);
#4737=LINE('',#246,#4740);
#4738=VECTOR('',#4741,1.0);
#4739=VECTOR('',#4742,1.0);
#4740=VECTOR('',#4743,1.0);
#4741=DIRECTION('',(0.6204857089810035,-0.7842122133518916,-0.0029477754440371024));
#4742=DIRECTION('',(0.471400703389788,0.8819191441643689,0));
#4743=DIRECTION('',(-0.6597514965080129,0.7514778145657738,0.003009496782858926));
#4744=FACE_SURFACE('',(#4749),#4745,.T.);
#4745=PLANE('',#4746);
#4746=AXIS2_PLACEMENT_3D('',#248,#4747,#4748);
#4747=DIRECTION('',(-0.0033918539048061556,-0.0010288704338030845,0.99999371835663));
#4748=DIRECTION('',(0.29027506652090557,-0.9569432510636583,0));
#4749=FACE_BOUND('',#4750,.T.);
#4750=EDGE_LOOP('',(#4751,#4752,#4753));
#4751=ORIENTED_EDGE('',*,*,#4754,.T.);
#4752=ORIENTED_EDGE('',*,*,#4755,.T.);
#4753=ORIENTED_EDGE('',*,*,#4756,.T.);
#4754=EDGE_CURVE('',#249,#243,#4757,.F.);
#4755=EDGE_CURVE('',#243,#233,#4758,.T.);
#4756=EDGE_CURVE('',#233,#249,#4759,.T.);
#4757=LINE('',#248,#4760);
#4758=LINE('',#242,#4761);
#4759=LINE('',#232,#4762);
#4760=VECTOR('',#4763,1.0);
#4761=VECTOR('',#4764,1.0);
#4762=VECTOR('',#4765,1.0);
#4763=DIRECTION('',(0.29027506652090557,-0.9569432510636583,0));
#4764=DIRECTION('',(0.5926201020207329,0.8054770981995509,0.002838830211067641));
#4765=DIRECTION('',(-0.6270442862257282,-0.7789781049577661,-0.0029283285462077236));
#4766=FACE_SURFACE('',(#4771),#4767,.T.);
#4767=PLANE('',#4768);
#4768=AXIS2_PLACEMENT_3D('',#250,#4769,#4770);
#4769=DIRECTION('',(-0.002806453945757196,-0.001500097115268448,0.9999949367496294));
#4770=DIRECTION('',(0.471400703389788,-0.8819191441643689,0));
#4771=FACE_BOUND('',#4772,.T.);
#4772=EDGE_LOOP('',(#4773,#4774,#4775));
#4773=ORIENTED_EDGE('',*,*,#4776,.T.);
#4774=ORIENTED_EDGE('',*,*,#4777,.T.);
#4775=ORIENTED_EDGE('',*,*,#4778,.T.);
#4776=EDGE_CURVE('',#251,#249,#4779,.F.);
#4777=EDGE_CURVE('',#249,#233,#4780,.T.);
#4778=EDGE_CURVE('',#233,#251,#4781,.T.);
#4779=LINE('',#250,#4782);
#4780=LINE('',#248,#4783);
#4781=LINE('',#232,#4784);
#4782=VECTOR('',#4785,1.0);
#4783=VECTOR('',#4786,1.0);
#4784=VECTOR('',#4787,1.0);
#4785=DIRECTION('',(0.471400703389788,-0.8819191441643689,0));
#4786=DIRECTION('',(0.6270442862257282,0.7789781049577661,0.0029283285462077236));
#4787=DIRECTION('',(-0.6658948609487383,-0.7460396144410101,-0.002987950262208243));
#4788=FACE_SURFACE('',(#4793),#4789,.T.);
#4789=PLANE('',#4790);
#4790=AXIS2_PLACEMENT_3D('',#228,#4791,#4792);
#4791=DIRECTION('',(0.0023571044439896246,-0.0019353593330174671,0.9999953492106312));
#4792=DIRECTION('',(0.6597514965080129,-0.7514778145657738,-0.003009496782858926));
#4793=FACE_BOUND('',#4794,.T.);
#4794=EDGE_LOOP('',(#4795,#4796,#4797));
#4795=ORIENTED_EDGE('',*,*,#4798,.T.);
#4796=ORIENTED_EDGE('',*,*,#4799,.T.);
#4797=ORIENTED_EDGE('',*,*,#4800,.T.);
#4798=EDGE_CURVE('',#229,#247,#4801,.F.);
#4799=EDGE_CURVE('',#247,#253,#4802,.T.);
#4800=EDGE_CURVE('',#253,#229,#4803,.T.);
#4801=LINE('',#228,#4804);
#4802=LINE('',#246,#4805);
#4803=LINE('',#252,#4806);
#4804=VECTOR('',#4807,1.0);
#4805=VECTOR('',#4808,1.0);
#4806=VECTOR('',#4809,1.0);
#4807=DIRECTION('',(0.6597514965080129,-0.7514778145657738,-0.003009496782858926));
#4808=DIRECTION('',(0.6343989308581619,0.7730058192054778,6.994907412785815E-07));
#4809=DIRECTION('',(-0.700379745430413,0.7137639788591158,0.003032272090949825));
#4810=FACE_SURFACE('',(#4815),#4811,.T.);
#4811=PLANE('',#4812);
#4812=AXIS2_PLACEMENT_3D('',#228,#4813,#4814);
#4813=DIRECTION('',(0.0019312820758505195,-0.0023531969129981507,0.9999953662961805));
#4814=DIRECTION('',(0.700379745430413,-0.7137639788591158,-0.003032272090949825));
#4815=FACE_BOUND('',#4816,.T.);
#4816=EDGE_LOOP('',(#4817,#4818,#4819));
#4817=ORIENTED_EDGE('',*,*,#4820,.T.);
#4818=ORIENTED_EDGE('',*,*,#4821,.T.);
#4819=ORIENTED_EDGE('',*,*,#4822,.T.);
#4820=EDGE_CURVE('',#229,#253,#4823,.F.);
#4821=EDGE_CURVE('',#253,#255,#4824,.T.);
#4822=EDGE_CURVE('',#255,#229,#4825,.T.);
#4823=LINE('',#228,#4826);
#4824=LINE('',#252,#4827);
#4825=LINE('',#254,#4828);
#4826=VECTOR('',#4829,1.0);
#4827=VECTOR('',#4830,1.0);
#4828=VECTOR('',#4831,1.0);
#4829=DIRECTION('',(0.700379745430413,-0.7137639788591158,-0.003032272090949825));
#4830=DIRECTION('',(0.7730002597723444,0.6344057048859886,0));
#4831=DIRECTION('',(-0.7389646609824517,0.673737451875724,0.003012600055863944));
#4832=FACE_SURFACE('',(#4837),#4833,.T.);
#4833=PLANE('',#4834);
#4834=AXIS2_PLACEMENT_3D('',#256,#4835,#4836);
#4835=DIRECTION('',(-0.0023376806427691825,-0.0019185135009525428,0.9999954272671246));
#4836=DIRECTION('',(0.634398930858317,-0.773005819205667,0));
#4837=FACE_BOUND('',#4838,.T.);
#4838=EDGE_LOOP('',(#4839,#4840,#4841));
#4839=ORIENTED_EDGE('',*,*,#4842,.T.);
#4840=ORIENTED_EDGE('',*,*,#4843,.T.);
#4841=ORIENTED_EDGE('',*,*,#4844,.T.);
#4842=EDGE_CURVE('',#257,#251,#4845,.F.);
#4843=EDGE_CURVE('',#251,#233,#4846,.T.);
#4844=EDGE_CURVE('',#233,#257,#4847,.T.);
#4845=LINE('',#256,#4848);
#4846=LINE('',#250,#4849);
#4847=LINE('',#232,#4850);
#4848=VECTOR('',#4851,1.0);
#4849=VECTOR('',#4852,1.0);
#4850=VECTOR('',#4853,1.0);
#4851=DIRECTION('',(0.634398930858317,-0.773005819205667,0));
#4852=DIRECTION('',(0.6658948609487383,0.7460396144410101,0.002987950262208243));
#4853=DIRECTION('',(-0.7059598068053571,-0.708245505800862,-0.00300910089962448));
#4854=FACE_SURFACE('',(#4859),#4855,.T.);
#4855=PLANE('',#4856);
#4856=AXIS2_PLACEMENT_3D('',#258,#4857,#4858);
#4857=DIRECTION('',(-0.001918419430031052,-0.002336421658107337,0.9999954303899222));
#4858=DIRECTION('',(0.7730002597721554,-0.6344057048858334,6.994920402467092E-07));
#4859=FACE_BOUND('',#4860,.T.);
#4860=EDGE_LOOP('',(#4861,#4862,#4863));
#4861=ORIENTED_EDGE('',*,*,#4864,.T.);
#4862=ORIENTED_EDGE('',*,*,#4865,.T.);
#4863=ORIENTED_EDGE('',*,*,#4866,.T.);
#4864=EDGE_CURVE('',#259,#257,#4867,.F.);
#4865=EDGE_CURVE('',#257,#233,#4868,.T.);
#4866=EDGE_CURVE('',#233,#259,#4869,.T.);
#4867=LINE('',#258,#4870);
#4868=LINE('',#256,#4871);
#4869=LINE('',#232,#4872);
#4870=VECTOR('',#4873,1.0);
#4871=VECTOR('',#4874,1.0);
#4872=VECTOR('',#4875,1.0);
#4873=DIRECTION('',(0.7730002597721554,-0.6344057048858334,6.994920402467092E-07));
#4874=DIRECTION('',(0.7059598068053571,0.708245505800862,0.00300910089962448));
#4875=DIRECTION('',(-0.7439014570360782,-0.6682826430302831,-0.0029885187064847885));
#4876=FACE_SURFACE('',(#4881),#4877,.T.);
#4877=PLANE('',#4878);
#4878=AXIS2_PLACEMENT_3D('',#232,#4879,#4880);
#4879=DIRECTION('',(-1.9457454206571802E-07,-0.0044716435336489245,0.9999900021520566));
#4880=DIRECTION('',(-0.999999999999981,0,-1.9457648741184883E-07));
#4881=FACE_BOUND('',#4882,.T.);
#4882=EDGE_LOOP('',(#4883,#4884,#4885));
#4883=ORIENTED_EDGE('',*,*,#4886,.T.);
#4884=ORIENTED_EDGE('',*,*,#4887,.T.);
#4885=ORIENTED_EDGE('',*,*,#4888,.T.);
#4886=EDGE_CURVE('',#233,#229,#4889,.F.);
#4887=EDGE_CURVE('',#229,#255,#4890,.T.);
#4888=EDGE_CURVE('',#255,#233,#4891,.T.);
#4889=LINE('',#232,#4892);
#4890=LINE('',#228,#4893);
#4891=LINE('',#254,#4894);
#4892=VECTOR('',#4895,1.0);
#4893=VECTOR('',#4896,1.0);
#4894=VECTOR('',#4897,1.0);
#4895=DIRECTION('',(-0.999999999999981,0,-1.9457648741184883E-07));
#4896=DIRECTION('',(0.7389646609824517,-0.673737451875724,-0.003012600055863944));
#4897=DIRECTION('',(0.8453661465509112,0.5341819648911786,0.0023888596992843905));
#4898=FACE_SURFACE('',(#4903),#4899,.T.);
#4899=PLANE('',#4900);
#4900=AXIS2_PLACEMENT_3D('',#232,#4901,#4902);
#4901=DIRECTION('',(0.015503417417355761,-0.029004408046928495,0.9994590478665099));
#4902=DIRECTION('',(-0.8453661465509112,-0.5341819648911786,-0.0023888596992843905));
#4903=FACE_BOUND('',#4904,.T.);
#4904=EDGE_LOOP('',(#4905,#4906,#4907));
#4905=ORIENTED_EDGE('',*,*,#4908,.T.);
#4906=ORIENTED_EDGE('',*,*,#4909,.T.);
#4907=ORIENTED_EDGE('',*,*,#4910,.T.);
#4908=EDGE_CURVE('',#233,#255,#4911,.F.);
#4909=EDGE_CURVE('',#255,#261,#4912,.T.);
#4910=EDGE_CURVE('',#261,#233,#4913,.T.);
#4911=LINE('',#232,#4914);
#4912=LINE('',#254,#4915);
#4913=LINE('',#260,#4916);
#4914=VECTOR('',#4917,1.0);
#4915=VECTOR('',#4918,1.0);
#4916=VECTOR('',#4919,1.0);
#4917=DIRECTION('',(-0.8453661465509112,-0.5341819648911786,-0.0023888596992843905));
#4918=DIRECTION('',(0.8819182516739295,0.4714023731000935,0));
#4919=DIRECTION('',(0.8435664491727355,0.5370189943507747,0.002499107157648265));
#4920=FACE_SURFACE('',(#4925),#4921,.T.);
#4921=PLANE('',#4922);
#4922=AXIS2_PLACEMENT_3D('',#262,#4923,#4924);
#4923=DIRECTION('',(-0.00149863446550898,-0.002803704782027775,0.9999949466543488));
#4924=DIRECTION('',(0.8819182516739295,-0.4714023731000935,0));
#4925=FACE_BOUND('',#4926,.T.);
#4926=EDGE_LOOP('',(#4927,#4928,#4929));
#4927=ORIENTED_EDGE('',*,*,#4930,.T.);
#4928=ORIENTED_EDGE('',*,*,#4931,.T.);
#4929=ORIENTED_EDGE('',*,*,#4932,.T.);
#4930=EDGE_CURVE('',#263,#259,#4933,.F.);
#4931=EDGE_CURVE('',#259,#233,#4934,.T.);
#4932=EDGE_CURVE('',#233,#263,#4935,.T.);
#4933=LINE('',#262,#4936);
#4934=LINE('',#258,#4937);
#4935=LINE('',#232,#4938);
#4936=VECTOR('',#4939,1.0);
#4937=VECTOR('',#4940,1.0);
#4938=VECTOR('',#4941,1.0);
#4939=DIRECTION('',(0.8819182516739295,-0.4714023731000935,0));
#4940=DIRECTION('',(0.7439014570360782,0.6682826430302831,0.0029885187064847885));
#4941=DIRECTION('',(-0.7770125578733803,-0.6294782790943588,-0.002929343863628881));
#4942=FACE_SURFACE('',(#4947),#4943,.T.);
#4943=PLANE('',#4944);
#4944=AXIS2_PLACEMENT_3D('',#264,#4945,#4946);
#4945=DIRECTION('',(-0.001027079342768902,-0.0033857752551440354,0.9999937407973838));
#4946=DIRECTION('',(0.956939107195417,-0.290288727166658,0));
#4947=FACE_BOUND('',#4948,.T.);
#4948=EDGE_LOOP('',(#4949,#4950,#4951));
#4949=ORIENTED_EDGE('',*,*,#4952,.T.);
#4950=ORIENTED_EDGE('',*,*,#4953,.T.);
#4951=ORIENTED_EDGE('',*,*,#4954,.T.);
#4952=EDGE_CURVE('',#265,#263,#4955,.F.);
#4953=EDGE_CURVE('',#263,#233,#4956,.T.);
#4954=EDGE_CURVE('',#233,#265,#4957,.T.);
#4955=LINE('',#264,#4958);
#4956=LINE('',#262,#4959);
#4957=LINE('',#232,#4960);
#4958=VECTOR('',#4961,1.0);
#4959=VECTOR('',#4962,1.0);
#4960=VECTOR('',#4963,1.0);
#4961=DIRECTION('',(0.956939107195417,-0.290288727166658,0));
#4962=DIRECTION('',(0.7770125578733803,0.6294782790943588,0.002929343863628881));
#4963=DIRECTION('',(-0.8036867699790433,-0.5950458043346548,-0.0028401592166276903));
#4964=FACE_SURFACE('',(#4969),#4965,.T.);
#4965=PLANE('',#4966);
#4966=AXIS2_PLACEMENT_3D('',#232,#4967,#4968);
#4967=DIRECTION('',(0.0026966038882226275,-0.008889376251162399,0.9999568527278242));
#4968=DIRECTION('',(-0.8435664491727355,-0.5370189943507747,-0.002499107157648265));
#4969=FACE_BOUND('',#4970,.T.);
#4970=EDGE_LOOP('',(#4971,#4972,#4973));
#4971=ORIENTED_EDGE('',*,*,#4974,.T.);
#4972=ORIENTED_EDGE('',*,*,#4975,.T.);
#4973=ORIENTED_EDGE('',*,*,#4976,.T.);
#4974=EDGE_CURVE('',#233,#261,#4977,.F.);
#4975=EDGE_CURVE('',#261,#267,#4978,.T.);
#4976=EDGE_CURVE('',#267,#233,#4979,.T.);
#4977=LINE('',#232,#4980);
#4978=LINE('',#260,#4981);
#4979=LINE('',#266,#4982);
#4980=VECTOR('',#4983,1.0);
#4981=VECTOR('',#4984,1.0);
#4982=VECTOR('',#4985,1.0);
#4983=DIRECTION('',(-0.8435664491727355,-0.5370189943507747,-0.002499107157648265));
#4984=DIRECTION('',(0.956939107195417,0.290288727166658,0));
#4985=DIRECTION('',(0.8364974398174904,0.5479645905297511,0.0026154740194023647));
#4986=FACE_SURFACE('',(#4991),#4987,.T.);
#4987=PLANE('',#4988);
#4988=AXIS2_PLACEMENT_3D('',#268,#4989,#4990);
#4989=DIRECTION('',(-0.00041478928325596435,-0.004212739745819774,0.9999910403467045));
#4990=DIRECTION('',(0.9951877072479346,-0.09798687331780334,0));
#4991=FACE_BOUND('',#4992,.T.);
#4992=EDGE_LOOP('',(#4993,#4994,#4995));
#4993=ORIENTED_EDGE('',*,*,#4996,.T.);
#4994=ORIENTED_EDGE('',*,*,#4997,.T.);
#4995=ORIENTED_EDGE('',*,*,#4998,.T.);
#4996=EDGE_CURVE('',#269,#265,#4999,.F.);
#4997=EDGE_CURVE('',#265,#233,#5000,.T.);
#4998=EDGE_CURVE('',#233,#269,#5001,.T.);
#4999=LINE('',#268,#5002);
#5000=LINE('',#264,#5003);
#5001=LINE('',#232,#5004);
#5002=VECTOR('',#5005,1.0);
#5003=VECTOR('',#5006,1.0);
#5004=VECTOR('',#5007,1.0);
#5005=DIRECTION('',(0.9951877072479346,-0.09798687331780334,0));
#5006=DIRECTION('',(0.8036867699790433,0.5950458043346548,0.0028401592166276903));
#5007=DIRECTION('',(-0.823421837848505,-0.5674231342267805,-0.002731977021760203));
#5008=FACE_SURFACE('',(#5013),#5009,.T.);
#5009=PLANE('',#5010);
#5010=AXIS2_PLACEMENT_3D('',#232,#5011,#5012);
#5011=DIRECTION('',(0.0005522568253643184,-0.005616044992645179,0.9999840773987552));
#5012=DIRECTION('',(-0.8364974398174904,-0.5479645905297511,-0.0026154740194023647));
#5013=FACE_BOUND('',#5014,.T.);
#5014=EDGE_LOOP('',(#5015,#5016,#5017));
#5015=ORIENTED_EDGE('',*,*,#5018,.T.);
#5016=ORIENTED_EDGE('',*,*,#5019,.T.);
#5017=ORIENTED_EDGE('',*,*,#5020,.T.);
#5018=EDGE_CURVE('',#233,#267,#5021,.F.);
#5019=EDGE_CURVE('',#267,#269,#5022,.T.);
#5020=EDGE_CURVE('',#269,#233,#5023,.T.);
#5021=LINE('',#232,#5024);
#5022=LINE('',#266,#5025);
#5023=LINE('',#268,#5026);
#5024=VECTOR('',#5027,1.0);
#5025=VECTOR('',#5028,1.0);
#5026=VECTOR('',#5029,1.0);
#5027=DIRECTION('',(-0.8364974398174904,-0.5479645905297511,-0.0026154740194023647));
#5028=DIRECTION('',(0.9951877072476911,0.09798687331777937,6.994965328720277E-07));
#5029=DIRECTION('',(0.823421837848505,0.5674231342267805,0.002731977021760203));
#5030=FACE_SURFACE('',(#5035),#5031,.T.);
#5031=PLANE('',#5032);
#5032=AXIS2_PLACEMENT_3D('',#228,#5033,#5034);
#5033=DIRECTION('',(-0,1,0));
#5034=DIRECTION('',(0.999999999999981,0,1.9457648741184883E-07));
#5035=FACE_BOUND('',#5036,.T.);
#5036=EDGE_LOOP('',(#5037,#5038,#5039));
#5037=ORIENTED_EDGE('',*,*,#5040,.T.);
#5038=ORIENTED_EDGE('',*,*,#5041,.T.);
#5039=ORIENTED_EDGE('',*,*,#5042,.T.);
#5040=EDGE_CURVE('',#229,#233,#5043,.F.);
#5041=EDGE_CURVE('',#233,#271,#5044,.T.);
#5042=EDGE_CURVE('',#271,#229,#5045,.T.);
#5043=LINE('',#228,#5046);
#5044=LINE('',#232,#5047);
#5045=LINE('',#270,#5048);
#5046=VECTOR('',#5049,1.0);
#5047=VECTOR('',#5050,1.0);
#5048=VECTOR('',#5051,1.0);
#5049=DIRECTION('',(0.999999999999981,0,1.9457648741184883E-07));
#5050=DIRECTION('',(0,0,-1));
#5051=DIRECTION('',(-0.9977199025309434,0,0.06749071116564619));
#5052=FACE_SURFACE('',(#5057),#5053,.T.);
#5053=PLANE('',#5054);
#5054=AXIS2_PLACEMENT_3D('',#228,#5055,#5056);
#5055=DIRECTION('',(0,1,0));
#5056=DIRECTION('',(0.9977199025309434,0,-0.06749071116564619));
#5057=FACE_BOUND('',#5058,.T.);
#5058=EDGE_LOOP('',(#5059,#5060,#5061));
#5059=ORIENTED_EDGE('',*,*,#5062,.T.);
#5060=ORIENTED_EDGE('',*,*,#5063,.T.);
#5061=ORIENTED_EDGE('',*,*,#5064,.T.);
#5062=EDGE_CURVE('',#229,#271,#5065,.F.);
#5063=EDGE_CURVE('',#271,#273,#5066,.T.);
#5064=EDGE_CURVE('',#273,#229,#5067,.T.);
#5065=LINE('',#228,#5068);
#5066=LINE('',#270,#5069);
#5067=LINE('',#272,#5070);
#5068=VECTOR('',#5071,1.0);
#5069=VECTOR('',#5072,1.0);
#5070=VECTOR('',#5073,1.0);
#5071=DIRECTION('',(0.9977199025309434,0,-0.06749071116564619));
#5072=DIRECTION('',(-0.999999999999981,0,-1.9457648741184883E-07));
#5073=DIRECTION('',(0,0,1));
#5074=FACE_SURFACE('',(#5079),#5075,.T.);
#5075=PLANE('',#5076);
#5076=AXIS2_PLACEMENT_3D('',#274,#5077,#5078);
#5077=DIRECTION('',(-0.001943261308188941,0.0023688555993641933,-0.9999953061183025));
#5078=DIRECTION('',(0.7729956281505449,0.6344113483061756,6.963824198484931E-07));
#5079=FACE_BOUND('',#5080,.T.);
#5080=EDGE_LOOP('',(#5081,#5082,#5083));
#5081=ORIENTED_EDGE('',*,*,#5084,.T.);
#5082=ORIENTED_EDGE('',*,*,#5085,.T.);
#5083=ORIENTED_EDGE('',*,*,#5086,.T.);
#5084=EDGE_CURVE('',#275,#277,#5087,.F.);
#5085=EDGE_CURVE('',#277,#197,#5088,.T.);
#5086=EDGE_CURVE('',#197,#275,#5089,.T.);
#5087=LINE('',#274,#5090);
#5088=LINE('',#276,#5091);
#5089=LINE('',#196,#5092);
#5090=VECTOR('',#5093,1.0);
#5091=VECTOR('',#5094,1.0);
#5092=VECTOR('',#5095,1.0);
#5093=DIRECTION('',(0.7729956281505449,0.6344113483061756,6.963824198484931E-07));
#5094=DIRECTION('',(0.7137932158979766,-0.7003498882968517,-0.003046128791076559));
#5095=DIRECTION('',(-0.7518330937612776,0.6593465409672555,0.003022919096038593));
#5096=FACE_SURFACE('',(#5101),#5097,.T.);
#5097=PLANE('',#5098);
#5098=AXIS2_PLACEMENT_3D('',#194,#5099,#5100);
#5099=DIRECTION('',(0.0019578343409227283,0.0023855143673216354,-0.9999952380916104));
#5100=DIRECTION('',(0.7082677656201807,0.7059372089145457,0.003070708930827003));
#5101=FACE_BOUND('',#5102,.T.);
#5102=EDGE_LOOP('',(#5103,#5104,#5105));
#5103=ORIENTED_EDGE('',*,*,#5106,.T.);
#5104=ORIENTED_EDGE('',*,*,#5107,.T.);
#5105=ORIENTED_EDGE('',*,*,#5108,.T.);
#5106=EDGE_CURVE('',#195,#279,#5109,.F.);
#5107=EDGE_CURVE('',#279,#281,#5110,.T.);
#5108=EDGE_CURVE('',#281,#195,#5111,.T.);
#5109=LINE('',#194,#5112);
#5110=LINE('',#278,#5113);
#5111=LINE('',#280,#5114);
#5112=VECTOR('',#5115,1.0);
#5113=VECTOR('',#5116,1.0);
#5114=VECTOR('',#5117,1.0);
#5115=DIRECTION('',(0.7082677656201807,0.7059372089145457,0.003070708930827003));
#5116=DIRECTION('',(0.7729956281507323,-0.6344113483063295,0));
#5117=DIRECTION('',(-0.7469702743659359,-0.6648504463796863,-0.003048468863290501));
#5118=FACE_SURFACE('',(#5123),#5119,.T.);
#5119=PLANE('',#5120);
#5120=AXIS2_PLACEMENT_3D('',#194,#5121,#5122);
#5121=DIRECTION('',(0.001531264878998212,0.0028647697291875407,-0.9999947241472172));
#5122=DIRECTION('',(0.7469702743659359,0.6648504463796863,0.003048468863290501));
#5123=FACE_BOUND('',#5124,.T.);
#5124=EDGE_LOOP('',(#5125,#5126,#5127));
#5125=ORIENTED_EDGE('',*,*,#5128,.T.);
#5126=ORIENTED_EDGE('',*,*,#5129,.T.);
#5127=ORIENTED_EDGE('',*,*,#5130,.T.);
#5128=EDGE_CURVE('',#195,#281,#5131,.F.);
#5129=EDGE_CURVE('',#281,#283,#5132,.T.);
#5130=EDGE_CURVE('',#283,#195,#5133,.T.);
#5131=LINE('',#194,#5134);
#5132=LINE('',#280,#5135);
#5133=LINE('',#282,#5136);
#5134=VECTOR('',#5137,1.0);
#5135=VECTOR('',#5138,1.0);
#5136=VECTOR('',#5139,1.0);
#5137=DIRECTION('',(0.7469702743659359,0.6648504463796863,0.003048468863290501));
#5138=DIRECTION('',(0.8819195292874702,-0.4713999828822303,0));
#5139=DIRECTION('',(-0.7806088334492018,-0.6250127469319867,-0.0029858522415804937));
#5140=FACE_SURFACE('',(#5145),#5141,.T.);
#5141=PLANE('',#5142);
#5142=AXIS2_PLACEMENT_3D('',#274,#5143,#5144);
#5143=DIRECTION('',(1.9457444228084327E-07,0.004584893410036448,-0.9999894893209531));
#5144=DIRECTION('',(0.7518330937612776,-0.6593465409672555,-0.003022919096038593));
#5145=FACE_BOUND('',#5146,.T.);
#5146=EDGE_LOOP('',(#5147,#5148,#5149));
#5147=ORIENTED_EDGE('',*,*,#5150,.T.);
#5148=ORIENTED_EDGE('',*,*,#5151,.T.);
#5149=ORIENTED_EDGE('',*,*,#5152,.T.);
#5150=EDGE_CURVE('',#275,#197,#5153,.F.);
#5151=EDGE_CURVE('',#197,#195,#5154,.T.);
#5152=EDGE_CURVE('',#195,#275,#5155,.T.);
#5153=LINE('',#274,#5156);
#5154=LINE('',#196,#5157);
#5155=LINE('',#194,#5158);
#5156=VECTOR('',#5159,1.0);
#5157=VECTOR('',#5160,1.0);
#5158=VECTOR('',#5161,1.0);
#5159=DIRECTION('',(0.7518330937612776,-0.6593465409672555,-0.003022919096038593));
#5160=DIRECTION('',(-0.999999999999981,0,-1.9457648741184883E-07));
#5161=DIRECTION('',(0.8490249310829203,0.5283472318256787,0.0024226064031993622));
#5162=FACE_SURFACE('',(#5167),#5163,.T.);
#5163=PLANE('',#5164);
#5164=AXIS2_PLACEMENT_3D('',#284,#5165,#5166);
#5165=DIRECTION('',(-0.01736272726851608,0.03248309040270362,-0.9993214620629784));
#5166=DIRECTION('',(0.8819195292874702,0.4713999828822303,0));
#5167=FACE_BOUND('',#5168,.T.);
#5168=EDGE_LOOP('',(#5169,#5170,#5171));
#5169=ORIENTED_EDGE('',*,*,#5172,.T.);
#5170=ORIENTED_EDGE('',*,*,#5173,.T.);
#5171=ORIENTED_EDGE('',*,*,#5174,.T.);
#5172=EDGE_CURVE('',#285,#275,#5175,.F.);
#5173=EDGE_CURVE('',#275,#195,#5176,.T.);
#5174=EDGE_CURVE('',#195,#285,#5177,.T.);
#5175=LINE('',#284,#5178);
#5176=LINE('',#274,#5179);
#5177=LINE('',#194,#5180);
#5178=VECTOR('',#5181,1.0);
#5179=VECTOR('',#5182,1.0);
#5180=VECTOR('',#5183,1.0);
#5181=DIRECTION('',(0.8819195292874702,0.4713999828822303,0));
#5182=DIRECTION('',(-0.8490249310829203,-0.5283472318256787,-0.0024226064031993622));
#5183=DIRECTION('',(0.847382007610979,0.5309776817916196,0.0025366545654138817));
#5184=FACE_SURFACE('',(#5189),#5185,.T.);
#5185=PLANE('',#5186);
#5186=AXIS2_PLACEMENT_3D('',#194,#5187,#5188);
#5187=DIRECTION('',(0.0010510056553563706,0.003464582737510365,-0.9999934460053062));
#5188=DIRECTION('',(0.7806088334492018,0.6250127469319867,0.0029858522415804937));
#5189=FACE_BOUND('',#5190,.T.);
#5190=EDGE_LOOP('',(#5191,#5192,#5193));
#5191=ORIENTED_EDGE('',*,*,#5194,.T.);
#5192=ORIENTED_EDGE('',*,*,#5195,.T.);
#5193=ORIENTED_EDGE('',*,*,#5196,.T.);
#5194=EDGE_CURVE('',#195,#283,#5197,.F.);
#5195=EDGE_CURVE('',#283,#287,#5198,.T.);
#5196=EDGE_CURVE('',#287,#195,#5199,.T.);
#5197=LINE('',#194,#5200);
#5198=LINE('',#282,#5201);
#5199=LINE('',#286,#5202);
#5200=VECTOR('',#5203,1.0);
#5201=VECTOR('',#5204,1.0);
#5202=VECTOR('',#5205,1.0);
#5203=DIRECTION('',(0.7806088334492018,0.6250127469319867,0.0029858522415804937));
#5204=DIRECTION('',(0.956937575718648,-0.29029377564411685,0));
#5205=DIRECTION('',(-0.8075698401873612,-0.5897648592101112,-0.002892068574143828));
#5206=FACE_SURFACE('',(#5211),#5207,.T.);
#5207=PLANE('',#5208);
#5208=AXIS2_PLACEMENT_3D('',#194,#5209,#5210);
#5209=DIRECTION('',(0.0004260648817916777,0.004320305174076312,-0.9999905766715601));
#5210=DIRECTION('',(0.8075698401873612,0.5897648592101112,0.002892068574143828));
#5211=FACE_BOUND('',#5212,.T.);
#5212=EDGE_LOOP('',(#5213,#5214,#5215));
#5213=ORIENTED_EDGE('',*,*,#5216,.T.);
#5214=ORIENTED_EDGE('',*,*,#5217,.T.);
#5215=ORIENTED_EDGE('',*,*,#5218,.T.);
#5216=EDGE_CURVE('',#195,#287,#5219,.F.);
#5217=EDGE_CURVE('',#287,#289,#5220,.T.);
#5218=EDGE_CURVE('',#289,#195,#5221,.T.);
#5219=LINE('',#194,#5222);
#5220=LINE('',#286,#5223);
#5221=LINE('',#288,#5224);
#5222=VECTOR('',#5225,1.0);
#5223=VECTOR('',#5226,1.0);
#5224=VECTOR('',#5227,1.0);
#5225=DIRECTION('',(0.8075698401873612,0.5897648592101112,0.002892068574143828));
#5226=DIRECTION('',(0.9951880466244771,-0.09798342643157765,6.963798216936096E-07));
#5227=DIRECTION('',(-0.8273959542329397,-0.5616121550581757,-0.002778886445116824));
#5228=FACE_SURFACE('',(#5233),#5229,.T.);
#5229=PLANE('',#5230);
#5230=AXIS2_PLACEMENT_3D('',#290,#5231,#5232);
#5231=DIRECTION('',(-0.002809143759706434,0.009260188969928824,-0.9999531777096258));
#5232=DIRECTION('',(0.956937575718648,0.29029377564411685,0));
#5233=FACE_BOUND('',#5234,.T.);
#5234=EDGE_LOOP('',(#5235,#5236,#5237));
#5235=ORIENTED_EDGE('',*,*,#5238,.T.);
#5236=ORIENTED_EDGE('',*,*,#5239,.T.);
#5237=ORIENTED_EDGE('',*,*,#5240,.T.);
#5238=EDGE_CURVE('',#291,#285,#5241,.F.);
#5239=EDGE_CURVE('',#285,#195,#5242,.T.);
#5240=EDGE_CURVE('',#195,#291,#5243,.T.);
#5241=LINE('',#290,#5244);
#5242=LINE('',#284,#5245);
#5243=LINE('',#194,#5246);
#5244=VECTOR('',#5247,1.0);
#5245=VECTOR('',#5248,1.0);
#5246=VECTOR('',#5249,1.0);
#5247=DIRECTION('',(0.956937575718648,0.29029377564411685,0));
#5248=DIRECTION('',(-0.847382007610979,-0.5309776817916196,-0.0025366545654138817));
#5249=DIRECTION('',(0.840430674296826,0.5419125572257295,0.0026574465286538416));
#5250=FACE_SURFACE('',(#5255),#5251,.T.);
#5251=PLANE('',#5252);
#5252=AXIS2_PLACEMENT_3D('',#194,#5253,#5254);
#5253=DIRECTION('',(-0.0005698162599350428,0.005787451524320917,-0.9999830902141714));
#5254=DIRECTION('',(0.8273959542329397,0.5616121550581757,0.002778886445116824));
#5255=FACE_BOUND('',#5256,.T.);
#5256=EDGE_LOOP('',(#5257,#5258,#5259));
#5257=ORIENTED_EDGE('',*,*,#5260,.T.);
#5258=ORIENTED_EDGE('',*,*,#5261,.T.);
#5259=ORIENTED_EDGE('',*,*,#5262,.T.);
#5260=EDGE_CURVE('',#195,#289,#5263,.F.);
#5261=EDGE_CURVE('',#289,#291,#5264,.T.);
#5262=EDGE_CURVE('',#291,#195,#5265,.T.);
#5263=LINE('',#194,#5266);
#5264=LINE('',#288,#5267);
#5265=LINE('',#290,#5268);
#5266=VECTOR('',#5269,1.0);
#5267=VECTOR('',#5270,1.0);
#5268=VECTOR('',#5271,1.0);
#5269=DIRECTION('',(0.8273959542329397,0.5616121550581757,0.002778886445116824));
#5270=DIRECTION('',(0.9951880466247186,0.09798342643160142,0));
#5271=DIRECTION('',(-0.840430674296826,-0.5419125572257295,-0.0026574465286538416));
#5272=FACE_SURFACE('',(#5277),#5273,.T.);
#5273=PLANE('',#5274);
#5274=AXIS2_PLACEMENT_3D('',#292,#5275,#5276);
#5275=DIRECTION('',(0.0023852597492316193,0.001956677884028536,-0.9999952409624693));
#5276=DIRECTION('',(0.6344023200678879,-0.7730030376990742,6.96374038502283E-07));
#5277=FACE_BOUND('',#5278,.T.);
#5278=EDGE_LOOP('',(#5279,#5280,#5281));
#5279=ORIENTED_EDGE('',*,*,#5282,.T.);
#5280=ORIENTED_EDGE('',*,*,#5283,.T.);
#5281=ORIENTED_EDGE('',*,*,#5284,.T.);
#5282=EDGE_CURVE('',#293,#279,#5285,.F.);
#5283=EDGE_CURVE('',#279,#195,#5286,.T.);
#5284=EDGE_CURVE('',#195,#293,#5287,.T.);
#5285=LINE('',#292,#5288);
#5286=LINE('',#278,#5289);
#5287=LINE('',#194,#5290);
#5288=VECTOR('',#5291,1.0);
#5289=VECTOR('',#5292,1.0);
#5290=VECTOR('',#5293,1.0);
#5291=DIRECTION('',(0.6344023200678879,-0.7730030376990742,6.96374038502283E-07));
#5292=DIRECTION('',(-0.7082677656201807,-0.7059372089145457,-0.003070708930827003));
#5293=DIRECTION('',(0.6672869195910024,0.7447945156901565,0.003048990097744154));
#5294=FACE_SURFACE('',(#5299),#5295,.T.);
#5295=PLANE('',#5296);
#5296=AXIS2_PLACEMENT_3D('',#196,#5297,#5298);
#5297=DIRECTION('',(-0.002363951046973914,0.0019400907313264488,-0.9999953238807676));
#5298=DIRECTION('',(-0.7137932158979766,0.7003498882968517,0.003046128791076559));
#5299=FACE_BOUND('',#5300,.T.);
#5300=EDGE_LOOP('',(#5301,#5302,#5303));
#5301=ORIENTED_EDGE('',*,*,#5304,.T.);
#5302=ORIENTED_EDGE('',*,*,#5305,.T.);
#5303=ORIENTED_EDGE('',*,*,#5306,.T.);
#5304=EDGE_CURVE('',#197,#277,#5307,.F.);
#5305=EDGE_CURVE('',#277,#295,#5308,.T.);
#5306=EDGE_CURVE('',#295,#197,#5309,.T.);
#5307=LINE('',#196,#5310);
#5308=LINE('',#276,#5311);
#5309=LINE('',#294,#5312);
#5310=VECTOR('',#5313,1.0);
#5311=VECTOR('',#5314,1.0);
#5312=VECTOR('',#5315,1.0);
#5313=DIRECTION('',(-0.7137932158979766,0.7003498882968517,0.003046128791076559));
#5314=DIRECTION('',(0.6344023200680416,0.7730030376992616,0));
#5315=DIRECTION('',(0.6733985936012079,-0.7392734112182137,-0.0030261529540469073));
#5316=FACE_SURFACE('',(#5321),#5317,.T.);
#5317=PLANE('',#5318);
#5318=AXIS2_PLACEMENT_3D('',#196,#5319,#5320);
#5319=DIRECTION('',(-0.002832004924444338,0.0015137420086970223,-0.9999948441533281));
#5320=DIRECTION('',(-0.6733985936012079,0.7392734112182137,0.0030261529540469073));
#5321=FACE_BOUND('',#5322,.T.);
#5322=EDGE_LOOP('',(#5323,#5324,#5325));
#5323=ORIENTED_EDGE('',*,*,#5326,.T.);
#5324=ORIENTED_EDGE('',*,*,#5327,.T.);
#5325=ORIENTED_EDGE('',*,*,#5328,.T.);
#5326=EDGE_CURVE('',#197,#295,#5329,.F.);
#5327=EDGE_CURVE('',#295,#297,#5330,.T.);
#5328=EDGE_CURVE('',#297,#197,#5331,.T.);
#5329=LINE('',#196,#5332);
#5330=LINE('',#294,#5333);
#5331=LINE('',#296,#5334);
#5332=VECTOR('',#5335,1.0);
#5333=VECTOR('',#5336,1.0);
#5334=VECTOR('',#5337,1.0);
#5335=DIRECTION('',(-0.6733985936012079,0.7392734112182137,0.0030261529540469073));
#5336=DIRECTION('',(0.4713976668011212,0.8819207672656648,0));
#5337=DIRECTION('',(0.6340452709686358,-0.7732902404921236,-0.002966196544906756));
#5338=FACE_SURFACE('',(#5343),#5339,.T.);
#5339=PLANE('',#5340);
#5340=AXIS2_PLACEMENT_3D('',#292,#5341,#5342);
#5341=DIRECTION('',(0.004569186328209118,0,-0.9999895612136649));
#5342=DIRECTION('',(-0.6672869195910024,-0.7447945156901565,-0.003048990097744154));
#5343=FACE_BOUND('',#5344,.T.);
#5344=EDGE_LOOP('',(#5345,#5346,#5347));
#5345=ORIENTED_EDGE('',*,*,#5348,.T.);
#5346=ORIENTED_EDGE('',*,*,#5349,.T.);
#5347=ORIENTED_EDGE('',*,*,#5350,.T.);
#5348=EDGE_CURVE('',#293,#195,#5351,.F.);
#5349=EDGE_CURVE('',#195,#273,#5352,.T.);
#5350=EDGE_CURVE('',#273,#293,#5353,.T.);
#5351=LINE('',#292,#5354);
#5352=LINE('',#194,#5355);
#5353=LINE('',#272,#5356);
#5354=VECTOR('',#5357,1.0);
#5355=VECTOR('',#5358,1.0);
#5356=VECTOR('',#5359,1.0);
#5357=DIRECTION('',(-0.6672869195910024,-0.7447945156901565,-0.003048990097744154));
#5358=DIRECTION('',(0,1,0));
#5359=DIRECTION('',(0.5249072497854392,-0.8511560530741037,0.0023984240659338427));
#5360=FACE_SURFACE('',(#5365),#5361,.T.);
#5361=PLANE('',#5362);
#5362=AXIS2_PLACEMENT_3D('',#298,#5363,#5364);
#5363=DIRECTION('',(0.03425999513732185,0.018312395366789587,-0.9992451695700715));
#5364=DIRECTION('',(0.4713976668011212,-0.8819207672656648,0));
#5365=FACE_BOUND('',#5366,.T.);
#5366=EDGE_LOOP('',(#5367,#5368,#5369));
#5367=ORIENTED_EDGE('',*,*,#5370,.T.);
#5368=ORIENTED_EDGE('',*,*,#5371,.T.);
#5369=ORIENTED_EDGE('',*,*,#5372,.T.);
#5370=EDGE_CURVE('',#299,#293,#5373,.F.);
#5371=EDGE_CURVE('',#293,#273,#5374,.T.);
#5372=EDGE_CURVE('',#273,#299,#5375,.T.);
#5373=LINE('',#298,#5376);
#5374=LINE('',#292,#5377);
#5375=LINE('',#272,#5378);
#5376=VECTOR('',#5379,1.0);
#5377=VECTOR('',#5380,1.0);
#5378=VECTOR('',#5381,1.0);
#5379=DIRECTION('',(0.4713976668011212,-0.8819207672656648,0));
#5380=DIRECTION('',(-0.5249072497854392,0.8511560530741037,-0.0023984240659338427));
#5381=DIRECTION('',(0.5273568230254869,-0.8496402062971855,0.0025101895827338867));
#5382=FACE_SURFACE('',(#5387),#5383,.T.);
#5383=PLANE('',#5384);
#5384=AXIS2_PLACEMENT_3D('',#270,#5385,#5386);
#5385=DIRECTION('',(-0.004678158205246967,-0,-0.9999890573580327));
#5386=DIRECTION('',(0,-1,0));
#5387=FACE_BOUND('',#5388,.T.);
#5388=EDGE_LOOP('',(#5389,#5390,#5391));
#5389=ORIENTED_EDGE('',*,*,#5392,.T.);
#5390=ORIENTED_EDGE('',*,*,#5393,.T.);
#5391=ORIENTED_EDGE('',*,*,#5394,.T.);
#5392=EDGE_CURVE('',#271,#197,#5395,.F.);
#5393=EDGE_CURVE('',#197,#297,#5396,.T.);
#5394=EDGE_CURVE('',#297,#271,#5397,.T.);
#5395=LINE('',#270,#5398);
#5396=LINE('',#196,#5399);
#5397=LINE('',#296,#5400);
#5398=VECTOR('',#5401,1.0);
#5399=VECTOR('',#5402,1.0);
#5400=VECTOR('',#5403,1.0);
#5401=DIRECTION('',(0,-1,0));
#5402=DIRECTION('',(-0.6340452709686358,0.7732902404921236,0.002966196544906756));
#5403=DIRECTION('',(0.5339301598413206,0.8455248933187524,-0.002497837091227481));
#5404=FACE_SURFACE('',(#5409),#5405,.T.);
#5405=PLANE('',#5406);
#5406=AXIS2_PLACEMENT_3D('',#270,#5407,#5408);
#5407=DIRECTION('',(-0.009002417420012898,0.0027307718927882915,-0.9999557487036441));
#5408=DIRECTION('',(-0.5339301598413206,-0.8455248933187524,0.002497837091227481));
#5409=FACE_BOUND('',#5410,.T.);
#5410=EDGE_LOOP('',(#5411,#5412,#5413));
#5411=ORIENTED_EDGE('',*,*,#5414,.T.);
#5412=ORIENTED_EDGE('',*,*,#5415,.T.);
#5413=ORIENTED_EDGE('',*,*,#5416,.T.);
#5414=EDGE_CURVE('',#271,#297,#5417,.F.);
#5415=EDGE_CURVE('',#297,#301,#5418,.T.);
#5416=EDGE_CURVE('',#301,#271,#5419,.T.);
#5417=LINE('',#270,#5420);
#5418=LINE('',#296,#5421);
#5419=LINE('',#300,#5422);
#5420=VECTOR('',#5423,1.0);
#5421=VECTOR('',#5424,1.0);
#5422=VECTOR('',#5425,1.0);
#5423=DIRECTION('',(-0.5339301598413206,-0.8455248933187524,0.002497837091227481));
#5424=DIRECTION('',(0.29027673653967984,0.956942744485726,0));
#5425=DIRECTION('',(0.5448050150390854,0.8385586792766516,-0.0026147653928341986));
#5426=FACE_SURFACE('',(#5431),#5427,.T.);
#5427=PLANE('',#5428);
#5428=AXIS2_PLACEMENT_3D('',#302,#5429,#5430);
#5429=DIRECTION('',(0.009310033942330218,0.00282430036075743,-0.9999526721777712));
#5430=DIRECTION('',(0.2902971430551106,-0.9569365541842577,0));
#5431=FACE_BOUND('',#5432,.T.);
#5432=EDGE_LOOP('',(#5433,#5434,#5435));
#5433=ORIENTED_EDGE('',*,*,#5436,.T.);
#5434=ORIENTED_EDGE('',*,*,#5437,.T.);
#5435=ORIENTED_EDGE('',*,*,#5438,.T.);
#5436=EDGE_CURVE('',#303,#299,#5439,.F.);
#5437=EDGE_CURVE('',#299,#273,#5440,.T.);
#5438=EDGE_CURVE('',#273,#303,#5441,.T.);
#5439=LINE('',#302,#5442);
#5440=LINE('',#298,#5443);
#5441=LINE('',#272,#5444);
#5442=VECTOR('',#5445,1.0);
#5443=VECTOR('',#5446,1.0);
#5444=VECTOR('',#5447,1.0);
#5445=DIRECTION('',(0.2902971430551106,-0.9569365541842577,0));
#5446=DIRECTION('',(-0.5273568230254869,0.8496402062971855,-0.0025101895827338867));
#5447=DIRECTION('',(0.5380327294177419,-0.842919849512819,0.0026285685423197815));
#5448=FACE_SURFACE('',(#5453),#5449,.T.);
#5449=PLANE('',#5450);
#5450=AXIS2_PLACEMENT_3D('',#304,#5451,#5452);
#5451=DIRECTION('',(0.005776715033119734,0.0005689004693309431,-0.9999831528159273));
#5452=DIRECTION('',(0.0980075342213991,-0.9951856727444589,0));
#5453=FACE_BOUND('',#5454,.T.);
#5454=EDGE_LOOP('',(#5455,#5456,#5457));
#5455=ORIENTED_EDGE('',*,*,#5458,.T.);
#5456=ORIENTED_EDGE('',*,*,#5459,.T.);
#5457=ORIENTED_EDGE('',*,*,#5460,.T.);
#5458=EDGE_CURVE('',#305,#303,#5461,.F.);
#5459=EDGE_CURVE('',#303,#273,#5462,.T.);
#5460=EDGE_CURVE('',#273,#305,#5463,.T.);
#5461=LINE('',#304,#5464);
#5462=LINE('',#302,#5465);
#5463=LINE('',#272,#5466);
#5464=VECTOR('',#5467,1.0);
#5465=VECTOR('',#5468,1.0);
#5466=VECTOR('',#5469,1.0);
#5467=DIRECTION('',(0.0980075342213991,-0.9951856727444589,0));
#5468=DIRECTION('',(-0.5380327294177419,0.842919849512819,-0.0026285685423197815));
#5469=DIRECTION('',(0.5573967196901602,-0.8302417402988608,0.002747643384385477));
#5470=FACE_SURFACE('',(#5475),#5471,.T.);
#5471=PLANE('',#5472);
#5472=AXIS2_PLACEMENT_3D('',#270,#5473,#5474);
#5473=DIRECTION('',(-0.00565708100728345,0.0005572453876842485,-0.9999838433255085));
#5474=DIRECTION('',(-0.5448050150390854,-0.8385586792766516,0.0026147653928341986));
#5475=FACE_BOUND('',#5476,.T.);
#5476=EDGE_LOOP('',(#5477,#5478,#5479));
#5477=ORIENTED_EDGE('',*,*,#5480,.T.);
#5478=ORIENTED_EDGE('',*,*,#5481,.T.);
#5479=ORIENTED_EDGE('',*,*,#5482,.T.);
#5480=EDGE_CURVE('',#271,#301,#5483,.F.);
#5481=EDGE_CURVE('',#301,#307,#5484,.T.);
#5482=EDGE_CURVE('',#307,#271,#5485,.T.);
#5483=LINE('',#270,#5486);
#5484=LINE('',#300,#5487);
#5485=LINE('',#306,#5488);
#5486=VECTOR('',#5489,1.0);
#5487=VECTOR('',#5490,1.0);
#5488=VECTOR('',#5491,1.0);
#5489=DIRECTION('',(-0.5448050150390854,-0.8385586792766516,0.0026147653928341986));
#5490=DIRECTION('',(0.09802960466412514,0.9951834989635808,0));
#5491=DIRECTION('',(0.56425928218152,0.825593119153188,-0.0027320466514489466));
#5492=FACE_SURFACE('',(#5497),#5493,.T.);
#5493=PLANE('',#5494);
#5494=AXIS2_PLACEMENT_3D('',#270,#5495,#5496);
#5495=DIRECTION('',(-0.004231877701207567,-0.00041684658968800287,-0.9999909586841487));
#5496=DIRECTION('',(-0.56425928218152,-0.825593119153188,0.0027320466514489466));
#5497=FACE_BOUND('',#5498,.T.);
#5498=EDGE_LOOP('',(#5499,#5500,#5501));
#5499=ORIENTED_EDGE('',*,*,#5502,.T.);
#5500=ORIENTED_EDGE('',*,*,#5503,.T.);
#5501=ORIENTED_EDGE('',*,*,#5504,.T.);
#5502=EDGE_CURVE('',#271,#307,#5505,.F.);
#5503=EDGE_CURVE('',#307,#309,#5506,.T.);
#5504=EDGE_CURVE('',#309,#271,#5507,.T.);
#5505=LINE('',#270,#5508);
#5506=LINE('',#306,#5509);
#5507=LINE('',#308,#5510);
#5508=VECTOR('',#5511,1.0);
#5509=VECTOR('',#5512,1.0);
#5510=VECTOR('',#5513,1.0);
#5511=DIRECTION('',(-0.56425928218152,-0.825593119153188,0.0027320466514489466));
#5512=DIRECTION('',(-0.09802715895138064,0.9951837398731556,0));
#5513=DIRECTION('',(0.5919682332407645,0.8059562884263628,-0.0028411229838332308));
#5514=FACE_SURFACE('',(#5519),#5515,.T.);
#5515=PLANE('',#5516);
#5516=AXIS2_PLACEMENT_3D('',#310,#5517,#5518);
#5517=DIRECTION('',(0.004298806723957732,-0.0004233429453226417,-0.9999906704772303));
#5518=DIRECTION('',(-0.09800508904860228,-0.995185913546095,0));
#5519=FACE_BOUND('',#5520,.T.);
#5520=EDGE_LOOP('',(#5521,#5522,#5523));
#5521=ORIENTED_EDGE('',*,*,#5524,.T.);
#5522=ORIENTED_EDGE('',*,*,#5525,.T.);
#5523=ORIENTED_EDGE('',*,*,#5526,.T.);
#5524=EDGE_CURVE('',#311,#305,#5527,.F.);
#5525=EDGE_CURVE('',#305,#273,#5528,.T.);
#5526=EDGE_CURVE('',#273,#311,#5529,.T.);
#5527=LINE('',#310,#5530);
#5528=LINE('',#304,#5531);
#5529=LINE('',#272,#5532);
#5530=VECTOR('',#5533,1.0);
#5531=VECTOR('',#5534,1.0);
#5532=VECTOR('',#5535,1.0);
#5533=DIRECTION('',(-0.09800508904860228,-0.995185913546095,0));
#5534=DIRECTION('',(-0.5573967196901602,0.8302417402988608,-0.002747643384385477));
#5535=DIRECTION('',(0.5851610851811111,-0.810912036886022,0.002858814969047223));
#5536=FACE_SURFACE('',(#5541),#5537,.T.);
#5537=PLANE('',#5538);
#5538=AXIS2_PLACEMENT_3D('',#312,#5539,#5540);
#5539=DIRECTION('',(0.0034395316081922518,-0.0010434133611205792,-0.9999935404345741));
#5540=DIRECTION('',(-0.29029559544323047,-0.9569370236678378,0));
#5541=FACE_BOUND('',#5542,.T.);
#5542=EDGE_LOOP('',(#5543,#5544,#5545));
#5543=ORIENTED_EDGE('',*,*,#5546,.T.);
#5544=ORIENTED_EDGE('',*,*,#5547,.T.);
#5545=ORIENTED_EDGE('',*,*,#5548,.T.);
#5546=EDGE_CURVE('',#313,#311,#5549,.F.);
#5547=EDGE_CURVE('',#311,#273,#5550,.T.);
#5548=EDGE_CURVE('',#273,#313,#5551,.T.);
#5549=LINE('',#312,#5552);
#5550=LINE('',#310,#5553);
#5551=LINE('',#272,#5554);
#5552=VECTOR('',#5555,1.0);
#5553=VECTOR('',#5556,1.0);
#5554=VECTOR('',#5557,1.0);
#5555=DIRECTION('',(-0.29029559544323047,-0.9569370236678378,0));
#5556=DIRECTION('',(-0.5851610851811111,0.810912036886022,-0.002858814969047223));
#5557=DIRECTION('',(0.6200097213600662,-0.7845885773862378,0.002951212302180758));
#5558=FACE_SURFACE('',(#5563),#5559,.T.);
#5559=PLANE('',#5560);
#5560=AXIS2_PLACEMENT_3D('',#270,#5561,#5562);
#5561=DIRECTION('',(-0.003396648423405212,-0.0010303252573389133,-0.9999937005848345));
#5562=DIRECTION('',(-0.5919682332407645,-0.8059562884263628,0.0028411229838332308));
#5563=FACE_BOUND('',#5564,.T.);
#5564=EDGE_LOOP('',(#5565,#5566,#5567));
#5565=ORIENTED_EDGE('',*,*,#5568,.T.);
#5566=ORIENTED_EDGE('',*,*,#5569,.T.);
#5567=ORIENTED_EDGE('',*,*,#5570,.T.);
#5568=EDGE_CURVE('',#271,#309,#5571,.F.);
#5569=EDGE_CURVE('',#309,#315,#5572,.T.);
#5570=EDGE_CURVE('',#315,#271,#5573,.T.);
#5571=LINE('',#270,#5574);
#5572=LINE('',#308,#5575);
#5573=LINE('',#314,#5576);
#5574=VECTOR('',#5577,1.0);
#5575=VECTOR('',#5578,1.0);
#5576=VECTOR('',#5579,1.0);
#5577=DIRECTION('',(-0.5919682332407645,-0.8059562884263628,0.0028411229838332308));
#5578=DIRECTION('',(-0.29027518901656835,0.9569432139063401,0));
#5579=DIRECTION('',(0.6265817179579685,0.7793502154459073,-0.0029312804810756213));
#5580=FACE_SURFACE('',(#5585),#5581,.T.);
#5581=PLANE('',#5582);
#5582=AXIS2_PLACEMENT_3D('',#270,#5583,#5584);
#5583=DIRECTION('',(-0.0028100041288601557,-0.0015019799366580132,-0.9999949239536496));
#5584=DIRECTION('',(-0.6265817179579685,-0.7793502154459073,0.0029312804810756213));
#5585=FACE_BOUND('',#5586,.T.);
#5586=EDGE_LOOP('',(#5587,#5588,#5589));
#5587=ORIENTED_EDGE('',*,*,#5590,.T.);
#5588=ORIENTED_EDGE('',*,*,#5591,.T.);
#5589=ORIENTED_EDGE('',*,*,#5592,.T.);
#5590=EDGE_CURVE('',#271,#315,#5593,.F.);
#5591=EDGE_CURVE('',#315,#317,#5594,.T.);
#5592=EDGE_CURVE('',#317,#271,#5595,.T.);
#5593=LINE('',#270,#5596);
#5594=LINE('',#314,#5597);
#5595=LINE('',#316,#5598);
#5596=VECTOR('',#5599,1.0);
#5597=VECTOR('',#5600,1.0);
#5598=VECTOR('',#5601,1.0);
#5599=DIRECTION('',(-0.6265817179579685,-0.7793502154459073,0.0029312804810756213));
#5600=DIRECTION('',(-0.47139708778389205,0.8819210767573624,0));
#5601=DIRECTION('',(0.6656589875844259,0.7462500679663181,-0.0029913723176847318));
#5602=FACE_SURFACE('',(#5607),#5603,.T.);
#5603=PLANE('',#5604);
#5604=AXIS2_PLACEMENT_3D('',#318,#5605,#5606);
#5605=DIRECTION('',(0.002839378164740143,-0.0015176807009726584,-0.9999948172750335));
#5606=DIRECTION('',(-0.47139708778389205,-0.8819210767573624,0));
#5607=FACE_BOUND('',#5608,.T.);
#5608=EDGE_LOOP('',(#5609,#5610,#5611));
#5609=ORIENTED_EDGE('',*,*,#5612,.T.);
#5610=ORIENTED_EDGE('',*,*,#5613,.T.);
#5611=ORIENTED_EDGE('',*,*,#5614,.T.);
#5612=EDGE_CURVE('',#319,#313,#5615,.F.);
#5613=EDGE_CURVE('',#313,#273,#5616,.T.);
#5614=EDGE_CURVE('',#273,#319,#5617,.T.);
#5615=LINE('',#318,#5618);
#5616=LINE('',#312,#5619);
#5617=LINE('',#272,#5620);
#5618=VECTOR('',#5621,1.0);
#5619=VECTOR('',#5622,1.0);
#5620=VECTOR('',#5623,1.0);
#5621=DIRECTION('',(-0.47139708778389205,-0.8819210767573624,0));
#5622=DIRECTION('',(-0.6200097213600662,0.7845885773862378,-0.002951212302180758));
#5623=DIRECTION('',(0.659504579183418,-0.7516945052819919,0.0030134307631560536));
#5624=FACE_SURFACE('',(#5629),#5625,.T.);
#5625=PLANE('',#5626);
#5626=AXIS2_PLACEMENT_3D('',#320,#5627,#5628);
#5627=DIRECTION('',(0.002361365043776085,-0.0019370710286175058,-0.9999953358446028));
#5628=DIRECTION('',(-0.634403003064958,-0.7730024771639984,-6.963747882180596E-07));
#5629=FACE_BOUND('',#5630,.T.);
#5630=EDGE_LOOP('',(#5631,#5632,#5633));
#5631=ORIENTED_EDGE('',*,*,#5634,.T.);
#5632=ORIENTED_EDGE('',*,*,#5635,.T.);
#5633=ORIENTED_EDGE('',*,*,#5636,.T.);
#5634=EDGE_CURVE('',#321,#319,#5637,.F.);
#5635=EDGE_CURVE('',#319,#273,#5638,.T.);
#5636=EDGE_CURVE('',#273,#321,#5639,.T.);
#5637=LINE('',#320,#5640);
#5638=LINE('',#318,#5641);
#5639=LINE('',#272,#5642);
#5640=VECTOR('',#5643,1.0);
#5641=VECTOR('',#5644,1.0);
#5642=VECTOR('',#5645,1.0);
#5643=DIRECTION('',(-0.634403003064958,-0.7730024771639984,-6.963747882180596E-07));
#5644=DIRECTION('',(-0.659504579183418,0.7516945052819919,-0.0030134307631560536));
#5645=DIRECTION('',(0.7003713936687844,-0.7137721560524515,0.0030364740537801105));
#5646=FACE_SURFACE('',(#5651),#5647,.T.);
#5647=PLANE('',#5648);
#5648=AXIS2_PLACEMENT_3D('',#270,#5649,#5650);
#5649=DIRECTION('',(-0.002340461527207193,-0.001920816381941853,-0.9999954163416281));
#5650=DIRECTION('',(-0.6656589875844259,-0.7462500679663181,0.0029913723176847318));
#5651=FACE_BOUND('',#5652,.T.);
#5652=EDGE_LOOP('',(#5653,#5654,#5655));
#5653=ORIENTED_EDGE('',*,*,#5656,.T.);
#5654=ORIENTED_EDGE('',*,*,#5657,.T.);
#5655=ORIENTED_EDGE('',*,*,#5658,.T.);
#5656=EDGE_CURVE('',#271,#317,#5659,.F.);
#5657=EDGE_CURVE('',#317,#323,#5660,.T.);
#5658=EDGE_CURVE('',#323,#271,#5661,.T.);
#5659=LINE('',#270,#5662);
#5660=LINE('',#316,#5663);
#5661=LINE('',#322,#5664);
#5662=VECTOR('',#5665,1.0);
#5663=VECTOR('',#5666,1.0);
#5664=VECTOR('',#5667,1.0);
#5665=DIRECTION('',(-0.6656589875844259,-0.7462500679663181,0.0029913723176847318));
#5666=DIRECTION('',(-0.6344030030651119,0.7730024771641859,0));
#5667=DIRECTION('',(0.7059586557068077,0.7082466379049889,-0.0030126946271867845));
#5668=FACE_SURFACE('',(#5673),#5669,.T.);
#5669=PLANE('',#5670);
#5670=AXIS2_PLACEMENT_3D('',#270,#5671,#5672);
#5671=DIRECTION('',(-0.0019197228758403475,-0.0023401958537608725,-0.9999954190632305));
#5672=DIRECTION('',(-0.7059586557068077,-0.7082466379049889,0.0030126946271867845));
#5673=FACE_BOUND('',#5674,.T.);
#5674=EDGE_LOOP('',(#5675,#5676,#5677));
#5675=ORIENTED_EDGE('',*,*,#5678,.T.);
#5676=ORIENTED_EDGE('',*,*,#5679,.T.);
#5677=ORIENTED_EDGE('',*,*,#5680,.T.);
#5678=EDGE_CURVE('',#271,#323,#5681,.F.);
#5679=EDGE_CURVE('',#323,#325,#5682,.T.);
#5680=EDGE_CURVE('',#325,#271,#5683,.T.);
#5681=LINE('',#270,#5684);
#5682=LINE('',#322,#5685);
#5683=LINE('',#324,#5686);
#5684=VECTOR('',#5687,1.0);
#5685=VECTOR('',#5688,1.0);
#5686=VECTOR('',#5689,1.0);
#5687=DIRECTION('',(-0.7059586557068077,-0.7082466379049889,0.0030126946271867845));
#5688=DIRECTION('',(-0.7729983601849364,0.6344080194566541,-6.963848811052601E-07));
#5689=DIRECTION('',(0.7441101904665632,0.6680502025846771,-0.002991867374532617));
#5690=FACE_SURFACE('',(#5695),#5691,.T.);
#5691=PLANE('',#5692);
#5692=AXIS2_PLACEMENT_3D('',#326,#5693,#5694);
#5693=DIRECTION('',(0.0019339628754822858,-0.002356448981661231,-0.9999953534571014));
#5694=DIRECTION('',(-0.7729983601851237,-0.6344080194568079,0));
#5695=FACE_BOUND('',#5696,.T.);
#5696=EDGE_LOOP('',(#5697,#5698,#5699));
#5697=ORIENTED_EDGE('',*,*,#5700,.T.);
#5698=ORIENTED_EDGE('',*,*,#5701,.T.);
#5699=ORIENTED_EDGE('',*,*,#5702,.T.);
#5700=EDGE_CURVE('',#327,#321,#5703,.F.);
#5701=EDGE_CURVE('',#321,#273,#5704,.T.);
#5702=EDGE_CURVE('',#273,#327,#5705,.T.);
#5703=LINE('',#326,#5706);
#5704=LINE('',#320,#5707);
#5705=LINE('',#272,#5708);
#5706=VECTOR('',#5709,1.0);
#5707=VECTOR('',#5710,1.0);
#5708=VECTOR('',#5711,1.0);
#5709=DIRECTION('',(-0.7729983601851237,-0.6344080194568079,0));
#5710=DIRECTION('',(-0.7003713936687844,0.7137721560524515,-0.0030364740537801105));
#5711=DIRECTION('',(0.7391706953792873,-0.6735113829685456,0.003016637912978916));
#5712=FACE_SURFACE('',(#5717),#5713,.T.);
#5713=PLANE('',#5714);
#5714=AXIS2_PLACEMENT_3D('',#328,#5715,#5716);
#5715=DIRECTION('',(0.001508926379681233,-0.002822919323771406,-0.9999948771207141));
#5716=DIRECTION('',(-0.881915476114489,-0.4714075656899813,0));
#5717=FACE_BOUND('',#5718,.T.);
#5718=EDGE_LOOP('',(#5719,#5720,#5721));
#5719=ORIENTED_EDGE('',*,*,#5722,.T.);
#5720=ORIENTED_EDGE('',*,*,#5723,.T.);
#5721=ORIENTED_EDGE('',*,*,#5724,.T.);
#5722=EDGE_CURVE('',#329,#327,#5725,.F.);
#5723=EDGE_CURVE('',#327,#273,#5726,.T.);
#5724=EDGE_CURVE('',#273,#329,#5727,.T.);
#5725=LINE('',#328,#5728);
#5726=LINE('',#326,#5729);
#5727=LINE('',#272,#5730);
#5728=VECTOR('',#5731,1.0);
#5729=VECTOR('',#5732,1.0);
#5730=VECTOR('',#5733,1.0);
#5731=DIRECTION('',(-0.881915476114489,-0.4714075656899813,0));
#5732=DIRECTION('',(-0.7391706953792873,0.6735113829685456,-0.003016637912978916));
#5733=DIRECTION('',(0.7730911314858124,-0.6342880717753315,0.002957096805698815));
#5734=FACE_SURFACE('',(#5739),#5735,.T.);
#5735=PLANE('',#5736);
#5736=AXIS2_PLACEMENT_3D('',#272,#5737,#5738);
#5737=DIRECTION('',(1.9457453593978535E-07,-0.004478678610413398,-0.9999899706686397));
#5738=DIRECTION('',(0.999999999999981,0,1.9457648741184883E-07));
#5739=FACE_BOUND('',#5740,.T.);
#5740=EDGE_LOOP('',(#5741,#5742,#5743));
#5741=ORIENTED_EDGE('',*,*,#5744,.T.);
#5742=ORIENTED_EDGE('',*,*,#5745,.T.);
#5743=ORIENTED_EDGE('',*,*,#5746,.T.);
#5744=EDGE_CURVE('',#273,#271,#5747,.F.);
#5745=EDGE_CURVE('',#271,#325,#5748,.T.);
#5746=EDGE_CURVE('',#325,#273,#5749,.T.);
#5747=LINE('',#272,#5750);
#5748=LINE('',#270,#5751);
#5749=LINE('',#324,#5752);
#5750=VECTOR('',#5753,1.0);
#5751=VECTOR('',#5754,1.0);
#5752=VECTOR('',#5755,1.0);
#5753=DIRECTION('',(0.999999999999981,0,1.9457648741184883E-07));
#5754=DIRECTION('',(-0.7441101904665632,-0.6680502025846771,0.002991867374532617));
#5755=DIRECTION('',(-0.8433939286687606,0.5372903215721919,-0.0024065389097659546));
#5756=FACE_SURFACE('',(#5761),#5757,.T.);
#5757=PLANE('',#5758);
#5758=AXIS2_PLACEMENT_3D('',#272,#5759,#5760);
#5759=DIRECTION('',(-0.0148683579850395,-0.02781591973863277,-0.9995024795066407));
#5760=DIRECTION('',(0.8433939286687606,-0.5372903215721919,0.0024065389097659546));
#5761=FACE_BOUND('',#5762,.T.);
#5762=EDGE_LOOP('',(#5763,#5764,#5765));
#5763=ORIENTED_EDGE('',*,*,#5766,.T.);
#5764=ORIENTED_EDGE('',*,*,#5767,.T.);
#5765=ORIENTED_EDGE('',*,*,#5768,.T.);
#5766=EDGE_CURVE('',#273,#325,#5769,.F.);
#5767=EDGE_CURVE('',#325,#331,#5770,.T.);
#5768=EDGE_CURVE('',#331,#273,#5771,.T.);
#5769=LINE('',#272,#5772);
#5770=LINE('',#324,#5773);
#5771=LINE('',#330,#5774);
#5772=VECTOR('',#5775,1.0);
#5773=VECTOR('',#5776,1.0);
#5774=VECTOR('',#5777,1.0);
#5775=DIRECTION('',(0.8433939286687606,-0.5372903215721919,0.0024065389097659546));
#5776=DIRECTION('',(-0.881915476114489,0.4714075656899813,0));
#5777=DIRECTION('',(-0.841468432366469,0.5403004092268668,-0.002518952162592991));
#5778=FACE_SURFACE('',(#5783),#5779,.T.);
#5779=PLANE('',#5780);
#5780=AXIS2_PLACEMENT_3D('',#332,#5781,#5782);
#5781=DIRECTION('',(0.001032478666289541,-0.0034036238370623055,-0.9999936746462846));
#5782=DIRECTION('',(-0.9569402839462974,-0.29028484796967924,0));
#5783=FACE_BOUND('',#5784,.T.);
#5784=EDGE_LOOP('',(#5785,#5786,#5787));
#5785=ORIENTED_EDGE('',*,*,#5788,.T.);
#5786=ORIENTED_EDGE('',*,*,#5789,.T.);
#5787=ORIENTED_EDGE('',*,*,#5790,.T.);
#5788=EDGE_CURVE('',#333,#329,#5791,.F.);
#5789=EDGE_CURVE('',#329,#273,#5792,.T.);
#5790=EDGE_CURVE('',#273,#333,#5793,.T.);
#5791=LINE('',#332,#5794);
#5792=LINE('',#328,#5795);
#5793=LINE('',#272,#5796);
#5794=VECTOR('',#5797,1.0);
#5795=VECTOR('',#5798,1.0);
#5796=VECTOR('',#5799,1.0);
#5797=DIRECTION('',(-0.9569402839462974,-0.29028484796967924,0));
#5798=DIRECTION('',(-0.7730911314858124,0.6342880717753315,-0.002957096805698815));
#5799=DIRECTION('',(0.8004502641281162,-0.5993923234597411,0.0028665719530993968));
#5800=FACE_SURFACE('',(#5805),#5801,.T.);
#5801=PLANE('',#5802);
#5802=AXIS2_PLACEMENT_3D('',#334,#5803,#5804);
#5803=DIRECTION('',(0.0004167866263799284,-0.004225828467620021,-0.9999909842906937));
#5804=DIRECTION('',(-0.9951875033667286,-0.0979889439794744,-6.963794415506453E-07));
#5805=FACE_BOUND('',#5806,.T.);
#5806=EDGE_LOOP('',(#5807,#5808,#5809));
#5807=ORIENTED_EDGE('',*,*,#5810,.T.);
#5808=ORIENTED_EDGE('',*,*,#5811,.T.);
#5809=ORIENTED_EDGE('',*,*,#5812,.T.);
#5810=EDGE_CURVE('',#335,#333,#5813,.F.);
#5811=EDGE_CURVE('',#333,#273,#5814,.T.);
#5812=EDGE_CURVE('',#273,#335,#5815,.T.);
#5813=LINE('',#334,#5816);
#5814=LINE('',#332,#5817);
#5815=LINE('',#272,#5818);
#5816=VECTOR('',#5819,1.0);
#5817=VECTOR('',#5820,1.0);
#5818=VECTOR('',#5821,1.0);
#5819=DIRECTION('',(-0.9951875033667286,-0.0979889439794744,-6.963794415506453E-07));
#5820=DIRECTION('',(-0.8004502641281162,0.5993923234597411,-0.0028665719530993968));
#5821=DIRECTION('',(0.8207136148677837,-0.5713331465892914,0.002756443185407248));
#5822=FACE_SURFACE('',(#5827),#5823,.T.);
#5823=PLANE('',#5824);
#5824=AXIS2_PLACEMENT_3D('',#272,#5825,#5826);
#5825=DIRECTION('',(-0.002680585462888673,-0.008836700337411131,-0.9999573626853911));
#5826=DIRECTION('',(0.841468432366469,-0.5403004092268668,0.002518952162592991));
#5827=FACE_BOUND('',#5828,.T.);
#5828=EDGE_LOOP('',(#5829,#5830,#5831));
#5829=ORIENTED_EDGE('',*,*,#5832,.T.);
#5830=ORIENTED_EDGE('',*,*,#5833,.T.);
#5831=ORIENTED_EDGE('',*,*,#5834,.T.);
#5832=EDGE_CURVE('',#273,#331,#5835,.F.);
#5833=EDGE_CURVE('',#331,#337,#5836,.T.);
#5834=EDGE_CURVE('',#337,#273,#5837,.T.);
#5835=LINE('',#272,#5838);
#5836=LINE('',#330,#5839);
#5837=LINE('',#336,#5840);
#5838=VECTOR('',#5841,1.0);
#5839=VECTOR('',#5842,1.0);
#5840=VECTOR('',#5843,1.0);
#5841=DIRECTION('',(0.841468432366469,-0.5403004092268668,0.002518952162592991));
#5842=DIRECTION('',(-0.9569402839462974,0.29028484796967924,0));
#5843=DIRECTION('',(-0.8341620933413455,0.5515130505849122,-0.0026376252403439338));
#5844=FACE_SURFACE('',(#5849),#5845,.T.);
#5845=PLANE('',#5846);
#5846=AXIS2_PLACEMENT_3D('',#272,#5847,#5848);
#5847=DIRECTION('',(-0.0005532922218181562,-0.005619302367201555,-0.9999840585272465));
#5848=DIRECTION('',(0.8341620933413455,-0.5515130505849122,0.0026376252403439338));
#5849=FACE_BOUND('',#5850,.T.);
#5850=EDGE_LOOP('',(#5851,#5852,#5853));
#5851=ORIENTED_EDGE('',*,*,#5854,.T.);
#5852=ORIENTED_EDGE('',*,*,#5855,.T.);
#5853=ORIENTED_EDGE('',*,*,#5856,.T.);
#5854=EDGE_CURVE('',#273,#337,#5857,.F.);
#5855=EDGE_CURVE('',#337,#335,#5858,.T.);
#5856=EDGE_CURVE('',#335,#273,#5859,.T.);
#5857=LINE('',#272,#5860);
#5858=LINE('',#336,#5861);
#5859=LINE('',#334,#5862);
#5860=VECTOR('',#5863,1.0);
#5861=VECTOR('',#5864,1.0);
#5862=VECTOR('',#5865,1.0);
#5863=DIRECTION('',(0.8341620933413455,-0.5515130505849122,0.0026376252403439338));
#5864=DIRECTION('',(-0.9951875033669698,0.09798894397949816,0));
#5865=DIRECTION('',(-0.8207136148677837,0.5713331465892914,-0.002756443185407248));
#5866=FACE_SURFACE('',(#5871),#5867,.T.);
#5867=PLANE('',#5868);
#5868=AXIS2_PLACEMENT_3D('',#200,#5869,#5870);
#5869=DIRECTION('',(-1,0,0));
#5870=DIRECTION('',(0,1,0));
#5871=FACE_BOUND('',#5872,.T.);
#5872=EDGE_LOOP('',(#5873,#5874,#5875));
#5873=ORIENTED_EDGE('',*,*,#5876,.T.);
#5874=ORIENTED_EDGE('',*,*,#5877,.T.);
#5875=ORIENTED_EDGE('',*,*,#5878,.T.);
#5876=EDGE_CURVE('',#201,#229,#5879,.F.);
#5877=EDGE_CURVE('',#229,#273,#5880,.T.);
#5878=EDGE_CURVE('',#273,#201,#5881,.T.);
#5879=LINE('',#200,#5882);
#5880=LINE('',#228,#5883);
#5881=LINE('',#272,#5884);
#5882=VECTOR('',#5885,1.0);
#5883=VECTOR('',#5886,1.0);
#5884=VECTOR('',#5887,1.0);
#5885=DIRECTION('',(0,1,0));
#5886=DIRECTION('',(0,0,-1));
#5887=DIRECTION('',(0,-0.9977198926027373,0.06749085793485307));
#5888=FACE_SURFACE('',(#5893),#5889,.T.);
#5889=PLANE('',#5890);
#5890=AXIS2_PLACEMENT_3D('',#200,#5891,#5892);
#5891=DIRECTION('',(-1,0,0));
#5892=DIRECTION('',(0,0.9977198926027373,-0.06749085793485307));
#5893=FACE_BOUND('',#5894,.T.);
#5894=EDGE_LOOP('',(#5895,#5896,#5897));
#5895=ORIENTED_EDGE('',*,*,#5898,.T.);
#5896=ORIENTED_EDGE('',*,*,#5899,.T.);
#5897=ORIENTED_EDGE('',*,*,#5900,.T.);
#5898=EDGE_CURVE('',#201,#273,#5901,.F.);
#5899=EDGE_CURVE('',#273,#195,#5902,.T.);
#5900=EDGE_CURVE('',#195,#201,#5903,.T.);
#5901=LINE('',#200,#5904);
#5902=LINE('',#272,#5905);
#5903=LINE('',#194,#5906);
#5904=VECTOR('',#5907,1.0);
#5905=VECTOR('',#5908,1.0);
#5906=VECTOR('',#5909,1.0);
#5907=DIRECTION('',(0,0.9977198926027373,-0.06749085793485307));
#5908=DIRECTION('',(0,-1,0));
#5909=DIRECTION('',(0,0,1));
#5910=FACE_SURFACE('',(#5915),#5911,.T.);
#5911=PLANE('',#5912);
#5912=AXIS2_PLACEMENT_3D('',#198,#5913,#5914);
#5913=DIRECTION('',(0,-1,0));
#5914=DIRECTION('',(0,0,-1));
#5915=FACE_BOUND('',#5916,.T.);
#5916=EDGE_LOOP('',(#5917,#5918,#5919));
#5917=ORIENTED_EDGE('',*,*,#5920,.T.);
#5918=ORIENTED_EDGE('',*,*,#5921,.T.);
#5919=ORIENTED_EDGE('',*,*,#5922,.T.);
#5920=EDGE_CURVE('',#199,#197,#5923,.F.);
#5921=EDGE_CURVE('',#197,#339,#5924,.T.);
#5922=EDGE_CURVE('',#339,#199,#5925,.T.);
#5923=LINE('',#198,#5926);
#5924=LINE('',#196,#5927);
#5925=LINE('',#338,#5928);
#5926=VECTOR('',#5929,1.0);
#5927=VECTOR('',#5930,1.0);
#5928=VECTOR('',#5931,1.0);
#5929=DIRECTION('',(0,0,-1));
#5930=DIRECTION('',(0.9999999999999498,0,3.168696322284142E-07));
#5931=DIRECTION('',(-0.7101373667672468,0,0.7040631508045857));
#5932=FACE_SURFACE('',(#5937),#5933,.T.);
#5933=PLANE('',#5934);
#5934=AXIS2_PLACEMENT_3D('',#198,#5935,#5936);
#5935=DIRECTION('',(0,-1,0));
#5936=DIRECTION('',(0.7101373667672468,0,-0.7040631508045857));
#5937=FACE_BOUND('',#5938,.T.);
#5938=EDGE_LOOP('',(#5939,#5940,#5941));
#5939=ORIENTED_EDGE('',*,*,#5942,.T.);
#5940=ORIENTED_EDGE('',*,*,#5943,.T.);
#5941=ORIENTED_EDGE('',*,*,#5944,.T.);
#5942=EDGE_CURVE('',#199,#339,#5945,.F.);
#5943=EDGE_CURVE('',#339,#341,#5946,.T.);
#5944=EDGE_CURVE('',#341,#199,#5947,.T.);
#5945=LINE('',#198,#5948);
#5946=LINE('',#338,#5949);
#5947=LINE('',#340,#5950);
#5948=VECTOR('',#5951,1.0);
#5949=VECTOR('',#5952,1.0);
#5950=VECTOR('',#5953,1.0);
#5951=DIRECTION('',(0.7101373667672468,0,-0.7040631508045857));
#5952=DIRECTION('',(0,0,1));
#5953=DIRECTION('',(-0.9999999999999498,0,-3.168696322284142E-07));
#5954=FACE_SURFACE('',(#5959),#5955,.T.);
#5955=PLANE('',#5956);
#5956=AXIS2_PLACEMENT_3D('',#310,#5957,#5958);
#5957=DIRECTION('',(0.9951254309672511,-0.09801140079549137,-0.01091521673391404));
#5958=DIRECTION('',(0.010757510543195214,-0.002137382876051099,0.9999398519717844));
#5959=FACE_BOUND('',#5960,.T.);
#5960=EDGE_LOOP('',(#5961,#5962,#5963));
#5961=ORIENTED_EDGE('',*,*,#5964,.T.);
#5962=ORIENTED_EDGE('',*,*,#5965,.T.);
#5963=ORIENTED_EDGE('',*,*,#5966,.T.);
#5964=EDGE_CURVE('',#311,#239,#5967,.F.);
#5965=EDGE_CURVE('',#239,#237,#5968,.T.);
#5966=EDGE_CURVE('',#237,#311,#5969,.T.);
#5967=LINE('',#310,#5970);
#5968=LINE('',#238,#5971);
#5969=LINE('',#236,#5972);
#5970=VECTOR('',#5973,1.0);
#5971=VECTOR('',#5974,1.0);
#5972=VECTOR('',#5975,1.0);
#5973=DIRECTION('',(0.010757510543195214,-0.002137382876051099,0.9999398519717844));
#5974=DIRECTION('',(-0.09801723995228055,-0.9951847168602103,0));
#5975=DIRECTION('',(0.03274863630962953,0.4328303136106425,-0.9008803729905389));
#5976=FACE_SURFACE('',(#5981),#5977,.T.);
#5977=PLANE('',#5978);
#5978=AXIS2_PLACEMENT_3D('',#310,#5979,#5980);
#5979=DIRECTION('',(0.9951266914451171,-0.0979992569048782,-0.010909336349489445));
#5980=DIRECTION('',(-0.03274863630962953,-0.4328303136106425,0.9008803729905389));
#5981=FACE_BOUND('',#5982,.T.);
#5982=EDGE_LOOP('',(#5983,#5984,#5985));
#5983=ORIENTED_EDGE('',*,*,#5986,.T.);
#5984=ORIENTED_EDGE('',*,*,#5987,.T.);
#5985=ORIENTED_EDGE('',*,*,#5988,.T.);
#5986=EDGE_CURVE('',#311,#237,#5989,.F.);
#5987=EDGE_CURVE('',#237,#305,#5990,.T.);
#5988=EDGE_CURVE('',#305,#311,#5991,.T.);
#5989=LINE('',#310,#5992);
#5990=LINE('',#236,#5993);
#5991=LINE('',#304,#5994);
#5992=VECTOR('',#5995,1.0);
#5993=VECTOR('',#5996,1.0);
#5994=VECTOR('',#5997,1.0);
#5995=DIRECTION('',(-0.03274863630962953,-0.4328303136106425,0.9008803729905389));
#5996=DIRECTION('',(-0.010961903951171834,2.017033357060568E-06,-0.9999399165238364));
#5997=DIRECTION('',(0.09800508904860228,0.995185913546095,0));
#5998=FACE_SURFACE('',(#6003),#5999,.T.);
#5999=PLANE('',#6000);
#6000=AXIS2_PLACEMENT_3D('',#312,#6001,#6002);
#6001=DIRECTION('',(0.956886356175892,-0.2902578082693711,-0.01090440750729021));
#6002=DIRECTION('',(0.010122818588621333,-0.004194084906736176,0.9999399672958457));
#6003=FACE_BOUND('',#6004,.T.);
#6004=EDGE_LOOP('',(#6005,#6006,#6007));
#6005=ORIENTED_EDGE('',*,*,#6008,.T.);
#6006=ORIENTED_EDGE('',*,*,#6009,.T.);
#6007=ORIENTED_EDGE('',*,*,#6010,.T.);
#6008=EDGE_CURVE('',#313,#245,#6011,.F.);
#6009=EDGE_CURVE('',#245,#239,#6012,.T.);
#6010=EDGE_CURVE('',#239,#313,#6013,.T.);
#6011=LINE('',#312,#6014);
#6012=LINE('',#244,#6015);
#6013=LINE('',#238,#6016);
#6014=VECTOR('',#6017,1.0);
#6015=VECTOR('',#6018,1.0);
#6016=VECTOR('',#6019,1.0);
#6017=DIRECTION('',(0.010122818588621333,-0.004194084906736176,0.9999399672958457));
#6018=DIRECTION('',(-0.29027506652090557,-0.9569432510636583,0));
#6019=DIRECTION('',(0.1165638003586387,0.4181176325754219,-0.9008831920817902));
#6020=FACE_SURFACE('',(#6025),#6021,.T.);
#6021=PLANE('',#6022);
#6022=AXIS2_PLACEMENT_3D('',#312,#6023,#6024);
#6023=DIRECTION('',(0.956880021282394,-0.29027830324843096,-0.010914739292217493));
#6024=DIRECTION('',(-0.1165638003586387,-0.4181176325754219,0.9008831920817902));
#6025=FACE_BOUND('',#6026,.T.);
#6026=EDGE_LOOP('',(#6027,#6028,#6029));
#6027=ORIENTED_EDGE('',*,*,#6030,.T.);
#6028=ORIENTED_EDGE('',*,*,#6031,.T.);
#6029=ORIENTED_EDGE('',*,*,#6032,.T.);
#6030=EDGE_CURVE('',#313,#239,#6033,.F.);
#6031=EDGE_CURVE('',#239,#311,#6034,.T.);
#6032=EDGE_CURVE('',#311,#313,#6035,.T.);
#6033=LINE('',#312,#6036);
#6034=LINE('',#238,#6037);
#6035=LINE('',#310,#6038);
#6036=VECTOR('',#6039,1.0);
#6037=VECTOR('',#6040,1.0);
#6038=VECTOR('',#6041,1.0);
#6039=DIRECTION('',(-0.1165638003586387,-0.4181176325754219,0.9008831920817902));
#6040=DIRECTION('',(-0.010757510543195214,0.002137382876051099,-0.9999398519717844));
#6041=DIRECTION('',(0.29029559544323047,0.9569370236678378,0));
#6042=FACE_SURFACE('',(#6047),#6043,.T.);
#6043=PLANE('',#6044);
#6044=AXIS2_PLACEMENT_3D('',#318,#6045,#6046);
#6045=DIRECTION('',(0.8818666888559651,-0.471372665139976,-0.010906587232160666));
#6046=DIRECTION('',(0.009111612257925061,-0.00609009620958421,0.9999399428216773));
#6047=FACE_BOUND('',#6048,.T.);
#6048=EDGE_LOOP('',(#6049,#6050,#6051));
#6049=ORIENTED_EDGE('',*,*,#6052,.T.);
#6050=ORIENTED_EDGE('',*,*,#6053,.T.);
#6051=ORIENTED_EDGE('',*,*,#6054,.T.);
#6052=EDGE_CURVE('',#319,#247,#6055,.F.);
#6053=EDGE_CURVE('',#247,#245,#6056,.T.);
#6054=EDGE_CURVE('',#245,#319,#6057,.T.);
#6055=LINE('',#318,#6058);
#6056=LINE('',#246,#6059);
#6057=LINE('',#244,#6060);
#6058=VECTOR('',#6061,1.0);
#6059=VECTOR('',#6062,1.0);
#6060=VECTOR('',#6063,1.0);
#6061=DIRECTION('',(0.009111612257925061,-0.00609009620958421,0.9999399428216773));
#6062=DIRECTION('',(-0.471400703389788,-0.8819191441643689,0));
#6063=DIRECTION('',(0.1959007635888611,0.38734510705910036,-0.9008810459004426));
#6064=FACE_SURFACE('',(#6069),#6065,.T.);
#6065=PLANE('',#6066);
#6066=AXIS2_PLACEMENT_3D('',#318,#6067,#6068);
#6067=DIRECTION('',(0.8818686403253923,-0.4713690599002458,-0.010904612758029763));
#6068=DIRECTION('',(-0.1959007635888611,-0.38734510705910036,0.9008810459004426));
#6069=FACE_BOUND('',#6070,.T.);
#6070=EDGE_LOOP('',(#6071,#6072,#6073));
#6071=ORIENTED_EDGE('',*,*,#6074,.T.);
#6072=ORIENTED_EDGE('',*,*,#6075,.T.);
#6073=ORIENTED_EDGE('',*,*,#6076,.T.);
#6074=EDGE_CURVE('',#319,#245,#6077,.F.);
#6075=EDGE_CURVE('',#245,#313,#6078,.T.);
#6076=EDGE_CURVE('',#313,#319,#6079,.T.);
#6077=LINE('',#318,#6080);
#6078=LINE('',#244,#6081);
#6079=LINE('',#312,#6082);
#6080=VECTOR('',#6083,1.0);
#6081=VECTOR('',#6084,1.0);
#6082=VECTOR('',#6085,1.0);
#6083=DIRECTION('',(-0.1959007635888611,-0.38734510705910036,0.9008810459004426));
#6084=DIRECTION('',(-0.010122818588621333,0.004194084906736176,-0.9999399672958457));
#6085=DIRECTION('',(0.47139708778389205,0.8819210767573624,0));
#6086=FACE_SURFACE('',(#6091),#6087,.T.);
#6087=PLANE('',#6088);
#6088=AXIS2_PLACEMENT_3D('',#320,#6089,#6090);
#6089=DIRECTION('',(0.7729598656649798,-0.6343612073330295,-0.010904343270349294));
#6090=DIRECTION('',(0.007745408467923079,-0.007750787223803581,0.9999399651704477));
#6091=FACE_BOUND('',#6092,.T.);
#6092=EDGE_LOOP('',(#6093,#6094,#6095));
#6093=ORIENTED_EDGE('',*,*,#6096,.T.);
#6094=ORIENTED_EDGE('',*,*,#6097,.T.);
#6095=ORIENTED_EDGE('',*,*,#6098,.T.);
#6096=EDGE_CURVE('',#321,#253,#6099,.F.);
#6097=EDGE_CURVE('',#253,#247,#6100,.T.);
#6098=EDGE_CURVE('',#247,#321,#6101,.T.);
#6099=LINE('',#320,#6102);
#6100=LINE('',#252,#6103);
#6101=LINE('',#246,#6104);
#6102=VECTOR('',#6105,1.0);
#6103=VECTOR('',#6106,1.0);
#6104=VECTOR('',#6107,1.0);
#6105=DIRECTION('',(0.007745408467923079,-0.007750787223803581,0.9999399651704477));
#6106=DIRECTION('',(-0.6343989308581619,-0.7730058192054778,-6.994907412785815E-07));
#6107=DIRECTION('',(0.26770734237550214,0.3416831569155612,-0.9008803467267235));
#6108=FACE_SURFACE('',(#6113),#6109,.T.);
#6109=PLANE('',#6110);
#6110=AXIS2_PLACEMENT_3D('',#320,#6111,#6112);
#6111=DIRECTION('',(0.772956502411891,-0.6343652617679498,-0.010906880454868376));
#6112=DIRECTION('',(-0.26770734237550214,-0.3416831569155612,0.9008803467267235));
#6113=FACE_BOUND('',#6114,.T.);
#6114=EDGE_LOOP('',(#6115,#6116,#6117));
#6115=ORIENTED_EDGE('',*,*,#6118,.T.);
#6116=ORIENTED_EDGE('',*,*,#6119,.T.);
#6117=ORIENTED_EDGE('',*,*,#6120,.T.);
#6118=EDGE_CURVE('',#321,#247,#6121,.F.);
#6119=EDGE_CURVE('',#247,#319,#6122,.T.);
#6120=EDGE_CURVE('',#319,#321,#6123,.T.);
#6121=LINE('',#320,#6124);
#6122=LINE('',#246,#6125);
#6123=LINE('',#318,#6126);
#6124=VECTOR('',#6127,1.0);
#6125=VECTOR('',#6128,1.0);
#6126=VECTOR('',#6129,1.0);
#6127=DIRECTION('',(-0.26770734237550214,-0.3416831569155612,0.9008803467267235));
#6128=DIRECTION('',(-0.009111612257925061,0.00609009620958421,-0.9999399428216773));
#6129=DIRECTION('',(0.634403003064958,0.7730024771639984,6.963747882180596E-07));
#6130=FACE_SURFACE('',(#6135),#6131,.T.);
#6131=PLANE('',#6132);
#6132=AXIS2_PLACEMENT_3D('',#326,#6133,#6134);
#6133=DIRECTION('',(0.6343679716317318,-0.7729542831754792,-0.010906543381076625));
#6134=DIRECTION('',(0.006088751533199222,-0.009112284621184744,0.9999399448835663));
#6135=FACE_BOUND('',#6136,.T.);
#6136=EDGE_LOOP('',(#6137,#6138,#6139));
#6137=ORIENTED_EDGE('',*,*,#6140,.T.);
#6138=ORIENTED_EDGE('',*,*,#6141,.T.);
#6139=ORIENTED_EDGE('',*,*,#6142,.T.);
#6140=EDGE_CURVE('',#327,#255,#6143,.F.);
#6141=EDGE_CURVE('',#255,#253,#6144,.T.);
#6142=EDGE_CURVE('',#253,#327,#6145,.T.);
#6143=LINE('',#326,#6146);
#6144=LINE('',#254,#6147);
#6145=LINE('',#252,#6148);
#6146=VECTOR('',#6149,1.0);
#6147=VECTOR('',#6150,1.0);
#6148=VECTOR('',#6151,1.0);
#6149=DIRECTION('',(0.006088751533199222,-0.009112284621184744,0.9999399448835663));
#6150=DIRECTION('',(-0.7730002597723444,-0.6344057048859886,0));
#6151=DIRECTION('',(0.32921206905994377,0.28289784392847034,-0.9008819142850486));
#6152=FACE_SURFACE('',(#6157),#6153,.T.);
#6153=PLANE('',#6154);
#6154=AXIS2_PLACEMENT_3D('',#326,#6155,#6156);
#6155=DIRECTION('',(0.6343702960428426,-0.7729523958589464,-0.010905101303098975));
#6156=DIRECTION('',(-0.32921206905994377,-0.28289784392847034,0.9008819142850486));
#6157=FACE_BOUND('',#6158,.T.);
#6158=EDGE_LOOP('',(#6159,#6160,#6161));
#6159=ORIENTED_EDGE('',*,*,#6162,.T.);
#6160=ORIENTED_EDGE('',*,*,#6163,.T.);
#6161=ORIENTED_EDGE('',*,*,#6164,.T.);
#6162=EDGE_CURVE('',#327,#253,#6165,.F.);
#6163=EDGE_CURVE('',#253,#321,#6166,.T.);
#6164=EDGE_CURVE('',#321,#327,#6167,.T.);
#6165=LINE('',#326,#6168);
#6166=LINE('',#252,#6169);
#6167=LINE('',#320,#6170);
#6168=VECTOR('',#6171,1.0);
#6169=VECTOR('',#6172,1.0);
#6170=VECTOR('',#6173,1.0);
#6171=DIRECTION('',(-0.32921206905994377,-0.28289784392847034,0.9008819142850486));
#6172=DIRECTION('',(-0.007745408467923079,0.007750787223803581,-0.9999399651704477));
#6173=DIRECTION('',(0.7729983601851237,0.6344080194568079,0));
#6174=FACE_SURFACE('',(#6179),#6175,.T.);
#6175=PLANE('',#6176);
#6176=AXIS2_PLACEMENT_3D('',#328,#6177,#6178);
#6177=DIRECTION('',(0.4713743203364828,-0.8818657694514165,-0.010909390321185698));
#6178=DIRECTION('',(0.004195429372118508,-0.010127524460291842,0.9999399140051815));
#6179=FACE_BOUND('',#6180,.T.);
#6180=EDGE_LOOP('',(#6181,#6182,#6183));
#6181=ORIENTED_EDGE('',*,*,#6184,.T.);
#6182=ORIENTED_EDGE('',*,*,#6185,.T.);
#6183=ORIENTED_EDGE('',*,*,#6186,.T.);
#6184=EDGE_CURVE('',#329,#261,#6187,.F.);
#6185=EDGE_CURVE('',#261,#255,#6188,.T.);
#6186=EDGE_CURVE('',#255,#329,#6189,.T.);
#6187=LINE('',#328,#6190);
#6188=LINE('',#260,#6191);
#6189=LINE('',#254,#6192);
#6190=VECTOR('',#6193,1.0);
#6191=VECTOR('',#6194,1.0);
#6192=VECTOR('',#6195,1.0);
#6193=DIRECTION('',(0.004195429372118508,-0.010127524460291842,0.9999399140051815));
#6194=DIRECTION('',(-0.8819182516739295,-0.4714023731000935,0));
#6195=DIRECTION('',(0.3780781832738966,0.2132347385106546,-0.9008816979074459));
#6196=FACE_SURFACE('',(#6201),#6197,.T.);
#6197=PLANE('',#6198);
#6198=AXIS2_PLACEMENT_3D('',#328,#6199,#6200);
#6199=DIRECTION('',(0.47137952719948345,-0.8818630213375684,-0.010906554660690456));
#6200=DIRECTION('',(-0.3780781832738966,-0.2132347385106546,0.9008816979074459));
#6201=FACE_BOUND('',#6202,.T.);
#6202=EDGE_LOOP('',(#6203,#6204,#6205));
#6203=ORIENTED_EDGE('',*,*,#6206,.T.);
#6204=ORIENTED_EDGE('',*,*,#6207,.T.);
#6205=ORIENTED_EDGE('',*,*,#6208,.T.);
#6206=EDGE_CURVE('',#329,#255,#6209,.F.);
#6207=EDGE_CURVE('',#255,#327,#6210,.T.);
#6208=EDGE_CURVE('',#327,#329,#6211,.T.);
#6209=LINE('',#328,#6212);
#6210=LINE('',#254,#6213);
#6211=LINE('',#326,#6214);
#6212=VECTOR('',#6215,1.0);
#6213=VECTOR('',#6216,1.0);
#6214=VECTOR('',#6217,1.0);
#6215=DIRECTION('',(-0.3780781832738966,-0.2132347385106546,0.9008816979074459));
#6216=DIRECTION('',(-0.006088751533199222,0.009112284621184744,-0.9999399448835663));
#6217=DIRECTION('',(0.881915476114489,0.4714075656899813,0));
#6218=FACE_SURFACE('',(#6223),#6219,.T.);
#6219=PLANE('',#6220);
#6220=AXIS2_PLACEMENT_3D('',#332,#6221,#6222);
#6221=DIRECTION('',(0.2902714587562724,-0.9568821817426846,-0.01090735966517942));
#6222=DIRECTION('',(0.002140744783905312,-0.010748770998836128,0.9999399387632162));
#6223=FACE_BOUND('',#6224,.T.);
#6224=EDGE_LOOP('',(#6225,#6226,#6227));
#6225=ORIENTED_EDGE('',*,*,#6228,.T.);
#6226=ORIENTED_EDGE('',*,*,#6229,.T.);
#6227=ORIENTED_EDGE('',*,*,#6230,.T.);
#6228=EDGE_CURVE('',#333,#267,#6231,.F.);
#6229=EDGE_CURVE('',#267,#261,#6232,.T.);
#6230=EDGE_CURVE('',#261,#333,#6233,.T.);
#6231=LINE('',#332,#6234);
#6232=LINE('',#266,#6235);
#6233=LINE('',#260,#6236);
#6234=VECTOR('',#6237,1.0);
#6235=VECTOR('',#6238,1.0);
#6236=VECTOR('',#6239,1.0);
#6237=DIRECTION('',(0.002140744783905312,-0.010748770998836128,0.9999399387632162));
#6238=DIRECTION('',(-0.956939107195417,-0.290288727166658,0));
#6239=DIRECTION('',(0.4124159695411121,0.13537593209758067,-0.9008809161460664));
#6240=FACE_SURFACE('',(#6245),#6241,.T.);
#6241=PLANE('',#6242);
#6242=AXIS2_PLACEMENT_3D('',#332,#6243,#6244);
#6243=DIRECTION('',(0.2902675736075314,-0.9568833380425262,-0.010909312012623063));
#6244=DIRECTION('',(-0.4124159695411121,-0.13537593209758067,0.9008809161460664));
#6245=FACE_BOUND('',#6246,.T.);
#6246=EDGE_LOOP('',(#6247,#6248,#6249));
#6247=ORIENTED_EDGE('',*,*,#6250,.T.);
#6248=ORIENTED_EDGE('',*,*,#6251,.T.);
#6249=ORIENTED_EDGE('',*,*,#6252,.T.);
#6250=EDGE_CURVE('',#333,#261,#6253,.F.);
#6251=EDGE_CURVE('',#261,#329,#6254,.T.);
#6252=EDGE_CURVE('',#329,#333,#6255,.T.);
#6253=LINE('',#332,#6256);
#6254=LINE('',#260,#6257);
#6255=LINE('',#328,#6258);
#6256=VECTOR('',#6259,1.0);
#6257=VECTOR('',#6260,1.0);
#6258=VECTOR('',#6261,1.0);
#6259=DIRECTION('',(-0.4124159695411121,-0.13537593209758067,0.9008809161460664));
#6260=DIRECTION('',(-0.004195429372118508,0.010127524460291842,-0.9999399140051815));
#6261=DIRECTION('',(0.9569402839462974,0.29028484796967924,0));
#6262=FACE_SURFACE('',(#6267),#6263,.T.);
#6263=PLANE('',#6264);
#6264=AXIS2_PLACEMENT_3D('',#334,#6265,#6266);
#6265=DIRECTION('',(0.09798105147194937,-0.9951285007520704,-0.010907820285824247));
#6266=DIRECTION('',(0,-0.010960559423842005,0.9999399312644317));
#6267=FACE_BOUND('',#6268,.T.);
#6268=EDGE_LOOP('',(#6269,#6270,#6271));
#6269=ORIENTED_EDGE('',*,*,#6272,.T.);
#6270=ORIENTED_EDGE('',*,*,#6273,.T.);
#6271=ORIENTED_EDGE('',*,*,#6274,.T.);
#6272=EDGE_CURVE('',#335,#269,#6275,.F.);
#6273=EDGE_CURVE('',#269,#267,#6276,.T.);
#6274=EDGE_CURVE('',#267,#335,#6277,.T.);
#6275=LINE('',#334,#6278);
#6276=LINE('',#268,#6279);
#6277=LINE('',#266,#6280);
#6278=VECTOR('',#6281,1.0);
#6279=VECTOR('',#6282,1.0);
#6280=VECTOR('',#6283,1.0);
#6281=DIRECTION('',(0,-0.010960559423842005,0.9999399312644317));
#6282=DIRECTION('',(-0.9951877072476911,-0.09798687331777937,-6.994965328720277E-07));
#6283=DIRECTION('',(0.4308994267932592,0.052301435570752335,-0.9008830355970074));
#6284=FACE_SURFACE('',(#6289),#6285,.T.);
#6285=PLANE('',#6286);
#6286=AXIS2_PLACEMENT_3D('',#334,#6287,#6288);
#6287=DIRECTION('',(0.09798312304697965,-0.995128307764397,-0.010906818231184737));
#6288=DIRECTION('',(-0.4308994267932592,-0.052301435570752335,0.9008830355970074));
#6289=FACE_BOUND('',#6290,.T.);
#6290=EDGE_LOOP('',(#6291,#6292,#6293));
#6291=ORIENTED_EDGE('',*,*,#6294,.T.);
#6292=ORIENTED_EDGE('',*,*,#6295,.T.);
#6293=ORIENTED_EDGE('',*,*,#6296,.T.);
#6294=EDGE_CURVE('',#335,#267,#6297,.F.);
#6295=EDGE_CURVE('',#267,#333,#6298,.T.);
#6296=EDGE_CURVE('',#333,#335,#6299,.T.);
#6297=LINE('',#334,#6300);
#6298=LINE('',#266,#6301);
#6299=LINE('',#332,#6302);
#6300=VECTOR('',#6303,1.0);
#6301=VECTOR('',#6304,1.0);
#6302=VECTOR('',#6305,1.0);
#6303=DIRECTION('',(-0.4308994267932592,-0.052301435570752335,0.9008830355970074));
#6304=DIRECTION('',(-0.002140744783905312,0.010748770998836128,-0.9999399387632162));
#6305=DIRECTION('',(0.9951875033667286,0.0979889439794744,6.963794415506453E-07));
#6306=FACE_SURFACE('',(#6311),#6307,.T.);
#6307=PLANE('',#6308);
#6308=AXIS2_PLACEMENT_3D('',#336,#6309,#6310);
#6309=DIRECTION('',(-0.09798104495212231,-0.9951285124019036,-0.010906815981980617));
#6310=DIRECTION('',(-0.002140744783905312,-0.010748770998836128,0.9999399387632162));
#6311=FACE_BOUND('',#6312,.T.);
#6312=EDGE_LOOP('',(#6313,#6314,#6315));
#6313=ORIENTED_EDGE('',*,*,#6316,.T.);
#6314=ORIENTED_EDGE('',*,*,#6317,.T.);
#6315=ORIENTED_EDGE('',*,*,#6318,.T.);
#6316=EDGE_CURVE('',#337,#265,#6319,.F.);
#6317=EDGE_CURVE('',#265,#269,#6320,.T.);
#6318=EDGE_CURVE('',#269,#337,#6321,.T.);
#6319=LINE('',#336,#6322);
#6320=LINE('',#264,#6323);
#6321=LINE('',#268,#6324);
#6322=VECTOR('',#6325,1.0);
#6323=VECTOR('',#6326,1.0);
#6324=VECTOR('',#6327,1.0);
#6325=DIRECTION('',(-0.002140744783905312,-0.010748770998836128,0.9999399387632162));
#6326=DIRECTION('',(-0.9951877072479346,0.09798687331780334,0));
#6327=DIRECTION('',(0.4328274459082032,-0.032742636928057636,-0.900881968848072));
#6328=FACE_SURFACE('',(#6333),#6329,.T.);
#6329=PLANE('',#6330);
#6330=AXIS2_PLACEMENT_3D('',#336,#6331,#6332);
#6331=DIRECTION('',(-0.09798311441957114,-0.9951282976550407,-0.010907818059633458));
#6332=DIRECTION('',(-0.4328274459082032,0.032742636928057636,0.900881968848072));
#6333=FACE_BOUND('',#6334,.T.);
#6334=EDGE_LOOP('',(#6335,#6336,#6337));
#6335=ORIENTED_EDGE('',*,*,#6338,.T.);
#6336=ORIENTED_EDGE('',*,*,#6339,.T.);
#6337=ORIENTED_EDGE('',*,*,#6340,.T.);
#6338=EDGE_CURVE('',#337,#269,#6341,.F.);
#6339=EDGE_CURVE('',#269,#335,#6342,.T.);
#6340=EDGE_CURVE('',#335,#337,#6343,.T.);
#6341=LINE('',#336,#6344);
#6342=LINE('',#268,#6345);
#6343=LINE('',#334,#6346);
#6344=VECTOR('',#6347,1.0);
#6345=VECTOR('',#6348,1.0);
#6346=VECTOR('',#6349,1.0);
#6347=DIRECTION('',(-0.4328274459082032,0.032742636928057636,0.900881968848072));
#6348=DIRECTION('',(0,0.010960559423842005,-0.9999399312644317));
#6349=DIRECTION('',(0.9951875033669698,-0.09798894397949816,0));
#6350=FACE_SURFACE('',(#6355),#6351,.T.);
#6351=PLANE('',#6352);
#6352=AXIS2_PLACEMENT_3D('',#330,#6353,#6354);
#6353=DIRECTION('',(-0.2902714525598675,-0.9568821613161864,-0.01090931636943062));
#6354=DIRECTION('',(-0.004195429372118508,-0.010127524460291842,0.9999399140051815));
#6355=FACE_BOUND('',#6356,.T.);
#6356=EDGE_LOOP('',(#6357,#6358,#6359));
#6357=ORIENTED_EDGE('',*,*,#6360,.T.);
#6358=ORIENTED_EDGE('',*,*,#6361,.T.);
#6359=ORIENTED_EDGE('',*,*,#6362,.T.);
#6360=EDGE_CURVE('',#331,#263,#6363,.F.);
#6361=EDGE_CURVE('',#263,#265,#6364,.T.);
#6362=EDGE_CURVE('',#265,#331,#6365,.T.);
#6363=LINE('',#330,#6366);
#6364=LINE('',#262,#6367);
#6365=LINE('',#264,#6368);
#6366=VECTOR('',#6369,1.0);
#6367=VECTOR('',#6370,1.0);
#6368=VECTOR('',#6371,1.0);
#6369=DIRECTION('',(-0.004195429372118508,-0.010127524460291842,0.9999399140051815));
#6370=DIRECTION('',(-0.956939107195417,0.290288727166658,0));
#6371=DIRECTION('',(0.41812392384519365,-0.11656759912157123,-0.9008797806274328));
#6372=FACE_SURFACE('',(#6377),#6373,.T.);
#6373=PLANE('',#6374);
#6374=AXIS2_PLACEMENT_3D('',#330,#6375,#6376);
#6375=DIRECTION('',(-0.2902675797763014,-0.9568833583782224,-0.010907364008920116));
#6376=DIRECTION('',(-0.41812392384519365,0.11656759912157123,0.9008797806274328));
#6377=FACE_BOUND('',#6378,.T.);
#6378=EDGE_LOOP('',(#6379,#6380,#6381));
#6379=ORIENTED_EDGE('',*,*,#6382,.T.);
#6380=ORIENTED_EDGE('',*,*,#6383,.T.);
#6381=ORIENTED_EDGE('',*,*,#6384,.T.);
#6382=EDGE_CURVE('',#331,#265,#6385,.F.);
#6383=EDGE_CURVE('',#265,#337,#6386,.T.);
#6384=EDGE_CURVE('',#337,#331,#6387,.T.);
#6385=LINE('',#330,#6388);
#6386=LINE('',#264,#6389);
#6387=LINE('',#336,#6390);
#6388=VECTOR('',#6391,1.0);
#6389=VECTOR('',#6392,1.0);
#6390=VECTOR('',#6393,1.0);
#6391=DIRECTION('',(-0.41812392384519365,0.11656759912157123,0.9008797806274328));
#6392=DIRECTION('',(0.002140744783905312,0.010748770998836128,-0.9999399387632162));
#6393=DIRECTION('',(0.9569402839462974,-0.29028484796967924,0));
#6394=FACE_SURFACE('',(#6399),#6395,.T.);
#6395=PLANE('',#6396);
#6396=AXIS2_PLACEMENT_3D('',#324,#6397,#6398);
#6397=DIRECTION('',(-0.47137433495095743,-0.8818657967927552,-0.010906548336737112));
#6398=DIRECTION('',(-0.006088751533199222,-0.009112284621184744,0.9999399448835663));
#6399=FACE_BOUND('',#6400,.T.);
#6400=EDGE_LOOP('',(#6401,#6402,#6403));
#6401=ORIENTED_EDGE('',*,*,#6404,.T.);
#6402=ORIENTED_EDGE('',*,*,#6405,.T.);
#6403=ORIENTED_EDGE('',*,*,#6406,.T.);
#6404=EDGE_CURVE('',#325,#259,#6407,.F.);
#6405=EDGE_CURVE('',#259,#263,#6408,.T.);
#6406=EDGE_CURVE('',#263,#325,#6409,.T.);
#6407=LINE('',#324,#6410);
#6408=LINE('',#258,#6411);
#6409=LINE('',#262,#6412);
#6410=VECTOR('',#6413,1.0);
#6411=VECTOR('',#6414,1.0);
#6412=VECTOR('',#6415,1.0);
#6413=DIRECTION('',(-0.006088751533199222,-0.009112284621184744,0.9999399448835663));
#6414=DIRECTION('',(-0.8819182516739295,0.4714023731000935,0));
#6415=DIRECTION('',(0.38734356248945156,-0.19590090148124117,-0.9008816800206436));
#6416=FACE_SURFACE('',(#6421),#6417,.T.);
#6417=PLANE('',#6418);
#6418=AXIS2_PLACEMENT_3D('',#324,#6419,#6420);
#6419=DIRECTION('',(-0.471379512649887,-0.8818629941179918,-0.010909383997532754));
#6420=DIRECTION('',(-0.38734356248945156,0.19590090148124117,0.9008816800206436));
#6421=FACE_BOUND('',#6422,.T.);
#6422=EDGE_LOOP('',(#6423,#6424,#6425));
#6423=ORIENTED_EDGE('',*,*,#6426,.T.);
#6424=ORIENTED_EDGE('',*,*,#6427,.T.);
#6425=ORIENTED_EDGE('',*,*,#6428,.T.);
#6426=EDGE_CURVE('',#325,#263,#6429,.F.);
#6427=EDGE_CURVE('',#263,#331,#6430,.T.);
#6428=EDGE_CURVE('',#331,#325,#6431,.T.);
#6429=LINE('',#324,#6432);
#6430=LINE('',#262,#6433);
#6431=LINE('',#330,#6434);
#6432=VECTOR('',#6435,1.0);
#6433=VECTOR('',#6436,1.0);
#6434=VECTOR('',#6437,1.0);
#6435=DIRECTION('',(-0.38734356248945156,0.19590090148124117,0.9008816800206436));
#6436=DIRECTION('',(0.004195429372118508,0.010127524460291842,-0.9999399140051815));
#6437=DIRECTION('',(0.881915476114489,-0.4714075656899813,0));
#6438=FACE_SURFACE('',(#6443),#6439,.T.);
#6439=PLANE('',#6440);
#6440=AXIS2_PLACEMENT_3D('',#258,#6441,#6442);
#6441=DIRECTION('',(-0.634370280216046,-0.7729523885467153,-0.010906540172883691));
#6442=DIRECTION('',(0.006088751533199222,0.009112284621184744,-0.9999399448835663));
#6443=FACE_BOUND('',#6444,.T.);
#6444=EDGE_LOOP('',(#6445,#6446,#6447));
#6445=ORIENTED_EDGE('',*,*,#6448,.T.);
#6446=ORIENTED_EDGE('',*,*,#6449,.T.);
#6447=ORIENTED_EDGE('',*,*,#6450,.T.);
#6448=EDGE_CURVE('',#259,#325,#6451,.F.);
#6449=EDGE_CURVE('',#325,#323,#6452,.T.);
#6450=EDGE_CURVE('',#323,#259,#6453,.T.);
#6451=LINE('',#258,#6454);
#6452=LINE('',#324,#6455);
#6453=LINE('',#322,#6456);
#6454=VECTOR('',#6457,1.0);
#6455=VECTOR('',#6458,1.0);
#6456=VECTOR('',#6459,1.0);
#6457=DIRECTION('',(0.006088751533199222,0.009112284621184744,-0.9999399448835663));
#6458=DIRECTION('',(0.7729983601849364,-0.6344080194566541,6.963848811052601E-07));
#6459=DIRECTION('',(-0.3416764232520813,0.26770581335346844,0.9008833549857732));
#6460=FACE_SURFACE('',(#6465),#6461,.T.);
#6461=PLANE('',#6462);
#6462=AXIS2_PLACEMENT_3D('',#258,#6463,#6464);
#6463=DIRECTION('',(-0.6343679757354056,-0.7729543001995541,-0.010905098091316139));
#6464=DIRECTION('',(0.3416764232520813,-0.26770581335346844,-0.9008833549857732));
#6465=FACE_BOUND('',#6466,.T.);
#6466=EDGE_LOOP('',(#6467,#6468,#6469));
#6467=ORIENTED_EDGE('',*,*,#6470,.T.);
#6468=ORIENTED_EDGE('',*,*,#6471,.T.);
#6469=ORIENTED_EDGE('',*,*,#6472,.T.);
#6470=EDGE_CURVE('',#259,#323,#6473,.F.);
#6471=EDGE_CURVE('',#323,#257,#6474,.T.);
#6472=EDGE_CURVE('',#257,#259,#6475,.T.);
#6473=LINE('',#258,#6476);
#6474=LINE('',#322,#6477);
#6475=LINE('',#256,#6478);
#6476=VECTOR('',#6479,1.0);
#6477=VECTOR('',#6480,1.0);
#6478=VECTOR('',#6481,1.0);
#6479=DIRECTION('',(0.3416764232520813,-0.26770581335346844,-0.9008833549857732));
#6480=DIRECTION('',(-0.007745408467923079,-0.007750787223803581,0.9999399651704477));
#6481=DIRECTION('',(-0.7730002597721554,0.6344057048858334,-6.994920402467092E-07));
#6482=FACE_SURFACE('',(#6487),#6483,.T.);
#6483=PLANE('',#6484);
#6484=AXIS2_PLACEMENT_3D('',#250,#6485,#6486);
#6485=DIRECTION('',(-0.7729598608260408,-0.6343612132290646,-0.010904343278569142));
#6486=DIRECTION('',(-0.634398930858317,0.773005819205667,0));
#6487=FACE_BOUND('',#6488,.T.);
#6488=EDGE_LOOP('',(#6489,#6490,#6491));
#6489=ORIENTED_EDGE('',*,*,#6492,.T.);
#6490=ORIENTED_EDGE('',*,*,#6493,.T.);
#6491=ORIENTED_EDGE('',*,*,#6494,.T.);
#6492=EDGE_CURVE('',#251,#257,#6495,.F.);
#6493=EDGE_CURVE('',#257,#323,#6496,.T.);
#6494=EDGE_CURVE('',#323,#251,#6497,.T.);
#6495=LINE('',#250,#6498);
#6496=LINE('',#256,#6499);
#6497=LINE('',#322,#6500);
#6498=VECTOR('',#6501,1.0);
#6499=VECTOR('',#6502,1.0);
#6500=VECTOR('',#6503,1.0);
#6501=DIRECTION('',(-0.634398930858317,0.773005819205667,0));
#6502=DIRECTION('',(0.007745408467923079,0.007750787223803581,-0.9999399651704477));
#6503=DIRECTION('',(0.26770726933185096,-0.34168306368769114,0.9008804037916892));
#6504=FACE_SURFACE('',(#6509),#6505,.T.);
#6505=PLANE('',#6506);
#6506=AXIS2_PLACEMENT_3D('',#250,#6507,#6508);
#6507=DIRECTION('',(-0.7729564975934935,-0.6343652676391739,-0.010906880446720836));
#6508=DIRECTION('',(-0.26770726933185096,0.34168306368769114,-0.9008804037916892));
#6509=FACE_BOUND('',#6510,.T.);
#6510=EDGE_LOOP('',(#6511,#6512,#6513));
#6511=ORIENTED_EDGE('',*,*,#6514,.T.);
#6512=ORIENTED_EDGE('',*,*,#6515,.T.);
#6513=ORIENTED_EDGE('',*,*,#6516,.T.);
#6514=EDGE_CURVE('',#251,#323,#6517,.F.);
#6515=EDGE_CURVE('',#323,#317,#6518,.T.);
#6516=EDGE_CURVE('',#317,#251,#6519,.T.);
#6517=LINE('',#250,#6520);
#6518=LINE('',#322,#6521);
#6519=LINE('',#316,#6522);
#6520=VECTOR('',#6523,1.0);
#6521=VECTOR('',#6524,1.0);
#6522=VECTOR('',#6525,1.0);
#6523=DIRECTION('',(-0.26770726933185096,0.34168306368769114,-0.9008804037916892));
#6524=DIRECTION('',(0.6344030030651119,-0.7730024771641859,0));
#6525=DIRECTION('',(-0.009111612257925061,-0.00609009620958421,0.9999399428216773));
#6526=FACE_SURFACE('',(#6531),#6527,.T.);
#6527=PLANE('',#6528);
#6528=AXIS2_PLACEMENT_3D('',#248,#6529,#6530);
#6529=DIRECTION('',(-0.8818666888559651,-0.471372665139976,-0.010906587232160666));
#6530=DIRECTION('',(-0.471400703389788,0.8819191441643689,0));
#6531=FACE_BOUND('',#6532,.T.);
#6532=EDGE_LOOP('',(#6533,#6534,#6535));
#6533=ORIENTED_EDGE('',*,*,#6536,.T.);
#6534=ORIENTED_EDGE('',*,*,#6537,.T.);
#6535=ORIENTED_EDGE('',*,*,#6538,.T.);
#6536=EDGE_CURVE('',#249,#251,#6539,.F.);
#6537=EDGE_CURVE('',#251,#317,#6540,.T.);
#6538=EDGE_CURVE('',#317,#249,#6541,.T.);
#6539=LINE('',#248,#6542);
#6540=LINE('',#250,#6543);
#6541=LINE('',#316,#6544);
#6542=VECTOR('',#6545,1.0);
#6543=VECTOR('',#6546,1.0);
#6544=VECTOR('',#6547,1.0);
#6545=DIRECTION('',(-0.471400703389788,0.8819191441643689,0));
#6546=DIRECTION('',(0.009111612257925061,0.00609009620958421,-0.9999399428216773));
#6547=DIRECTION('',(0.1959007635888611,-0.38734510705910036,0.9008810459004426));
#6548=FACE_SURFACE('',(#6553),#6549,.T.);
#6549=PLANE('',#6550);
#6550=AXIS2_PLACEMENT_3D('',#248,#6551,#6552);
#6551=DIRECTION('',(-0.8818686403253923,-0.4713690599002458,-0.010904612758029763));
#6552=DIRECTION('',(-0.1959007635888611,0.38734510705910036,-0.9008810459004426));
#6553=FACE_BOUND('',#6554,.T.);
#6554=EDGE_LOOP('',(#6555,#6556,#6557));
#6555=ORIENTED_EDGE('',*,*,#6558,.T.);
#6556=ORIENTED_EDGE('',*,*,#6559,.T.);
#6557=ORIENTED_EDGE('',*,*,#6560,.T.);
#6558=EDGE_CURVE('',#249,#317,#6561,.F.);
#6559=EDGE_CURVE('',#317,#315,#6562,.T.);
#6560=EDGE_CURVE('',#315,#249,#6563,.T.);
#6561=LINE('',#248,#6564);
#6562=LINE('',#316,#6565);
#6563=LINE('',#314,#6566);
#6564=VECTOR('',#6567,1.0);
#6565=VECTOR('',#6568,1.0);
#6566=VECTOR('',#6569,1.0);
#6567=DIRECTION('',(-0.1959007635888611,0.38734510705910036,-0.9008810459004426));
#6568=DIRECTION('',(0.47139708778389205,-0.8819210767573624,0));
#6569=DIRECTION('',(-0.010122818588621333,-0.004194084906736176,0.9999399672958457));
#6570=FACE_SURFACE('',(#6575),#6571,.T.);
#6571=PLANE('',#6572);
#6572=AXIS2_PLACEMENT_3D('',#242,#6573,#6574);
#6573=DIRECTION('',(-0.956886356175892,-0.2902578082693711,-0.01090440750729021));
#6574=DIRECTION('',(-0.29027506652090557,0.9569432510636583,0));
#6575=FACE_BOUND('',#6576,.T.);
#6576=EDGE_LOOP('',(#6577,#6578,#6579));
#6577=ORIENTED_EDGE('',*,*,#6580,.T.);
#6578=ORIENTED_EDGE('',*,*,#6581,.T.);
#6579=ORIENTED_EDGE('',*,*,#6582,.T.);
#6580=EDGE_CURVE('',#243,#249,#6583,.F.);
#6581=EDGE_CURVE('',#249,#315,#6584,.T.);
#6582=EDGE_CURVE('',#315,#243,#6585,.T.);
#6583=LINE('',#242,#6586);
#6584=LINE('',#248,#6587);
#6585=LINE('',#314,#6588);
#6586=VECTOR('',#6589,1.0);
#6587=VECTOR('',#6590,1.0);
#6588=VECTOR('',#6591,1.0);
#6589=DIRECTION('',(-0.29027506652090557,0.9569432510636583,0));
#6590=DIRECTION('',(0.010122818588621333,0.004194084906736176,-0.9999399672958457));
#6591=DIRECTION('',(0.1165638003586387,-0.4181176325754219,0.9008831920817902));
#6592=FACE_SURFACE('',(#6597),#6593,.T.);
#6593=PLANE('',#6594);
#6594=AXIS2_PLACEMENT_3D('',#242,#6595,#6596);
#6595=DIRECTION('',(-0.9568863183774379,-0.2902579305626013,-0.010904469156667));
#6596=DIRECTION('',(-0.1165638003586387,0.4181176325754219,-0.9008831920817902));
#6597=FACE_BOUND('',#6598,.T.);
#6598=EDGE_LOOP('',(#6599,#6600,#6601));
#6599=ORIENTED_EDGE('',*,*,#6602,.T.);
#6600=ORIENTED_EDGE('',*,*,#6603,.T.);
#6601=ORIENTED_EDGE('',*,*,#6604,.T.);
#6602=EDGE_CURVE('',#243,#315,#6605,.F.);
#6603=EDGE_CURVE('',#315,#309,#6606,.T.);
#6604=EDGE_CURVE('',#309,#243,#6607,.T.);
#6605=LINE('',#242,#6608);
#6606=LINE('',#314,#6609);
#6607=LINE('',#308,#6610);
#6608=VECTOR('',#6611,1.0);
#6609=VECTOR('',#6612,1.0);
#6610=VECTOR('',#6613,1.0);
#6611=DIRECTION('',(-0.1165638003586387,0.4181176325754219,-0.9008831920817902));
#6612=DIRECTION('',(0.29027518901656835,-0.9569432139063401,0));
#6613=DIRECTION('',(-0.01074675427568801,-0.002137383123274035,0.9999399676310184));
#6614=FACE_SURFACE('',(#6619),#6615,.T.);
#6615=PLANE('',#6616);
#6616=AXIS2_PLACEMENT_3D('',#240,#6617,#6618);
#6617=DIRECTION('',(-0.9951255471958389,-0.09801141224301983,-0.010904512291295172));
#6618=DIRECTION('',(-0.09801723995228055,0.9951847168602103,0));
#6619=FACE_BOUND('',#6620,.T.);
#6620=EDGE_LOOP('',(#6621,#6622,#6623));
#6621=ORIENTED_EDGE('',*,*,#6624,.T.);
#6622=ORIENTED_EDGE('',*,*,#6625,.T.);
#6623=ORIENTED_EDGE('',*,*,#6626,.T.);
#6624=EDGE_CURVE('',#241,#243,#6627,.F.);
#6625=EDGE_CURVE('',#243,#309,#6628,.T.);
#6626=EDGE_CURVE('',#309,#241,#6629,.T.);
#6627=LINE('',#240,#6630);
#6628=LINE('',#242,#6631);
#6629=LINE('',#308,#6632);
#6630=VECTOR('',#6633,1.0);
#6631=VECTOR('',#6634,1.0);
#6632=VECTOR('',#6635,1.0);
#6633=DIRECTION('',(-0.09801723995228055,0.9951847168602103,0));
#6634=DIRECTION('',(0.01074675427568801,0.002137383123274035,-0.9999399676310184));
#6635=DIRECTION('',(0.032758317723864325,-0.432830176212782,0.9008800870146451));
#6636=FACE_SURFACE('',(#6641),#6637,.T.);
#6637=PLANE('',#6638);
#6638=AXIS2_PLACEMENT_3D('',#240,#6639,#6640);
#6639=DIRECTION('',(-0.9951245181597225,-0.09802132551974035,-0.010909312569228021));
#6640=DIRECTION('',(-0.032758317723864325,0.432830176212782,-0.9008800870146451));
#6641=FACE_BOUND('',#6642,.T.);
#6642=EDGE_LOOP('',(#6643,#6644,#6645));
#6643=ORIENTED_EDGE('',*,*,#6646,.T.);
#6644=ORIENTED_EDGE('',*,*,#6647,.T.);
#6645=ORIENTED_EDGE('',*,*,#6648,.T.);
#6646=EDGE_CURVE('',#241,#309,#6649,.F.);
#6647=EDGE_CURVE('',#309,#307,#6650,.T.);
#6648=EDGE_CURVE('',#307,#241,#6651,.T.);
#6649=LINE('',#240,#6652);
#6650=LINE('',#308,#6653);
#6651=LINE('',#306,#6654);
#6652=VECTOR('',#6655,1.0);
#6653=VECTOR('',#6656,1.0);
#6654=VECTOR('',#6657,1.0);
#6655=DIRECTION('',(-0.032758317723864325,0.432830176212782,-0.9008800870146451));
#6656=DIRECTION('',(0.09802715895138064,-0.9951837398731556,0));
#6657=DIRECTION('',(-0.010961903951171834,-2.017033357060568E-06,0.9999399165238364));
#6658=FACE_SURFACE('',(#6663),#6659,.T.);
#6659=PLANE('',#6660);
#6660=AXIS2_PLACEMENT_3D('',#234,#6661,#6662);
#6661=DIRECTION('',(-0.9951251229789327,0.09801522840092043,-0.010908923763568855));
#6662=DIRECTION('',(0.09802106105390138,0.9951843405067562,0));
#6663=FACE_BOUND('',#6664,.T.);
#6664=EDGE_LOOP('',(#6665,#6666,#6667));
#6665=ORIENTED_EDGE('',*,*,#6668,.T.);
#6666=ORIENTED_EDGE('',*,*,#6669,.T.);
#6667=ORIENTED_EDGE('',*,*,#6670,.T.);
#6668=EDGE_CURVE('',#235,#241,#6671,.F.);
#6669=EDGE_CURVE('',#241,#307,#6672,.T.);
#6670=EDGE_CURVE('',#307,#235,#6673,.T.);
#6671=LINE('',#234,#6674);
#6672=LINE('',#240,#6675);
#6673=LINE('',#306,#6676);
#6674=VECTOR('',#6677,1.0);
#6675=VECTOR('',#6678,1.0);
#6676=VECTOR('',#6679,1.0);
#6677=DIRECTION('',(0.09802106105390138,0.9951843405067562,0));
#6678=DIRECTION('',(0.010961903951171834,2.017033357060568E-06,-0.9999399165238364));
#6679=DIRECTION('',(-0.05231671453479208,-0.43089206207699854,0.9008856710034393));
#6680=FACE_SURFACE('',(#6685),#6681,.T.);
#6681=PLANE('',#6682);
#6682=AXIS2_PLACEMENT_3D('',#234,#6683,#6684);
#6683=DIRECTION('',(-0.9951243263659929,0.09802377592364207,-0.010904789236866042));
#6684=DIRECTION('',(0.05231671453479208,0.43089206207699854,-0.9008856710034393));
#6685=FACE_BOUND('',#6686,.T.);
#6686=EDGE_LOOP('',(#6687,#6688,#6689));
#6687=ORIENTED_EDGE('',*,*,#6690,.T.);
#6688=ORIENTED_EDGE('',*,*,#6691,.T.);
#6689=ORIENTED_EDGE('',*,*,#6692,.T.);
#6690=EDGE_CURVE('',#235,#307,#6693,.F.);
#6691=EDGE_CURVE('',#307,#301,#6694,.T.);
#6692=EDGE_CURVE('',#301,#235,#6695,.T.);
#6693=LINE('',#234,#6696);
#6694=LINE('',#306,#6697);
#6695=LINE('',#300,#6698);
#6696=VECTOR('',#6699,1.0);
#6697=VECTOR('',#6700,1.0);
#6698=VECTOR('',#6701,1.0);
#6699=DIRECTION('',(0.05231671453479208,0.43089206207699854,-0.9008856710034393));
#6700=DIRECTION('',(-0.09802960466412514,-0.9951834989635808,0));
#6701=DIRECTION('',(-0.010746754213874318,0.002140072488911534,0.9999399618795164));
#6702=FACE_SURFACE('',(#6707),#6703,.T.);
#6703=PLANE('',#6704);
#6704=AXIS2_PLACEMENT_3D('',#226,#6705,#6706);
#6705=DIRECTION('',(-0.9568864652523035,0.2902574170162216,-0.010905250296239621));
#6706=DIRECTION('',(0.2902746779125706,0.9569433689423599,0));
#6707=FACE_BOUND('',#6708,.T.);
#6708=EDGE_LOOP('',(#6709,#6710,#6711));
#6709=ORIENTED_EDGE('',*,*,#6712,.T.);
#6710=ORIENTED_EDGE('',*,*,#6713,.T.);
#6711=ORIENTED_EDGE('',*,*,#6714,.T.);
#6712=EDGE_CURVE('',#227,#235,#6715,.F.);
#6713=EDGE_CURVE('',#235,#301,#6716,.T.);
#6714=EDGE_CURVE('',#301,#227,#6717,.T.);
#6715=LINE('',#226,#6718);
#6716=LINE('',#234,#6719);
#6717=LINE('',#300,#6720);
#6718=VECTOR('',#6721,1.0);
#6719=VECTOR('',#6722,1.0);
#6720=VECTOR('',#6723,1.0);
#6721=DIRECTION('',(0.2902746779125706,0.9569433689423599,0));
#6722=DIRECTION('',(0.010746754213874318,-0.002140072488911534,-0.9999399618795164));
#6723=DIRECTION('',(-0.13536612758769787,-0.4124120200324006,0.9008841974608646));
#6724=FACE_SURFACE('',(#6729),#6725,.T.);
#6725=PLANE('',#6726);
#6726=AXIS2_PLACEMENT_3D('',#226,#6727,#6728);
#6727=DIRECTION('',(-0.9568858516448995,0.2902594788006325,-0.010904214240401892));
#6728=DIRECTION('',(0.13536612758769787,0.4124120200324006,-0.9008841974608646));
#6729=FACE_BOUND('',#6730,.T.);
#6730=EDGE_LOOP('',(#6731,#6732,#6733));
#6731=ORIENTED_EDGE('',*,*,#6734,.T.);
#6732=ORIENTED_EDGE('',*,*,#6735,.T.);
#6733=ORIENTED_EDGE('',*,*,#6736,.T.);
#6734=EDGE_CURVE('',#227,#301,#6737,.F.);
#6735=EDGE_CURVE('',#301,#297,#6738,.T.);
#6736=EDGE_CURVE('',#297,#227,#6739,.T.);
#6737=LINE('',#226,#6740);
#6738=LINE('',#300,#6741);
#6739=LINE('',#296,#6742);
#6740=VECTOR('',#6743,1.0);
#6741=VECTOR('',#6744,1.0);
#6742=VECTOR('',#6745,1.0);
#6743=DIRECTION('',(0.13536612758769787,0.4124120200324006,-0.9008841974608646));
#6744=DIRECTION('',(-0.29027673653967984,-0.956942744485726,0));
#6745=DIRECTION('',(-0.010122818617164077,0.004193412574073615,0.9999399701153202));
#6746=FACE_SURFACE('',(#6751),#6747,.T.);
#6747=PLANE('',#6748);
#6748=AXIS2_PLACEMENT_3D('',#224,#6749,#6750);
#6749=DIRECTION('',(-0.8818664000824684,0.4713732585212382,-0.010904290745287242));
#6750=DIRECTION('',(0.47140128499907463,0.8819188332841187,0));
#6751=FACE_BOUND('',#6752,.T.);
#6752=EDGE_LOOP('',(#6753,#6754,#6755));
#6753=ORIENTED_EDGE('',*,*,#6756,.T.);
#6754=ORIENTED_EDGE('',*,*,#6757,.T.);
#6755=ORIENTED_EDGE('',*,*,#6758,.T.);
#6756=EDGE_CURVE('',#225,#227,#6759,.F.);
#6757=EDGE_CURVE('',#227,#297,#6760,.T.);
#6758=EDGE_CURVE('',#297,#225,#6761,.T.);
#6759=LINE('',#224,#6762);
#6760=LINE('',#226,#6763);
#6761=LINE('',#296,#6764);
#6762=VECTOR('',#6765,1.0);
#6763=VECTOR('',#6766,1.0);
#6764=VECTOR('',#6767,1.0);
#6765=DIRECTION('',(0.47140128499907463,0.8819188332841187,0));
#6766=DIRECTION('',(0.010122818617164077,-0.004193412574073615,-0.9999399701153202));
#6767=DIRECTION('',(-0.21322996642861478,-0.3780801314030711,0.9008820098409605));
#6768=FACE_SURFACE('',(#6773),#6769,.T.);
#6769=PLANE('',#6770);
#6770=AXIS2_PLACEMENT_3D('',#224,#6771,#6772);
#6771=DIRECTION('',(-0.8818683149447032,0.4713696303803481,-0.010906266624453514));
#6772=DIRECTION('',(0.21322996642861478,0.3780801314030711,-0.9008820098409605));
#6773=FACE_BOUND('',#6774,.T.);
#6774=EDGE_LOOP('',(#6775,#6776,#6777));
#6775=ORIENTED_EDGE('',*,*,#6778,.T.);
#6776=ORIENTED_EDGE('',*,*,#6779,.T.);
#6777=ORIENTED_EDGE('',*,*,#6780,.T.);
#6778=EDGE_CURVE('',#225,#297,#6781,.F.);
#6779=EDGE_CURVE('',#297,#295,#6782,.T.);
#6780=EDGE_CURVE('',#295,#225,#6783,.T.);
#6781=LINE('',#224,#6784);
#6782=LINE('',#296,#6785);
#6783=LINE('',#294,#6786);
#6784=VECTOR('',#6787,1.0);
#6785=VECTOR('',#6788,1.0);
#6786=VECTOR('',#6789,1.0);
#6787=DIRECTION('',(0.21322996642861478,0.3780801314030711,-0.9008820098409605));
#6788=DIRECTION('',(-0.4713976668011212,-0.8819207672656648,0));
#6789=DIRECTION('',(-0.009111612295231797,0.0060894238900468115,0.999939946915848));
#6790=FACE_SURFACE('',(#6795),#6791,.T.);
#6791=PLANE('',#6792);
#6792=AXIS2_PLACEMENT_3D('',#206,#6793,#6794);
#6793=DIRECTION('',(-0.7729598429844086,0.6343611985865972,-0.010906459613186082));
#6794=DIRECTION('',(0.634398930858317,0.773005819205667,0));
#6795=FACE_BOUND('',#6796,.T.);
#6796=EDGE_LOOP('',(#6797,#6798,#6799));
#6797=ORIENTED_EDGE('',*,*,#6800,.T.);
#6798=ORIENTED_EDGE('',*,*,#6801,.T.);
#6799=ORIENTED_EDGE('',*,*,#6802,.T.);
#6800=EDGE_CURVE('',#207,#225,#6803,.F.);
#6801=EDGE_CURVE('',#225,#295,#6804,.T.);
#6802=EDGE_CURVE('',#295,#207,#6805,.T.);
#6803=LINE('',#206,#6806);
#6804=LINE('',#224,#6807);
#6805=LINE('',#294,#6808);
#6806=VECTOR('',#6809,1.0);
#6807=VECTOR('',#6810,1.0);
#6808=VECTOR('',#6811,1.0);
#6809=DIRECTION('',(0.634398930858317,0.773005819205667,0));
#6810=DIRECTION('',(0.009111612295231797,-0.0060894238900468115,-0.999939946915848));
#6811=DIRECTION('',(-0.2828948319613859,-0.32921451148625663,0.9008819675609034));
#6812=FACE_SURFACE('',(#6817),#6813,.T.);
#6813=PLANE('',#6814);
#6814=AXIS2_PLACEMENT_3D('',#206,#6815,#6816);
#6815=DIRECTION('',(-0.7729570794451812,0.6343646022046012,-0.01090434800315021));
#6816=DIRECTION('',(0.2828948319613859,0.32921451148625663,-0.9008819675609034));
#6817=FACE_BOUND('',#6818,.T.);
#6818=EDGE_LOOP('',(#6819,#6820,#6821));
#6819=ORIENTED_EDGE('',*,*,#6822,.T.);
#6820=ORIENTED_EDGE('',*,*,#6823,.T.);
#6821=ORIENTED_EDGE('',*,*,#6824,.T.);
#6822=EDGE_CURVE('',#207,#295,#6825,.F.);
#6823=EDGE_CURVE('',#295,#277,#6826,.T.);
#6824=EDGE_CURVE('',#277,#207,#6827,.T.);
#6825=LINE('',#206,#6828);
#6826=LINE('',#294,#6829);
#6827=LINE('',#276,#6830);
#6828=VECTOR('',#6831,1.0);
#6829=VECTOR('',#6832,1.0);
#6830=VECTOR('',#6833,1.0);
#6831=DIRECTION('',(0.2828948319613859,0.32921451148625663,-0.9008819675609034));
#6832=DIRECTION('',(-0.6344023200680416,-0.7730030376992616,0));
#6833=DIRECTION('',(-0.007745408467923079,0.007750787223803581,0.9999399651704477));
#6834=FACE_SURFACE('',(#6839),#6835,.T.);
#6835=PLANE('',#6836);
#6836=AXIS2_PLACEMENT_3D('',#208,#6837,#6838);
#6837=DIRECTION('',(-0.6343679757354056,0.7729543001995541,-0.010905098091316139));
#6838=DIRECTION('',(0.7730002597721554,0.6344057048858334,6.994920402467092E-07));
#6839=FACE_BOUND('',#6840,.T.);
#6840=EDGE_LOOP('',(#6841,#6842,#6843));
#6841=ORIENTED_EDGE('',*,*,#6844,.T.);
#6842=ORIENTED_EDGE('',*,*,#6845,.T.);
#6843=ORIENTED_EDGE('',*,*,#6846,.T.);
#6844=EDGE_CURVE('',#209,#207,#6847,.F.);
#6845=EDGE_CURVE('',#207,#277,#6848,.T.);
#6846=EDGE_CURVE('',#277,#209,#6849,.T.);
#6847=LINE('',#208,#6850);
#6848=LINE('',#206,#6851);
#6849=LINE('',#276,#6852);
#6850=VECTOR('',#6853,1.0);
#6851=VECTOR('',#6854,1.0);
#6852=VECTOR('',#6855,1.0);
#6853=DIRECTION('',(0.7730002597721554,0.6344057048858334,6.994920402467092E-07));
#6854=DIRECTION('',(0.007745408467923079,-0.007750787223803581,-0.9999399651704477));
#6855=DIRECTION('',(-0.3416764232520813,-0.26770581335346844,0.9008833549857732));
#6856=FACE_SURFACE('',(#6861),#6857,.T.);
#6857=PLANE('',#6858);
#6858=AXIS2_PLACEMENT_3D('',#208,#6859,#6860);
#6859=DIRECTION('',(-0.6343735945137557,0.7729496391877095,-0.010908614178098172));
#6860=DIRECTION('',(0.3416764232520813,0.26770581335346844,-0.9008833549857732));
#6861=FACE_BOUND('',#6862,.T.);
#6862=EDGE_LOOP('',(#6863,#6864,#6865));
#6863=ORIENTED_EDGE('',*,*,#6866,.T.);
#6864=ORIENTED_EDGE('',*,*,#6867,.T.);
#6865=ORIENTED_EDGE('',*,*,#6868,.T.);
#6866=EDGE_CURVE('',#209,#277,#6869,.F.);
#6867=EDGE_CURVE('',#277,#275,#6870,.T.);
#6868=EDGE_CURVE('',#275,#209,#6871,.T.);
#6869=LINE('',#208,#6872);
#6870=LINE('',#276,#6873);
#6871=LINE('',#274,#6874);
#6872=VECTOR('',#6875,1.0);
#6873=VECTOR('',#6876,1.0);
#6874=VECTOR('',#6877,1.0);
#6875=DIRECTION('',(0.3416764232520813,0.26770581335346844,-0.9008833549857732));
#6876=DIRECTION('',(-0.7729956281505449,-0.6344113483061756,-6.963824198484931E-07));
#6877=DIRECTION('',(-0.006088751383963968,0.009114973775662491,0.9999399203750459));
#6878=FACE_SURFACE('',(#6883),#6879,.T.);
#6879=PLANE('',#6880);
#6880=AXIS2_PLACEMENT_3D('',#210,#6881,#6882);
#6881=DIRECTION('',(-0.47137432275598357,0.8818657739779144,-0.010908919867322852));
#6882=DIRECTION('',(0.8819182516739295,0.4714023731000935,0));
#6883=FACE_BOUND('',#6884,.T.);
#6884=EDGE_LOOP('',(#6885,#6886,#6887));
#6885=ORIENTED_EDGE('',*,*,#6888,.T.);
#6886=ORIENTED_EDGE('',*,*,#6889,.T.);
#6887=ORIENTED_EDGE('',*,*,#6890,.T.);
#6888=EDGE_CURVE('',#211,#209,#6891,.F.);
#6889=EDGE_CURVE('',#209,#275,#6892,.T.);
#6890=EDGE_CURVE('',#275,#211,#6893,.T.);
#6891=LINE('',#210,#6894);
#6892=LINE('',#208,#6895);
#6893=LINE('',#274,#6896);
#6894=VECTOR('',#6897,1.0);
#6895=VECTOR('',#6898,1.0);
#6896=VECTOR('',#6899,1.0);
#6897=DIRECTION('',(0.8819182516739295,0.4714023731000935,0));
#6898=DIRECTION('',(0.006088751383963968,-0.009114973775662491,-0.9999399203750459));
#6899=DIRECTION('',(-0.38734374634471513,-0.19589857150901116,0.9008821076302769));
#6900=FACE_SURFACE('',(#6905),#6901,.T.);
#6901=PLANE('',#6902);
#6902=AXIS2_PLACEMENT_3D('',#210,#6903,#6904);
#6903=DIRECTION('',(-0.47137193939273225,0.8818670640733086,-0.010907614581441894));
#6904=DIRECTION('',(0.38734374634471513,0.19589857150901116,-0.9008821076302769));
#6905=FACE_BOUND('',#6906,.T.);
#6906=EDGE_LOOP('',(#6907,#6908,#6909));
#6907=ORIENTED_EDGE('',*,*,#6910,.T.);
#6908=ORIENTED_EDGE('',*,*,#6911,.T.);
#6909=ORIENTED_EDGE('',*,*,#6912,.T.);
#6910=EDGE_CURVE('',#211,#275,#6913,.F.);
#6911=EDGE_CURVE('',#275,#285,#6914,.T.);
#6912=EDGE_CURVE('',#285,#211,#6915,.T.);
#6913=LINE('',#210,#6916);
#6914=LINE('',#274,#6917);
#6915=LINE('',#284,#6918);
#6916=VECTOR('',#6919,1.0);
#6917=VECTOR('',#6920,1.0);
#6918=VECTOR('',#6921,1.0);
#6919=DIRECTION('',(0.38734374634471513,0.19589857150901116,-0.9008821076302769));
#6920=DIRECTION('',(-0.8819195292874702,-0.4713999828822303,0));
#6921=DIRECTION('',(-0.004195429457812339,0.010125507633758626,0.9999399344294753));
#6922=FACE_SURFACE('',(#6927),#6923,.T.);
#6923=PLANE('',#6924);
#6924=AXIS2_PLACEMENT_3D('',#214,#6925,#6926);
#6925=DIRECTION('',(-0.2902714586715543,0.9568821814634106,-0.010907386419876411));
#6926=DIRECTION('',(0.956939107195417,0.290288727166658,0));
#6927=FACE_BOUND('',#6928,.T.);
#6928=EDGE_LOOP('',(#6929,#6930,#6931));
#6929=ORIENTED_EDGE('',*,*,#6932,.T.);
#6930=ORIENTED_EDGE('',*,*,#6933,.T.);
#6931=ORIENTED_EDGE('',*,*,#6934,.T.);
#6932=EDGE_CURVE('',#215,#211,#6935,.F.);
#6933=EDGE_CURVE('',#211,#285,#6936,.T.);
#6934=EDGE_CURVE('',#285,#215,#6937,.T.);
#6935=LINE('',#214,#6938);
#6936=LINE('',#210,#6939);
#6937=LINE('',#284,#6940);
#6938=VECTOR('',#6941,1.0);
#6939=VECTOR('',#6942,1.0);
#6940=VECTOR('',#6943,1.0);
#6941=DIRECTION('',(0.956939107195417,0.290288727166658,0));
#6942=DIRECTION('',(0.004195429457812339,-0.010125507633758626,-0.9999399344294753));
#6943=DIRECTION('',(-0.41812383527407476,-0.11656939164244456,0.9008795897942238));
#6944=FACE_SURFACE('',(#6949),#6945,.T.);
#6945=PLANE('',#6946);
#6946=AXIS2_PLACEMENT_3D('',#214,#6947,#6948);
#6947=DIRECTION('',(-0.2902764988020534,0.9568806235524379,-0.010909927273787225));
#6948=DIRECTION('',(0.41812383527407476,0.11656939164244456,-0.9008795897942238));
#6949=FACE_BOUND('',#6950,.T.);
#6950=EDGE_LOOP('',(#6951,#6952,#6953));
#6951=ORIENTED_EDGE('',*,*,#6954,.T.);
#6952=ORIENTED_EDGE('',*,*,#6955,.T.);
#6953=ORIENTED_EDGE('',*,*,#6956,.T.);
#6954=EDGE_CURVE('',#215,#285,#6957,.F.);
#6955=EDGE_CURVE('',#285,#291,#6958,.T.);
#6956=EDGE_CURVE('',#291,#215,#6959,.T.);
#6957=LINE('',#214,#6960);
#6958=LINE('',#284,#6961);
#6959=LINE('',#290,#6962);
#6960=VECTOR('',#6963,1.0);
#6961=VECTOR('',#6964,1.0);
#6962=VECTOR('',#6965,1.0);
#6963=DIRECTION('',(0.41812383527407476,0.11656939164244456,-0.9008795897942238));
#6964=DIRECTION('',(-0.956937575718648,-0.29029377564411685,0));
#6965=DIRECTION('',(-0.002140744722013979,0.010751460065868574,0.9999399098538307));
#6966=FACE_SURFACE('',(#6971),#6967,.T.);
#6967=PLANE('',#6968);
#6968=AXIS2_PLACEMENT_3D('',#216,#6969,#6970);
#6969=DIRECTION('',(-0.09798242756795941,0.9951283469167587,-0.010909493600020623));
#6970=DIRECTION('',(0.9951875708237157,0.09798825887825391,0));
#6971=FACE_BOUND('',#6972,.T.);
#6972=EDGE_LOOP('',(#6973,#6974,#6975));
#6973=ORIENTED_EDGE('',*,*,#6976,.T.);
#6974=ORIENTED_EDGE('',*,*,#6977,.T.);
#6975=ORIENTED_EDGE('',*,*,#6978,.T.);
#6976=EDGE_CURVE('',#217,#215,#6979,.F.);
#6977=EDGE_CURVE('',#215,#291,#6980,.T.);
#6978=EDGE_CURVE('',#291,#217,#6981,.T.);
#6979=LINE('',#216,#6982);
#6980=LINE('',#214,#6983);
#6981=LINE('',#290,#6984);
#6982=VECTOR('',#6985,1.0);
#6983=VECTOR('',#6986,1.0);
#6984=VECTOR('',#6987,1.0);
#6985=DIRECTION('',(0.9951875708237157,0.09798825887825391,0));
#6986=DIRECTION('',(0.002140744722013979,-0.010751460065868574,-0.9999399098538307));
#6987=DIRECTION('',(-0.43282747166094665,-0.03274082165793265,0.9008820224495302));
#6988=FACE_SURFACE('',(#6993),#6989,.T.);
#6989=PLANE('',#6990);
#6990=AXIS2_PLACEMENT_3D('',#216,#6991,#6992);
#6991=DIRECTION('',(-0.09797759790863127,0.9951288480785908,-0.01090715498338309));
#6992=DIRECTION('',(0.43282747166094665,0.03274082165793265,-0.9008820224495302));
#6993=FACE_BOUND('',#6994,.T.);
#6994=EDGE_LOOP('',(#6995,#6996,#6997));
#6995=ORIENTED_EDGE('',*,*,#6998,.T.);
#6996=ORIENTED_EDGE('',*,*,#6999,.T.);
#6997=ORIENTED_EDGE('',*,*,#7000,.T.);
#6998=EDGE_CURVE('',#217,#291,#7001,.F.);
#6999=EDGE_CURVE('',#291,#289,#7002,.T.);
#7000=EDGE_CURVE('',#289,#217,#7003,.T.);
#7001=LINE('',#216,#7004);
#7002=LINE('',#290,#7005);
#7003=LINE('',#288,#7006);
#7004=VECTOR('',#7007,1.0);
#7005=VECTOR('',#7008,1.0);
#7006=VECTOR('',#7009,1.0);
#7007=DIRECTION('',(0.43282747166094665,0.03274082165793265,-0.9008820224495302));
#7008=DIRECTION('',(-0.9951880466247186,-0.09798342643160142,0));
#7009=DIRECTION('',(0,0.010959887160143646,0.9999399386330347));
#7010=FACE_SURFACE('',(#7015),#7011,.T.);
#7011=PLANE('',#7012);
#7012=AXIS2_PLACEMENT_3D('',#218,#7013,#7014);
#7013=DIRECTION('',(0.09798243766620442,0.995128371614978,-0.010907149761082));
#7014=DIRECTION('',(0.9951875708234723,-0.09798825887822993,6.994964369823102E-07));
#7015=FACE_BOUND('',#7016,.T.);
#7016=EDGE_LOOP('',(#7017,#7018,#7019));
#7017=ORIENTED_EDGE('',*,*,#7020,.T.);
#7018=ORIENTED_EDGE('',*,*,#7021,.T.);
#7019=ORIENTED_EDGE('',*,*,#7022,.T.);
#7020=EDGE_CURVE('',#219,#217,#7023,.F.);
#7021=EDGE_CURVE('',#217,#289,#7024,.T.);
#7022=EDGE_CURVE('',#289,#219,#7025,.T.);
#7023=LINE('',#218,#7026);
#7024=LINE('',#216,#7027);
#7025=LINE('',#288,#7028);
#7026=VECTOR('',#7029,1.0);
#7027=VECTOR('',#7030,1.0);
#7028=VECTOR('',#7031,1.0);
#7029=DIRECTION('',(0.9951875708234723,-0.09798825887822993,6.994964369823102E-07));
#7030=DIRECTION('',(0,-0.010959887160143646,-0.9999399386330347));
#7031=DIRECTION('',(-0.4308994267932592,0.052301435570752335,0.9008830355970074));
#7032=FACE_SURFACE('',(#7037),#7033,.T.);
#7033=PLANE('',#7034);
#7034=AXIS2_PLACEMENT_3D('',#218,#7035,#7036);
#7035=DIRECTION('',(0.09797760297505867,0.995128822001736,-0.010909488379342285));
#7036=DIRECTION('',(0.4308994267932592,-0.052301435570752335,-0.9008830355970074));
#7037=FACE_BOUND('',#7038,.T.);
#7038=EDGE_LOOP('',(#7039,#7040,#7041));
#7039=ORIENTED_EDGE('',*,*,#7042,.T.);
#7040=ORIENTED_EDGE('',*,*,#7043,.T.);
#7041=ORIENTED_EDGE('',*,*,#7044,.T.);
#7042=EDGE_CURVE('',#219,#289,#7045,.F.);
#7043=EDGE_CURVE('',#289,#287,#7046,.T.);
#7044=EDGE_CURVE('',#287,#219,#7047,.T.);
#7045=LINE('',#218,#7048);
#7046=LINE('',#288,#7049);
#7047=LINE('',#286,#7050);
#7048=VECTOR('',#7051,1.0);
#7049=VECTOR('',#7052,1.0);
#7050=VECTOR('',#7053,1.0);
#7051=DIRECTION('',(0.4308994267932592,-0.052301435570752335,-0.9008830355970074));
#7052=DIRECTION('',(-0.9951880466244771,0.09798342643157765,-6.963798216936096E-07));
#7053=DIRECTION('',(0.002140744722013979,0.010751460065868574,0.9999399098538307));
#7054=FACE_SURFACE('',(#7059),#7055,.T.);
#7055=PLANE('',#7056);
#7056=AXIS2_PLACEMENT_3D('',#212,#7057,#7058);
#7057=DIRECTION('',(0.29027145060713644,0.9568821548789929,-0.010909932931226862));
#7058=DIRECTION('',(0.956939107195417,-0.290288727166658,0));
#7059=FACE_BOUND('',#7060,.T.);
#7060=EDGE_LOOP('',(#7061,#7062,#7063));
#7061=ORIENTED_EDGE('',*,*,#7064,.T.);
#7062=ORIENTED_EDGE('',*,*,#7065,.T.);
#7063=ORIENTED_EDGE('',*,*,#7066,.T.);
#7064=EDGE_CURVE('',#213,#219,#7067,.F.);
#7065=EDGE_CURVE('',#219,#287,#7068,.T.);
#7066=EDGE_CURVE('',#287,#213,#7069,.T.);
#7067=LINE('',#212,#7070);
#7068=LINE('',#218,#7071);
#7069=LINE('',#286,#7072);
#7070=VECTOR('',#7073,1.0);
#7071=VECTOR('',#7074,1.0);
#7072=VECTOR('',#7075,1.0);
#7073=DIRECTION('',(0.956939107195417,-0.290288727166658,0));
#7074=DIRECTION('',(-0.002140744722013979,-0.010751460065868574,-0.9999399098538307));
#7075=DIRECTION('',(-0.41241583426350725,0.13537831064650852,0.9008806206458394));
#7076=FACE_SURFACE('',(#7081),#7077,.T.);
#7077=PLANE('',#7078);
#7078=AXIS2_PLACEMENT_3D('',#212,#7079,#7080);
#7079=DIRECTION('',(0.2902765068307295,0.9568806500185298,-0.010907392092756036));
#7080=DIRECTION('',(0.41241583426350725,-0.13537831064650852,-0.9008806206458394));
#7081=FACE_BOUND('',#7082,.T.);
#7082=EDGE_LOOP('',(#7083,#7084,#7085));
#7083=ORIENTED_EDGE('',*,*,#7086,.T.);
#7084=ORIENTED_EDGE('',*,*,#7087,.T.);
#7085=ORIENTED_EDGE('',*,*,#7088,.T.);
#7086=EDGE_CURVE('',#213,#287,#7089,.F.);
#7087=EDGE_CURVE('',#287,#283,#7090,.T.);
#7088=EDGE_CURVE('',#283,#213,#7091,.T.);
#7089=LINE('',#212,#7092);
#7090=LINE('',#286,#7093);
#7091=LINE('',#282,#7094);
#7092=VECTOR('',#7095,1.0);
#7093=VECTOR('',#7096,1.0);
#7094=VECTOR('',#7097,1.0);
#7095=DIRECTION('',(0.41241583426350725,-0.13537831064650852,-0.9008806206458394));
#7096=DIRECTION('',(-0.956937575718648,0.29029377564411685,0));
#7097=DIRECTION('',(0.004195429457812339,0.010125507633758626,0.9999399344294753));
#7098=FACE_SURFACE('',(#7103),#7099,.T.);
#7099=PLANE('',#7100);
#7100=AXIS2_PLACEMENT_3D('',#202,#7101,#7102);
#7101=DIRECTION('',(0.4713743294833561,0.8818657865637498,-0.010907611673291035));
#7102=DIRECTION('',(0.8819182516739295,-0.4714023731000935,0));
#7103=FACE_BOUND('',#7104,.T.);
#7104=EDGE_LOOP('',(#7105,#7106,#7107));
#7105=ORIENTED_EDGE('',*,*,#7108,.T.);
#7106=ORIENTED_EDGE('',*,*,#7109,.T.);
#7107=ORIENTED_EDGE('',*,*,#7110,.T.);
#7108=EDGE_CURVE('',#203,#213,#7111,.F.);
#7109=EDGE_CURVE('',#213,#283,#7112,.T.);
#7110=EDGE_CURVE('',#283,#203,#7113,.T.);
#7111=LINE('',#202,#7114);
#7112=LINE('',#212,#7115);
#7113=LINE('',#282,#7116);
#7114=VECTOR('',#7117,1.0);
#7115=VECTOR('',#7118,1.0);
#7116=VECTOR('',#7119,1.0);
#7117=DIRECTION('',(0.8819182516739295,-0.4714023731000935,0));
#7118=DIRECTION('',(-0.004195429457812339,-0.010125507633758626,-0.9999399344294753));
#7119=DIRECTION('',(-0.37807832977635636,0.21323300391919178,0.9008820469923456));
#7120=FACE_SURFACE('',(#7125),#7121,.T.);
#7121=PLANE('',#7122);
#7122=AXIS2_PLACEMENT_3D('',#202,#7123,#7124);
#7123=DIRECTION('',(0.47137193269530153,0.881867051543408,-0.010908916959638843));
#7124=DIRECTION('',(0.37807832977635636,-0.21323300391919178,-0.9008820469923456));
#7125=FACE_BOUND('',#7126,.T.);
#7126=EDGE_LOOP('',(#7127,#7128,#7129));
#7127=ORIENTED_EDGE('',*,*,#7130,.T.);
#7128=ORIENTED_EDGE('',*,*,#7131,.T.);
#7129=ORIENTED_EDGE('',*,*,#7132,.T.);
#7130=EDGE_CURVE('',#203,#283,#7133,.F.);
#7131=EDGE_CURVE('',#283,#281,#7134,.T.);
#7132=EDGE_CURVE('',#281,#203,#7135,.T.);
#7133=LINE('',#202,#7136);
#7134=LINE('',#282,#7137);
#7135=LINE('',#280,#7138);
#7136=VECTOR('',#7139,1.0);
#7137=VECTOR('',#7140,1.0);
#7138=VECTOR('',#7141,1.0);
#7139=DIRECTION('',(0.37807832977635636,-0.21323300391919178,-0.9008820469923456));
#7140=DIRECTION('',(-0.8819195292874702,0.4713999828822303,0));
#7141=DIRECTION('',(0.006088751383963968,0.009114973775662491,0.9999399203750459));
#7142=FACE_SURFACE('',(#7147),#7143,.T.);
#7143=PLANE('',#7144);
#7144=AXIS2_PLACEMENT_3D('',#204,#7145,#7146);
#7145=DIRECTION('',(0.6343679572470098,0.7729542656482191,-0.010908622024720113));
#7146=DIRECTION('',(0.7730002597723444,-0.6344057048859886,0));
#7147=FACE_BOUND('',#7148,.T.);
#7148=EDGE_LOOP('',(#7149,#7150,#7151));
#7149=ORIENTED_EDGE('',*,*,#7152,.T.);
#7150=ORIENTED_EDGE('',*,*,#7153,.T.);
#7151=ORIENTED_EDGE('',*,*,#7154,.T.);
#7152=EDGE_CURVE('',#205,#203,#7155,.F.);
#7153=EDGE_CURVE('',#203,#281,#7156,.T.);
#7154=EDGE_CURVE('',#281,#205,#7157,.T.);
#7155=LINE('',#204,#7158);
#7156=LINE('',#202,#7159);
#7157=LINE('',#280,#7160);
#7158=VECTOR('',#7161,1.0);
#7159=VECTOR('',#7162,1.0);
#7160=VECTOR('',#7163,1.0);
#7161=DIRECTION('',(0.7730002597723444,-0.6344057048859886,0));
#7162=DIRECTION('',(-0.006088751383963968,-0.009114973775662491,-0.9999399203750459));
#7163=DIRECTION('',(-0.32921184340098536,0.2829000729714224,0.9008812967740473));
#7164=FACE_SURFACE('',(#7169),#7165,.T.);
#7165=PLANE('',#7166);
#7166=AXIS2_PLACEMENT_3D('',#204,#7167,#7168);
#7167=DIRECTION('',(0.6343736246625458,0.7729496639481678,-0.010905105910435652));
#7168=DIRECTION('',(0.32921184340098536,-0.2829000729714224,-0.9008812967740473));
#7169=FACE_BOUND('',#7170,.T.);
#7170=EDGE_LOOP('',(#7171,#7172,#7173));
#7171=ORIENTED_EDGE('',*,*,#7174,.T.);
#7172=ORIENTED_EDGE('',*,*,#7175,.T.);
#7173=ORIENTED_EDGE('',*,*,#7176,.T.);
#7174=EDGE_CURVE('',#205,#281,#7177,.F.);
#7175=EDGE_CURVE('',#281,#279,#7178,.T.);
#7176=EDGE_CURVE('',#279,#205,#7179,.T.);
#7177=LINE('',#204,#7180);
#7178=LINE('',#280,#7181);
#7179=LINE('',#278,#7182);
#7180=VECTOR('',#7183,1.0);
#7181=VECTOR('',#7184,1.0);
#7182=VECTOR('',#7185,1.0);
#7183=DIRECTION('',(0.32921184340098536,-0.2829000729714224,-0.9008812967740473));
#7184=DIRECTION('',(-0.7729956281507323,0.6344113483063295,0));
#7185=DIRECTION('',(0.007745408467923079,0.007750787223803581,0.9999399651704477));
#7186=FACE_SURFACE('',(#7191),#7187,.T.);
#7187=PLANE('',#7188);
#7188=AXIS2_PLACEMENT_3D('',#292,#7189,#7190);
#7189=DIRECTION('',(0.7729598478241484,0.6343611926893044,-0.010906459621373292));
#7190=DIRECTION('',(0.009111612295231797,0.0060894238900468115,0.999939946915848));
#7191=FACE_BOUND('',#7192,.T.);
#7192=EDGE_LOOP('',(#7193,#7194,#7195));
#7193=ORIENTED_EDGE('',*,*,#7196,.T.);
#7194=ORIENTED_EDGE('',*,*,#7197,.T.);
#7195=ORIENTED_EDGE('',*,*,#7198,.T.);
#7196=EDGE_CURVE('',#293,#221,#7199,.F.);
#7197=EDGE_CURVE('',#221,#205,#7200,.T.);
#7198=EDGE_CURVE('',#205,#293,#7201,.T.);
#7199=LINE('',#292,#7202);
#7200=LINE('',#220,#7203);
#7201=LINE('',#204,#7204);
#7202=VECTOR('',#7205,1.0);
#7203=VECTOR('',#7206,1.0);
#7204=VECTOR('',#7207,1.0);
#7205=DIRECTION('',(0.009111612295231797,0.0060894238900468115,0.999939946915848));
#7206=DIRECTION('',(0.6343989308581619,-0.7730058192054778,6.994907412785815E-07));
#7207=DIRECTION('',(-0.28289475477359316,0.3292144216601496,-0.9008820246250681));
#7208=FACE_SURFACE('',(#7213),#7209,.T.);
#7209=PLANE('',#7210);
#7210=AXIS2_PLACEMENT_3D('',#292,#7211,#7212);
#7211=DIRECTION('',(0.7729570842625872,0.6343645963348555,-0.010904347994967346));
#7212=DIRECTION('',(0.28289475477359316,-0.3292144216601496,0.9008820246250681));
#7213=FACE_BOUND('',#7214,.T.);
#7214=EDGE_LOOP('',(#7215,#7216,#7217));
#7215=ORIENTED_EDGE('',*,*,#7218,.T.);
#7216=ORIENTED_EDGE('',*,*,#7219,.T.);
#7217=ORIENTED_EDGE('',*,*,#7220,.T.);
#7218=EDGE_CURVE('',#293,#205,#7221,.F.);
#7219=EDGE_CURVE('',#205,#279,#7222,.T.);
#7220=EDGE_CURVE('',#279,#293,#7223,.T.);
#7221=LINE('',#292,#7224);
#7222=LINE('',#204,#7225);
#7223=LINE('',#278,#7226);
#7224=VECTOR('',#7227,1.0);
#7225=VECTOR('',#7228,1.0);
#7226=VECTOR('',#7229,1.0);
#7227=DIRECTION('',(0.28289475477359316,-0.3292144216601496,0.9008820246250681));
#7228=DIRECTION('',(-0.007745408467923079,-0.007750787223803581,-0.9999399651704477));
#7229=DIRECTION('',(-0.6344023200678879,0.7730030376990742,-6.96374038502283E-07));
#7230=FACE_SURFACE('',(#7235),#7231,.T.);
#7231=PLANE('',#7232);
#7232=AXIS2_PLACEMENT_3D('',#298,#7233,#7234);
#7233=DIRECTION('',(0.8818664000824684,0.4713732585212382,-0.010904290745287242));
#7234=DIRECTION('',(0.010122818617164077,0.004193412574073615,0.9999399701153202));
#7235=FACE_BOUND('',#7236,.T.);
#7236=EDGE_LOOP('',(#7237,#7238,#7239));
#7237=ORIENTED_EDGE('',*,*,#7240,.T.);
#7238=ORIENTED_EDGE('',*,*,#7241,.T.);
#7239=ORIENTED_EDGE('',*,*,#7242,.T.);
#7240=EDGE_CURVE('',#299,#223,#7243,.F.);
#7241=EDGE_CURVE('',#223,#221,#7244,.T.);
#7242=EDGE_CURVE('',#221,#299,#7245,.T.);
#7243=LINE('',#298,#7246);
#7244=LINE('',#222,#7247);
#7245=LINE('',#220,#7248);
#7246=VECTOR('',#7249,1.0);
#7247=VECTOR('',#7250,1.0);
#7248=VECTOR('',#7251,1.0);
#7249=DIRECTION('',(0.010122818617164077,0.004193412574073615,0.9999399701153202));
#7250=DIRECTION('',(0.47140128499907463,-0.8819188332841187,0));
#7251=DIRECTION('',(-0.21322996642861478,0.3780801314030711,-0.9008820098409605));
#7252=FACE_SURFACE('',(#7257),#7253,.T.);
#7253=PLANE('',#7254);
#7254=AXIS2_PLACEMENT_3D('',#298,#7255,#7256);
#7255=DIRECTION('',(0.8818683149447032,0.4713696303803481,-0.010906266624453514));
#7256=DIRECTION('',(0.21322996642861478,-0.3780801314030711,0.9008820098409605));
#7257=FACE_BOUND('',#7258,.T.);
#7258=EDGE_LOOP('',(#7259,#7260,#7261));
#7259=ORIENTED_EDGE('',*,*,#7262,.T.);
#7260=ORIENTED_EDGE('',*,*,#7263,.T.);
#7261=ORIENTED_EDGE('',*,*,#7264,.T.);
#7262=EDGE_CURVE('',#299,#221,#7265,.F.);
#7263=EDGE_CURVE('',#221,#293,#7266,.T.);
#7264=EDGE_CURVE('',#293,#299,#7267,.T.);
#7265=LINE('',#298,#7268);
#7266=LINE('',#220,#7269);
#7267=LINE('',#292,#7270);
#7268=VECTOR('',#7271,1.0);
#7269=VECTOR('',#7272,1.0);
#7270=VECTOR('',#7273,1.0);
#7271=DIRECTION('',(0.21322996642861478,-0.3780801314030711,0.9008820098409605));
#7272=DIRECTION('',(-0.009111612295231797,-0.0060894238900468115,-0.999939946915848));
#7273=DIRECTION('',(-0.4713976668011212,0.8819207672656648,0));
#7274=FACE_SURFACE('',(#7279),#7275,.T.);
#7275=PLANE('',#7276);
#7276=AXIS2_PLACEMENT_3D('',#302,#7277,#7278);
#7277=DIRECTION('',(0.9568863577793396,0.2902573844158808,-0.010915543405679825));
#7278=DIRECTION('',(0.010757510481319671,0.002140072241377532,0.9999398462202844));
#7279=FACE_BOUND('',#7280,.T.);
#7280=EDGE_LOOP('',(#7281,#7282,#7283));
#7281=ORIENTED_EDGE('',*,*,#7284,.T.);
#7282=ORIENTED_EDGE('',*,*,#7285,.T.);
#7283=ORIENTED_EDGE('',*,*,#7286,.T.);
#7284=EDGE_CURVE('',#303,#231,#7287,.F.);
#7285=EDGE_CURVE('',#231,#223,#7288,.T.);
#7286=EDGE_CURVE('',#223,#303,#7289,.T.);
#7287=LINE('',#302,#7290);
#7288=LINE('',#230,#7291);
#7289=LINE('',#222,#7292);
#7290=VECTOR('',#7293,1.0);
#7291=VECTOR('',#7294,1.0);
#7292=VECTOR('',#7295,1.0);
#7293=DIRECTION('',(0.010757510481319671,0.002140072241377532,0.9999398462202844));
#7294=DIRECTION('',(0.2902746779125706,-0.9569433689423599,0));
#7295=DIRECTION('',(-0.13537564182974757,0.41241147895065283,-0.9008830155069631));
#7296=FACE_SURFACE('',(#7301),#7297,.T.);
#7297=PLANE('',#7298);
#7298=AXIS2_PLACEMENT_3D('',#302,#7299,#7300);
#7299=DIRECTION('',(0.9568796614724214,0.29027988403032523,-0.010904237147330558));
#7300=DIRECTION('',(0.13537564182974757,-0.41241147895065283,0.9008830155069631));
#7301=FACE_BOUND('',#7302,.T.);
#7302=EDGE_LOOP('',(#7303,#7304,#7305));
#7303=ORIENTED_EDGE('',*,*,#7306,.T.);
#7304=ORIENTED_EDGE('',*,*,#7307,.T.);
#7305=ORIENTED_EDGE('',*,*,#7308,.T.);
#7306=EDGE_CURVE('',#303,#223,#7309,.F.);
#7307=EDGE_CURVE('',#223,#299,#7310,.T.);
#7308=EDGE_CURVE('',#299,#303,#7311,.T.);
#7309=LINE('',#302,#7312);
#7310=LINE('',#222,#7313);
#7311=LINE('',#298,#7314);
#7312=VECTOR('',#7315,1.0);
#7313=VECTOR('',#7316,1.0);
#7314=VECTOR('',#7317,1.0);
#7315=DIRECTION('',(0.13537564182974757,-0.41241147895065283,0.9008830155069631));
#7316=DIRECTION('',(-0.010122818617164077,-0.004193412574073615,-0.9999399701153202));
#7317=DIRECTION('',(-0.2902971430551106,0.9569365541842577,0));
#7318=FACE_SURFACE('',(#7323),#7319,.T.);
#7319=PLANE('',#7320);
#7320=AXIS2_PLACEMENT_3D('',#304,#7321,#7322);
#7321=DIRECTION('',(0.9951251229789327,0.09801522840092043,-0.010908923763568855));
#7322=DIRECTION('',(0.010961903951171834,-2.017033357060568E-06,0.9999399165238364));
#7323=FACE_BOUND('',#7324,.T.);
#7324=EDGE_LOOP('',(#7325,#7326,#7327));
#7325=ORIENTED_EDGE('',*,*,#7328,.T.);
#7326=ORIENTED_EDGE('',*,*,#7329,.T.);
#7327=ORIENTED_EDGE('',*,*,#7330,.T.);
#7328=EDGE_CURVE('',#305,#237,#7331,.F.);
#7329=EDGE_CURVE('',#237,#231,#7332,.T.);
#7330=EDGE_CURVE('',#231,#305,#7333,.T.);
#7331=LINE('',#304,#7334);
#7332=LINE('',#236,#7335);
#7333=LINE('',#230,#7336);
#7334=VECTOR('',#7337,1.0);
#7335=VECTOR('',#7338,1.0);
#7336=VECTOR('',#7339,1.0);
#7337=DIRECTION('',(0.010961903951171834,-2.017033357060568E-06,0.9999399165238364));
#7338=DIRECTION('',(0.09802106105390138,-0.9951843405067562,0));
#7339=DIRECTION('',(-0.05231671453479208,0.43089206207699854,-0.9008856710034393));
#7340=FACE_SURFACE('',(#7345),#7341,.T.);
#7341=PLANE('',#7342);
#7342=AXIS2_PLACEMENT_3D('',#304,#7343,#7344);
#7343=DIRECTION('',(0.9951263840451559,0.09800169537204162,-0.01091546982124427));
#7344=DIRECTION('',(0.05231671453479208,-0.43089206207699854,0.9008856710034393));
#7345=FACE_BOUND('',#7346,.T.);
#7346=EDGE_LOOP('',(#7347,#7348,#7349));
#7347=ORIENTED_EDGE('',*,*,#7350,.T.);
#7348=ORIENTED_EDGE('',*,*,#7351,.T.);
#7349=ORIENTED_EDGE('',*,*,#7352,.T.);
#7350=EDGE_CURVE('',#305,#231,#7353,.F.);
#7351=EDGE_CURVE('',#231,#303,#7354,.T.);
#7352=EDGE_CURVE('',#303,#305,#7355,.T.);
#7353=LINE('',#304,#7356);
#7354=LINE('',#230,#7357);
#7355=LINE('',#302,#7358);
#7356=VECTOR('',#7359,1.0);
#7357=VECTOR('',#7360,1.0);
#7358=VECTOR('',#7361,1.0);
#7359=DIRECTION('',(0.05231671453479208,-0.43089206207699854,0.9008856710034393));
#7360=DIRECTION('',(-0.010757510481319671,-0.002140072241377532,-0.9999398462202844));
#7361=DIRECTION('',(-0.0980075342213991,0.9951856727444589,0));
#7362=FACE_SURFACE('',(#7367),#7363,.T.);
#7363=PLANE('',#7364);
#7364=AXIS2_PLACEMENT_3D('',#342,#7365,#7366);
#7365=DIRECTION('',(1,0,0));
#7366=DIRECTION('',(0,-1,0));
#7367=FACE_BOUND('',#7368,.T.);
#7368=EDGE_LOOP('',(#7369,#7370,#7371));
#7369=ORIENTED_EDGE('',*,*,#7372,.T.);
#7370=ORIENTED_EDGE('',*,*,#7373,.T.);
#7371=ORIENTED_EDGE('',*,*,#7374,.T.);
#7372=EDGE_CURVE('',#343,#341,#7375,.F.);
#7373=EDGE_CURVE('',#341,#339,#7376,.T.);
#7374=EDGE_CURVE('',#339,#343,#7377,.T.);
#7375=LINE('',#342,#7378);
#7376=LINE('',#340,#7379);
#7377=LINE('',#338,#7380);
#7378=VECTOR('',#7381,1.0);
#7379=VECTOR('',#7382,1.0);
#7380=VECTOR('',#7383,1.0);
#7381=DIRECTION('',(0,-1,0));
#7382=DIRECTION('',(0,0,-1));
#7383=DIRECTION('',(0,0.9977198926027373,0.06749085793485307));
#7384=FACE_SURFACE('',(#7389),#7385,.T.);
#7385=PLANE('',#7386);
#7386=AXIS2_PLACEMENT_3D('',#342,#7387,#7388);
#7387=DIRECTION('',(1,0,0));
#7388=DIRECTION('',(0,-0.9977198926027373,-0.06749085793485307));
#7389=FACE_BOUND('',#7390,.T.);
#7390=EDGE_LOOP('',(#7391,#7392,#7393));
#7391=ORIENTED_EDGE('',*,*,#7394,.T.);
#7392=ORIENTED_EDGE('',*,*,#7395,.T.);
#7393=ORIENTED_EDGE('',*,*,#7396,.T.);
#7394=EDGE_CURVE('',#343,#339,#7397,.F.);
#7395=EDGE_CURVE('',#339,#345,#7398,.T.);
#7396=EDGE_CURVE('',#345,#343,#7399,.T.);
#7397=LINE('',#342,#7400);
#7398=LINE('',#338,#7401);
#7399=LINE('',#344,#7402);
#7400=VECTOR('',#7403,1.0);
#7401=VECTOR('',#7404,1.0);
#7402=VECTOR('',#7405,1.0);
#7403=DIRECTION('',(0,-0.9977198926027373,-0.06749085793485307));
#7404=DIRECTION('',(0,1,0));
#7405=DIRECTION('',(0,0,1));
#7406=FACE_SURFACE('',(#7411),#7407,.T.);
#7407=PLANE('',#7408);
#7408=AXIS2_PLACEMENT_3D('',#270,#7409,#7410);
#7409=DIRECTION('',(0,1,0));
#7410=DIRECTION('',(0,0,1));
#7411=FACE_BOUND('',#7412,.T.);
#7412=EDGE_LOOP('',(#7413,#7414,#7415));
#7413=ORIENTED_EDGE('',*,*,#7416,.T.);
#7414=ORIENTED_EDGE('',*,*,#7417,.T.);
#7415=ORIENTED_EDGE('',*,*,#7418,.T.);
#7416=EDGE_CURVE('',#271,#233,#7419,.F.);
#7417=EDGE_CURVE('',#233,#343,#7420,.T.);
#7418=EDGE_CURVE('',#343,#271,#7421,.T.);
#7419=LINE('',#270,#7422);
#7420=LINE('',#232,#7423);
#7421=LINE('',#342,#7424);
#7422=VECTOR('',#7425,1.0);
#7423=VECTOR('',#7426,1.0);
#7424=VECTOR('',#7427,1.0);
#7425=DIRECTION('',(0,0,1));
#7426=DIRECTION('',(0.9999999999999498,0,3.168696322284142E-07));
#7427=DIRECTION('',(-0.7101371417546181,0,-0.7040633777584101));
#7428=FACE_SURFACE('',(#7433),#7429,.T.);
#7429=PLANE('',#7430);
#7430=AXIS2_PLACEMENT_3D('',#270,#7431,#7432);
#7431=DIRECTION('',(0,1,0));
#7432=DIRECTION('',(0.7101371417546181,0,0.7040633777584101));
#7433=FACE_BOUND('',#7434,.T.);
#7434=EDGE_LOOP('',(#7435,#7436,#7437));
#7435=ORIENTED_EDGE('',*,*,#7438,.T.);
#7436=ORIENTED_EDGE('',*,*,#7439,.T.);
#7437=ORIENTED_EDGE('',*,*,#7440,.T.);
#7438=EDGE_CURVE('',#271,#343,#7441,.F.);
#7439=EDGE_CURVE('',#343,#345,#7442,.T.);
#7440=EDGE_CURVE('',#345,#271,#7443,.T.);
#7441=LINE('',#270,#7444);
#7442=LINE('',#342,#7445);
#7443=LINE('',#344,#7446);
#7444=VECTOR('',#7447,1.0);
#7445=VECTOR('',#7448,1.0);
#7446=VECTOR('',#7449,1.0);
#7447=DIRECTION('',(0.7101371417546181,0,0.7040633777584101));
#7448=DIRECTION('',(0,0,-1));
#7449=DIRECTION('',(-0.9999999999999498,0,-3.168696322284142E-07));
#7450=FACE_SURFACE('',(#7455),#7451,.T.);
#7451=PLANE('',#7452);
#7452=AXIS2_PLACEMENT_3D('',#342,#7453,#7454);
#7453=DIRECTION('',(0,1,0));
#7454=DIRECTION('',(-0.9999999999999498,0,-3.168696322284142E-07));
#7455=FACE_BOUND('',#7456,.T.);
#7456=EDGE_LOOP('',(#7457,#7458,#7459));
#7457=ORIENTED_EDGE('',*,*,#7460,.T.);
#7458=ORIENTED_EDGE('',*,*,#7461,.T.);
#7459=ORIENTED_EDGE('',*,*,#7462,.T.);
#7460=EDGE_CURVE('',#343,#233,#7463,.F.);
#7461=EDGE_CURVE('',#233,#347,#7464,.T.);
#7462=EDGE_CURVE('',#347,#343,#7465,.T.);
#7463=LINE('',#342,#7466);
#7464=LINE('',#232,#7467);
#7465=LINE('',#346,#7468);
#7466=VECTOR('',#7469,1.0);
#7467=VECTOR('',#7470,1.0);
#7468=VECTOR('',#7471,1.0);
#7469=DIRECTION('',(-0.9999999999999498,0,-3.168696322284142E-07));
#7470=DIRECTION('',(0,0,1));
#7471=DIRECTION('',(0.06479352331251326,0,-0.997898691920553));
#7472=FACE_SURFACE('',(#7477),#7473,.T.);
#7473=PLANE('',#7474);
#7474=AXIS2_PLACEMENT_3D('',#342,#7475,#7476);
#7475=DIRECTION('',(0,1,0));
#7476=DIRECTION('',(-0.06479352331251326,0,0.997898691920553));
#7477=FACE_BOUND('',#7478,.T.);
#7478=EDGE_LOOP('',(#7479,#7480,#7481));
#7479=ORIENTED_EDGE('',*,*,#7482,.T.);
#7480=ORIENTED_EDGE('',*,*,#7483,.T.);
#7481=ORIENTED_EDGE('',*,*,#7484,.T.);
#7482=EDGE_CURVE('',#343,#347,#7485,.F.);
#7483=EDGE_CURVE('',#347,#349,#7486,.T.);
#7484=EDGE_CURVE('',#349,#343,#7487,.T.);
#7485=LINE('',#342,#7488);
#7486=LINE('',#346,#7489);
#7487=LINE('',#348,#7490);
#7488=VECTOR('',#7491,1.0);
#7489=VECTOR('',#7492,1.0);
#7490=VECTOR('',#7493,1.0);
#7491=DIRECTION('',(-0.06479352331251326,0,0.997898691920553));
#7492=DIRECTION('',(1,0,0));
#7493=DIRECTION('',(6.583786532735659E-07,0,-0.9999999999997833));
#7494=FACE_SURFACE('',(#7499),#7495,.T.);
#7495=PLANE('',#7496);
#7496=AXIS2_PLACEMENT_3D('',#196,#7497,#7498);
#7497=DIRECTION('',(3.168696322284142E-07,0,-0.9999999999999499));
#7498=DIRECTION('',(0,1,0));
#7499=FACE_BOUND('',#7500,.T.);
#7500=EDGE_LOOP('',(#7501,#7502,#7503));
#7501=ORIENTED_EDGE('',*,*,#7504,.T.);
#7502=ORIENTED_EDGE('',*,*,#7505,.T.);
#7503=ORIENTED_EDGE('',*,*,#7506,.T.);
#7504=EDGE_CURVE('',#197,#271,#7507,.F.);
#7505=EDGE_CURVE('',#271,#345,#7508,.T.);
#7506=EDGE_CURVE('',#345,#197,#7509,.T.);
#7507=LINE('',#196,#7510);
#7508=LINE('',#270,#7511);
#7509=LINE('',#344,#7512);
#7510=VECTOR('',#7513,1.0);
#7511=VECTOR('',#7514,1.0);
#7512=VECTOR('',#7515,1.0);
#7513=DIRECTION('',(0,1,0));
#7514=DIRECTION('',(0.9999999999999498,0,3.168696322284142E-07));
#7515=DIRECTION('',(-0.06807041863145144,-0.9976805190577486,-2.1569448517383292E-08));
#7516=FACE_SURFACE('',(#7521),#7517,.T.);
#7517=PLANE('',#7518);
#7518=AXIS2_PLACEMENT_3D('',#196,#7519,#7520);
#7519=DIRECTION('',(3.168696322284142E-07,0,-0.9999999999999499));
#7520=DIRECTION('',(0.06807041863145144,0.9976805190577486,2.1569448517383292E-08));
#7521=FACE_BOUND('',#7522,.T.);
#7522=EDGE_LOOP('',(#7523,#7524,#7525));
#7523=ORIENTED_EDGE('',*,*,#7526,.T.);
#7524=ORIENTED_EDGE('',*,*,#7527,.T.);
#7525=ORIENTED_EDGE('',*,*,#7528,.T.);
#7526=EDGE_CURVE('',#197,#345,#7529,.F.);
#7527=EDGE_CURVE('',#345,#339,#7530,.T.);
#7528=EDGE_CURVE('',#339,#197,#7531,.T.);
#7529=LINE('',#196,#7532);
#7530=LINE('',#344,#7533);
#7531=LINE('',#338,#7534);
#7532=VECTOR('',#7535,1.0);
#7533=VECTOR('',#7536,1.0);
#7534=VECTOR('',#7537,1.0);
#7535=DIRECTION('',(0.06807041863145144,0.9976805190577486,2.1569448517383292E-08));
#7536=DIRECTION('',(0,-1,0));
#7537=DIRECTION('',(-0.9999999999999498,0,-3.168696322284142E-07));
#7538=FACE_SURFACE('',(#7543),#7539,.T.);
#7539=PLANE('',#7540);
#7540=AXIS2_PLACEMENT_3D('',#346,#7541,#7542);
#7541=DIRECTION('',(0,0,1));
#7542=DIRECTION('',(0,-1,0));
#7543=FACE_BOUND('',#7544,.T.);
#7544=EDGE_LOOP('',(#7545,#7546,#7547));
#7545=ORIENTED_EDGE('',*,*,#7548,.T.);
#7546=ORIENTED_EDGE('',*,*,#7549,.T.);
#7547=ORIENTED_EDGE('',*,*,#7550,.T.);
#7548=EDGE_CURVE('',#347,#351,#7551,.F.);
#7549=EDGE_CURVE('',#351,#353,#7552,.T.);
#7550=EDGE_CURVE('',#353,#347,#7553,.T.);
#7551=LINE('',#346,#7554);
#7552=LINE('',#350,#7555);
#7553=LINE('',#352,#7556);
#7554=VECTOR('',#7557,1.0);
#7555=VECTOR('',#7558,1.0);
#7556=VECTOR('',#7559,1.0);
#7557=DIRECTION('',(0,-1,0));
#7558=DIRECTION('',(1,0,0));
#7559=DIRECTION('',(-0.06806973160725227,0.9976805659322611,0));
#7560=FACE_SURFACE('',(#7565),#7561,.T.);
#7561=PLANE('',#7562);
#7562=AXIS2_PLACEMENT_3D('',#346,#7563,#7564);
#7563=DIRECTION('',(-0,0,1));
#7564=DIRECTION('',(0.06806973160725227,-0.9976805659322611,0));
#7565=FACE_BOUND('',#7566,.T.);
#7566=EDGE_LOOP('',(#7567,#7568,#7569));
#7567=ORIENTED_EDGE('',*,*,#7570,.T.);
#7568=ORIENTED_EDGE('',*,*,#7571,.T.);
#7569=ORIENTED_EDGE('',*,*,#7572,.T.);
#7570=EDGE_CURVE('',#347,#353,#7573,.F.);
#7571=EDGE_CURVE('',#353,#349,#7574,.T.);
#7572=EDGE_CURVE('',#349,#347,#7575,.T.);
#7573=LINE('',#346,#7576);
#7574=LINE('',#352,#7577);
#7575=LINE('',#348,#7578);
#7576=VECTOR('',#7579,1.0);
#7577=VECTOR('',#7580,1.0);
#7578=VECTOR('',#7581,1.0);
#7579=DIRECTION('',(0.06806973160725227,-0.9976805659322611,0));
#7580=DIRECTION('',(0,1,0));
#7581=DIRECTION('',(-1,0,0));
#7582=FACE_SURFACE('',(#7587),#7583,.T.);
#7583=PLANE('',#7584);
#7584=AXIS2_PLACEMENT_3D('',#198,#7585,#7586);
#7585=DIRECTION('',(0,-1,0));
#7586=DIRECTION('',(0.9999999999999498,0,3.168696322284142E-07));
#7587=FACE_BOUND('',#7588,.T.);
#7588=EDGE_LOOP('',(#7589,#7590,#7591));
#7589=ORIENTED_EDGE('',*,*,#7592,.T.);
#7590=ORIENTED_EDGE('',*,*,#7593,.T.);
#7591=ORIENTED_EDGE('',*,*,#7594,.T.);
#7592=EDGE_CURVE('',#199,#341,#7595,.F.);
#7593=EDGE_CURVE('',#341,#353,#7596,.T.);
#7594=EDGE_CURVE('',#353,#199,#7597,.T.);
#7595=LINE('',#198,#7598);
#7596=LINE('',#340,#7599);
#7597=LINE('',#352,#7600);
#7598=VECTOR('',#7601,1.0);
#7599=VECTOR('',#7602,1.0);
#7600=VECTOR('',#7603,1.0);
#7601=DIRECTION('',(0.9999999999999498,0,3.168696322284142E-07));
#7602=DIRECTION('',(-6.583786532735659E-07,0,0.9999999999997833));
#7603=DIRECTION('',(-0.06479286774799863,0,-0.9978987344861153));
#7604=FACE_SURFACE('',(#7609),#7605,.T.);
#7605=PLANE('',#7606);
#7606=AXIS2_PLACEMENT_3D('',#198,#7607,#7608);
#7607=DIRECTION('',(0,-1,0));
#7608=DIRECTION('',(0.06479286774799863,0,0.9978987344861153));
#7609=FACE_BOUND('',#7610,.T.);
#7610=EDGE_LOOP('',(#7611,#7612,#7613));
#7611=ORIENTED_EDGE('',*,*,#7614,.T.);
#7612=ORIENTED_EDGE('',*,*,#7615,.T.);
#7613=ORIENTED_EDGE('',*,*,#7616,.T.);
#7614=EDGE_CURVE('',#199,#353,#7617,.F.);
#7615=EDGE_CURVE('',#353,#351,#7618,.T.);
#7616=EDGE_CURVE('',#351,#199,#7619,.T.);
#7617=LINE('',#198,#7620);
#7618=LINE('',#352,#7621);
#7619=LINE('',#350,#7622);
#7620=VECTOR('',#7623,1.0);
#7621=VECTOR('',#7624,1.0);
#7622=VECTOR('',#7625,1.0);
#7623=DIRECTION('',(0.06479286774799863,0,0.9978987344861153));
#7624=DIRECTION('',(-1,0,0));
#7625=DIRECTION('',(0,0,-1));
#7626=FACE_SURFACE('',(#7631),#7627,.T.);
#7627=PLANE('',#7628);
#7628=AXIS2_PLACEMENT_3D('',#232,#7629,#7630);
#7629=DIRECTION('',(-1,0,0));
#7630=DIRECTION('',(0,-1,0));
#7631=FACE_BOUND('',#7632,.T.);
#7632=EDGE_LOOP('',(#7633,#7634,#7635));
#7633=ORIENTED_EDGE('',*,*,#7636,.T.);
#7634=ORIENTED_EDGE('',*,*,#7637,.T.);
#7635=ORIENTED_EDGE('',*,*,#7638,.T.);
#7636=EDGE_CURVE('',#233,#199,#7639,.F.);
#7637=EDGE_CURVE('',#199,#351,#7640,.T.);
#7638=EDGE_CURVE('',#351,#233,#7641,.T.);
#7639=LINE('',#232,#7642);
#7640=LINE('',#198,#7643);
#7641=LINE('',#350,#7644);
#7642=VECTOR('',#7645,1.0);
#7643=VECTOR('',#7646,1.0);
#7644=VECTOR('',#7647,1.0);
#7645=DIRECTION('',(0,-1,0));
#7646=DIRECTION('',(0,0,1));
#7647=DIRECTION('',(0,0.6893782566126092,-0.7244015594335504));
#7648=FACE_SURFACE('',(#7653),#7649,.T.);
#7649=PLANE('',#7650);
#7650=AXIS2_PLACEMENT_3D('',#232,#7651,#7652);
#7651=DIRECTION('',(-1,0,0));
#7652=DIRECTION('',(0,-0.6893782566126092,0.7244015594335504));
#7653=FACE_BOUND('',#7654,.T.);
#7654=EDGE_LOOP('',(#7655,#7656,#7657));
#7655=ORIENTED_EDGE('',*,*,#7658,.T.);
#7656=ORIENTED_EDGE('',*,*,#7659,.T.);
#7657=ORIENTED_EDGE('',*,*,#7660,.T.);
#7658=EDGE_CURVE('',#233,#351,#7661,.F.);
#7659=EDGE_CURVE('',#351,#347,#7662,.T.);
#7660=EDGE_CURVE('',#347,#233,#7663,.T.);
#7661=LINE('',#232,#7664);
#7662=LINE('',#350,#7665);
#7663=LINE('',#346,#7666);
#7664=VECTOR('',#7667,1.0);
#7665=VECTOR('',#7668,1.0);
#7666=VECTOR('',#7669,1.0);
#7667=DIRECTION('',(0,-0.6893782566126092,0.7244015594335504));
#7668=DIRECTION('',(0,1,0));
#7669=DIRECTION('',(0,0,-1));
#7670=FACE_SURFACE('',(#7675),#7671,.T.);
#7671=PLANE('',#7672);
#7672=AXIS2_PLACEMENT_3D('',#340,#7673,#7674);
#7673=DIRECTION('',(0.9999999999997833,-0,6.58378653273566E-07));
#7674=DIRECTION('',(0,1,0));
#7675=FACE_BOUND('',#7676,.T.);
#7676=EDGE_LOOP('',(#7677,#7678,#7679));
#7677=ORIENTED_EDGE('',*,*,#7680,.T.);
#7678=ORIENTED_EDGE('',*,*,#7681,.T.);
#7679=ORIENTED_EDGE('',*,*,#7682,.T.);
#7680=EDGE_CURVE('',#341,#343,#7683,.F.);
#7681=EDGE_CURVE('',#343,#349,#7684,.T.);
#7682=EDGE_CURVE('',#349,#341,#7685,.T.);
#7683=LINE('',#340,#7686);
#7684=LINE('',#342,#7687);
#7685=LINE('',#348,#7688);
#7686=VECTOR('',#7689,1.0);
#7687=VECTOR('',#7690,1.0);
#7688=VECTOR('',#7691,1.0);
#7689=DIRECTION('',(0,1,0));
#7690=DIRECTION('',(-6.583786532735659E-07,0,0.9999999999997833));
#7691=DIRECTION('',(4.769305184658522E-07,-0.6893782640554291,-0.724401552350418));
#7692=FACE_SURFACE('',(#7697),#7693,.T.);
#7693=PLANE('',#7694);
#7694=AXIS2_PLACEMENT_3D('',#340,#7695,#7696);
#7695=DIRECTION('',(0.9999999999997833,0,6.58378653273566E-07));
#7696=DIRECTION('',(-4.769305184658522E-07,0.6893782640554291,0.724401552350418));
#7697=FACE_BOUND('',#7698,.T.);
#7698=EDGE_LOOP('',(#7699,#7700,#7701));
#7699=ORIENTED_EDGE('',*,*,#7702,.T.);
#7700=ORIENTED_EDGE('',*,*,#7703,.T.);
#7701=ORIENTED_EDGE('',*,*,#7704,.T.);
#7702=EDGE_CURVE('',#341,#349,#7705,.F.);
#7703=EDGE_CURVE('',#349,#353,#7706,.T.);
#7704=EDGE_CURVE('',#353,#341,#7707,.T.);
#7705=LINE('',#340,#7708);
#7706=LINE('',#348,#7709);
#7707=LINE('',#352,#7710);
#7708=VECTOR('',#7711,1.0);
#7709=VECTOR('',#7712,1.0);
#7710=VECTOR('',#7713,1.0);
#7711=DIRECTION('',(-4.769305184658522E-07,0.6893782640554291,0.724401552350418));
#7712=DIRECTION('',(0,-1,0));
#7713=DIRECTION('',(6.583786532735659E-07,0,-0.9999999999997833));
#7714=FACE_SURFACE('',(#7719),#7715,.T.);
#7715=PLANE('',#7716);
#7716=AXIS2_PLACEMENT_3D('',#354,#7717,#7718);
#7717=DIRECTION('',(0,-1,0));
#7718=DIRECTION('',(0.999999999999981,0,1.9457648741184883E-07));
#7719=FACE_BOUND('',#7720,.T.);
#7720=EDGE_LOOP('',(#7721,#7722,#7723));
#7721=ORIENTED_EDGE('',*,*,#7724,.T.);
#7722=ORIENTED_EDGE('',*,*,#7725,.T.);
#7723=ORIENTED_EDGE('',*,*,#7726,.T.);
#7724=EDGE_CURVE('',#355,#357,#7727,.F.);
#7725=EDGE_CURVE('',#357,#359,#7728,.T.);
#7726=EDGE_CURVE('',#359,#355,#7729,.T.);
#7727=LINE('',#354,#7730);
#7728=LINE('',#356,#7731);
#7729=LINE('',#358,#7732);
#7730=VECTOR('',#7733,1.0);
#7731=VECTOR('',#7734,1.0);
#7732=VECTOR('',#7735,1.0);
#7733=DIRECTION('',(0.999999999999981,0,1.9457648741184883E-07));
#7734=DIRECTION('',(0,0,1));
#7735=DIRECTION('',(-0.9977198763862917,0,-0.06749109766275051));
#7736=FACE_SURFACE('',(#7741),#7737,.T.);
#7737=PLANE('',#7738);
#7738=AXIS2_PLACEMENT_3D('',#354,#7739,#7740);
#7739=DIRECTION('',(0,-1,0));
#7740=DIRECTION('',(0.9977198763862917,0,0.06749109766275051));
#7741=FACE_BOUND('',#7742,.T.);
#7742=EDGE_LOOP('',(#7743,#7744,#7745));
#7743=ORIENTED_EDGE('',*,*,#7746,.T.);
#7744=ORIENTED_EDGE('',*,*,#7747,.T.);
#7745=ORIENTED_EDGE('',*,*,#7748,.T.);
#7746=EDGE_CURVE('',#355,#359,#7749,.F.);
#7747=EDGE_CURVE('',#359,#361,#7750,.T.);
#7748=EDGE_CURVE('',#361,#355,#7751,.T.);
#7749=LINE('',#354,#7752);
#7750=LINE('',#358,#7753);
#7751=LINE('',#360,#7754);
#7752=VECTOR('',#7755,1.0);
#7753=VECTOR('',#7756,1.0);
#7754=VECTOR('',#7757,1.0);
#7755=DIRECTION('',(0.9977198763862917,0,0.06749109766275051));
#7756=DIRECTION('',(-0.999999999999981,0,-1.9457648741184883E-07));
#7757=DIRECTION('',(0,0,-1));
#7758=FACE_SURFACE('',(#7763),#7759,.T.);
#7759=PLANE('',#7760);
#7760=AXIS2_PLACEMENT_3D('',#362,#7761,#7762);
#7761=DIRECTION('',(0.001955105568897805,0.002382224972128776,0.999995251271923));
#7762=DIRECTION('',(-0.7730002597723444,0.6344057048859886,0));
#7763=FACE_BOUND('',#7764,.T.);
#7764=EDGE_LOOP('',(#7765,#7766,#7767));
#7765=ORIENTED_EDGE('',*,*,#7768,.T.);
#7766=ORIENTED_EDGE('',*,*,#7769,.T.);
#7767=ORIENTED_EDGE('',*,*,#7770,.T.);
#7768=EDGE_CURVE('',#363,#365,#7771,.F.);
#7769=EDGE_CURVE('',#365,#361,#7772,.T.);
#7770=EDGE_CURVE('',#361,#363,#7773,.T.);
#7771=LINE('',#362,#7774);
#7772=LINE('',#364,#7775);
#7773=LINE('',#360,#7776);
#7774=VECTOR('',#7777,1.0);
#7775=VECTOR('',#7778,1.0);
#7776=VECTOR('',#7779,1.0);
#7777=DIRECTION('',(-0.7730002597723444,0.6344057048859886,0));
#7778=DIRECTION('',(-0.7082659512563113,-0.7059390477550914,0.003066454895685363));
#7779=DIRECTION('',(0.746754927425133,0.6650923319379194,-0.0030443987361463824));
#7780=FACE_SURFACE('',(#7785),#7781,.T.);
#7781=PLANE('',#7782);
#7782=AXIS2_PLACEMENT_3D('',#358,#7783,#7784);
#7783=DIRECTION('',(-0.0019414127334723603,0.002365540750566186,0.9999953175558153));
#7784=DIRECTION('',(-0.7137843594151663,0.7003589304759644,-0.003042491880684274));
#7785=FACE_BOUND('',#7786,.T.);
#7786=EDGE_LOOP('',(#7787,#7788,#7789));
#7787=ORIENTED_EDGE('',*,*,#7790,.T.);
#7788=ORIENTED_EDGE('',*,*,#7791,.T.);
#7789=ORIENTED_EDGE('',*,*,#7792,.T.);
#7790=EDGE_CURVE('',#359,#367,#7793,.F.);
#7791=EDGE_CURVE('',#367,#369,#7794,.T.);
#7792=EDGE_CURVE('',#369,#359,#7795,.T.);
#7793=LINE('',#358,#7796);
#7794=LINE('',#366,#7797);
#7795=LINE('',#368,#7798);
#7796=VECTOR('',#7799,1.0);
#7797=VECTOR('',#7800,1.0);
#7798=VECTOR('',#7801,1.0);
#7799=DIRECTION('',(-0.7137843594151663,0.7003589304759644,-0.003042491880684274));
#7800=DIRECTION('',(-0.7730002597723444,-0.6344057048859886,0));
#7801=DIRECTION('',(0.7516153198958666,-0.6595947949073917,0.0030195080576114627));
#7802=FACE_SURFACE('',(#7807),#7803,.T.);
#7803=PLANE('',#7804);
#7804=AXIS2_PLACEMENT_3D('',#358,#7805,#7806);
#7805=DIRECTION('',(-0.0015206864351891198,0.0028449604813115498,0.9999947968427764));
#7806=DIRECTION('',(-0.7516153198958666,0.6595947949073917,-0.0030195080576114627));
#7807=FACE_BOUND('',#7808,.T.);
#7808=EDGE_LOOP('',(#7809,#7810,#7811));
#7809=ORIENTED_EDGE('',*,*,#7812,.T.);
#7810=ORIENTED_EDGE('',*,*,#7813,.T.);
#7811=ORIENTED_EDGE('',*,*,#7814,.T.);
#7812=EDGE_CURVE('',#359,#369,#7815,.F.);
#7813=EDGE_CURVE('',#369,#371,#7816,.T.);
#7814=EDGE_CURVE('',#371,#359,#7817,.T.);
#7815=LINE('',#358,#7818);
#7816=LINE('',#368,#7819);
#7817=LINE('',#370,#7820);
#7818=VECTOR('',#7821,1.0);
#7819=VECTOR('',#7822,1.0);
#7820=VECTOR('',#7823,1.0);
#7821=DIRECTION('',(-0.7516153198958666,0.6595947949073917,-0.0030195080576114627));
#7822=DIRECTION('',(-0.8819182516739295,-0.4714023731000935,0));
#7823=DIRECTION('',(0.7844391641611359,-0.6201987196512933,0.0029573422316554756));
#7824=FACE_SURFACE('',(#7829),#7825,.T.);
#7825=PLANE('',#7826);
#7826=AXIS2_PLACEMENT_3D('',#362,#7827,#7828);
#7827=DIRECTION('',(-1.945744488017234E-07,0.004577578168783463,0.99998952283415));
#7828=DIRECTION('',(-0.746754927425133,-0.6650923319379194,0.0030443987361463824));
#7829=FACE_BOUND('',#7830,.T.);
#7830=EDGE_LOOP('',(#7831,#7832,#7833));
#7831=ORIENTED_EDGE('',*,*,#7834,.T.);
#7832=ORIENTED_EDGE('',*,*,#7835,.T.);
#7833=ORIENTED_EDGE('',*,*,#7836,.T.);
#7834=EDGE_CURVE('',#363,#361,#7837,.F.);
#7835=EDGE_CURVE('',#361,#359,#7838,.T.);
#7836=EDGE_CURVE('',#359,#363,#7839,.T.);
#7837=LINE('',#362,#7840);
#7838=LINE('',#360,#7841);
#7839=LINE('',#358,#7842);
#7840=VECTOR('',#7843,1.0);
#7841=VECTOR('',#7844,1.0);
#7842=VECTOR('',#7845,1.0);
#7843=DIRECTION('',(-0.746754927425133,-0.6650923319379194,0.0030443987361463824));
#7844=DIRECTION('',(0.999999999999981,0,1.9457648741184883E-07));
#7845=DIRECTION('',(-0.8509357001030581,0.525264363960977,-0.002404629449354061));
#7846=FACE_SURFACE('',(#7851),#7847,.T.);
#7847=PLANE('',#7848);
#7848=AXIS2_PLACEMENT_3D('',#372,#7849,#7850);
#7849=DIRECTION('',(0.01823783399453398,0.034120063004781626,0.999251321095818));
#7850=DIRECTION('',(-0.8819182516739295,0.4714023731000935,0));
#7851=FACE_BOUND('',#7852,.T.);
#7852=EDGE_LOOP('',(#7853,#7854,#7855));
#7853=ORIENTED_EDGE('',*,*,#7856,.T.);
#7854=ORIENTED_EDGE('',*,*,#7857,.T.);
#7855=ORIENTED_EDGE('',*,*,#7858,.T.);
#7856=EDGE_CURVE('',#373,#363,#7859,.F.);
#7857=EDGE_CURVE('',#363,#359,#7860,.T.);
#7858=EDGE_CURVE('',#359,#373,#7861,.T.);
#7859=LINE('',#372,#7862);
#7860=LINE('',#362,#7863);
#7861=LINE('',#358,#7864);
#7862=VECTOR('',#7865,1.0);
#7863=VECTOR('',#7866,1.0);
#7864=VECTOR('',#7867,1.0);
#7865=DIRECTION('',(-0.8819182516739295,0.4714023731000935,0));
#7866=DIRECTION('',(0.8509357001030581,-0.525264363960977,0.002404629449354061));
#7867=DIRECTION('',(-0.8494117025728121,0.5277247644165605,-0.002516456604512251));
#7868=FACE_SURFACE('',(#7873),#7869,.T.);
#7869=PLANE('',#7870);
#7870=AXIS2_PLACEMENT_3D('',#358,#7871,#7872);
#7871=DIRECTION('',(-0.001045914296916468,0.003445455232188849,0.9999935174297513));
#7872=DIRECTION('',(-0.7844391641611359,0.6201987196512933,-0.0029573422316554756));
#7873=FACE_BOUND('',#7874,.T.);
#7874=EDGE_LOOP('',(#7875,#7876,#7877));
#7875=ORIENTED_EDGE('',*,*,#7878,.T.);
#7876=ORIENTED_EDGE('',*,*,#7879,.T.);
#7877=ORIENTED_EDGE('',*,*,#7880,.T.);
#7878=EDGE_CURVE('',#359,#371,#7881,.F.);
#7879=EDGE_CURVE('',#371,#375,#7882,.T.);
#7880=EDGE_CURVE('',#375,#359,#7883,.T.);
#7881=LINE('',#358,#7884);
#7882=LINE('',#370,#7885);
#7883=LINE('',#374,#7886);
#7884=VECTOR('',#7887,1.0);
#7885=VECTOR('',#7888,1.0);
#7886=VECTOR('',#7889,1.0);
#7887=DIRECTION('',(-0.7844391641611359,0.6201987196512933,-0.0029573422316554756));
#7888=DIRECTION('',(-0.9569391071951827,-0.29028872716658694,-6.994841668190836E-07));
#7889=DIRECTION('',(0.8107164014253702,-0.5854320695133342,0.0028650384348042467));
#7890=FACE_SURFACE('',(#7895),#7891,.T.);
#7891=PLANE('',#7892);
#7892=AXIS2_PLACEMENT_3D('',#358,#7893,#7894);
#7893=DIRECTION('',(-0.0004240392810891403,0.004306624353895817,0.9999906365448442));
#7894=DIRECTION('',(-0.8107164014253702,0.5854320695133342,-0.0028650384348042467));
#7895=FACE_BOUND('',#7896,.T.);
#7896=EDGE_LOOP('',(#7897,#7898,#7899));
#7897=ORIENTED_EDGE('',*,*,#7900,.T.);
#7898=ORIENTED_EDGE('',*,*,#7901,.T.);
#7899=ORIENTED_EDGE('',*,*,#7902,.T.);
#7900=EDGE_CURVE('',#359,#375,#7903,.F.);
#7901=EDGE_CURVE('',#375,#377,#7904,.T.);
#7902=EDGE_CURVE('',#377,#359,#7905,.T.);
#7903=LINE('',#358,#7906);
#7904=LINE('',#374,#7907);
#7905=LINE('',#376,#7908);
#7906=VECTOR('',#7909,1.0);
#7907=VECTOR('',#7910,1.0);
#7908=VECTOR('',#7911,1.0);
#7909=DIRECTION('',(-0.8107164014253702,0.5854320695133342,-0.0028650384348042467));
#7910=DIRECTION('',(-0.9951875708237157,-0.09798825887825391,0));
#7911=DIRECTION('',(0.8300202701569086,-0.5577264267854068,0.002753905197119892));
#7912=FACE_SURFACE('',(#7917),#7913,.T.);
#7913=PLANE('',#7914);
#7914=AXIS2_PLACEMENT_3D('',#378,#7915,#7916);
#7915=DIRECTION('',(0.002825163702042936,0.009315584205187697,0.9999526180479618));
#7916=DIRECTION('',(-0.9569391071951827,0.29028872716658694,-6.994841668190836E-07));
#7917=FACE_BOUND('',#7918,.T.);
#7918=EDGE_LOOP('',(#7919,#7920,#7921));
#7919=ORIENTED_EDGE('',*,*,#7922,.T.);
#7920=ORIENTED_EDGE('',*,*,#7923,.T.);
#7921=ORIENTED_EDGE('',*,*,#7924,.T.);
#7922=EDGE_CURVE('',#379,#373,#7925,.F.);
#7923=EDGE_CURVE('',#373,#359,#7926,.T.);
#7924=EDGE_CURVE('',#359,#379,#7927,.T.);
#7925=LINE('',#378,#7928);
#7926=LINE('',#372,#7929);
#7927=LINE('',#358,#7930);
#7928=VECTOR('',#7931,1.0);
#7929=VECTOR('',#7932,1.0);
#7930=VECTOR('',#7933,1.0);
#7931=DIRECTION('',(-0.9569391071951827,0.29028872716658694,-6.994841668190836E-07));
#7932=DIRECTION('',(0.8494117025728121,-0.5277247644165605,0.002516456604512251));
#7933=DIRECTION('',(-0.8426896699665753,0.5383931442494853,-0.002634835246713025));
#7934=FACE_SURFACE('',(#7939),#7935,.T.);
#7935=PLANE('',#7936);
#7936=AXIS2_PLACEMENT_3D('',#358,#7937,#7938);
#7937=DIRECTION('',(0.0005696432849233017,0.005785406572671253,0.9999831021458897));
#7938=DIRECTION('',(-0.8300202701569086,0.5577264267854068,-0.002753905197119892));
#7939=FACE_BOUND('',#7940,.T.);
#7940=EDGE_LOOP('',(#7941,#7942,#7943));
#7941=ORIENTED_EDGE('',*,*,#7944,.T.);
#7942=ORIENTED_EDGE('',*,*,#7945,.T.);
#7943=ORIENTED_EDGE('',*,*,#7946,.T.);
#7944=EDGE_CURVE('',#359,#377,#7947,.F.);
#7945=EDGE_CURVE('',#377,#379,#7948,.T.);
#7946=EDGE_CURVE('',#379,#359,#7949,.T.);
#7947=LINE('',#358,#7950);
#7948=LINE('',#376,#7951);
#7949=LINE('',#378,#7952);
#7950=VECTOR('',#7953,1.0);
#7951=VECTOR('',#7954,1.0);
#7952=VECTOR('',#7955,1.0);
#7953=DIRECTION('',(-0.8300202701569086,0.5577264267854068,-0.002753905197119892));
#7954=DIRECTION('',(-0.9951875708237157,0.09798825887825391,0));
#7955=DIRECTION('',(0.8426896699665753,-0.5383931442494853,0.002634835246713025));
#7956=FACE_SURFACE('',(#7961),#7957,.T.);
#7957=PLANE('',#7958);
#7958=AXIS2_PLACEMENT_3D('',#360,#7959,#7960);
#7959=DIRECTION('',(0.002381472273387377,0.001954452898761052,0.9999952543405782));
#7960=DIRECTION('',(0.7082659512563113,0.7059390477550914,-0.003066454895685363));
#7961=FACE_BOUND('',#7962,.T.);
#7962=EDGE_LOOP('',(#7963,#7964,#7965));
#7963=ORIENTED_EDGE('',*,*,#7966,.T.);
#7964=ORIENTED_EDGE('',*,*,#7967,.T.);
#7965=ORIENTED_EDGE('',*,*,#7968,.T.);
#7966=EDGE_CURVE('',#361,#365,#7969,.F.);
#7967=EDGE_CURVE('',#365,#381,#7970,.T.);
#7968=EDGE_CURVE('',#381,#361,#7971,.T.);
#7969=LINE('',#360,#7972);
#7970=LINE('',#364,#7973);
#7971=LINE('',#380,#7974);
#7972=VECTOR('',#7975,1.0);
#7973=VECTOR('',#7976,1.0);
#7974=VECTOR('',#7977,1.0);
#7975=DIRECTION('',(0.7082659512563113,0.7059390477550914,-0.003066454895685363));
#7976=DIRECTION('',(-0.634398930858317,0.773005819205667,0));
#7977=DIRECTION('',(-0.6675248576687418,-0.7445812867918881,0.0030449554449901));
#7978=FACE_SURFACE('',(#7983),#7979,.T.);
#7979=PLANE('',#7980);
#7980=AXIS2_PLACEMENT_3D('',#360,#7981,#7982);
#7981=DIRECTION('',(0.0028577113986781723,0.0015274975141157947,0.9999947501046724));
#7982=DIRECTION('',(0.6675248576687418,0.7445812867918881,-0.0030449554449901));
#7983=FACE_BOUND('',#7984,.T.);
#7984=EDGE_LOOP('',(#7985,#7986,#7987));
#7985=ORIENTED_EDGE('',*,*,#7988,.T.);
#7986=ORIENTED_EDGE('',*,*,#7989,.T.);
#7987=ORIENTED_EDGE('',*,*,#7990,.T.);
#7988=EDGE_CURVE('',#361,#381,#7991,.F.);
#7989=EDGE_CURVE('',#381,#383,#7992,.T.);
#7990=EDGE_CURVE('',#383,#361,#7993,.T.);
#7991=LINE('',#360,#7994);
#7992=LINE('',#380,#7995);
#7993=LINE('',#382,#7996);
#7994=VECTOR('',#7997,1.0);
#7995=VECTOR('',#7998,1.0);
#7996=VECTOR('',#7999,1.0);
#7997=DIRECTION('',(0.6675248576687418,0.7445812867918881,-0.0030449554449901));
#7998=DIRECTION('',(-0.47140128499907463,0.8819188332841187,0));
#7999=DIRECTION('',(-0.6279662878457405,-0.7782348239238424,0.0029833138397897916));
#8000=FACE_SURFACE('',(#8005),#8001,.T.);
#8001=PLANE('',#8002);
#8002=AXIS2_PLACEMENT_3D('',#384,#8003,#8004);
#8003=DIRECTION('',(-0.0023611406926116224,0.0019377669530846635,0.9999953350260516));
#8004=DIRECTION('',(-0.634398930858317,-0.773005819205667,0));
#8005=FACE_BOUND('',#8006,.T.);
#8006=EDGE_LOOP('',(#8007,#8008,#8009));
#8007=ORIENTED_EDGE('',*,*,#8010,.T.);
#8008=ORIENTED_EDGE('',*,*,#8011,.T.);
#8009=ORIENTED_EDGE('',*,*,#8012,.T.);
#8010=EDGE_CURVE('',#385,#367,#8013,.F.);
#8011=EDGE_CURVE('',#367,#359,#8014,.T.);
#8012=EDGE_CURVE('',#359,#385,#8015,.T.);
#8013=LINE('',#384,#8016);
#8014=LINE('',#366,#8017);
#8015=LINE('',#358,#8018);
#8016=VECTOR('',#8019,1.0);
#8017=VECTOR('',#8020,1.0);
#8018=VECTOR('',#8021,1.0);
#8019=DIRECTION('',(-0.634398930858317,-0.773005819205667,0));
#8020=DIRECTION('',(0.7137843594151663,-0.7003589304759644,0.003042491880684274));
#8021=DIRECTION('',(-0.6736254834504872,0.7390666894576783,-0.00302267764822438));
#8022=FACE_SURFACE('',(#8027),#8023,.T.);
#8023=PLANE('',#8024);
#8024=AXIS2_PLACEMENT_3D('',#386,#8025,#8026);
#8025=DIRECTION('',(-0.00282843420601888,0.0015118483344862337,0.9999948571240533));
#8026=DIRECTION('',(-0.47140128499907463,-0.8819188332841187,0));
#8027=FACE_BOUND('',#8028,.T.);
#8028=EDGE_LOOP('',(#8029,#8030,#8031));
#8029=ORIENTED_EDGE('',*,*,#8032,.T.);
#8030=ORIENTED_EDGE('',*,*,#8033,.T.);
#8031=ORIENTED_EDGE('',*,*,#8034,.T.);
#8032=EDGE_CURVE('',#387,#385,#8035,.F.);
#8033=EDGE_CURVE('',#385,#359,#8036,.T.);
#8034=EDGE_CURVE('',#359,#387,#8037,.T.);
#8035=LINE('',#386,#8038);
#8036=LINE('',#384,#8039);
#8037=LINE('',#358,#8040);
#8038=VECTOR('',#8041,1.0);
#8039=VECTOR('',#8042,1.0);
#8040=VECTOR('',#8043,1.0);
#8041=DIRECTION('',(-0.47140128499907463,-0.8819188332841187,0));
#8042=DIRECTION('',(0.6736254834504872,-0.7390666894576783,0.00302267764822438));
#8043=DIRECTION('',(-0.6345015591742962,0.7729159015662609,-0.002963192771554599));
#8044=FACE_SURFACE('',(#8049),#8045,.T.);
#8045=PLANE('',#8046);
#8046=AXIS2_PLACEMENT_3D('',#388,#8047,#8048);
#8047=DIRECTION('',(0.004750701163255262,0,0.9999887153555572));
#8048=DIRECTION('',(0,-1,0));
#8049=FACE_BOUND('',#8050,.T.);
#8050=EDGE_LOOP('',(#8051,#8052,#8053));
#8051=ORIENTED_EDGE('',*,*,#8054,.T.);
#8052=ORIENTED_EDGE('',*,*,#8055,.T.);
#8053=ORIENTED_EDGE('',*,*,#8056,.T.);
#8054=EDGE_CURVE('',#389,#361,#8057,.F.);
#8055=EDGE_CURVE('',#361,#383,#8058,.T.);
#8056=EDGE_CURVE('',#383,#389,#8059,.T.);
#8057=LINE('',#388,#8060);
#8058=LINE('',#360,#8061);
#8059=LINE('',#382,#8062);
#8060=VECTOR('',#8063,1.0);
#8061=VECTOR('',#8064,1.0);
#8062=VECTOR('',#8065,1.0);
#8063=DIRECTION('',(0,-1,0));
#8064=DIRECTION('',(0.6279662878457405,0.7782348239238424,-0.0029833138397897916));
#8065=DIRECTION('',(-0.5282449368593721,0.8490883280202511,0.002509562155538154));
#8066=FACE_SURFACE('',(#8071),#8067,.T.);
#8067=PLANE('',#8068);
#8068=AXIS2_PLACEMENT_3D('',#388,#8069,#8070);
#8069=DIRECTION('',(0.009270667038395968,0.002812120315520119,0.9999530722548905));
#8070=DIRECTION('',(0.5282449368593721,-0.8490883280202511,-0.002509562155538154));
#8071=FACE_BOUND('',#8072,.T.);
#8072=EDGE_LOOP('',(#8073,#8074,#8075));
#8073=ORIENTED_EDGE('',*,*,#8076,.T.);
#8074=ORIENTED_EDGE('',*,*,#8077,.T.);
#8075=ORIENTED_EDGE('',*,*,#8078,.T.);
#8076=EDGE_CURVE('',#389,#383,#8079,.F.);
#8077=EDGE_CURVE('',#383,#391,#8080,.T.);
#8078=EDGE_CURVE('',#391,#389,#8081,.T.);
#8079=LINE('',#388,#8082);
#8080=LINE('',#382,#8083);
#8081=LINE('',#390,#8084);
#8082=VECTOR('',#8085,1.0);
#8083=VECTOR('',#8086,1.0);
#8084=VECTOR('',#8087,1.0);
#8085=DIRECTION('',(0.5282449368593721,-0.8490883280202511,-0.002509562155538154));
#8086=DIRECTION('',(-0.2902746779125706,0.9569433689423599,0));
#8087=DIRECTION('',(-0.5389045594464855,0.8423627324902472,0.0026273026764192958));
#8088=FACE_SURFACE('',(#8093),#8089,.T.);
#8089=PLANE('',#8090);
#8090=AXIS2_PLACEMENT_3D('',#386,#8091,#8092);
#8091=DIRECTION('',(-0.004670060168826782,0,0.9999890952095525));
#8092=DIRECTION('',(0.6345015591742962,-0.7729159015662609,0.002963192771554599));
#8093=FACE_BOUND('',#8094,.T.);
#8094=EDGE_LOOP('',(#8095,#8096,#8097));
#8095=ORIENTED_EDGE('',*,*,#8098,.T.);
#8096=ORIENTED_EDGE('',*,*,#8099,.T.);
#8097=ORIENTED_EDGE('',*,*,#8100,.T.);
#8098=EDGE_CURVE('',#387,#359,#8101,.F.);
#8099=EDGE_CURVE('',#359,#393,#8102,.T.);
#8100=EDGE_CURVE('',#393,#387,#8103,.T.);
#8101=LINE('',#386,#8104);
#8102=LINE('',#358,#8105);
#8103=LINE('',#392,#8106);
#8104=VECTOR('',#8107,1.0);
#8105=VECTOR('',#8108,1.0);
#8106=VECTOR('',#8109,1.0);
#8107=DIRECTION('',(0.6345015591742962,-0.7729159015662609,0.002963192771554599));
#8108=DIRECTION('',(0,1,0));
#8109=DIRECTION('',(-0.5348085345959676,-0.8449695812520532,-0.0024976152713364003));
#8110=FACE_SURFACE('',(#8115),#8111,.T.);
#8111=PLANE('',#8112);
#8112=AXIS2_PLACEMENT_3D('',#394,#8113,#8114);
#8113=DIRECTION('',(-0.008967721638763465,0.002720226290066334,0.9999560892046913));
#8114=DIRECTION('',(-0.2902746779125706,-0.9569433689423599,0));
#8115=FACE_BOUND('',#8116,.T.);
#8116=EDGE_LOOP('',(#8117,#8118,#8119));
#8117=ORIENTED_EDGE('',*,*,#8120,.T.);
#8118=ORIENTED_EDGE('',*,*,#8121,.T.);
#8119=ORIENTED_EDGE('',*,*,#8122,.T.);
#8120=EDGE_CURVE('',#395,#387,#8123,.F.);
#8121=EDGE_CURVE('',#387,#393,#8124,.T.);
#8122=EDGE_CURVE('',#393,#395,#8125,.T.);
#8123=LINE('',#394,#8126);
#8124=LINE('',#386,#8127);
#8125=LINE('',#392,#8128);
#8126=VECTOR('',#8129,1.0);
#8127=VECTOR('',#8130,1.0);
#8128=VECTOR('',#8131,1.0);
#8129=DIRECTION('',(-0.2902746779125706,-0.9569433689423599,0));
#8130=DIRECTION('',(0.5348085345959676,0.8449695812520532,0.0024976152713364003));
#8131=DIRECTION('',(-0.5456643399123742,-0.8379997586568797,-0.002613931713786529));
#8132=FACE_SURFACE('',(#8137),#8133,.T.);
#8133=PLANE('',#8134);
#8134=AXIS2_PLACEMENT_3D('',#388,#8135,#8136);
#8135=DIRECTION('',(0.005762583830684809,0.0005677175073830647,0.9999832350216808));
#8136=DIRECTION('',(0.5389045594464855,-0.8423627324902472,-0.0026273026764192958));
#8137=FACE_BOUND('',#8138,.T.);
#8138=EDGE_LOOP('',(#8139,#8140,#8141));
#8139=ORIENTED_EDGE('',*,*,#8142,.T.);
#8140=ORIENTED_EDGE('',*,*,#8143,.T.);
#8141=ORIENTED_EDGE('',*,*,#8144,.T.);
#8142=EDGE_CURVE('',#389,#391,#8145,.F.);
#8143=EDGE_CURVE('',#391,#397,#8146,.T.);
#8144=EDGE_CURVE('',#397,#389,#8147,.T.);
#8145=LINE('',#388,#8148);
#8146=LINE('',#390,#8149);
#8147=LINE('',#396,#8150);
#8148=VECTOR('',#8151,1.0);
#8149=VECTOR('',#8152,1.0);
#8150=VECTOR('',#8153,1.0);
#8151=DIRECTION('',(0.5389045594464855,-0.8423627324902472,-0.0026273026764192958));
#8152=DIRECTION('',(-0.09804323025750525,0.9951821566932728,0));
#8153=DIRECTION('',(-0.5581950556594276,0.8297052134483444,0.0027456536572936334));
#8154=FACE_SURFACE('',(#8159),#8155,.T.);
#8155=PLANE('',#8156);
#8156=AXIS2_PLACEMENT_3D('',#388,#8157,#8158);
#8157=DIRECTION('',(0.004290495598292845,-0.00042267386712188524,0.9999907064539766));
#8158=DIRECTION('',(0.5581950556594276,-0.8297052134483444,-0.0027456536572936334));
#8159=FACE_BOUND('',#8160,.T.);
#8160=EDGE_LOOP('',(#8161,#8162,#8163));
#8161=ORIENTED_EDGE('',*,*,#8164,.T.);
#8162=ORIENTED_EDGE('',*,*,#8165,.T.);
#8163=ORIENTED_EDGE('',*,*,#8166,.T.);
#8164=EDGE_CURVE('',#389,#397,#8167,.F.);
#8165=EDGE_CURVE('',#397,#399,#8168,.T.);
#8166=EDGE_CURVE('',#399,#389,#8169,.T.);
#8167=LINE('',#388,#8170);
#8168=LINE('',#396,#8171);
#8169=LINE('',#398,#8172);
#8170=VECTOR('',#8173,1.0);
#8171=VECTOR('',#8174,1.0);
#8172=VECTOR('',#8175,1.0);
#8173=DIRECTION('',(0.5581950556594276,-0.8297052134483444,-0.0027456536572936334));
#8174=DIRECTION('',(0.09803940830844715,0.9951825332161581,0));
#8175=DIRECTION('',(-0.5858278250018664,0.8104305043249186,0.0028560660428057463));
#8176=FACE_SURFACE('',(#8181),#8177,.T.);
#8177=PLANE('',#8178);
#8178=AXIS2_PLACEMENT_3D('',#400,#8179,#8180);
#8179=DIRECTION('',(-0.005644253146462378,0.0005560598199519549,0.9999839164726076));
#8180=DIRECTION('',(-0.09804323025750525,-0.9951821566932728,0));
#8181=FACE_BOUND('',#8182,.T.);
#8182=EDGE_LOOP('',(#8183,#8184,#8185));
#8183=ORIENTED_EDGE('',*,*,#8186,.T.);
#8184=ORIENTED_EDGE('',*,*,#8187,.T.);
#8185=ORIENTED_EDGE('',*,*,#8188,.T.);
#8186=EDGE_CURVE('',#401,#395,#8189,.F.);
#8187=EDGE_CURVE('',#395,#393,#8190,.T.);
#8188=EDGE_CURVE('',#393,#401,#8191,.T.);
#8189=LINE('',#400,#8192);
#8190=LINE('',#394,#8193);
#8191=LINE('',#392,#8194);
#8192=VECTOR('',#8195,1.0);
#8193=VECTOR('',#8196,1.0);
#8194=VECTOR('',#8197,1.0);
#8195=DIRECTION('',(-0.09804323025750525,-0.9951821566932728,0));
#8196=DIRECTION('',(0.5456643399123742,0.8379997586568797,0.002613931713786529));
#8197=DIRECTION('',(-0.5650442756684542,-0.8250560652555302,-0.002730516320069999));
#8198=FACE_SURFACE('',(#8203),#8199,.T.);
#8199=PLANE('',#8200);
#8200=AXIS2_PLACEMENT_3D('',#402,#8201,#8202);
#8201=DIRECTION('',(-0.004224649507734478,-0.0004161871056059809,0.9999909895218206));
#8202=DIRECTION('',(0.09803940830844715,-0.9951825332161581,0));
#8203=FACE_BOUND('',#8204,.T.);
#8204=EDGE_LOOP('',(#8205,#8206,#8207));
#8205=ORIENTED_EDGE('',*,*,#8208,.T.);
#8206=ORIENTED_EDGE('',*,*,#8209,.T.);
#8207=ORIENTED_EDGE('',*,*,#8210,.T.);
#8208=EDGE_CURVE('',#403,#401,#8211,.F.);
#8209=EDGE_CURVE('',#401,#393,#8212,.T.);
#8210=EDGE_CURVE('',#393,#403,#8213,.T.);
#8211=LINE('',#402,#8214);
#8212=LINE('',#400,#8215);
#8213=LINE('',#392,#8216);
#8214=VECTOR('',#8217,1.0);
#8215=VECTOR('',#8218,1.0);
#8216=VECTOR('',#8219,1.0);
#8217=DIRECTION('',(0.09803940830844715,-0.9951825332161581,0));
#8218=DIRECTION('',(0.5650442756684542,0.8250560652555302,0.002730516320069999));
#8219=DIRECTION('',(-0.5926201019588676,-0.805477098115465,-0.002838866983659677));
#8220=FACE_SURFACE('',(#8225),#8221,.T.);
#8221=PLANE('',#8222);
#8222=AXIS2_PLACEMENT_3D('',#388,#8223,#8224);
#8223=DIRECTION('',(0.0034341515468140726,-0.0010417008193394038,0.999993560710546));
#8224=DIRECTION('',(0.5858278250018664,-0.8104305043249186,-0.0028560660428057463));
#8225=FACE_BOUND('',#8226,.T.);
#8226=EDGE_LOOP('',(#8227,#8228,#8229));
#8227=ORIENTED_EDGE('',*,*,#8230,.T.);
#8228=ORIENTED_EDGE('',*,*,#8231,.T.);
#8229=ORIENTED_EDGE('',*,*,#8232,.T.);
#8230=EDGE_CURVE('',#389,#399,#8233,.F.);
#8231=EDGE_CURVE('',#399,#405,#8234,.T.);
#8232=EDGE_CURVE('',#405,#389,#8235,.T.);
#8233=LINE('',#388,#8236);
#8234=LINE('',#398,#8237);
#8235=LINE('',#404,#8238);
#8236=VECTOR('',#8239,1.0);
#8237=VECTOR('',#8240,1.0);
#8238=VECTOR('',#8241,1.0);
#8239=DIRECTION('',(0.5858278250018664,-0.8104305043249186,-0.0028560660428057463));
#8240=DIRECTION('',(0.29027506652090557,0.9569432510636583,0));
#8241=DIRECTION('',(-0.6204857089810035,0.7842122133518916,0.0029477754440371024));
#8242=FACE_SURFACE('',(#8247),#8243,.T.);
#8243=PLANE('',#8244);
#8244=AXIS2_PLACEMENT_3D('',#388,#8245,#8246);
#8245=DIRECTION('',(0.0028353106424243916,-0.001515521507851864,0.9999948320907064));
#8246=DIRECTION('',(0.6204857089810035,-0.7842122133518916,-0.0029477754440371024));
#8247=FACE_BOUND('',#8248,.T.);
#8248=EDGE_LOOP('',(#8249,#8250,#8251));
#8249=ORIENTED_EDGE('',*,*,#8252,.T.);
#8250=ORIENTED_EDGE('',*,*,#8253,.T.);
#8251=ORIENTED_EDGE('',*,*,#8254,.T.);
#8252=EDGE_CURVE('',#389,#405,#8255,.F.);
#8253=EDGE_CURVE('',#405,#407,#8256,.T.);
#8254=EDGE_CURVE('',#407,#389,#8257,.T.);
#8255=LINE('',#388,#8258);
#8256=LINE('',#404,#8259);
#8257=LINE('',#406,#8260);
#8258=VECTOR('',#8261,1.0);
#8259=VECTOR('',#8262,1.0);
#8260=VECTOR('',#8263,1.0);
#8261=DIRECTION('',(0.6204857089810035,-0.7842122133518916,-0.0029477754440371024));
#8262=DIRECTION('',(0.471400703389788,0.8819191441643689,0));
#8263=DIRECTION('',(-0.6597514965080129,0.7514778145657738,0.003009496782858926));
#8264=FACE_SURFACE('',(#8269),#8265,.T.);
#8265=PLANE('',#8266);
#8266=AXIS2_PLACEMENT_3D('',#408,#8267,#8268);
#8267=DIRECTION('',(-0.003391897840754695,-0.001028883761145506,0.9999937181938915));
#8268=DIRECTION('',(0.29027506652090557,-0.9569432510636583,0));
#8269=FACE_BOUND('',#8270,.T.);
#8270=EDGE_LOOP('',(#8271,#8272,#8273));
#8271=ORIENTED_EDGE('',*,*,#8274,.T.);
#8272=ORIENTED_EDGE('',*,*,#8275,.T.);
#8273=ORIENTED_EDGE('',*,*,#8276,.T.);
#8274=EDGE_CURVE('',#409,#403,#8277,.F.);
#8275=EDGE_CURVE('',#403,#393,#8278,.T.);
#8276=EDGE_CURVE('',#393,#409,#8279,.T.);
#8277=LINE('',#408,#8280);
#8278=LINE('',#402,#8281);
#8279=LINE('',#392,#8282);
#8280=VECTOR('',#8283,1.0);
#8281=VECTOR('',#8284,1.0);
#8282=VECTOR('',#8285,1.0);
#8283=DIRECTION('',(0.29027506652090557,-0.9569432510636583,0));
#8284=DIRECTION('',(0.5926201019588676,0.805477098115465,0.002838866983659677));
#8285=DIRECTION('',(-0.6270442861560769,-0.7789781048712383,-0.0029283664780907145));
#8286=FACE_SURFACE('',(#8291),#8287,.T.);
#8287=PLANE('',#8288);
#8288=AXIS2_PLACEMENT_3D('',#410,#8289,#8290);
#8289=DIRECTION('',(-0.0028064902988903418,-0.0015001165466331583,0.9999949366184554));
#8290=DIRECTION('',(0.471400703389788,-0.8819191441643689,0));
#8291=FACE_BOUND('',#8292,.T.);
#8292=EDGE_LOOP('',(#8293,#8294,#8295));
#8293=ORIENTED_EDGE('',*,*,#8296,.T.);
#8294=ORIENTED_EDGE('',*,*,#8297,.T.);
#8295=ORIENTED_EDGE('',*,*,#8298,.T.);
#8296=EDGE_CURVE('',#411,#409,#8299,.F.);
#8297=EDGE_CURVE('',#409,#393,#8300,.T.);
#8298=EDGE_CURVE('',#393,#411,#8301,.T.);
#8299=LINE('',#410,#8302);
#8300=LINE('',#408,#8303);
#8301=LINE('',#392,#8304);
#8302=VECTOR('',#8305,1.0);
#8303=VECTOR('',#8306,1.0);
#8304=VECTOR('',#8307,1.0);
#8305=DIRECTION('',(0.471400703389788,-0.8819191441643689,0));
#8306=DIRECTION('',(0.6270442861560769,0.7789781048712383,0.0029283664780907145));
#8307=DIRECTION('',(-0.6658948608717289,-0.7460396143547321,-0.0029879889663829828));
#8308=FACE_SURFACE('',(#8313),#8309,.T.);
#8309=PLANE('',#8310);
#8310=AXIS2_PLACEMENT_3D('',#388,#8311,#8312);
#8311=DIRECTION('',(0.0023576371624930677,-0.001934891637393347,0.9999953488598643));
#8312=DIRECTION('',(0.6597514965080129,-0.7514778145657738,-0.003009496782858926));
#8313=FACE_BOUND('',#8314,.T.);
#8314=EDGE_LOOP('',(#8315,#8316,#8317));
#8315=ORIENTED_EDGE('',*,*,#8318,.T.);
#8316=ORIENTED_EDGE('',*,*,#8319,.T.);
#8317=ORIENTED_EDGE('',*,*,#8320,.T.);
#8318=EDGE_CURVE('',#389,#407,#8321,.F.);
#8319=EDGE_CURVE('',#407,#413,#8322,.T.);
#8320=EDGE_CURVE('',#413,#389,#8323,.T.);
#8321=LINE('',#388,#8324);
#8322=LINE('',#406,#8325);
#8323=LINE('',#412,#8326);
#8324=VECTOR('',#8327,1.0);
#8325=VECTOR('',#8328,1.0);
#8326=VECTOR('',#8329,1.0);
#8327=DIRECTION('',(0.6597514965080129,-0.7514778145657738,-0.003009496782858926));
#8328=DIRECTION('',(0.634398930858317,0.773005819205667,0));
#8329=DIRECTION('',(-0.7003797453469872,0.7137639787740957,0.0030323113727952185));
#8330=FACE_SURFACE('',(#8335),#8331,.T.);
#8331=PLANE('',#8332);
#8332=AXIS2_PLACEMENT_3D('',#388,#8333,#8334);
#8333=DIRECTION('',(0.0019313070948185156,-0.0023532273976999926,0.999995366176124));
#8334=DIRECTION('',(0.7003797453469872,-0.7137639787740957,-0.0030323113727952185));
#8335=FACE_BOUND('',#8336,.T.);
#8336=EDGE_LOOP('',(#8337,#8338,#8339));
#8337=ORIENTED_EDGE('',*,*,#8340,.T.);
#8338=ORIENTED_EDGE('',*,*,#8341,.T.);
#8339=ORIENTED_EDGE('',*,*,#8342,.T.);
#8340=EDGE_CURVE('',#389,#413,#8343,.F.);
#8341=EDGE_CURVE('',#413,#415,#8344,.T.);
#8342=EDGE_CURVE('',#415,#389,#8345,.T.);
#8343=LINE('',#388,#8346);
#8344=LINE('',#412,#8347);
#8345=LINE('',#414,#8348);
#8346=VECTOR('',#8349,1.0);
#8347=VECTOR('',#8350,1.0);
#8348=VECTOR('',#8351,1.0);
#8349=DIRECTION('',(0.7003797453469872,-0.7137639787740957,-0.0030323113727952185));
#8350=DIRECTION('',(0.7730002597723444,0.6344057048859886,0));
#8351=DIRECTION('',(-0.7389646608955682,0.6737374517965096,0.0030126390828708063));
#8352=FACE_SURFACE('',(#8357),#8353,.T.);
#8353=PLANE('',#8354);
#8354=AXIS2_PLACEMENT_3D('',#416,#8355,#8356);
#8355=DIRECTION('',(-0.0023377109237218267,-0.0019185383522583232,0.9999954271486584));
#8356=DIRECTION('',(0.634398930858317,-0.773005819205667,0));
#8357=FACE_BOUND('',#8358,.T.);
#8358=EDGE_LOOP('',(#8359,#8360,#8361));
#8359=ORIENTED_EDGE('',*,*,#8362,.T.);
#8360=ORIENTED_EDGE('',*,*,#8363,.T.);
#8361=ORIENTED_EDGE('',*,*,#8364,.T.);
#8362=EDGE_CURVE('',#417,#411,#8365,.F.);
#8363=EDGE_CURVE('',#411,#393,#8366,.T.);
#8364=EDGE_CURVE('',#393,#417,#8367,.T.);
#8365=LINE('',#416,#8368);
#8366=LINE('',#410,#8369);
#8367=LINE('',#392,#8370);
#8368=VECTOR('',#8371,1.0);
#8369=VECTOR('',#8372,1.0);
#8370=VECTOR('',#8373,1.0);
#8371=DIRECTION('',(0.634398930858317,-0.773005819205667,0));
#8372=DIRECTION('',(0.6658948608717289,0.7460396143547321,0.0029879889663829828));
#8373=DIRECTION('',(-0.7059598067225543,-0.7082455057177911,-0.0030091398777673654));
#8374=FACE_SURFACE('',(#8379),#8375,.T.);
#8375=PLANE('',#8376);
#8376=AXIS2_PLACEMENT_3D('',#418,#8377,#8378);
#8377=DIRECTION('',(-0.0019179465434748676,-0.0023369480521963173,0.9999954300669867));
#8378=DIRECTION('',(0.7730002597723444,-0.6344057048859886,0));
#8379=FACE_BOUND('',#8380,.T.);
#8380=EDGE_LOOP('',(#8381,#8382,#8383));
#8381=ORIENTED_EDGE('',*,*,#8384,.T.);
#8382=ORIENTED_EDGE('',*,*,#8385,.T.);
#8383=ORIENTED_EDGE('',*,*,#8386,.T.);
#8384=EDGE_CURVE('',#419,#417,#8387,.F.);
#8385=EDGE_CURVE('',#417,#393,#8388,.T.);
#8386=EDGE_CURVE('',#393,#419,#8389,.T.);
#8387=LINE('',#418,#8390);
#8388=LINE('',#416,#8391);
#8389=LINE('',#392,#8392);
#8390=VECTOR('',#8393,1.0);
#8391=VECTOR('',#8394,1.0);
#8392=VECTOR('',#8395,1.0);
#8393=DIRECTION('',(0.7730002597723444,-0.6344057048859886,0));
#8394=DIRECTION('',(0.7059598067225543,0.7082455057177911,0.0030091398777673654));
#8395=DIRECTION('',(-0.7439014570360782,-0.6682826430302831,-0.0029885187064847885));
#8396=FACE_SURFACE('',(#8401),#8397,.T.);
#8397=PLANE('',#8398);
#8398=AXIS2_PLACEMENT_3D('',#392,#8399,#8400);
#8399=DIRECTION('',(-1.9457454201531805E-07,-0.004471701458572633,0.9999900018930327));
#8400=DIRECTION('',(-0.999999999999981,0,-1.9457648741184883E-07));
#8401=FACE_BOUND('',#8402,.T.);
#8402=EDGE_LOOP('',(#8403,#8404,#8405));
#8403=ORIENTED_EDGE('',*,*,#8406,.T.);
#8404=ORIENTED_EDGE('',*,*,#8407,.T.);
#8405=ORIENTED_EDGE('',*,*,#8408,.T.);
#8406=EDGE_CURVE('',#393,#389,#8409,.F.);
#8407=EDGE_CURVE('',#389,#415,#8410,.T.);
#8408=EDGE_CURVE('',#415,#393,#8411,.T.);
#8409=LINE('',#392,#8412);
#8410=LINE('',#388,#8413);
#8411=LINE('',#414,#8414);
#8412=VECTOR('',#8415,1.0);
#8413=VECTOR('',#8416,1.0);
#8414=VECTOR('',#8417,1.0);
#8415=DIRECTION('',(-0.999999999999981,0,-1.9457648741184883E-07));
#8416=DIRECTION('',(0.7389646608955682,-0.6737374517965096,-0.0030126390828708063));
#8417=DIRECTION('',(0.8453661464884219,0.534181964851692,0.002388890642485471));
#8418=FACE_SURFACE('',(#8423),#8419,.T.);
#8419=PLANE('',#8420);
#8420=AXIS2_PLACEMENT_3D('',#392,#8421,#8422);
#8421=DIRECTION('',(0.015503618019011378,-0.02900478334046009,0.9994590338636664));
#8422=DIRECTION('',(-0.8453661464884219,-0.534181964851692,-0.002388890642485471));
#8423=FACE_BOUND('',#8424,.T.);
#8424=EDGE_LOOP('',(#8425,#8426,#8427));
#8425=ORIENTED_EDGE('',*,*,#8428,.T.);
#8426=ORIENTED_EDGE('',*,*,#8429,.T.);
#8427=ORIENTED_EDGE('',*,*,#8430,.T.);
#8428=EDGE_CURVE('',#393,#415,#8431,.F.);
#8429=EDGE_CURVE('',#415,#421,#8432,.T.);
#8430=EDGE_CURVE('',#421,#393,#8433,.T.);
#8431=LINE('',#392,#8434);
#8432=LINE('',#414,#8435);
#8433=LINE('',#420,#8436);
#8434=VECTOR('',#8437,1.0);
#8435=VECTOR('',#8438,1.0);
#8436=VECTOR('',#8439,1.0);
#8437=DIRECTION('',(-0.8453661464884219,-0.534181964851692,-0.002388890642485471));
#8438=DIRECTION('',(0.8819182516739295,0.4714023731000935,0));
#8439=DIRECTION('',(0.8435664491044907,0.5370189943073297,0.0024991395288811386));
#8440=FACE_SURFACE('',(#8445),#8441,.T.);
#8441=PLANE('',#8442);
#8442=AXIS2_PLACEMENT_3D('',#422,#8443,#8444);
#8443=DIRECTION('',(-0.00149863446550898,-0.002803704782027775,0.9999949466543488));
#8444=DIRECTION('',(0.8819182516739295,-0.4714023731000935,0));
#8445=FACE_BOUND('',#8446,.T.);
#8446=EDGE_LOOP('',(#8447,#8448,#8449));
#8447=ORIENTED_EDGE('',*,*,#8450,.T.);
#8448=ORIENTED_EDGE('',*,*,#8451,.T.);
#8449=ORIENTED_EDGE('',*,*,#8452,.T.);
#8450=EDGE_CURVE('',#423,#419,#8453,.F.);
#8451=EDGE_CURVE('',#419,#393,#8454,.T.);
#8452=EDGE_CURVE('',#393,#423,#8455,.T.);
#8453=LINE('',#422,#8456);
#8454=LINE('',#418,#8457);
#8455=LINE('',#392,#8458);
#8456=VECTOR('',#8459,1.0);
#8457=VECTOR('',#8460,1.0);
#8458=VECTOR('',#8461,1.0);
#8459=DIRECTION('',(0.8819182516739295,-0.4714023731000935,0));
#8460=DIRECTION('',(0.7439014570360782,0.6682826430302831,0.0029885187064847885));
#8461=DIRECTION('',(-0.7770125578733803,-0.6294782790943588,-0.002929343863628881));
#8462=FACE_SURFACE('',(#8467),#8463,.T.);
#8463=PLANE('',#8464);
#8464=AXIS2_PLACEMENT_3D('',#424,#8465,#8466);
#8465=DIRECTION('',(-0.0010276111613567352,-0.0033851187991148692,0.9999937424734302));
#8466=DIRECTION('',(0.9569391071951827,-0.29028872716658694,6.994841668190836E-07));
#8467=FACE_BOUND('',#8468,.T.);
#8468=EDGE_LOOP('',(#8469,#8470,#8471));
#8469=ORIENTED_EDGE('',*,*,#8472,.T.);
#8470=ORIENTED_EDGE('',*,*,#8473,.T.);
#8471=ORIENTED_EDGE('',*,*,#8474,.T.);
#8472=EDGE_CURVE('',#425,#423,#8475,.F.);
#8473=EDGE_CURVE('',#423,#393,#8476,.T.);
#8474=EDGE_CURVE('',#393,#425,#8477,.T.);
#8475=LINE('',#424,#8478);
#8476=LINE('',#422,#8479);
#8477=LINE('',#392,#8480);
#8478=VECTOR('',#8481,1.0);
#8479=VECTOR('',#8482,1.0);
#8480=VECTOR('',#8483,1.0);
#8481=DIRECTION('',(0.9569391071951827,-0.29028872716658694,6.994841668190836E-07));
#8482=DIRECTION('',(0.7770125578733803,0.6294782790943588,0.002929343863628881));
#8483=DIRECTION('',(-0.8036867698950669,-0.5950458042724791,-0.0028401960059580796));
#8484=FACE_SURFACE('',(#8489),#8485,.T.);
#8485=PLANE('',#8486);
#8486=AXIS2_PLACEMENT_3D('',#392,#8487,#8488);
#8487=DIRECTION('',(0.0026952426067922333,-0.00888729828747067,0.9999568748683315));
#8488=DIRECTION('',(-0.8435664491044907,-0.5370189943073297,-0.0024991395288811386));
#8489=FACE_BOUND('',#8490,.T.);
#8490=EDGE_LOOP('',(#8491,#8492,#8493));
#8491=ORIENTED_EDGE('',*,*,#8494,.T.);
#8492=ORIENTED_EDGE('',*,*,#8495,.T.);
#8493=ORIENTED_EDGE('',*,*,#8496,.T.);
#8494=EDGE_CURVE('',#393,#421,#8497,.F.);
#8495=EDGE_CURVE('',#421,#427,#8498,.T.);
#8496=EDGE_CURVE('',#427,#393,#8499,.T.);
#8497=LINE('',#392,#8500);
#8498=LINE('',#420,#8501);
#8499=LINE('',#426,#8502);
#8500=VECTOR('',#8503,1.0);
#8501=VECTOR('',#8504,1.0);
#8502=VECTOR('',#8505,1.0);
#8503=DIRECTION('',(-0.8435664491044907,-0.5370189943073297,-0.0024991395288811386));
#8504=DIRECTION('',(0.9569391071951827,0.29028872716658694,6.994841668190836E-07));
#8505=DIRECTION('',(0.8364974398174904,0.5479645905297511,0.0026154740194023647));
#8506=FACE_SURFACE('',(#8511),#8507,.T.);
#8507=PLANE('',#8508);
#8508=AXIS2_PLACEMENT_3D('',#428,#8509,#8510);
#8509=DIRECTION('',(-0.0004147946560778609,-0.004212794314009611,0.9999910401145908));
#8510=DIRECTION('',(0.9951877072479346,-0.09798687331780334,0));
#8511=FACE_BOUND('',#8512,.T.);
#8512=EDGE_LOOP('',(#8513,#8514,#8515));
#8513=ORIENTED_EDGE('',*,*,#8516,.T.);
#8514=ORIENTED_EDGE('',*,*,#8517,.T.);
#8515=ORIENTED_EDGE('',*,*,#8518,.T.);
#8516=EDGE_CURVE('',#429,#425,#8519,.F.);
#8517=EDGE_CURVE('',#425,#393,#8520,.T.);
#8518=EDGE_CURVE('',#393,#429,#8521,.T.);
#8519=LINE('',#428,#8522);
#8520=LINE('',#424,#8523);
#8521=LINE('',#392,#8524);
#8522=VECTOR('',#8525,1.0);
#8523=VECTOR('',#8526,1.0);
#8524=VECTOR('',#8527,1.0);
#8525=DIRECTION('',(0.9951877072479346,-0.09798687331780334,0));
#8526=DIRECTION('',(0.8036867698950669,0.5950458042724791,0.0028401960059580796));
#8527=DIRECTION('',(-0.8234218377688961,-0.5674231341719216,-0.002732012409799461));
#8528=FACE_SURFACE('',(#8533),#8529,.T.);
#8529=PLANE('',#8530);
#8530=AXIS2_PLACEMENT_3D('',#392,#8531,#8532);
#8531=DIRECTION('',(0.0005530840218381649,-0.005617307716548835,0.9999840698491563));
#8532=DIRECTION('',(-0.8364974398174904,-0.5479645905297511,-0.0026154740194023647));
#8533=FACE_BOUND('',#8534,.T.);
#8534=EDGE_LOOP('',(#8535,#8536,#8537));
#8535=ORIENTED_EDGE('',*,*,#8538,.T.);
#8536=ORIENTED_EDGE('',*,*,#8539,.T.);
#8537=ORIENTED_EDGE('',*,*,#8540,.T.);
#8538=EDGE_CURVE('',#393,#427,#8541,.F.);
#8539=EDGE_CURVE('',#427,#429,#8542,.T.);
#8540=EDGE_CURVE('',#429,#393,#8543,.T.);
#8541=LINE('',#392,#8544);
#8542=LINE('',#426,#8545);
#8543=LINE('',#428,#8546);
#8544=VECTOR('',#8547,1.0);
#8545=VECTOR('',#8548,1.0);
#8546=VECTOR('',#8549,1.0);
#8547=DIRECTION('',(-0.8364974398174904,-0.5479645905297511,-0.0026154740194023647));
#8548=DIRECTION('',(0.9951877072479346,0.09798687331780334,0));
#8549=DIRECTION('',(0.8234218377688961,0.5674231341719216,0.002732012409799461));
#8550=FACE_SURFACE('',(#8555),#8551,.T.);
#8551=PLANE('',#8552);
#8552=AXIS2_PLACEMENT_3D('',#388,#8553,#8554);
#8553=DIRECTION('',(-0,1,0));
#8554=DIRECTION('',(0.999999999999981,0,1.9457648741184883E-07));
#8555=FACE_BOUND('',#8556,.T.);
#8556=EDGE_LOOP('',(#8557,#8558,#8559));
#8557=ORIENTED_EDGE('',*,*,#8560,.T.);
#8558=ORIENTED_EDGE('',*,*,#8561,.T.);
#8559=ORIENTED_EDGE('',*,*,#8562,.T.);
#8560=EDGE_CURVE('',#389,#393,#8563,.F.);
#8561=EDGE_CURVE('',#393,#431,#8564,.T.);
#8562=EDGE_CURVE('',#431,#389,#8565,.T.);
#8563=LINE('',#388,#8566);
#8564=LINE('',#392,#8567);
#8565=LINE('',#430,#8568);
#8566=VECTOR('',#8569,1.0);
#8567=VECTOR('',#8570,1.0);
#8568=VECTOR('',#8571,1.0);
#8569=DIRECTION('',(0.999999999999981,0,1.9457648741184883E-07));
#8570=DIRECTION('',(0,0,-1));
#8571=DIRECTION('',(-0.9977199025309434,0,0.06749071116564619));
#8572=FACE_SURFACE('',(#8577),#8573,.T.);
#8573=PLANE('',#8574);
#8574=AXIS2_PLACEMENT_3D('',#388,#8575,#8576);
#8575=DIRECTION('',(0,1,0));
#8576=DIRECTION('',(0.9977199025309434,0,-0.06749071116564619));
#8577=FACE_BOUND('',#8578,.T.);
#8578=EDGE_LOOP('',(#8579,#8580,#8581));
#8579=ORIENTED_EDGE('',*,*,#8582,.T.);
#8580=ORIENTED_EDGE('',*,*,#8583,.T.);
#8581=ORIENTED_EDGE('',*,*,#8584,.T.);
#8582=EDGE_CURVE('',#389,#431,#8585,.F.);
#8583=EDGE_CURVE('',#431,#433,#8586,.T.);
#8584=EDGE_CURVE('',#433,#389,#8587,.T.);
#8585=LINE('',#388,#8588);
#8586=LINE('',#430,#8589);
#8587=LINE('',#432,#8590);
#8588=VECTOR('',#8591,1.0);
#8589=VECTOR('',#8592,1.0);
#8590=VECTOR('',#8593,1.0);
#8591=DIRECTION('',(0.9977199025309434,0,-0.06749071116564619));
#8592=DIRECTION('',(-0.999999999999981,0,-1.9457648741184883E-07));
#8593=DIRECTION('',(0,0,1));
#8594=FACE_SURFACE('',(#8599),#8595,.T.);
#8595=PLANE('',#8596);
#8596=AXIS2_PLACEMENT_3D('',#434,#8597,#8598);
#8597=DIRECTION('',(-0.0019436687897302195,0.0023683909617937477,-0.9999953064269291));
#8598=DIRECTION('',(0.7730135650436792,0.6343894925504848,0));
#8599=FACE_BOUND('',#8600,.T.);
#8600=EDGE_LOOP('',(#8601,#8602,#8603));
#8601=ORIENTED_EDGE('',*,*,#8604,.T.);
#8602=ORIENTED_EDGE('',*,*,#8605,.T.);
#8603=ORIENTED_EDGE('',*,*,#8606,.T.);
#8604=EDGE_CURVE('',#435,#437,#8607,.F.);
#8605=EDGE_CURVE('',#437,#357,#8608,.T.);
#8606=EDGE_CURVE('',#357,#435,#8609,.T.);
#8607=LINE('',#434,#8610);
#8608=LINE('',#436,#8611);
#8609=LINE('',#356,#8612);
#8610=VECTOR('',#8613,1.0);
#8611=VECTOR('',#8614,1.0);
#8612=VECTOR('',#8615,1.0);
#8613=DIRECTION('',(0.7730135650436792,0.6343894925504848,0));
#8614=DIRECTION('',(0.7137919772161895,-0.7003511509008475,-0.0030460948214189733));
#8615=DIRECTION('',(-0.7518330937612776,0.6593465409672555,0.003022919096038593));
#8616=FACE_SURFACE('',(#8621),#8617,.T.);
#8617=PLANE('',#8618);
#8618=AXIS2_PLACEMENT_3D('',#354,#8619,#8620);
#8619=DIRECTION('',(0.001957808980615795,0.002385483467170747,-0.9999952382149743));
#8620=DIRECTION('',(0.7082677657066884,0.7059372090007687,0.0030706691551796337));
#8621=FACE_BOUND('',#8622,.T.);
#8622=EDGE_LOOP('',(#8623,#8624,#8625));
#8623=ORIENTED_EDGE('',*,*,#8626,.T.);
#8624=ORIENTED_EDGE('',*,*,#8627,.T.);
#8625=ORIENTED_EDGE('',*,*,#8628,.T.);
#8626=EDGE_CURVE('',#355,#439,#8629,.F.);
#8627=EDGE_CURVE('',#439,#441,#8630,.T.);
#8628=EDGE_CURVE('',#441,#355,#8631,.T.);
#8629=LINE('',#354,#8632);
#8630=LINE('',#438,#8633);
#8631=LINE('',#440,#8634);
#8632=VECTOR('',#8635,1.0);
#8633=VECTOR('',#8636,1.0);
#8634=VECTOR('',#8637,1.0);
#8635=DIRECTION('',(0.7082677657066884,0.7059372090007687,0.0030706691551796337));
#8636=DIRECTION('',(0.7729956281507323,-0.6344113483063295,0));
#8637=DIRECTION('',(-0.7469702744558538,-0.6648504464597189,-0.0030484293757188177));
#8638=FACE_SURFACE('',(#8643),#8639,.T.);
#8639=PLANE('',#8640);
#8640=AXIS2_PLACEMENT_3D('',#354,#8641,#8642);
#8641=DIRECTION('',(0.0015312450441702082,0.002864732621162908,-0.9999947242838954));
#8642=DIRECTION('',(0.7469702744558538,0.6648504464597189,0.0030484293757188177));
#8643=FACE_BOUND('',#8644,.T.);
#8644=EDGE_LOOP('',(#8645,#8646,#8647));
#8645=ORIENTED_EDGE('',*,*,#8648,.T.);
#8646=ORIENTED_EDGE('',*,*,#8649,.T.);
#8647=ORIENTED_EDGE('',*,*,#8650,.T.);
#8648=EDGE_CURVE('',#355,#441,#8651,.F.);
#8649=EDGE_CURVE('',#441,#443,#8652,.T.);
#8650=EDGE_CURVE('',#443,#355,#8653,.T.);
#8651=LINE('',#354,#8654);
#8652=LINE('',#440,#8655);
#8653=LINE('',#442,#8656);
#8654=VECTOR('',#8657,1.0);
#8655=VECTOR('',#8658,1.0);
#8656=VECTOR('',#8659,1.0);
#8657=DIRECTION('',(0.7469702744558538,0.6648504464597189,0.0030484293757188177));
#8658=DIRECTION('',(0.8819195292874702,-0.4713999828822303,0));
#8659=DIRECTION('',(-0.7806088335393485,-0.6250127470041648,-0.0029858135650827956));
#8660=FACE_SURFACE('',(#8665),#8661,.T.);
#8661=PLANE('',#8662);
#8662=AXIS2_PLACEMENT_3D('',#434,#8663,#8664);
#8663=DIRECTION('',(1.9457444228084327E-07,0.004584893410036448,-0.9999894893209531));
#8664=DIRECTION('',(0.7518330937612776,-0.6593465409672555,-0.003022919096038593));
#8665=FACE_BOUND('',#8666,.T.);
#8666=EDGE_LOOP('',(#8667,#8668,#8669));
#8667=ORIENTED_EDGE('',*,*,#8670,.T.);
#8668=ORIENTED_EDGE('',*,*,#8671,.T.);
#8669=ORIENTED_EDGE('',*,*,#8672,.T.);
#8670=EDGE_CURVE('',#435,#357,#8673,.F.);
#8671=EDGE_CURVE('',#357,#355,#8674,.T.);
#8672=EDGE_CURVE('',#355,#435,#8675,.T.);
#8673=LINE('',#434,#8676);
#8674=LINE('',#356,#8677);
#8675=LINE('',#354,#8678);
#8676=VECTOR('',#8679,1.0);
#8677=VECTOR('',#8680,1.0);
#8678=VECTOR('',#8681,1.0);
#8679=DIRECTION('',(0.7518330937612776,-0.6593465409672555,-0.003022919096038593));
#8680=DIRECTION('',(-0.999999999999981,0,-1.9457648741184883E-07));
#8681=DIRECTION('',(0.8490249310829203,0.5283472318256787,0.0024226064031993622));
#8682=FACE_SURFACE('',(#8687),#8683,.T.);
#8683=PLANE('',#8684);
#8684=AXIS2_PLACEMENT_3D('',#444,#8685,#8686);
#8685=DIRECTION('',(-0.01736272726851608,0.03248309040270362,-0.9993214620629784));
#8686=DIRECTION('',(0.8819195292874702,0.4713999828822303,0));
#8687=FACE_BOUND('',#8688,.T.);
#8688=EDGE_LOOP('',(#8689,#8690,#8691));
#8689=ORIENTED_EDGE('',*,*,#8692,.T.);
#8690=ORIENTED_EDGE('',*,*,#8693,.T.);
#8691=ORIENTED_EDGE('',*,*,#8694,.T.);
#8692=EDGE_CURVE('',#445,#435,#8695,.F.);
#8693=EDGE_CURVE('',#435,#355,#8696,.T.);
#8694=EDGE_CURVE('',#355,#445,#8697,.T.);
#8695=LINE('',#444,#8698);
#8696=LINE('',#434,#8699);
#8697=LINE('',#354,#8700);
#8698=VECTOR('',#8701,1.0);
#8699=VECTOR('',#8702,1.0);
#8700=VECTOR('',#8703,1.0);
#8701=DIRECTION('',(0.8819195292874702,0.4713999828822303,0));
#8702=DIRECTION('',(-0.8490249310829203,-0.5283472318256787,-0.0024226064031993622));
#8703=DIRECTION('',(0.847382007610979,0.5309776817916196,0.0025366545654138817));
#8704=FACE_SURFACE('',(#8709),#8705,.T.);
#8705=PLANE('',#8706);
#8706=AXIS2_PLACEMENT_3D('',#354,#8707,#8708);
#8707=DIRECTION('',(0.0010515020364005364,0.0034639009105805287,-0.9999934478455091));
#8708=DIRECTION('',(0.7806088335393485,0.6250127470041648,0.0029858135650827956));
#8709=FACE_BOUND('',#8710,.T.);
#8710=EDGE_LOOP('',(#8711,#8712,#8713));
#8711=ORIENTED_EDGE('',*,*,#8714,.T.);
#8712=ORIENTED_EDGE('',*,*,#8715,.T.);
#8713=ORIENTED_EDGE('',*,*,#8716,.T.);
#8714=EDGE_CURVE('',#355,#443,#8717,.F.);
#8715=EDGE_CURVE('',#443,#447,#8718,.T.);
#8716=EDGE_CURVE('',#447,#355,#8719,.T.);
#8717=LINE('',#354,#8720);
#8718=LINE('',#442,#8721);
#8719=LINE('',#446,#8722);
#8720=VECTOR('',#8723,1.0);
#8721=VECTOR('',#8724,1.0);
#8722=VECTOR('',#8725,1.0);
#8723=DIRECTION('',(0.7806088335393485,0.6250127470041648,0.0029858135650827956));
#8724=DIRECTION('',(0.956939453533329,-0.29028758545767797,6.963570678771547E-07));
#8725=DIRECTION('',(-0.8075702571612506,-0.5897642882576637,-0.0028920657743269095));
#8726=FACE_SURFACE('',(#8731),#8727,.T.);
#8727=PLANE('',#8728);
#8728=AXIS2_PLACEMENT_3D('',#354,#8729,#8730);
#8729=DIRECTION('',(0.00042545659023973957,0.004321137231504729,-0.9999905733354272));
#8730=DIRECTION('',(0.8075702571612506,0.5897642882576637,0.0028920657743269095));
#8731=FACE_BOUND('',#8732,.T.);
#8732=EDGE_LOOP('',(#8733,#8734,#8735));
#8733=ORIENTED_EDGE('',*,*,#8736,.T.);
#8734=ORIENTED_EDGE('',*,*,#8737,.T.);
#8735=ORIENTED_EDGE('',*,*,#8738,.T.);
#8736=EDGE_CURVE('',#355,#447,#8739,.F.);
#8737=EDGE_CURVE('',#447,#449,#8740,.T.);
#8738=EDGE_CURVE('',#449,#355,#8741,.T.);
#8739=LINE('',#354,#8742);
#8740=LINE('',#446,#8743);
#8741=LINE('',#448,#8744);
#8742=VECTOR('',#8745,1.0);
#8743=VECTOR('',#8746,1.0);
#8744=VECTOR('',#8747,1.0);
#8745=DIRECTION('',(0.8075702571612506,0.5897642882576637,0.0028920657743269095));
#8746=DIRECTION('',(0.9951878326729656,-0.09798559945055824,0));
#8747=DIRECTION('',(-0.8273959543157013,-0.5616121551143519,-0.0027788504499226376));
#8748=FACE_SURFACE('',(#8753),#8749,.T.);
#8749=PLANE('',#8750);
#8750=AXIS2_PLACEMENT_3D('',#450,#8751,#8752);
#8751=DIRECTION('',(-0.0028078600074388053,0.009258140350285882,-0.9999532002846098));
#8752=DIRECTION('',(0.9569356977833697,0.2902999660822754,6.963867671680477E-07));
#8753=FACE_BOUND('',#8754,.T.);
#8754=EDGE_LOOP('',(#8755,#8756,#8757));
#8755=ORIENTED_EDGE('',*,*,#8758,.T.);
#8756=ORIENTED_EDGE('',*,*,#8759,.T.);
#8757=ORIENTED_EDGE('',*,*,#8760,.T.);
#8758=EDGE_CURVE('',#451,#445,#8761,.F.);
#8759=EDGE_CURVE('',#445,#355,#8762,.T.);
#8760=EDGE_CURVE('',#355,#451,#8763,.T.);
#8761=LINE('',#450,#8764);
#8762=LINE('',#444,#8765);
#8763=LINE('',#354,#8766);
#8764=VECTOR('',#8767,1.0);
#8765=VECTOR('',#8768,1.0);
#8766=VECTOR('',#8769,1.0);
#8767=DIRECTION('',(0.9569356977833697,0.2902999660822754,6.963867671680477E-07));
#8768=DIRECTION('',(-0.847382007610979,-0.5309776817916196,-0.0025366545654138817));
#8769=DIRECTION('',(0.8404309978629575,0.5419120556003945,0.002657409646364217));
#8770=FACE_SURFACE('',(#8775),#8771,.T.);
#8771=PLANE('',#8772);
#8772=AXIS2_PLACEMENT_3D('',#354,#8773,#8774);
#8773=DIRECTION('',(-0.0005697939558673666,0.005787354575628063,-0.9999830907879712));
#8774=DIRECTION('',(0.8273959543157013,0.5616121551143519,0.0027788504499226376));
#8775=FACE_BOUND('',#8776,.T.);
#8776=EDGE_LOOP('',(#8777,#8778,#8779));
#8777=ORIENTED_EDGE('',*,*,#8780,.T.);
#8778=ORIENTED_EDGE('',*,*,#8781,.T.);
#8779=ORIENTED_EDGE('',*,*,#8782,.T.);
#8780=EDGE_CURVE('',#355,#449,#8783,.F.);
#8781=EDGE_CURVE('',#449,#451,#8784,.T.);
#8782=EDGE_CURVE('',#451,#355,#8785,.T.);
#8783=LINE('',#354,#8786);
#8784=LINE('',#448,#8787);
#8785=LINE('',#450,#8788);
#8786=VECTOR('',#8789,1.0);
#8787=VECTOR('',#8790,1.0);
#8788=VECTOR('',#8791,1.0);
#8789=DIRECTION('',(0.8273959543157013,0.5616121551143519,0.0027788504499226376));
#8790=DIRECTION('',(0.9951882605622375,0.09798125350855706,0));
#8791=DIRECTION('',(-0.8404309978629575,-0.5419120556003945,-0.002657409646364217));
#8792=FACE_SURFACE('',(#8797),#8793,.T.);
#8793=PLANE('',#8794);
#8794=AXIS2_PLACEMENT_3D('',#452,#8795,#8796);
#8795=DIRECTION('',(0.002384772654984411,0.0019571102430066293,-0.9999952412781178));
#8796=DIRECTION('',(0.6343890043631748,-0.7730139656843853,0));
#8797=FACE_BOUND('',#8798,.T.);
#8798=EDGE_LOOP('',(#8799,#8800,#8801));
#8799=ORIENTED_EDGE('',*,*,#8802,.T.);
#8800=ORIENTED_EDGE('',*,*,#8803,.T.);
#8801=ORIENTED_EDGE('',*,*,#8804,.T.);
#8802=EDGE_CURVE('',#453,#439,#8805,.F.);
#8803=EDGE_CURVE('',#439,#355,#8806,.T.);
#8804=EDGE_CURVE('',#355,#453,#8807,.T.);
#8805=LINE('',#452,#8808);
#8806=LINE('',#438,#8809);
#8807=LINE('',#354,#8810);
#8808=VECTOR('',#8811,1.0);
#8809=VECTOR('',#8812,1.0);
#8810=VECTOR('',#8813,1.0);
#8811=DIRECTION('',(0.6343890043631748,-0.7730139656843853,0));
#8812=DIRECTION('',(-0.7082677657066884,-0.7059372090007687,-0.0030706691551796337));
#8813=DIRECTION('',(0.6672876206813475,0.7447938875692323,0.0030489875263846203));
#8814=FACE_SURFACE('',(#8819),#8815,.T.);
#8815=PLANE('',#8816);
#8816=AXIS2_PLACEMENT_3D('',#356,#8817,#8818);
#8817=DIRECTION('',(-0.0023639620954933487,0.0019400316510253225,-0.9999953239692694));
#8818=DIRECTION('',(-0.7137919772161895,0.7003511509008475,0.0030460948214189733));
#8819=FACE_BOUND('',#8820,.T.);
#8820=EDGE_LOOP('',(#8821,#8822,#8823));
#8821=ORIENTED_EDGE('',*,*,#8824,.T.);
#8822=ORIENTED_EDGE('',*,*,#8825,.T.);
#8823=ORIENTED_EDGE('',*,*,#8826,.T.);
#8824=EDGE_CURVE('',#357,#437,#8827,.F.);
#8825=EDGE_CURVE('',#437,#455,#8828,.T.);
#8826=EDGE_CURVE('',#455,#357,#8829,.T.);
#8827=LINE('',#356,#8830);
#8828=LINE('',#436,#8831);
#8829=LINE('',#454,#8832);
#8830=VECTOR('',#8833,1.0);
#8831=VECTOR('',#8834,1.0);
#8832=VECTOR('',#8835,1.0);
#8833=DIRECTION('',(-0.7137919772161895,0.7003511509008475,0.0030460948214189733));
#8834=DIRECTION('',(0.6343890043631748,0.7730139656843853,0));
#8835=DIRECTION('',(0.6733979080651094,-0.7392740358173165,-0.0030261163083301077));
#8836=FACE_SURFACE('',(#8841),#8837,.T.);
#8837=PLANE('',#8838);
#8838=AXIS2_PLACEMENT_3D('',#356,#8839,#8840);
#8839=DIRECTION('',(-0.0028320705789319873,0.001513633982137504,-0.9999948441309104));
#8840=DIRECTION('',(-0.6733979080651094,0.7392740358173165,0.0030261163083301077));
#8841=FACE_BOUND('',#8842,.T.);
#8842=EDGE_LOOP('',(#8843,#8844,#8845));
#8843=ORIENTED_EDGE('',*,*,#8846,.T.);
#8844=ORIENTED_EDGE('',*,*,#8847,.T.);
#8845=ORIENTED_EDGE('',*,*,#8848,.T.);
#8846=EDGE_CURVE('',#357,#455,#8849,.F.);
#8847=EDGE_CURVE('',#455,#457,#8850,.T.);
#8848=EDGE_CURVE('',#457,#357,#8851,.T.);
#8849=LINE('',#356,#8852);
#8850=LINE('',#454,#8853);
#8851=LINE('',#456,#8854);
#8852=VECTOR('',#8855,1.0);
#8853=VECTOR('',#8856,1.0);
#8854=VECTOR('',#8857,1.0);
#8855=DIRECTION('',(-0.6733979080651094,0.7392740358173165,0.0030261163083301077));
#8856=DIRECTION('',(0.4713630012787236,0.8819392955444916,0));
#8857=DIRECTION('',(0.6340460063381221,-0.7732896376949626,-0.002966155807000454));
#8858=FACE_SURFACE('',(#8863),#8859,.T.);
#8859=PLANE('',#8860);
#8860=AXIS2_PLACEMENT_3D('',#452,#8861,#8862);
#8861=DIRECTION('',(0.004569177674332783,0,-0.9999895612532065));
#8862=DIRECTION('',(-0.6672876206813475,-0.7447938875692323,-0.0030489875263846203));
#8863=FACE_BOUND('',#8864,.T.);
#8864=EDGE_LOOP('',(#8865,#8866,#8867));
#8865=ORIENTED_EDGE('',*,*,#8868,.T.);
#8866=ORIENTED_EDGE('',*,*,#8869,.T.);
#8867=ORIENTED_EDGE('',*,*,#8870,.T.);
#8868=EDGE_CURVE('',#453,#355,#8871,.F.);
#8869=EDGE_CURVE('',#355,#433,#8872,.T.);
#8870=EDGE_CURVE('',#433,#453,#8873,.T.);
#8871=LINE('',#452,#8874);
#8872=LINE('',#354,#8875);
#8873=LINE('',#432,#8876);
#8874=VECTOR('',#8877,1.0);
#8875=VECTOR('',#8878,1.0);
#8876=VECTOR('',#8879,1.0);
#8877=DIRECTION('',(-0.6672876206813475,-0.7447938875692323,-0.0030489875263846203));
#8878=DIRECTION('',(0,1,0));
#8879=DIRECTION('',(0.5249079700395892,-0.851155608897058,0.002398422814312695));
#8880=FACE_SURFACE('',(#8885),#8881,.T.);
#8881=PLANE('',#8882);
#8882=AXIS2_PLACEMENT_3D('',#458,#8883,#8884);
#8883=DIRECTION('',(0.03425950897779917,0.018312135508451753,-0.9992451910005473));
#8884=DIRECTION('',(0.4713976668011212,-0.8819207672656648,0));
#8885=FACE_BOUND('',#8886,.T.);
#8886=EDGE_LOOP('',(#8887,#8888,#8889));
#8887=ORIENTED_EDGE('',*,*,#8890,.T.);
#8888=ORIENTED_EDGE('',*,*,#8891,.T.);
#8889=ORIENTED_EDGE('',*,*,#8892,.T.);
#8890=EDGE_CURVE('',#459,#453,#8893,.F.);
#8891=EDGE_CURVE('',#453,#433,#8894,.T.);
#8892=EDGE_CURVE('',#433,#459,#8895,.T.);
#8893=LINE('',#458,#8896);
#8894=LINE('',#452,#8897);
#8895=LINE('',#432,#8898);
#8896=VECTOR('',#8899,1.0);
#8897=VECTOR('',#8900,1.0);
#8898=VECTOR('',#8901,1.0);
#8899=DIRECTION('',(0.4713976668011212,-0.8819207672656648,0));
#8900=DIRECTION('',(-0.5249079700395892,0.851155608897058,-0.002398422814312695));
#8901=DIRECTION('',(0.5273575741611309,-0.8496397400840319,0.002510188205346855));
#8902=FACE_SURFACE('',(#8907),#8903,.T.);
#8903=PLANE('',#8904);
#8904=AXIS2_PLACEMENT_3D('',#430,#8905,#8906);
#8905=DIRECTION('',(-0.004678088531015029,-0,-0.9999890576839808));
#8906=DIRECTION('',(0,-1,0));
#8907=FACE_BOUND('',#8908,.T.);
#8908=EDGE_LOOP('',(#8909,#8910,#8911));
#8909=ORIENTED_EDGE('',*,*,#8912,.T.);
#8910=ORIENTED_EDGE('',*,*,#8913,.T.);
#8911=ORIENTED_EDGE('',*,*,#8914,.T.);
#8912=EDGE_CURVE('',#431,#357,#8915,.F.);
#8913=EDGE_CURVE('',#357,#457,#8916,.T.);
#8914=EDGE_CURVE('',#457,#431,#8917,.T.);
#8915=LINE('',#430,#8918);
#8916=LINE('',#356,#8919);
#8917=LINE('',#456,#8920);
#8918=VECTOR('',#8921,1.0);
#8919=VECTOR('',#8922,1.0);
#8920=VECTOR('',#8923,1.0);
#8921=DIRECTION('',(0,-1,0));
#8922=DIRECTION('',(-0.6340460063381221,0.7732896376949626,0.002966155807000454));
#8923=DIRECTION('',(0.5339309001583042,0.8455244259242645,-0.0024978033521387264));
#8924=FACE_SURFACE('',(#8929),#8925,.T.);
#8925=PLANE('',#8926);
#8926=AXIS2_PLACEMENT_3D('',#430,#8927,#8928);
#8927=DIRECTION('',(-0.009003544993207071,0.002731533260867834,-0.9999557364721701));
#8928=DIRECTION('',(-0.5339309001583042,-0.8455244259242645,0.0024978033521387264));
#8929=FACE_BOUND('',#8930,.T.);
#8930=EDGE_LOOP('',(#8931,#8932,#8933));
#8931=ORIENTED_EDGE('',*,*,#8934,.T.);
#8932=ORIENTED_EDGE('',*,*,#8935,.T.);
#8933=ORIENTED_EDGE('',*,*,#8936,.T.);
#8934=EDGE_CURVE('',#431,#457,#8937,.F.);
#8935=EDGE_CURVE('',#457,#461,#8938,.T.);
#8936=EDGE_CURVE('',#461,#431,#8939,.T.);
#8937=LINE('',#430,#8940);
#8938=LINE('',#456,#8941);
#8939=LINE('',#460,#8942);
#8940=VECTOR('',#8943,1.0);
#8941=VECTOR('',#8944,1.0);
#8942=VECTOR('',#8945,1.0);
#8943=DIRECTION('',(-0.5339309001583042,-0.8455244259242645,0.0024978033521387264));
#8944=DIRECTION('',(0.2903175491745124,0.9569303635277253,0));
#8945=DIRECTION('',(0.5448042528744097,0.8385591745493933,-0.002614733064067516));
#8946=FACE_SURFACE('',(#8951),#8947,.T.);
#8947=PLANE('',#8948);
#8948=AXIS2_PLACEMENT_3D('',#462,#8949,#8950);
#8949=DIRECTION('',(0.009310681219842394,0.0028247135381147172,-0.9999526649840231));
#8950=DIRECTION('',(0.2903175491745124,-0.9569303635277253,0));
#8951=FACE_BOUND('',#8952,.T.);
#8952=EDGE_LOOP('',(#8953,#8954,#8955));
#8953=ORIENTED_EDGE('',*,*,#8956,.T.);
#8954=ORIENTED_EDGE('',*,*,#8957,.T.);
#8955=ORIENTED_EDGE('',*,*,#8958,.T.);
#8956=EDGE_CURVE('',#463,#459,#8959,.F.);
#8957=EDGE_CURVE('',#459,#433,#8960,.T.);
#8958=EDGE_CURVE('',#433,#463,#8961,.T.);
#8959=LINE('',#462,#8962);
#8960=LINE('',#458,#8963);
#8961=LINE('',#432,#8964);
#8962=VECTOR('',#8965,1.0);
#8963=VECTOR('',#8966,1.0);
#8964=VECTOR('',#8967,1.0);
#8965=DIRECTION('',(0.2903175491745124,-0.9569303635277253,0));
#8966=DIRECTION('',(-0.5273575741611309,0.8496397400840319,-0.002510188205346855));
#8967=DIRECTION('',(0.5380327294177419,-0.842919849512819,0.0026285685423197815));
#8968=FACE_SURFACE('',(#8973),#8969,.T.);
#8969=PLANE('',#8970);
#8970=AXIS2_PLACEMENT_3D('',#464,#8971,#8972);
#8971=DIRECTION('',(0.005776715033119734,0.0005689004693309431,-0.9999831528159273));
#8972=DIRECTION('',(0.0980075342213991,-0.9951856727444589,0));
#8973=FACE_BOUND('',#8974,.T.);
#8974=EDGE_LOOP('',(#8975,#8976,#8977));
#8975=ORIENTED_EDGE('',*,*,#8978,.T.);
#8976=ORIENTED_EDGE('',*,*,#8979,.T.);
#8977=ORIENTED_EDGE('',*,*,#8980,.T.);
#8978=EDGE_CURVE('',#465,#463,#8981,.F.);
#8979=EDGE_CURVE('',#463,#433,#8982,.T.);
#8980=EDGE_CURVE('',#433,#465,#8983,.T.);
#8981=LINE('',#464,#8984);
#8982=LINE('',#462,#8985);
#8983=LINE('',#432,#8986);
#8984=VECTOR('',#8987,1.0);
#8985=VECTOR('',#8988,1.0);
#8986=VECTOR('',#8989,1.0);
#8987=DIRECTION('',(0.0980075342213991,-0.9951856727444589,0));
#8988=DIRECTION('',(-0.5380327294177419,0.842919849512819,-0.0026285685423197815));
#8989=DIRECTION('',(0.5573967196901602,-0.8302417402988608,0.002747643384385477));
#8990=FACE_SURFACE('',(#8995),#8991,.T.);
#8991=PLANE('',#8992);
#8992=AXIS2_PLACEMENT_3D('',#430,#8993,#8994);
#8993=DIRECTION('',(-0.005656791187411295,0.0005570901702740659,-0.9999838450515109));
#8994=DIRECTION('',(-0.5448042528744097,-0.8385591745493933,0.002614733064067516));
#8995=FACE_BOUND('',#8996,.T.);
#8996=EDGE_LOOP('',(#8997,#8998,#8999));
#8997=ORIENTED_EDGE('',*,*,#9000,.T.);
#8998=ORIENTED_EDGE('',*,*,#9001,.T.);
#8999=ORIENTED_EDGE('',*,*,#9002,.T.);
#9000=EDGE_CURVE('',#431,#461,#9003,.F.);
#9001=EDGE_CURVE('',#461,#467,#9004,.T.);
#9002=EDGE_CURVE('',#467,#431,#9005,.T.);
#9003=LINE('',#430,#9006);
#9004=LINE('',#460,#9007);
#9005=LINE('',#466,#9008);
#9006=VECTOR('',#9009,1.0);
#9007=VECTOR('',#9010,1.0);
#9008=VECTOR('',#9011,1.0);
#9009=DIRECTION('',(-0.5448042528744097,-0.8385591745493933,0.002614733064067516));
#9010=DIRECTION('',(0.0980075342213991,0.9951856727444589,0));
#9011=DIRECTION('',(0.56425928223608,0.8255931192330171,-0.0027320112592986267));
#9012=FACE_SURFACE('',(#9017),#9013,.T.);
#9013=PLANE('',#9014);
#9014=AXIS2_PLACEMENT_3D('',#430,#9015,#9016);
#9015=DIRECTION('',(-0.00423194406180206,-0.00041675836542716903,-0.9999909584400865));
#9016=DIRECTION('',(-0.56425928223608,-0.8255931192330171,0.0027320112592986267));
#9017=FACE_BOUND('',#9018,.T.);
#9018=EDGE_LOOP('',(#9019,#9020,#9021));
#9019=ORIENTED_EDGE('',*,*,#9022,.T.);
#9020=ORIENTED_EDGE('',*,*,#9023,.T.);
#9021=ORIENTED_EDGE('',*,*,#9024,.T.);
#9022=EDGE_CURVE('',#431,#467,#9025,.F.);
#9023=EDGE_CURVE('',#467,#469,#9026,.T.);
#9024=EDGE_CURVE('',#469,#431,#9027,.T.);
#9025=LINE('',#430,#9028);
#9026=LINE('',#466,#9029);
#9027=LINE('',#468,#9030);
#9028=VECTOR('',#9031,1.0);
#9029=VECTOR('',#9032,1.0);
#9030=VECTOR('',#9033,1.0);
#9031=DIRECTION('',(-0.56425928223608,-0.8255931192330171,0.0027320112592986267));
#9032=DIRECTION('',(-0.09800508904860228,0.995185913546095,0));
#9033=DIRECTION('',(0.5919674682507274,0.8059568504274245,-0.0028410881595014423));
#9034=FACE_SURFACE('',(#9039),#9035,.T.);
#9035=PLANE('',#9036);
#9036=AXIS2_PLACEMENT_3D('',#470,#9037,#9038);
#9037=DIRECTION('',(0.004298806723957732,-0.0004233429453226417,-0.9999906704772303));
#9038=DIRECTION('',(-0.09800508904860228,-0.995185913546095,0));
#9039=FACE_BOUND('',#9040,.T.);
#9040=EDGE_LOOP('',(#9041,#9042,#9043));
#9041=ORIENTED_EDGE('',*,*,#9044,.T.);
#9042=ORIENTED_EDGE('',*,*,#9045,.T.);
#9043=ORIENTED_EDGE('',*,*,#9046,.T.);
#9044=EDGE_CURVE('',#471,#465,#9047,.F.);
#9045=EDGE_CURVE('',#465,#433,#9048,.T.);
#9046=EDGE_CURVE('',#433,#471,#9049,.T.);
#9047=LINE('',#470,#9050);
#9048=LINE('',#464,#9051);
#9049=LINE('',#432,#9052);
#9050=VECTOR('',#9053,1.0);
#9051=VECTOR('',#9054,1.0);
#9052=VECTOR('',#9055,1.0);
#9053=DIRECTION('',(-0.09800508904860228,-0.995185913546095,0));
#9054=DIRECTION('',(-0.5573967196901602,0.8302417402988608,-0.002747643384385477));
#9055=DIRECTION('',(0.5851610851811111,-0.810912036886022,0.002858814969047223));
#9056=FACE_SURFACE('',(#9061),#9057,.T.);
#9057=PLANE('',#9058);
#9058=AXIS2_PLACEMENT_3D('',#472,#9059,#9060);
#9059=DIRECTION('',(0.0034394534655826947,-0.0010434697502383734,-0.9999935406445076));
#9060=DIRECTION('',(-0.29031600147386954,-0.9569308330742741,0));
#9061=FACE_BOUND('',#9062,.T.);
#9062=EDGE_LOOP('',(#9063,#9064,#9065));
#9063=ORIENTED_EDGE('',*,*,#9066,.T.);
#9064=ORIENTED_EDGE('',*,*,#9067,.T.);
#9065=ORIENTED_EDGE('',*,*,#9068,.T.);
#9066=EDGE_CURVE('',#473,#471,#9069,.F.);
#9067=EDGE_CURVE('',#471,#433,#9070,.T.);
#9068=EDGE_CURVE('',#433,#473,#9071,.T.);
#9069=LINE('',#472,#9072);
#9070=LINE('',#470,#9073);
#9071=LINE('',#432,#9074);
#9072=VECTOR('',#9075,1.0);
#9073=VECTOR('',#9076,1.0);
#9074=VECTOR('',#9077,1.0);
#9075=DIRECTION('',(-0.29031600147386954,-0.9569308330742741,0));
#9076=DIRECTION('',(-0.5851610851811111,0.810912036886022,-0.002858814969047223));
#9077=DIRECTION('',(0.6200104744179662,-0.7845879823010087,0.0029512100637810418));
#9078=FACE_SURFACE('',(#9083),#9079,.T.);
#9079=PLANE('',#9080);
#9080=AXIS2_PLACEMENT_3D('',#430,#9081,#9082);
#9081=DIRECTION('',(-0.003396456785141459,-0.0010304253128444532,-0.9999937011326527));
#9082=DIRECTION('',(-0.5919674682507274,-0.8059568504274245,0.0028410881595014423));
#9083=FACE_BOUND('',#9084,.T.);
#9084=EDGE_LOOP('',(#9085,#9086,#9087));
#9085=ORIENTED_EDGE('',*,*,#9088,.T.);
#9086=ORIENTED_EDGE('',*,*,#9089,.T.);
#9087=ORIENTED_EDGE('',*,*,#9090,.T.);
#9088=EDGE_CURVE('',#431,#469,#9091,.F.);
#9089=EDGE_CURVE('',#469,#475,#9092,.T.);
#9090=EDGE_CURVE('',#475,#431,#9093,.T.);
#9091=LINE('',#430,#9094);
#9092=LINE('',#468,#9095);
#9093=LINE('',#474,#9096);
#9094=VECTOR('',#9097,1.0);
#9095=VECTOR('',#9098,1.0);
#9096=VECTOR('',#9099,1.0);
#9097=DIRECTION('',(-0.5919674682507274,-0.8059568504274245,0.0028410881595014423));
#9098=DIRECTION('',(-0.29031600147386954,0.9569308330742741,0));
#9099=DIRECTION('',(0.6265824561025553,0.7793496221433182,-0.002931240276186022));
#9100=FACE_SURFACE('',(#9105),#9101,.T.);
#9101=PLANE('',#9102);
#9102=AXIS2_PLACEMENT_3D('',#430,#9103,#9104);
#9103=DIRECTION('',(-0.002810070548419258,-0.0015018734309863798,-0.9999949239269719));
#9104=DIRECTION('',(-0.6265824561025553,-0.7793496221433182,0.002931240276186022));
#9105=FACE_BOUND('',#9106,.T.);
#9106=EDGE_LOOP('',(#9107,#9108,#9109));
#9107=ORIENTED_EDGE('',*,*,#9110,.T.);
#9108=ORIENTED_EDGE('',*,*,#9111,.T.);
#9109=ORIENTED_EDGE('',*,*,#9112,.T.);
#9110=EDGE_CURVE('',#431,#475,#9113,.F.);
#9111=EDGE_CURVE('',#475,#477,#9114,.T.);
#9112=EDGE_CURVE('',#477,#431,#9115,.T.);
#9113=LINE('',#430,#9116);
#9114=LINE('',#474,#9117);
#9115=LINE('',#476,#9118);
#9116=VECTOR('',#9119,1.0);
#9117=VECTOR('',#9120,1.0);
#9118=VECTOR('',#9121,1.0);
#9119=DIRECTION('',(-0.6265824561025553,-0.7793496221433182,0.002931240276186022));
#9120=DIRECTION('',(-0.47136242227974645,0.8819396049971733,0));
#9121=DIRECTION('',(0.6656582970739311,0.7462506840501771,-0.002991336035388911));
#9122=FACE_SURFACE('',(#9127),#9123,.T.);
#9123=PLANE('',#9124);
#9124=AXIS2_PLACEMENT_3D('',#478,#9125,#9126);
#9125=DIRECTION('',(0.002839374822928113,-0.0015176789147352042,-0.999994817287233));
#9126=DIRECTION('',(-0.47139708778389205,-0.8819210767573624,0));
#9127=FACE_BOUND('',#9128,.T.);
#9128=EDGE_LOOP('',(#9129,#9130,#9131));
#9129=ORIENTED_EDGE('',*,*,#9132,.T.);
#9130=ORIENTED_EDGE('',*,*,#9133,.T.);
#9131=ORIENTED_EDGE('',*,*,#9134,.T.);
#9132=EDGE_CURVE('',#479,#473,#9135,.F.);
#9133=EDGE_CURVE('',#473,#433,#9136,.T.);
#9134=EDGE_CURVE('',#433,#479,#9137,.T.);
#9135=LINE('',#478,#9138);
#9136=LINE('',#472,#9139);
#9137=LINE('',#432,#9140);
#9138=VECTOR('',#9141,1.0);
#9139=VECTOR('',#9142,1.0);
#9140=VECTOR('',#9143,1.0);
#9141=DIRECTION('',(-0.47139708778389205,-0.8819210767573624,0));
#9142=DIRECTION('',(-0.6200104744179662,0.7845879823010087,-0.0029512100637810418));
#9143=DIRECTION('',(0.6595052849948937,-0.7516938860425838,0.0030134282807179505));
#9144=FACE_SURFACE('',(#9149),#9145,.T.);
#9145=PLANE('',#9146);
#9146=AXIS2_PLACEMENT_3D('',#480,#9147,#9148);
#9147=DIRECTION('',(0.002360872287190901,-0.0019374994303762738,-0.9999953361781247));
#9148=DIRECTION('',(-0.6343896873652202,-0.7730134051649157,0));
#9149=FACE_BOUND('',#9150,.T.);
#9150=EDGE_LOOP('',(#9151,#9152,#9153));
#9151=ORIENTED_EDGE('',*,*,#9154,.T.);
#9152=ORIENTED_EDGE('',*,*,#9155,.T.);
#9153=ORIENTED_EDGE('',*,*,#9156,.T.);
#9154=EDGE_CURVE('',#481,#479,#9157,.F.);
#9155=EDGE_CURVE('',#479,#433,#9158,.T.);
#9156=EDGE_CURVE('',#433,#481,#9159,.T.);
#9157=LINE('',#480,#9160);
#9158=LINE('',#478,#9161);
#9159=LINE('',#432,#9162);
#9160=VECTOR('',#9163,1.0);
#9161=VECTOR('',#9164,1.0);
#9162=VECTOR('',#9165,1.0);
#9163=DIRECTION('',(-0.6343896873652202,-0.7730134051649157,0));
#9164=DIRECTION('',(-0.6595052849948937,0.7516938860425838,-0.0030134282807179505));
#9165=DIRECTION('',(0.7003713937524308,-0.7137721561376984,0.003036434721577293));
#9166=FACE_SURFACE('',(#9171),#9167,.T.);
#9167=PLANE('',#9168);
#9168=AXIS2_PLACEMENT_3D('',#430,#9169,#9170);
#9169=DIRECTION('',(-0.002340472872878452,-0.0019207582225503276,-0.9999954164267864));
#9170=DIRECTION('',(-0.6656582970739311,-0.7462506840501771,0.002991336035388911));
#9171=FACE_BOUND('',#9172,.T.);
#9172=EDGE_LOOP('',(#9173,#9174,#9175));
#9173=ORIENTED_EDGE('',*,*,#9176,.T.);
#9174=ORIENTED_EDGE('',*,*,#9177,.T.);
#9175=ORIENTED_EDGE('',*,*,#9178,.T.);
#9176=EDGE_CURVE('',#431,#477,#9179,.F.);
#9177=EDGE_CURVE('',#477,#483,#9180,.T.);
#9178=EDGE_CURVE('',#483,#431,#9181,.T.);
#9179=LINE('',#430,#9182);
#9180=LINE('',#476,#9183);
#9181=LINE('',#482,#9184);
#9182=VECTOR('',#9185,1.0);
#9183=VECTOR('',#9186,1.0);
#9184=VECTOR('',#9187,1.0);
#9185=DIRECTION('',(-0.6656582970739311,-0.7462506840501771,0.002991336035388911));
#9186=DIRECTION('',(-0.6343896873652202,0.7730134051649157,0));
#9187=DIRECTION('',(0.7059574028355525,0.7082478868700646,-0.003012660911805764));
#9188=FACE_SURFACE('',(#9193),#9189,.T.);
#9189=PLANE('',#9190);
#9190=AXIS2_PLACEMENT_3D('',#430,#9191,#9192);
#9191=DIRECTION('',(-0.001920135683207495,-0.0023397360480163338,-0.9999954193466005));
#9192=DIRECTION('',(-0.7059574028355525,-0.7082478868700646,0.003012660911805764));
#9193=FACE_BOUND('',#9194,.T.);
#9194=EDGE_LOOP('',(#9195,#9196,#9197));
#9195=ORIENTED_EDGE('',*,*,#9198,.T.);
#9196=ORIENTED_EDGE('',*,*,#9199,.T.);
#9197=ORIENTED_EDGE('',*,*,#9200,.T.);
#9198=EDGE_CURVE('',#431,#483,#9201,.F.);
#9199=EDGE_CURVE('',#483,#485,#9202,.T.);
#9200=EDGE_CURVE('',#485,#431,#9203,.T.);
#9201=LINE('',#430,#9204);
#9202=LINE('',#482,#9205);
#9203=LINE('',#484,#9206);
#9204=VECTOR('',#9207,1.0);
#9205=VECTOR('',#9208,1.0);
#9206=VECTOR('',#9209,1.0);
#9207=DIRECTION('',(-0.7059574028355525,-0.7082478868700646,0.003012660911805764));
#9208=DIRECTION('',(-0.7730162969532242,0.6343861636611606,0));
#9209=DIRECTION('',(0.7441101904665632,0.6680502025846771,-0.002991867374532617));
#9210=FACE_SURFACE('',(#9215),#9211,.T.);
#9211=PLANE('',#9212);
#9212=AXIS2_PLACEMENT_3D('',#486,#9213,#9214);
#9213=DIRECTION('',(0.0019339378243825008,-0.002356418457994347,-0.9999953535774765));
#9214=DIRECTION('',(-0.7729983601851237,-0.6344080194568079,0));
#9215=FACE_BOUND('',#9216,.T.);
#9216=EDGE_LOOP('',(#9217,#9218,#9219));
#9217=ORIENTED_EDGE('',*,*,#9220,.T.);
#9218=ORIENTED_EDGE('',*,*,#9221,.T.);
#9219=ORIENTED_EDGE('',*,*,#9222,.T.);
#9220=EDGE_CURVE('',#487,#481,#9223,.F.);
#9221=EDGE_CURVE('',#481,#433,#9224,.T.);
#9222=EDGE_CURVE('',#433,#487,#9225,.T.);
#9223=LINE('',#486,#9226);
#9224=LINE('',#480,#9227);
#9225=LINE('',#432,#9228);
#9226=VECTOR('',#9229,1.0);
#9227=VECTOR('',#9230,1.0);
#9228=VECTOR('',#9231,1.0);
#9229=DIRECTION('',(-0.7729983601851237,-0.6344080194568079,0));
#9230=DIRECTION('',(-0.7003713937524308,0.7137721561376984,-0.003036434721577293));
#9231=DIRECTION('',(0.7391706954664179,-0.6735113830479366,0.0030165988377138667));
#9232=FACE_SURFACE('',(#9237),#9233,.T.);
#9233=PLANE('',#9234);
#9234=AXIS2_PLACEMENT_3D('',#488,#9235,#9236);
#9235=DIRECTION('',(0.0015089068342029955,-0.0028228827578335633,-0.9999948772534294));
#9236=DIRECTION('',(-0.881915476114489,-0.4714075656899813,0));
#9237=FACE_BOUND('',#9238,.T.);
#9238=EDGE_LOOP('',(#9239,#9240,#9241));
#9239=ORIENTED_EDGE('',*,*,#9242,.T.);
#9240=ORIENTED_EDGE('',*,*,#9243,.T.);
#9241=ORIENTED_EDGE('',*,*,#9244,.T.);
#9242=EDGE_CURVE('',#489,#487,#9245,.F.);
#9243=EDGE_CURVE('',#487,#433,#9246,.T.);
#9244=EDGE_CURVE('',#433,#489,#9247,.T.);
#9245=LINE('',#488,#9248);
#9246=LINE('',#486,#9249);
#9247=LINE('',#432,#9250);
#9248=VECTOR('',#9251,1.0);
#9249=VECTOR('',#9252,1.0);
#9250=VECTOR('',#9253,1.0);
#9251=DIRECTION('',(-0.881915476114489,-0.4714075656899813,0));
#9252=DIRECTION('',(-0.7391706954664179,0.6735113830479366,-0.0030165988377138667));
#9253=DIRECTION('',(0.7730911315733796,-0.6342880718471766,0.0029570585016709897));
#9254=FACE_SURFACE('',(#9259),#9255,.T.);
#9255=PLANE('',#9256);
#9256=AXIS2_PLACEMENT_3D('',#432,#9257,#9258);
#9257=DIRECTION('',(1.9457453593978535E-07,-0.004478678610413398,-0.9999899706686397));
#9258=DIRECTION('',(0.999999999999981,0,1.9457648741184883E-07));
#9259=FACE_BOUND('',#9260,.T.);
#9260=EDGE_LOOP('',(#9261,#9262,#9263));
#9261=ORIENTED_EDGE('',*,*,#9264,.T.);
#9262=ORIENTED_EDGE('',*,*,#9265,.T.);
#9263=ORIENTED_EDGE('',*,*,#9266,.T.);
#9264=EDGE_CURVE('',#433,#431,#9267,.F.);
#9265=EDGE_CURVE('',#431,#485,#9268,.T.);
#9266=EDGE_CURVE('',#485,#433,#9269,.T.);
#9267=LINE('',#432,#9270);
#9268=LINE('',#430,#9271);
#9269=LINE('',#484,#9272);
#9270=VECTOR('',#9273,1.0);
#9271=VECTOR('',#9274,1.0);
#9272=VECTOR('',#9275,1.0);
#9273=DIRECTION('',(0.999999999999981,0,1.9457648741184883E-07));
#9274=DIRECTION('',(-0.7441101904665632,-0.6680502025846771,0.002991867374532617));
#9275=DIRECTION('',(-0.8433939286687606,0.5372903215721919,-0.0024065389097659546));
#9276=FACE_SURFACE('',(#9281),#9277,.T.);
#9277=PLANE('',#9278);
#9278=AXIS2_PLACEMENT_3D('',#432,#9279,#9280);
#9279=DIRECTION('',(-0.0148683579850395,-0.02781591973863277,-0.9995024795066407));
#9280=DIRECTION('',(0.8433939286687606,-0.5372903215721919,0.0024065389097659546));
#9281=FACE_BOUND('',#9282,.T.);
#9282=EDGE_LOOP('',(#9283,#9284,#9285));
#9283=ORIENTED_EDGE('',*,*,#9286,.T.);
#9284=ORIENTED_EDGE('',*,*,#9287,.T.);
#9285=ORIENTED_EDGE('',*,*,#9288,.T.);
#9286=EDGE_CURVE('',#433,#485,#9289,.F.);
#9287=EDGE_CURVE('',#485,#491,#9290,.T.);
#9288=EDGE_CURVE('',#491,#433,#9291,.T.);
#9289=LINE('',#432,#9292);
#9290=LINE('',#484,#9293);
#9291=LINE('',#490,#9294);
#9292=VECTOR('',#9295,1.0);
#9293=VECTOR('',#9296,1.0);
#9294=VECTOR('',#9297,1.0);
#9295=DIRECTION('',(0.8433939286687606,-0.5372903215721919,0.0024065389097659546));
#9296=DIRECTION('',(-0.881915476114489,0.4714075656899813,0));
#9297=DIRECTION('',(-0.841468432366469,0.5403004092268668,-0.002518952162592991));
#9298=FACE_SURFACE('',(#9303),#9299,.T.);
#9299=PLANE('',#9300);
#9300=AXIS2_PLACEMENT_3D('',#492,#9301,#9302);
#9301=DIRECTION('',(0.0010329790084246326,-0.0034029536227073087,-0.999993676410511));
#9302=DIRECTION('',(-0.9569421616507935,-0.2902786579385774,-6.963590385522377E-07));
#9303=FACE_BOUND('',#9304,.T.);
#9304=EDGE_LOOP('',(#9305,#9306,#9307));
#9305=ORIENTED_EDGE('',*,*,#9308,.T.);
#9306=ORIENTED_EDGE('',*,*,#9309,.T.);
#9307=ORIENTED_EDGE('',*,*,#9310,.T.);
#9308=EDGE_CURVE('',#493,#489,#9311,.F.);
#9309=EDGE_CURVE('',#489,#433,#9312,.T.);
#9310=EDGE_CURVE('',#433,#493,#9313,.T.);
#9311=LINE('',#492,#9314);
#9312=LINE('',#488,#9315);
#9313=LINE('',#432,#9316);
#9314=VECTOR('',#9317,1.0);
#9315=VECTOR('',#9318,1.0);
#9316=VECTOR('',#9319,1.0);
#9317=DIRECTION('',(-0.9569421616507935,-0.2902786579385774,-6.963590385522377E-07));
#9318=DIRECTION('',(-0.7730911315733796,0.6342880718471766,-0.0029570585016709897));
#9319=DIRECTION('',(0.8004506910291356,-0.5993917533732409,0.0028665692266814755));
#9320=FACE_SURFACE('',(#9325),#9321,.T.);
#9321=PLANE('',#9322);
#9322=AXIS2_PLACEMENT_3D('',#494,#9323,#9324);
#9323=DIRECTION('',(0.0004161763656327783,-0.004226642591717236,-0.999990981104147));
#9324=DIRECTION('',(-0.9951872893912375,-0.09799111711844728,0));
#9325=FACE_BOUND('',#9326,.T.);
#9326=EDGE_LOOP('',(#9327,#9328,#9329));
#9327=ORIENTED_EDGE('',*,*,#9330,.T.);
#9328=ORIENTED_EDGE('',*,*,#9331,.T.);
#9329=ORIENTED_EDGE('',*,*,#9332,.T.);
#9330=EDGE_CURVE('',#495,#493,#9333,.F.);
#9331=EDGE_CURVE('',#493,#433,#9334,.T.);
#9332=EDGE_CURVE('',#433,#495,#9335,.T.);
#9333=LINE('',#494,#9336);
#9334=LINE('',#492,#9337);
#9335=LINE('',#432,#9338);
#9336=VECTOR('',#9339,1.0);
#9337=VECTOR('',#9340,1.0);
#9338=VECTOR('',#9341,1.0);
#9339=DIRECTION('',(-0.9951872893912375,-0.09799111711844728,0));
#9340=DIRECTION('',(-0.8004506910291356,0.5993917533732409,-0.0028665692266814755));
#9341=DIRECTION('',(0.8207136149485563,-0.5713331466455205,0.0027564074809184147));
#9342=FACE_SURFACE('',(#9347),#9343,.T.);
#9343=PLANE('',#9344);
#9344=AXIS2_PLACEMENT_3D('',#432,#9345,#9346);
#9345=DIRECTION('',(-0.002679324469627923,-0.008834736552483399,-0.9999573834171308));
#9346=DIRECTION('',(0.841468432366469,-0.5403004092268668,0.002518952162592991));
#9347=FACE_BOUND('',#9348,.T.);
#9348=EDGE_LOOP('',(#9349,#9350,#9351));
#9349=ORIENTED_EDGE('',*,*,#9352,.T.);
#9350=ORIENTED_EDGE('',*,*,#9353,.T.);
#9351=ORIENTED_EDGE('',*,*,#9354,.T.);
#9352=EDGE_CURVE('',#433,#491,#9355,.F.);
#9353=EDGE_CURVE('',#491,#497,#9356,.T.);
#9354=EDGE_CURVE('',#497,#433,#9357,.T.);
#9355=LINE('',#432,#9358);
#9356=LINE('',#490,#9359);
#9357=LINE('',#496,#9360);
#9358=VECTOR('',#9361,1.0);
#9359=VECTOR('',#9362,1.0);
#9360=VECTOR('',#9363,1.0);
#9361=DIRECTION('',(0.841468432366469,-0.5403004092268668,0.002518952162592991));
#9362=DIRECTION('',(-0.9569384061212103,0.29029103825249664,-6.963887380952872E-07));
#9363=DIRECTION('',(-0.8341624259696689,0.5515125476599851,-0.0026375886694362948));
#9364=FACE_SURFACE('',(#9369),#9365,.T.);
#9365=PLANE('',#9366);
#9366=AXIS2_PLACEMENT_3D('',#432,#9367,#9368);
#9367=DIRECTION('',(-0.0005532706254768585,-0.005619208854123941,-0.9999840590646777));
#9368=DIRECTION('',(0.8341624259696689,-0.5515125476599851,0.0026375886694362948));
#9369=FACE_BOUND('',#9370,.T.);
#9370=EDGE_LOOP('',(#9371,#9372,#9373));
#9371=ORIENTED_EDGE('',*,*,#9374,.T.);
#9372=ORIENTED_EDGE('',*,*,#9375,.T.);
#9373=ORIENTED_EDGE('',*,*,#9376,.T.);
#9374=EDGE_CURVE('',#433,#497,#9377,.F.);
#9375=EDGE_CURVE('',#497,#495,#9378,.T.);
#9376=EDGE_CURVE('',#495,#433,#9379,.T.);
#9377=LINE('',#432,#9380);
#9378=LINE('',#496,#9381);
#9379=LINE('',#494,#9382);
#9380=VECTOR('',#9383,1.0);
#9381=VECTOR('',#9384,1.0);
#9382=VECTOR('',#9385,1.0);
#9383=DIRECTION('',(0.8341624259696689,-0.5515125476599851,0.0026375886694362948));
#9384=DIRECTION('',(-0.9951877173284669,0.09798677093646666,0));
#9385=DIRECTION('',(-0.8207136149485563,0.5713331466455205,-0.0027564074809184147));
#9386=FACE_SURFACE('',(#9391),#9387,.T.);
#9387=PLANE('',#9388);
#9388=AXIS2_PLACEMENT_3D('',#360,#9389,#9390);
#9389=DIRECTION('',(-1,0,0));
#9390=DIRECTION('',(0,1,0));
#9391=FACE_BOUND('',#9392,.T.);
#9392=EDGE_LOOP('',(#9393,#9394,#9395));
#9393=ORIENTED_EDGE('',*,*,#9396,.T.);
#9394=ORIENTED_EDGE('',*,*,#9397,.T.);
#9395=ORIENTED_EDGE('',*,*,#9398,.T.);
#9396=EDGE_CURVE('',#361,#389,#9399,.F.);
#9397=EDGE_CURVE('',#389,#433,#9400,.T.);
#9398=EDGE_CURVE('',#433,#361,#9401,.T.);
#9399=LINE('',#360,#9402);
#9400=LINE('',#388,#9403);
#9401=LINE('',#432,#9404);
#9402=VECTOR('',#9405,1.0);
#9403=VECTOR('',#9406,1.0);
#9404=VECTOR('',#9407,1.0);
#9405=DIRECTION('',(0,1,0));
#9406=DIRECTION('',(0,0,-1));
#9407=DIRECTION('',(0,-0.9977198926027373,0.06749085793485307));
#9408=FACE_SURFACE('',(#9413),#9409,.T.);
#9409=PLANE('',#9410);
#9410=AXIS2_PLACEMENT_3D('',#360,#9411,#9412);
#9411=DIRECTION('',(-1,0,0));
#9412=DIRECTION('',(0,0.9977198926027373,-0.06749085793485307));
#9413=FACE_BOUND('',#9414,.T.);
#9414=EDGE_LOOP('',(#9415,#9416,#9417));
#9415=ORIENTED_EDGE('',*,*,#9418,.T.);
#9416=ORIENTED_EDGE('',*,*,#9419,.T.);
#9417=ORIENTED_EDGE('',*,*,#9420,.T.);
#9418=EDGE_CURVE('',#361,#433,#9421,.F.);
#9419=EDGE_CURVE('',#433,#355,#9422,.T.);
#9420=EDGE_CURVE('',#355,#361,#9423,.T.);
#9421=LINE('',#360,#9424);
#9422=LINE('',#432,#9425);
#9423=LINE('',#354,#9426);
#9424=VECTOR('',#9427,1.0);
#9425=VECTOR('',#9428,1.0);
#9426=VECTOR('',#9429,1.0);
#9427=DIRECTION('',(0,0.9977198926027373,-0.06749085793485307));
#9428=DIRECTION('',(0,-1,0));
#9429=DIRECTION('',(0,0,1));
#9430=FACE_SURFACE('',(#9435),#9431,.T.);
#9431=PLANE('',#9432);
#9432=AXIS2_PLACEMENT_3D('',#358,#9433,#9434);
#9433=DIRECTION('',(0,-1,0));
#9434=DIRECTION('',(0,0,-1));
#9435=FACE_BOUND('',#9436,.T.);
#9436=EDGE_LOOP('',(#9437,#9438,#9439));
#9437=ORIENTED_EDGE('',*,*,#9440,.T.);
#9438=ORIENTED_EDGE('',*,*,#9441,.T.);
#9439=ORIENTED_EDGE('',*,*,#9442,.T.);
#9440=EDGE_CURVE('',#359,#357,#9443,.F.);
#9441=EDGE_CURVE('',#357,#499,#9444,.T.);
#9442=EDGE_CURVE('',#499,#359,#9445,.T.);
#9443=LINE('',#358,#9446);
#9444=LINE('',#356,#9447);
#9445=LINE('',#498,#9448);
#9446=VECTOR('',#9449,1.0);
#9447=VECTOR('',#9450,1.0);
#9448=VECTOR('',#9451,1.0);
#9449=DIRECTION('',(0,0,-1));
#9450=DIRECTION('',(1,0,0));
#9451=DIRECTION('',(-0.7101372542609236,0,0.7040632642815248));
#9452=FACE_SURFACE('',(#9457),#9453,.T.);
#9453=PLANE('',#9454);
#9454=AXIS2_PLACEMENT_3D('',#358,#9455,#9456);
#9455=DIRECTION('',(0,-1,0));
#9456=DIRECTION('',(0.7101372542609236,0,-0.7040632642815248));
#9457=FACE_BOUND('',#9458,.T.);
#9458=EDGE_LOOP('',(#9459,#9460,#9461));
#9459=ORIENTED_EDGE('',*,*,#9462,.T.);
#9460=ORIENTED_EDGE('',*,*,#9463,.T.);
#9461=ORIENTED_EDGE('',*,*,#9464,.T.);
#9462=EDGE_CURVE('',#359,#499,#9465,.F.);
#9463=EDGE_CURVE('',#499,#501,#9466,.T.);
#9464=EDGE_CURVE('',#501,#359,#9467,.T.);
#9465=LINE('',#358,#9468);
#9466=LINE('',#498,#9469);
#9467=LINE('',#500,#9470);
#9468=VECTOR('',#9471,1.0);
#9469=VECTOR('',#9472,1.0);
#9470=VECTOR('',#9473,1.0);
#9471=DIRECTION('',(0.7101372542609236,0,-0.7040632642815248));
#9472=DIRECTION('',(0,0,1));
#9473=DIRECTION('',(-1,0,0));
#9474=FACE_SURFACE('',(#9479),#9475,.T.);
#9475=PLANE('',#9476);
#9476=AXIS2_PLACEMENT_3D('',#470,#9477,#9478);
#9477=DIRECTION('',(0.995123247193773,-0.09803356780546242,-0.010915240622772217));
#9478=DIRECTION('',(0.010757510543195214,-0.002137382876051099,0.9999398519717844));
#9479=FACE_BOUND('',#9480,.T.);
#9480=EDGE_LOOP('',(#9481,#9482,#9483));
#9481=ORIENTED_EDGE('',*,*,#9484,.T.);
#9482=ORIENTED_EDGE('',*,*,#9485,.T.);
#9483=ORIENTED_EDGE('',*,*,#9486,.T.);
#9484=EDGE_CURVE('',#471,#399,#9487,.F.);
#9485=EDGE_CURVE('',#399,#397,#9488,.T.);
#9486=EDGE_CURVE('',#397,#471,#9489,.T.);
#9487=LINE('',#470,#9490);
#9488=LINE('',#398,#9491);
#9489=LINE('',#396,#9492);
#9490=VECTOR('',#9493,1.0);
#9491=VECTOR('',#9494,1.0);
#9492=VECTOR('',#9495,1.0);
#9493=DIRECTION('',(0.010757510543195214,-0.002137382876051099,0.9999398519717844));
#9494=DIRECTION('',(-0.09803940830844715,-0.9951825332161581,0));
#9495=DIRECTION('',(0.032758317723864325,0.432830176212782,-0.9008800870146451));
#9496=FACE_SURFACE('',(#9501),#9497,.T.);
#9497=PLANE('',#9498);
#9498=AXIS2_PLACEMENT_3D('',#470,#9499,#9500);
#9499=DIRECTION('',(0.9951268076113523,-0.09799926834483336,-0.01089863189193884));
#9500=DIRECTION('',(-0.032758317723864325,-0.432830176212782,0.9008800870146451));
#9501=FACE_BOUND('',#9502,.T.);
#9502=EDGE_LOOP('',(#9503,#9504,#9505));
#9503=ORIENTED_EDGE('',*,*,#9506,.T.);
#9504=ORIENTED_EDGE('',*,*,#9507,.T.);
#9505=ORIENTED_EDGE('',*,*,#9508,.T.);
#9506=EDGE_CURVE('',#471,#397,#9509,.F.);
#9507=EDGE_CURVE('',#397,#465,#9510,.T.);
#9508=EDGE_CURVE('',#465,#471,#9511,.T.);
#9509=LINE('',#470,#9512);
#9510=LINE('',#396,#9513);
#9511=LINE('',#464,#9514);
#9512=VECTOR('',#9515,1.0);
#9513=VECTOR('',#9516,1.0);
#9514=VECTOR('',#9517,1.0);
#9515=DIRECTION('',(-0.032758317723864325,-0.432830176212782,0.9008800870146451));
#9516=DIRECTION('',(-0.010951147730690657,2.0170335947981316E-06,-0.9999400343817184));
#9517=DIRECTION('',(0.09800508904860228,0.995185913546095,0));
#9518=FACE_SURFACE('',(#9523),#9519,.T.);
#9519=PLANE('',#9520);
#9520=AXIS2_PLACEMENT_3D('',#472,#9521,#9522);
#9521=DIRECTION('',(0.9568864635391611,-0.2902578408364852,-0.010894114395367657));
#9522=DIRECTION('',(0.010112062177418984,-0.004194085363214071,0.9999400761278079));
#9523=FACE_BOUND('',#9524,.T.);
#9524=EDGE_LOOP('',(#9525,#9526,#9527));
#9525=ORIENTED_EDGE('',*,*,#9528,.T.);
#9526=ORIENTED_EDGE('',*,*,#9529,.T.);
#9527=ORIENTED_EDGE('',*,*,#9530,.T.);
#9528=EDGE_CURVE('',#473,#405,#9531,.F.);
#9529=EDGE_CURVE('',#405,#399,#9532,.T.);
#9530=EDGE_CURVE('',#399,#473,#9533,.T.);
#9531=LINE('',#472,#9534);
#9532=LINE('',#404,#9535);
#9533=LINE('',#398,#9536);
#9534=VECTOR('',#9537,1.0);
#9535=VECTOR('',#9538,1.0);
#9536=VECTOR('',#9539,1.0);
#9537=DIRECTION('',(0.010112062177418984,-0.004194085363214071,0.9999400761278079));
#9538=DIRECTION('',(-0.29027506652090557,-0.9569432510636583,0));
#9539=DIRECTION('',(0.1165733605015854,0.4181171602015289,-0.9008821742971588));
#9540=FACE_SURFACE('',(#9545),#9541,.T.);
#9541=PLANE('',#9542);
#9542=AXIS2_PLACEMENT_3D('',#472,#9543,#9544);
#9543=DIRECTION('',(0.956873831297591,-0.29029870813634545,-0.010914716315066698));
#9544=DIRECTION('',(-0.1165733605015854,-0.4181171602015289,0.9008821742971588));
#9545=FACE_BOUND('',#9546,.T.);
#9546=EDGE_LOOP('',(#9547,#9548,#9549));
#9547=ORIENTED_EDGE('',*,*,#9550,.T.);
#9548=ORIENTED_EDGE('',*,*,#9551,.T.);
#9549=ORIENTED_EDGE('',*,*,#9552,.T.);
#9550=EDGE_CURVE('',#473,#399,#9553,.F.);
#9551=EDGE_CURVE('',#399,#471,#9554,.T.);
#9552=EDGE_CURVE('',#471,#473,#9555,.T.);
#9553=LINE('',#472,#9556);
#9554=LINE('',#398,#9557);
#9555=LINE('',#470,#9558);
#9556=VECTOR('',#9559,1.0);
#9557=VECTOR('',#9560,1.0);
#9558=VECTOR('',#9561,1.0);
#9559=DIRECTION('',(-0.1165733605015854,-0.4181171602015289,0.9008821742971588));
#9560=DIRECTION('',(-0.010757510543195214,0.002137382876051099,-0.9999398519717844));
#9561=DIRECTION('',(0.29031600147386954,0.9569308330742741,0));
#9562=FACE_SURFACE('',(#9567),#9563,.T.);
#9563=PLANE('',#9564);
#9564=AXIS2_PLACEMENT_3D('',#478,#9565,#9566);
#9565=DIRECTION('',(0.8818667800662462,-0.47137271389341434,-0.01089710109838991));
#9566=DIRECTION('',(0.009100855637928097,-0.006090096806172629,0.9999400407762202));
#9567=FACE_BOUND('',#9568,.T.);
#9568=EDGE_LOOP('',(#9569,#9570,#9571));
#9569=ORIENTED_EDGE('',*,*,#9572,.T.);
#9570=ORIENTED_EDGE('',*,*,#9573,.T.);
#9571=ORIENTED_EDGE('',*,*,#9574,.T.);
#9572=EDGE_CURVE('',#479,#407,#9575,.F.);
#9573=EDGE_CURVE('',#407,#405,#9576,.T.);
#9574=EDGE_CURVE('',#405,#479,#9577,.T.);
#9575=LINE('',#478,#9578);
#9576=LINE('',#406,#9579);
#9577=LINE('',#404,#9580);
#9578=VECTOR('',#9581,1.0);
#9579=VECTOR('',#9582,1.0);
#9580=VECTOR('',#9583,1.0);
#9581=DIRECTION('',(0.009100855637928097,-0.006090096806172629,0.9999400407762202));
#9582=DIRECTION('',(-0.471400703389788,-0.8819191441643689,0));
#9583=DIRECTION('',(0.195910083438566,0.3873443716160272,-0.9008793354187226));
#9584=FACE_SURFACE('',(#9589),#9585,.T.);
#9585=PLANE('',#9586);
#9586=AXIS2_PLACEMENT_3D('',#478,#9587,#9588);
#9587=DIRECTION('',(0.8818687315195572,-0.47136910864458925,-0.010895126602858973));
#9588=DIRECTION('',(-0.195910083438566,-0.3873443716160272,0.9008793354187226));
#9589=FACE_BOUND('',#9590,.T.);
#9590=EDGE_LOOP('',(#9591,#9592,#9593));
#9591=ORIENTED_EDGE('',*,*,#9594,.T.);
#9592=ORIENTED_EDGE('',*,*,#9595,.T.);
#9593=ORIENTED_EDGE('',*,*,#9596,.T.);
#9594=EDGE_CURVE('',#479,#405,#9597,.F.);
#9595=EDGE_CURVE('',#405,#473,#9598,.T.);
#9596=EDGE_CURVE('',#473,#479,#9599,.T.);
#9597=LINE('',#478,#9600);
#9598=LINE('',#404,#9601);
#9599=LINE('',#472,#9602);
#9600=VECTOR('',#9603,1.0);
#9601=VECTOR('',#9604,1.0);
#9602=VECTOR('',#9605,1.0);
#9603=DIRECTION('',(-0.195910083438566,-0.3873443716160272,0.9008793354187226));
#9604=DIRECTION('',(-0.010112062177418984,0.004194085363214071,-0.9999400761278079));
#9605=DIRECTION('',(0.47139708778389205,0.8819210767573624,0));
#9606=FACE_SURFACE('',(#9611),#9607,.T.);
#9607=PLANE('',#9608);
#9608=AXIS2_PLACEMENT_3D('',#480,#9609,#9610);
#9609=DIRECTION('',(0.7729598608260408,-0.6343612132290646,-0.010904343278569142));
#9610=DIRECTION('',(0.007745408467923079,-0.007750787223803581,0.9999399651704477));
#9611=FACE_BOUND('',#9612,.T.);
#9612=EDGE_LOOP('',(#9613,#9614,#9615));
#9613=ORIENTED_EDGE('',*,*,#9616,.T.);
#9614=ORIENTED_EDGE('',*,*,#9617,.T.);
#9615=ORIENTED_EDGE('',*,*,#9618,.T.);
#9616=EDGE_CURVE('',#481,#413,#9619,.F.);
#9617=EDGE_CURVE('',#413,#407,#9620,.T.);
#9618=EDGE_CURVE('',#407,#481,#9621,.T.);
#9619=LINE('',#480,#9622);
#9620=LINE('',#412,#9623);
#9621=LINE('',#406,#9624);
#9622=VECTOR('',#9625,1.0);
#9623=VECTOR('',#9626,1.0);
#9624=VECTOR('',#9627,1.0);
#9625=DIRECTION('',(0.007745408467923079,-0.007750787223803581,0.9999399651704477));
#9626=DIRECTION('',(-0.634398930858317,-0.773005819205667,0));
#9627=DIRECTION('',(0.26770726933185096,0.34168306368769114,-0.9008804037916892));
#9628=FACE_SURFACE('',(#9633),#9629,.T.);
#9629=PLANE('',#9630);
#9630=AXIS2_PLACEMENT_3D('',#480,#9631,#9632);
#9631=DIRECTION('',(0.7729674948687406,-0.6343520101163617,-0.010898584205059412));
#9632=DIRECTION('',(-0.26770726933185096,-0.34168306368769114,0.9008804037916892));
#9633=FACE_BOUND('',#9634,.T.);
#9634=EDGE_LOOP('',(#9635,#9636,#9637));
#9635=ORIENTED_EDGE('',*,*,#9638,.T.);
#9636=ORIENTED_EDGE('',*,*,#9639,.T.);
#9637=ORIENTED_EDGE('',*,*,#9640,.T.);
#9638=EDGE_CURVE('',#481,#407,#9641,.F.);
#9639=EDGE_CURVE('',#407,#479,#9642,.T.);
#9640=EDGE_CURVE('',#479,#481,#9643,.T.);
#9641=LINE('',#480,#9644);
#9642=LINE('',#406,#9645);
#9643=LINE('',#478,#9646);
#9644=VECTOR('',#9647,1.0);
#9645=VECTOR('',#9648,1.0);
#9646=VECTOR('',#9649,1.0);
#9647=DIRECTION('',(-0.26770726933185096,-0.34168306368769114,0.9008804037916892));
#9648=DIRECTION('',(-0.009100855637928097,0.006090096806172629,-0.9999400407762202));
#9649=DIRECTION('',(0.6343896873652202,0.7730134051649157,0));
#9650=FACE_SURFACE('',(#9655),#9651,.T.);
#9651=PLANE('',#9652);
#9652=AXIS2_PLACEMENT_3D('',#486,#9653,#9654);
#9653=DIRECTION('',(0.6343679716317318,-0.7729542831754792,-0.010906543381076625));
#9654=DIRECTION('',(0.006088751533199222,-0.009112284621184744,0.9999399448835663));
#9655=FACE_BOUND('',#9656,.T.);
#9656=EDGE_LOOP('',(#9657,#9658,#9659));
#9657=ORIENTED_EDGE('',*,*,#9660,.T.);
#9658=ORIENTED_EDGE('',*,*,#9661,.T.);
#9659=ORIENTED_EDGE('',*,*,#9662,.T.);
#9660=EDGE_CURVE('',#487,#415,#9663,.F.);
#9661=EDGE_CURVE('',#415,#413,#9664,.T.);
#9662=EDGE_CURVE('',#413,#487,#9665,.T.);
#9663=LINE('',#486,#9666);
#9664=LINE('',#414,#9667);
#9665=LINE('',#412,#9668);
#9666=VECTOR('',#9669,1.0);
#9667=VECTOR('',#9670,1.0);
#9668=VECTOR('',#9671,1.0);
#9669=DIRECTION('',(0.006088751533199222,-0.009112284621184744,0.9999399448835663));
#9670=DIRECTION('',(-0.7730002597723444,-0.6344057048859886,0));
#9671=DIRECTION('',(0.32921206905994377,0.28289784392847034,-0.9008819142850486));
#9672=FACE_SURFACE('',(#9677),#9673,.T.);
#9673=PLANE('',#9674);
#9674=AXIS2_PLACEMENT_3D('',#486,#9675,#9676);
#9675=DIRECTION('',(0.6343702960428426,-0.7729523958589464,-0.010905101303098975));
#9676=DIRECTION('',(-0.32921206905994377,-0.28289784392847034,0.9008819142850486));
#9677=FACE_BOUND('',#9678,.T.);
#9678=EDGE_LOOP('',(#9679,#9680,#9681));
#9679=ORIENTED_EDGE('',*,*,#9682,.T.);
#9680=ORIENTED_EDGE('',*,*,#9683,.T.);
#9681=ORIENTED_EDGE('',*,*,#9684,.T.);
#9682=EDGE_CURVE('',#487,#413,#9685,.F.);
#9683=EDGE_CURVE('',#413,#481,#9686,.T.);
#9684=EDGE_CURVE('',#481,#487,#9687,.T.);
#9685=LINE('',#486,#9688);
#9686=LINE('',#412,#9689);
#9687=LINE('',#480,#9690);
#9688=VECTOR('',#9691,1.0);
#9689=VECTOR('',#9692,1.0);
#9690=VECTOR('',#9693,1.0);
#9691=DIRECTION('',(-0.32921206905994377,-0.28289784392847034,0.9008819142850486));
#9692=DIRECTION('',(-0.007745408467923079,0.007750787223803581,-0.9999399651704477));
#9693=DIRECTION('',(0.7729983601851237,0.6344080194568079,0));
#9694=FACE_SURFACE('',(#9699),#9695,.T.);
#9695=PLANE('',#9696);
#9696=AXIS2_PLACEMENT_3D('',#488,#9697,#9698);
#9697=DIRECTION('',(0.4713743203364828,-0.8818657694514165,-0.010909390321185698));
#9698=DIRECTION('',(0.004195429372118508,-0.010127524460291842,0.9999399140051815));
#9699=FACE_BOUND('',#9700,.T.);
#9700=EDGE_LOOP('',(#9701,#9702,#9703));
#9701=ORIENTED_EDGE('',*,*,#9704,.T.);
#9702=ORIENTED_EDGE('',*,*,#9705,.T.);
#9703=ORIENTED_EDGE('',*,*,#9706,.T.);
#9704=EDGE_CURVE('',#489,#421,#9707,.F.);
#9705=EDGE_CURVE('',#421,#415,#9708,.T.);
#9706=EDGE_CURVE('',#415,#489,#9709,.T.);
#9707=LINE('',#488,#9710);
#9708=LINE('',#420,#9711);
#9709=LINE('',#414,#9712);
#9710=VECTOR('',#9713,1.0);
#9711=VECTOR('',#9714,1.0);
#9712=VECTOR('',#9715,1.0);
#9713=DIRECTION('',(0.004195429372118508,-0.010127524460291842,0.9999399140051815));
#9714=DIRECTION('',(-0.8819182516739295,-0.4714023731000935,0));
#9715=DIRECTION('',(0.3780781832738966,0.2132347385106546,-0.9008816979074459));
#9716=FACE_SURFACE('',(#9721),#9717,.T.);
#9717=PLANE('',#9718);
#9718=AXIS2_PLACEMENT_3D('',#488,#9719,#9720);
#9719=DIRECTION('',(0.47137952719948345,-0.8818630213375684,-0.010906554660690456));
#9720=DIRECTION('',(-0.3780781832738966,-0.2132347385106546,0.9008816979074459));
#9721=FACE_BOUND('',#9722,.T.);
#9722=EDGE_LOOP('',(#9723,#9724,#9725));
#9723=ORIENTED_EDGE('',*,*,#9726,.T.);
#9724=ORIENTED_EDGE('',*,*,#9727,.T.);
#9725=ORIENTED_EDGE('',*,*,#9728,.T.);
#9726=EDGE_CURVE('',#489,#415,#9729,.F.);
#9727=EDGE_CURVE('',#415,#487,#9730,.T.);
#9728=EDGE_CURVE('',#487,#489,#9731,.T.);
#9729=LINE('',#488,#9732);
#9730=LINE('',#414,#9733);
#9731=LINE('',#486,#9734);
#9732=VECTOR('',#9735,1.0);
#9733=VECTOR('',#9736,1.0);
#9734=VECTOR('',#9737,1.0);
#9735=DIRECTION('',(-0.3780781832738966,-0.2132347385106546,0.9008816979074459));
#9736=DIRECTION('',(-0.006088751533199222,0.009112284621184744,-0.9999399448835663));
#9737=DIRECTION('',(0.881915476114489,0.4714075656899813,0));
#9738=FACE_SURFACE('',(#9743),#9739,.T.);
#9739=PLANE('',#9740);
#9740=AXIS2_PLACEMENT_3D('',#492,#9741,#9742);
#9741=DIRECTION('',(0.290271475940823,-0.9568822121166756,-0.01090423724217979));
#9742=DIRECTION('',(0.002129987321356819,-0.010748771245748568,0.9999399617330619));
#9743=FACE_BOUND('',#9744,.T.);
#9744=EDGE_LOOP('',(#9745,#9746,#9747));
#9745=ORIENTED_EDGE('',*,*,#9748,.T.);
#9746=ORIENTED_EDGE('',*,*,#9749,.T.);
#9747=ORIENTED_EDGE('',*,*,#9750,.T.);
#9748=EDGE_CURVE('',#493,#427,#9751,.F.);
#9749=EDGE_CURVE('',#427,#421,#9752,.T.);
#9750=EDGE_CURVE('',#421,#493,#9753,.T.);
#9751=LINE('',#492,#9754);
#9752=LINE('',#426,#9755);
#9753=LINE('',#420,#9756);
#9754=VECTOR('',#9757,1.0);
#9755=VECTOR('',#9758,1.0);
#9756=VECTOR('',#9759,1.0);
#9757=DIRECTION('',(0.002129987321356819,-0.010748771245748568,0.9999399617330619));
#9758=DIRECTION('',(-0.9569391071951827,-0.29028872716658694,-6.994841668190836E-07));
#9759=DIRECTION('',(0.4124241253887368,0.13537542792540566,-0.9008772581830161));
#9760=FACE_SURFACE('',(#9765),#9761,.T.);
#9761=PLANE('',#9762);
#9762=AXIS2_PLACEMENT_3D('',#492,#9763,#9764);
#9763=DIRECTION('',(0.29026139123654227,-0.9568852135028288,-0.010909305068275057));
#9764=DIRECTION('',(-0.4124241253887368,-0.13537542792540566,0.9008772581830161));
#9765=FACE_BOUND('',#9766,.T.);
#9766=EDGE_LOOP('',(#9767,#9768,#9769));
#9767=ORIENTED_EDGE('',*,*,#9770,.T.);
#9768=ORIENTED_EDGE('',*,*,#9771,.T.);
#9769=ORIENTED_EDGE('',*,*,#9772,.T.);
#9770=EDGE_CURVE('',#493,#421,#9773,.F.);
#9771=EDGE_CURVE('',#421,#489,#9774,.T.);
#9772=EDGE_CURVE('',#489,#493,#9775,.T.);
#9773=LINE('',#492,#9776);
#9774=LINE('',#420,#9777);
#9775=LINE('',#488,#9778);
#9776=VECTOR('',#9779,1.0);
#9777=VECTOR('',#9780,1.0);
#9778=VECTOR('',#9781,1.0);
#9779=DIRECTION('',(-0.4124241253887368,-0.13537542792540566,0.9008772581830161));
#9780=DIRECTION('',(-0.004195429372118508,0.010127524460291842,-0.9999399140051815));
#9781=DIRECTION('',(0.9569421616507935,0.2902786579385774,6.963590385522377E-07));
#9782=FACE_SURFACE('',(#9787),#9783,.T.);
#9783=PLANE('',#9784);
#9784=AXIS2_PLACEMENT_3D('',#494,#9785,#9786);
#9785=DIRECTION('',(0.09798104387867586,-0.9951285014996196,-0.010907820294018296));
#9786=DIRECTION('',(0,-0.010960559423842005,0.9999399312644317));
#9787=FACE_BOUND('',#9788,.T.);
#9788=EDGE_LOOP('',(#9789,#9790,#9791));
#9789=ORIENTED_EDGE('',*,*,#9792,.T.);
#9790=ORIENTED_EDGE('',*,*,#9793,.T.);
#9791=ORIENTED_EDGE('',*,*,#9794,.T.);
#9792=EDGE_CURVE('',#495,#429,#9795,.F.);
#9793=EDGE_CURVE('',#429,#427,#9796,.T.);
#9794=EDGE_CURVE('',#427,#495,#9797,.T.);
#9795=LINE('',#494,#9798);
#9796=LINE('',#428,#9799);
#9797=LINE('',#426,#9800);
#9798=VECTOR('',#9801,1.0);
#9799=VECTOR('',#9802,1.0);
#9800=VECTOR('',#9803,1.0);
#9801=DIRECTION('',(0,-0.010960559423842005,0.9999399312644317));
#9802=DIRECTION('',(-0.9951877072479346,-0.09798687331780334,0));
#9803=DIRECTION('',(0.4308993092221271,0.052301421300278504,-0.9008830926606761));
#9804=FACE_SURFACE('',(#9809),#9805,.T.);
#9805=PLANE('',#9806);
#9806=AXIS2_PLACEMENT_3D('',#494,#9807,#9808);
#9807=DIRECTION('',(0.09798528962194597,-0.9951281059609672,-0.01090576655908754));
#9808=DIRECTION('',(-0.4308993092221271,-0.052301421300278504,0.9008830926606761));
#9809=FACE_BOUND('',#9810,.T.);
#9810=EDGE_LOOP('',(#9811,#9812,#9813));
#9811=ORIENTED_EDGE('',*,*,#9814,.T.);
#9812=ORIENTED_EDGE('',*,*,#9815,.T.);
#9813=ORIENTED_EDGE('',*,*,#9816,.T.);
#9814=EDGE_CURVE('',#495,#427,#9817,.F.);
#9815=EDGE_CURVE('',#427,#493,#9818,.T.);
#9816=EDGE_CURVE('',#493,#495,#9819,.T.);
#9817=LINE('',#494,#9820);
#9818=LINE('',#426,#9821);
#9819=LINE('',#492,#9822);
#9820=VECTOR('',#9823,1.0);
#9821=VECTOR('',#9824,1.0);
#9822=VECTOR('',#9825,1.0);
#9823=DIRECTION('',(-0.4308993092221271,-0.052301421300278504,0.9008830926606761));
#9824=DIRECTION('',(-0.002129987321356819,0.010748771245748568,-0.9999399617330619));
#9825=DIRECTION('',(0.9951872893912375,0.09799111711844728,0));
#9826=FACE_SURFACE('',(#9831),#9827,.T.);
#9827=PLANE('',#9828);
#9828=AXIS2_PLACEMENT_3D('',#496,#9829,#9830);
#9829=DIRECTION('',(-0.09798104382559687,-0.9951285009605316,-0.010907869952094548));
#9830=DIRECTION('',(-0.0021515022457106025,-0.010748770750679813,0.9999399156776552));
#9831=FACE_BOUND('',#9832,.T.);
#9832=EDGE_LOOP('',(#9833,#9834,#9835));
#9833=ORIENTED_EDGE('',*,*,#9836,.T.);
#9834=ORIENTED_EDGE('',*,*,#9837,.T.);
#9835=ORIENTED_EDGE('',*,*,#9838,.T.);
#9836=EDGE_CURVE('',#497,#425,#9839,.F.);
#9837=EDGE_CURVE('',#425,#429,#9840,.T.);
#9838=EDGE_CURVE('',#429,#497,#9841,.T.);
#9839=LINE('',#496,#9842);
#9840=LINE('',#424,#9843);
#9841=LINE('',#428,#9844);
#9842=VECTOR('',#9845,1.0);
#9843=VECTOR('',#9846,1.0);
#9844=VECTOR('',#9847,1.0);
#9845=DIRECTION('',(-0.0021515022457106025,-0.010748770750679813,0.9999399156776552));
#9846=DIRECTION('',(-0.9951877072479346,0.09798687331780334,0));
#9847=DIRECTION('',(0.4328353220252892,-0.032742499575619935,-0.9008781897286696));
#9848=FACE_SURFACE('',(#9853),#9849,.T.);
#9849=PLANE('',#9850);
#9850=AXIS2_PLACEMENT_3D('',#496,#9851,#9852);
#9851=DIRECTION('',(-0.09798094150331196,-0.9951285115783529,-0.010907820404493486));
#9852=DIRECTION('',(-0.4328353220252892,0.032742499575619935,0.9008781897286696));
#9853=FACE_BOUND('',#9854,.T.);
#9854=EDGE_LOOP('',(#9855,#9856,#9857));
#9855=ORIENTED_EDGE('',*,*,#9858,.T.);
#9856=ORIENTED_EDGE('',*,*,#9859,.T.);
#9857=ORIENTED_EDGE('',*,*,#9860,.T.);
#9858=EDGE_CURVE('',#497,#429,#9861,.F.);
#9859=EDGE_CURVE('',#429,#495,#9862,.T.);
#9860=EDGE_CURVE('',#495,#497,#9863,.T.);
#9861=LINE('',#496,#9864);
#9862=LINE('',#428,#9865);
#9863=LINE('',#494,#9866);
#9864=VECTOR('',#9867,1.0);
#9865=VECTOR('',#9868,1.0);
#9866=VECTOR('',#9869,1.0);
#9867=DIRECTION('',(-0.4328353220252892,0.032742499575619935,0.9008781897286696));
#9868=DIRECTION('',(0,0.010960559423842005,-0.9999399312644317));
#9869=DIRECTION('',(0.9951877173284669,-0.09798677093646666,0));
#9870=FACE_SURFACE('',(#9875),#9871,.T.);
#9871=PLANE('',#9872);
#9872=AXIS2_PLACEMENT_3D('',#490,#9873,#9874);
#9873=DIRECTION('',(-0.2902714452575926,-0.9568821635314345,-0.01090931636122893));
#9874=DIRECTION('',(-0.004195429372118508,-0.010127524460291842,0.9999399140051815));
#9875=FACE_BOUND('',#9876,.T.);
#9876=EDGE_LOOP('',(#9877,#9878,#9879));
#9877=ORIENTED_EDGE('',*,*,#9880,.T.);
#9878=ORIENTED_EDGE('',*,*,#9881,.T.);
#9879=ORIENTED_EDGE('',*,*,#9882,.T.);
#9880=EDGE_CURVE('',#491,#423,#9883,.F.);
#9881=EDGE_CURVE('',#423,#425,#9884,.T.);
#9882=EDGE_CURVE('',#425,#491,#9885,.T.);
#9883=LINE('',#490,#9886);
#9884=LINE('',#422,#9887);
#9885=LINE('',#424,#9888);
#9886=VECTOR('',#9889,1.0);
#9887=VECTOR('',#9890,1.0);
#9888=VECTOR('',#9891,1.0);
#9889=DIRECTION('',(-0.004195429372118508,-0.010127524460291842,0.9999399140051815));
#9890=DIRECTION('',(-0.9569391071951827,0.29028872716658694,-6.994841668190836E-07));
#9891=DIRECTION('',(0.4181240379297154,-0.11656763092687594,-0.9008797235621665));
#9892=FACE_SURFACE('',(#9897),#9893,.T.);
#9893=PLANE('',#9894);
#9894=AXIS2_PLACEMENT_3D('',#490,#9895,#9896);
#9895=DIRECTION('',(-0.29027375255350707,-0.9568814503453646,-0.010910479524598742));
#9896=DIRECTION('',(-0.4181240379297154,0.11656763092687594,0.9008797235621665));
#9897=FACE_BOUND('',#9898,.T.);
#9898=EDGE_LOOP('',(#9899,#9900,#9901));
#9899=ORIENTED_EDGE('',*,*,#9902,.T.);
#9900=ORIENTED_EDGE('',*,*,#9903,.T.);
#9901=ORIENTED_EDGE('',*,*,#9904,.T.);
#9902=EDGE_CURVE('',#491,#425,#9905,.F.);
#9903=EDGE_CURVE('',#425,#497,#9906,.T.);
#9904=EDGE_CURVE('',#497,#491,#9907,.T.);
#9905=LINE('',#490,#9908);
#9906=LINE('',#424,#9909);
#9907=LINE('',#496,#9910);
#9908=VECTOR('',#9911,1.0);
#9909=VECTOR('',#9912,1.0);
#9910=VECTOR('',#9913,1.0);
#9911=DIRECTION('',(-0.4181240379297154,0.11656763092687594,0.9008797235621665));
#9912=DIRECTION('',(0.0021515022457106025,0.010748770750679813,-0.9999399156776552));
#9913=DIRECTION('',(0.9569384061212103,-0.29029103825249664,6.963887380952872E-07));
#9914=FACE_SURFACE('',(#9919),#9915,.T.);
#9915=PLANE('',#9916);
#9916=AXIS2_PLACEMENT_3D('',#484,#9917,#9918);
#9917=DIRECTION('',(-0.47137433495095743,-0.8818657967927552,-0.010906548336737112));
#9918=DIRECTION('',(-0.006088751533199222,-0.009112284621184744,0.9999399448835663));
#9919=FACE_BOUND('',#9920,.T.);
#9920=EDGE_LOOP('',(#9921,#9922,#9923));
#9921=ORIENTED_EDGE('',*,*,#9924,.T.);
#9922=ORIENTED_EDGE('',*,*,#9925,.T.);
#9923=ORIENTED_EDGE('',*,*,#9926,.T.);
#9924=EDGE_CURVE('',#485,#419,#9927,.F.);
#9925=EDGE_CURVE('',#419,#423,#9928,.T.);
#9926=EDGE_CURVE('',#423,#485,#9929,.T.);
#9927=LINE('',#484,#9930);
#9928=LINE('',#418,#9931);
#9929=LINE('',#422,#9932);
#9930=VECTOR('',#9933,1.0);
#9931=VECTOR('',#9934,1.0);
#9932=VECTOR('',#9935,1.0);
#9933=DIRECTION('',(-0.006088751533199222,-0.009112284621184744,0.9999399448835663));
#9934=DIRECTION('',(-0.8819182516739295,0.4714023731000935,0));
#9935=DIRECTION('',(0.38734356248945156,-0.19590090148124117,-0.9008816800206436));
#9936=FACE_SURFACE('',(#9941),#9937,.T.);
#9937=PLANE('',#9938);
#9938=AXIS2_PLACEMENT_3D('',#484,#9939,#9940);
#9939=DIRECTION('',(-0.471379512649887,-0.8818629941179918,-0.010909383997532754));
#9940=DIRECTION('',(-0.38734356248945156,0.19590090148124117,0.9008816800206436));
#9941=FACE_BOUND('',#9942,.T.);
#9942=EDGE_LOOP('',(#9943,#9944,#9945));
#9943=ORIENTED_EDGE('',*,*,#9946,.T.);
#9944=ORIENTED_EDGE('',*,*,#9947,.T.);
#9945=ORIENTED_EDGE('',*,*,#9948,.T.);
#9946=EDGE_CURVE('',#485,#423,#9949,.F.);
#9947=EDGE_CURVE('',#423,#491,#9950,.T.);
#9948=EDGE_CURVE('',#491,#485,#9951,.T.);
#9949=LINE('',#484,#9952);
#9950=LINE('',#422,#9953);
#9951=LINE('',#490,#9954);
#9952=VECTOR('',#9955,1.0);
#9953=VECTOR('',#9956,1.0);
#9954=VECTOR('',#9957,1.0);
#9955=DIRECTION('',(-0.38734356248945156,0.19590090148124117,0.9008816800206436));
#9956=DIRECTION('',(0.004195429372118508,0.010127524460291842,-0.9999399140051815));
#9957=DIRECTION('',(0.881915476114489,-0.4714075656899813,0));
#9958=FACE_SURFACE('',(#9963),#9959,.T.);
#9959=PLANE('',#9960);
#9960=AXIS2_PLACEMENT_3D('',#418,#9961,#9962);
#9961=DIRECTION('',(-0.6343484313813145,-0.7729703191735798,-0.01090657053155634));
#9962=DIRECTION('',(0.006088751533199222,0.009112284621184744,-0.9999399448835663));
#9963=FACE_BOUND('',#9964,.T.);
#9964=EDGE_LOOP('',(#9965,#9966,#9967));
#9965=ORIENTED_EDGE('',*,*,#9968,.T.);
#9966=ORIENTED_EDGE('',*,*,#9969,.T.);
#9967=ORIENTED_EDGE('',*,*,#9970,.T.);
#9968=EDGE_CURVE('',#419,#485,#9971,.F.);
#9969=EDGE_CURVE('',#485,#483,#9972,.T.);
#9970=EDGE_CURVE('',#483,#419,#9973,.T.);
#9971=LINE('',#418,#9974);
#9972=LINE('',#484,#9975);
#9973=LINE('',#482,#9976);
#9974=VECTOR('',#9977,1.0);
#9975=VECTOR('',#9978,1.0);
#9976=VECTOR('',#9979,1.0);
#9977=DIRECTION('',(0.006088751533199222,0.009112284621184744,-0.9999399448835663));
#9978=DIRECTION('',(0.7730162969532242,-0.6343861636611606,0));
#9979=DIRECTION('',(-0.3416934506420744,0.2677039672757181,0.9008774454348124));
#9980=FACE_SURFACE('',(#9985),#9981,.T.);
#9981=PLANE('',#9982);
#9982=AXIS2_PLACEMENT_3D('',#418,#9983,#9984);
#9983=DIRECTION('',(-0.6343678871492706,-0.7729541802366754,-0.01091874573472116));
#9984=DIRECTION('',(0.3416934506420744,-0.2677039672757181,-0.9008774454348124));
#9985=FACE_BOUND('',#9986,.T.);
#9986=EDGE_LOOP('',(#9987,#9988,#9989));
#9987=ORIENTED_EDGE('',*,*,#9990,.T.);
#9988=ORIENTED_EDGE('',*,*,#9991,.T.);
#9989=ORIENTED_EDGE('',*,*,#9992,.T.);
#9990=EDGE_CURVE('',#419,#483,#9993,.F.);
#9991=EDGE_CURVE('',#483,#417,#9994,.T.);
#9992=EDGE_CURVE('',#417,#419,#9995,.T.);
#9993=LINE('',#418,#9996);
#9994=LINE('',#482,#9997);
#9995=LINE('',#416,#9998);
#9996=VECTOR('',#9999,1.0);
#9997=VECTOR('',#10000,1.0);
#9998=VECTOR('',#10001,1.0);
#9999=DIRECTION('',(0.3416934506420744,-0.2677039672757181,-0.9008774454348124));
#10000=DIRECTION('',(-0.007766922195347095,-0.007750785930398314,0.9999397983064143));
#10001=DIRECTION('',(-0.7730002597723444,0.6344057048859886,0));
#10002=FACE_SURFACE('',(#10007),#10003,.T.);
#10003=PLANE('',#10004);
#10004=AXIS2_PLACEMENT_3D('',#410,#10005,#10006);
#10005=DIRECTION('',(-0.772959720540715,-0.634361098098158,-0.01092097254455098));
#10006=DIRECTION('',(-0.634398930858317,0.773005819205667,0));
#10007=FACE_BOUND('',#10008,.T.);
#10008=EDGE_LOOP('',(#10009,#10010,#10011));
#10009=ORIENTED_EDGE('',*,*,#10012,.T.);
#10010=ORIENTED_EDGE('',*,*,#10013,.T.);
#10011=ORIENTED_EDGE('',*,*,#10014,.T.);
#10012=EDGE_CURVE('',#411,#417,#10015,.F.);
#10013=EDGE_CURVE('',#417,#483,#10016,.T.);
#10014=EDGE_CURVE('',#483,#411,#10017,.T.);
#10015=LINE('',#410,#10018);
#10016=LINE('',#416,#10019);
#10017=LINE('',#482,#10020);
#10018=VECTOR('',#10021,1.0);
#10019=VECTOR('',#10022,1.0);
#10020=VECTOR('',#10023,1.0);
#10021=DIRECTION('',(-0.634398930858317,0.773005819205667,0));
#10022=DIRECTION('',(0.007766922195347095,0.007750785930398314,-0.9999397983064143));
#10023=DIRECTION('',(0.2676892747349274,-0.34168483667780053,0.9008850784513824));
#10024=FACE_SURFACE('',(#10029),#10025,.T.);
#10025=PLANE('',#10026);
#10026=AXIS2_PLACEMENT_3D('',#410,#10027,#10028);
#10027=DIRECTION('',(-0.7729673546546787,-0.6343518950467467,-0.010915213637368805));
#10028=DIRECTION('',(-0.2676892747349274,0.34168483667780053,-0.9008850784513824));
#10029=FACE_BOUND('',#10030,.T.);
#10030=EDGE_LOOP('',(#10031,#10032,#10033));
#10031=ORIENTED_EDGE('',*,*,#10034,.T.);
#10032=ORIENTED_EDGE('',*,*,#10035,.T.);
#10033=ORIENTED_EDGE('',*,*,#10036,.T.);
#10034=EDGE_CURVE('',#411,#483,#10037,.F.);
#10035=EDGE_CURVE('',#483,#477,#10038,.T.);
#10036=EDGE_CURVE('',#477,#411,#10039,.T.);
#10037=LINE('',#410,#10040);
#10038=LINE('',#482,#10041);
#10039=LINE('',#476,#10042);
#10040=VECTOR('',#10043,1.0);
#10041=VECTOR('',#10044,1.0);
#10042=VECTOR('',#10045,1.0);
#10043=DIRECTION('',(-0.2676892747349274,0.34168483667780053,-0.9008850784513824));
#10044=DIRECTION('',(0.6343896873652202,-0.7730134051649157,0));
#10045=DIRECTION('',(-0.009122368874758988,-0.006090095612291194,0.9999398447514459));
#10046=FACE_SURFACE('',(#10051),#10047,.T.);
#10047=PLANE('',#10048);
#10048=AXIS2_PLACEMENT_3D('',#408,#10049,#10050);
#10049=DIRECTION('',(-0.8818665975663371,-0.47137261634412536,-0.010916073362986726));
#10050=DIRECTION('',(-0.471400703389788,0.8819191441643689,0));
#10051=FACE_BOUND('',#10052,.T.);
#10052=EDGE_LOOP('',(#10053,#10054,#10055));
#10053=ORIENTED_EDGE('',*,*,#10056,.T.);
#10054=ORIENTED_EDGE('',*,*,#10057,.T.);
#10055=ORIENTED_EDGE('',*,*,#10058,.T.);
#10056=EDGE_CURVE('',#409,#411,#10059,.F.);
#10057=EDGE_CURVE('',#411,#477,#10060,.T.);
#10058=EDGE_CURVE('',#477,#409,#10061,.T.);
#10059=LINE('',#408,#10062);
#10060=LINE('',#410,#10063);
#10061=LINE('',#476,#10064);
#10062=VECTOR('',#10065,1.0);
#10063=VECTOR('',#10066,1.0);
#10064=VECTOR('',#10067,1.0);
#10065=DIRECTION('',(-0.471400703389788,0.8819191441643689,0));
#10066=DIRECTION('',(0.009122368874758988,0.006090095612291194,-0.9999398447514459));
#10067=DIRECTION('',(0.19589144368607106,-0.3873458424699786,0.9008827563072841));
#10068=FACE_SURFACE('',(#10073),#10069,.T.);
#10069=PLANE('',#10070);
#10070=AXIS2_PLACEMENT_3D('',#408,#10071,#10072);
#10071=DIRECTION('',(-0.8818872582564024,-0.4713344449824481,-0.0108951685665305));
#10072=DIRECTION('',(-0.19589144368607106,0.3873458424699786,-0.9008827563072841));
#10073=FACE_BOUND('',#10074,.T.);
#10074=EDGE_LOOP('',(#10075,#10076,#10077));
#10075=ORIENTED_EDGE('',*,*,#10078,.T.);
#10076=ORIENTED_EDGE('',*,*,#10079,.T.);
#10077=ORIENTED_EDGE('',*,*,#10080,.T.);
#10078=EDGE_CURVE('',#409,#477,#10081,.F.);
#10079=EDGE_CURVE('',#477,#475,#10082,.T.);
#10080=EDGE_CURVE('',#475,#409,#10083,.T.);
#10081=LINE('',#408,#10084);
#10082=LINE('',#476,#10085);
#10083=LINE('',#474,#10086);
#10084=VECTOR('',#10087,1.0);
#10085=VECTOR('',#10088,1.0);
#10086=VECTOR('',#10089,1.0);
#10087=DIRECTION('',(-0.19589144368607106,0.3873458424699786,-0.9008827563072841));
#10088=DIRECTION('',(0.47136242227974645,-0.8819396049971733,0));
#10089=DIRECTION('',(-0.010112062177418984,-0.004194085363214071,0.9999400761278079));
#10090=FACE_SURFACE('',(#10095),#10091,.T.);
#10091=PLANE('',#10092);
#10092=AXIS2_PLACEMENT_3D('',#402,#10093,#10094);
#10093=DIRECTION('',(-0.9568864635391611,-0.2902578408364852,-0.010894114395367657));
#10094=DIRECTION('',(-0.29027506652090557,0.9569432510636583,0));
#10095=FACE_BOUND('',#10096,.T.);
#10096=EDGE_LOOP('',(#10097,#10098,#10099));
#10097=ORIENTED_EDGE('',*,*,#10100,.T.);
#10098=ORIENTED_EDGE('',*,*,#10101,.T.);
#10099=ORIENTED_EDGE('',*,*,#10102,.T.);
#10100=EDGE_CURVE('',#403,#409,#10103,.F.);
#10101=EDGE_CURVE('',#409,#475,#10104,.T.);
#10102=EDGE_CURVE('',#475,#403,#10105,.T.);
#10103=LINE('',#402,#10106);
#10104=LINE('',#408,#10107);
#10105=LINE('',#474,#10108);
#10106=VECTOR('',#10109,1.0);
#10107=VECTOR('',#10110,1.0);
#10108=VECTOR('',#10111,1.0);
#10109=DIRECTION('',(-0.29027506652090557,0.9569432510636583,0));
#10110=DIRECTION('',(0.010112062177418984,0.004194085363214071,-0.9999400761278079));
#10111=DIRECTION('',(0.1165733605015854,-0.4181171602015289,0.9008821742971588));
#10112=FACE_SURFACE('',(#10117),#10113,.T.);
#10113=PLANE('',#10114);
#10114=AXIS2_PLACEMENT_3D('',#402,#10115,#10116);
#10115=DIRECTION('',(-0.956873831297591,-0.29029870813634545,-0.010914716315066698));
#10116=DIRECTION('',(-0.1165733605015854,0.4181171602015289,-0.9008821742971588));
#10117=FACE_BOUND('',#10118,.T.);
#10118=EDGE_LOOP('',(#10119,#10120,#10121));
#10119=ORIENTED_EDGE('',*,*,#10122,.T.);
#10120=ORIENTED_EDGE('',*,*,#10123,.T.);
#10121=ORIENTED_EDGE('',*,*,#10124,.T.);
#10122=EDGE_CURVE('',#403,#475,#10125,.F.);
#10123=EDGE_CURVE('',#475,#469,#10126,.T.);
#10124=EDGE_CURVE('',#469,#403,#10127,.T.);
#10125=LINE('',#402,#10128);
#10126=LINE('',#474,#10129);
#10127=LINE('',#468,#10130);
#10128=VECTOR('',#10131,1.0);
#10129=VECTOR('',#10132,1.0);
#10130=VECTOR('',#10133,1.0);
#10131=DIRECTION('',(-0.1165733605015854,0.4181171602015289,-0.9008821742971588));
#10132=DIRECTION('',(0.29031600147386954,-0.9569308330742741,0));
#10133=DIRECTION('',(-0.010757510543195214,-0.002137382876051099,0.9999398519717844));
#10134=FACE_SURFACE('',(#10139),#10135,.T.);
#10135=PLANE('',#10136);
#10136=AXIS2_PLACEMENT_3D('',#400,#10137,#10138);
#10137=DIRECTION('',(-0.995123247193773,-0.09803356780546242,-0.010915240622772217));
#10138=DIRECTION('',(-0.09803940830844715,0.9951825332161581,0));
#10139=FACE_BOUND('',#10140,.T.);
#10140=EDGE_LOOP('',(#10141,#10142,#10143));
#10141=ORIENTED_EDGE('',*,*,#10144,.T.);
#10142=ORIENTED_EDGE('',*,*,#10145,.T.);
#10143=ORIENTED_EDGE('',*,*,#10146,.T.);
#10144=EDGE_CURVE('',#401,#403,#10147,.F.);
#10145=EDGE_CURVE('',#403,#469,#10148,.T.);
#10146=EDGE_CURVE('',#469,#401,#10149,.T.);
#10147=LINE('',#400,#10150);
#10148=LINE('',#402,#10151);
#10149=LINE('',#468,#10152);
#10150=VECTOR('',#10153,1.0);
#10151=VECTOR('',#10154,1.0);
#10152=VECTOR('',#10155,1.0);
#10153=DIRECTION('',(-0.09803940830844715,0.9951825332161581,0));
#10154=DIRECTION('',(0.010757510543195214,0.002137382876051099,-0.9999398519717844));
#10155=DIRECTION('',(0.032758317723864325,-0.432830176212782,0.9008800870146451));
#10156=FACE_SURFACE('',(#10161),#10157,.T.);
#10157=PLANE('',#10158);
#10158=AXIS2_PLACEMENT_3D('',#400,#10159,#10160);
#10159=DIRECTION('',(-0.9951268076113523,-0.09799926834483336,-0.01089863189193884));
#10160=DIRECTION('',(-0.032758317723864325,0.432830176212782,-0.9008800870146451));
#10161=FACE_BOUND('',#10162,.T.);
#10162=EDGE_LOOP('',(#10163,#10164,#10165));
#10163=ORIENTED_EDGE('',*,*,#10166,.T.);
#10164=ORIENTED_EDGE('',*,*,#10167,.T.);
#10165=ORIENTED_EDGE('',*,*,#10168,.T.);
#10166=EDGE_CURVE('',#401,#469,#10169,.F.);
#10167=EDGE_CURVE('',#469,#467,#10170,.T.);
#10168=EDGE_CURVE('',#467,#401,#10171,.T.);
#10169=LINE('',#400,#10172);
#10170=LINE('',#468,#10173);
#10171=LINE('',#466,#10174);
#10172=VECTOR('',#10175,1.0);
#10173=VECTOR('',#10176,1.0);
#10174=VECTOR('',#10177,1.0);
#10175=DIRECTION('',(-0.032758317723864325,0.432830176212782,-0.9008800870146451));
#10176=DIRECTION('',(0.09800508904860228,-0.995185913546095,0));
#10177=DIRECTION('',(-0.010951147730690657,-2.0170335947981316E-06,0.9999400343817184));
#10178=FACE_SURFACE('',(#10183),#10179,.T.);
#10179=PLANE('',#10180);
#10180=AXIS2_PLACEMENT_3D('',#394,#10181,#10182);
#10181=DIRECTION('',(-0.9951230557164613,0.09803740775492219,-0.010898195365645543));
#10182=DIRECTION('',(0.09804323025750525,0.9951821566932728,0));
#10183=FACE_BOUND('',#10184,.T.);
#10184=EDGE_LOOP('',(#10185,#10186,#10187));
#10185=ORIENTED_EDGE('',*,*,#10188,.T.);
#10186=ORIENTED_EDGE('',*,*,#10189,.T.);
#10187=ORIENTED_EDGE('',*,*,#10190,.T.);
#10188=EDGE_CURVE('',#395,#401,#10191,.F.);
#10189=EDGE_CURVE('',#401,#467,#10192,.T.);
#10190=EDGE_CURVE('',#467,#395,#10193,.T.);
#10191=LINE('',#394,#10194);
#10192=LINE('',#400,#10195);
#10193=LINE('',#466,#10196);
#10194=VECTOR('',#10197,1.0);
#10195=VECTOR('',#10198,1.0);
#10196=VECTOR('',#10199,1.0);
#10197=DIRECTION('',(0.09804323025750525,0.9951821566932728,0));
#10198=DIRECTION('',(0.010951147730690657,2.0170335947981316E-06,-0.9999400343817184));
#10199=DIRECTION('',(-0.05231671453479208,-0.43089206207699854,0.9008856710034393));
#10200=FACE_SURFACE('',(#10205),#10201,.T.);
#10201=PLANE('',#10202);
#10202=AXIS2_PLACEMENT_3D('',#394,#10203,#10204);
#10203=DIRECTION('',(-0.9951263840451559,0.09800169537204162,-0.01091546982124427));
#10204=DIRECTION('',(0.05231671453479208,0.43089206207699854,-0.9008856710034393));
#10205=FACE_BOUND('',#10206,.T.);
#10206=EDGE_LOOP('',(#10207,#10208,#10209));
#10207=ORIENTED_EDGE('',*,*,#10210,.T.);
#10208=ORIENTED_EDGE('',*,*,#10211,.T.);
#10209=ORIENTED_EDGE('',*,*,#10212,.T.);
#10210=EDGE_CURVE('',#395,#467,#10213,.F.);
#10211=EDGE_CURVE('',#467,#461,#10214,.T.);
#10212=EDGE_CURVE('',#461,#395,#10215,.T.);
#10213=LINE('',#394,#10216);
#10214=LINE('',#466,#10217);
#10215=LINE('',#460,#10218);
#10216=VECTOR('',#10219,1.0);
#10217=VECTOR('',#10220,1.0);
#10218=VECTOR('',#10221,1.0);
#10219=DIRECTION('',(0.05231671453479208,0.43089206207699854,-0.9008856710034393));
#10220=DIRECTION('',(-0.0980075342213991,-0.9951856727444589,0));
#10221=DIRECTION('',(-0.010757510481319671,0.002140072241377532,0.9999398462202844));
#10222=FACE_SURFACE('',(#10227),#10223,.T.);
#10223=PLANE('',#10224);
#10224=AXIS2_PLACEMENT_3D('',#386,#10225,#10226);
#10225=DIRECTION('',(-0.9568863577793396,0.2902573844158808,-0.010915543405679825));
#10226=DIRECTION('',(0.2902746779125706,0.9569433689423599,0));
#10227=FACE_BOUND('',#10228,.T.);
#10228=EDGE_LOOP('',(#10229,#10230,#10231));
#10229=ORIENTED_EDGE('',*,*,#10232,.T.);
#10230=ORIENTED_EDGE('',*,*,#10233,.T.);
#10231=ORIENTED_EDGE('',*,*,#10234,.T.);
#10232=EDGE_CURVE('',#387,#395,#10235,.F.);
#10233=EDGE_CURVE('',#395,#461,#10236,.T.);
#10234=EDGE_CURVE('',#461,#387,#10237,.T.);
#10235=LINE('',#386,#10238);
#10236=LINE('',#394,#10239);
#10237=LINE('',#460,#10240);
#10238=VECTOR('',#10241,1.0);
#10239=VECTOR('',#10242,1.0);
#10240=VECTOR('',#10243,1.0);
#10241=DIRECTION('',(0.2902746779125706,0.9569433689423599,0));
#10242=DIRECTION('',(0.010757510481319671,-0.002140072241377532,-0.9999398462202844));
#10243=DIRECTION('',(-0.13537564182974757,-0.41241147895065283,0.9008830155069631));
#10244=FACE_SURFACE('',(#10249),#10245,.T.);
#10245=PLANE('',#10246);
#10246=AXIS2_PLACEMENT_3D('',#386,#10247,#10248);
#10247=DIRECTION('',(-0.9568735783038836,0.2903003214350202,-0.010893967075654142));
#10248=DIRECTION('',(0.13537564182974757,0.41241147895065283,-0.9008830155069631));
#10249=FACE_BOUND('',#10250,.T.);
#10250=EDGE_LOOP('',(#10251,#10252,#10253));
#10251=ORIENTED_EDGE('',*,*,#10254,.T.);
#10252=ORIENTED_EDGE('',*,*,#10255,.T.);
#10253=ORIENTED_EDGE('',*,*,#10256,.T.);
#10254=EDGE_CURVE('',#387,#461,#10257,.F.);
#10255=EDGE_CURVE('',#461,#457,#10258,.T.);
#10256=EDGE_CURVE('',#457,#387,#10259,.T.);
#10257=LINE('',#386,#10260);
#10258=LINE('',#460,#10261);
#10259=LINE('',#456,#10262);
#10260=VECTOR('',#10263,1.0);
#10261=VECTOR('',#10264,1.0);
#10262=VECTOR('',#10265,1.0);
#10263=DIRECTION('',(0.13537564182974757,0.41241147895065283,-0.9008830155069631));
#10264=DIRECTION('',(-0.2903175491745124,-0.9569303635277253,0));
#10265=DIRECTION('',(-0.010112062205931404,0.004193413030478335,0.9999400789472833));
#10266=FACE_SURFACE('',(#10271),#10267,.T.);
#10267=PLANE('',#10268);
#10268=AXIS2_PLACEMENT_3D('',#384,#10269,#10270);
#10269=DIRECTION('',(-0.8818664912734763,0.47137330726445203,-0.010894804614147898));
#10270=DIRECTION('',(0.47140128499907463,0.8819188332841187,0));
#10271=FACE_BOUND('',#10272,.T.);
#10272=EDGE_LOOP('',(#10273,#10274,#10275));
#10273=ORIENTED_EDGE('',*,*,#10276,.T.);
#10274=ORIENTED_EDGE('',*,*,#10277,.T.);
#10275=ORIENTED_EDGE('',*,*,#10278,.T.);
#10276=EDGE_CURVE('',#385,#387,#10279,.F.);
#10277=EDGE_CURVE('',#387,#457,#10280,.T.);
#10278=EDGE_CURVE('',#457,#385,#10281,.T.);
#10279=LINE('',#384,#10282);
#10280=LINE('',#386,#10283);
#10281=LINE('',#456,#10284);
#10282=VECTOR('',#10285,1.0);
#10283=VECTOR('',#10286,1.0);
#10284=VECTOR('',#10287,1.0);
#10285=DIRECTION('',(0.47140128499907463,0.8819188332841187,0));
#10286=DIRECTION('',(0.010112062205931404,-0.004193413030478335,-0.9999400789472833));
#10287=DIRECTION('',(-0.21322071522791888,-0.3780809127238737,0.9008838715570266));
#10288=FACE_SURFACE('',(#10293),#10289,.T.);
#10289=PLANE('',#10290);
#10290=AXIS2_PLACEMENT_3D('',#384,#10291,#10292);
#10291=DIRECTION('',(-0.8818867512373552,0.4713349183455364,-0.010915710706581644));
#10292=DIRECTION('',(0.21322071522791888,0.3780809127238737,-0.9008838715570266));
#10293=FACE_BOUND('',#10294,.T.);
#10294=EDGE_LOOP('',(#10295,#10296,#10297));
#10295=ORIENTED_EDGE('',*,*,#10298,.T.);
#10296=ORIENTED_EDGE('',*,*,#10299,.T.);
#10297=ORIENTED_EDGE('',*,*,#10300,.T.);
#10298=EDGE_CURVE('',#385,#457,#10301,.F.);
#10299=EDGE_CURVE('',#457,#455,#10302,.T.);
#10300=EDGE_CURVE('',#455,#385,#10303,.T.);
#10301=LINE('',#384,#10304);
#10302=LINE('',#456,#10305);
#10303=LINE('',#454,#10306);
#10304=VECTOR('',#10307,1.0);
#10305=VECTOR('',#10308,1.0);
#10306=VECTOR('',#10309,1.0);
#10307=DIRECTION('',(0.21322071522791888,0.3780809127238737,-0.9008838715570266));
#10308=DIRECTION('',(-0.4713630012787236,-0.8819392955444916,0));
#10309=DIRECTION('',(-0.009122368912109758,0.0060894232928197295,0.9999398488456154));
#10310=FACE_SURFACE('',(#10315),#10311,.T.);
#10311=PLANE('',#10312);
#10312=AXIS2_PLACEMENT_3D('',#366,#10313,#10314);
#10313=DIRECTION('',(-0.7729597728548613,0.6343611410319078,-0.010914774246732796));
#10314=DIRECTION('',(0.634398930858317,0.773005819205667,0));
#10315=FACE_BOUND('',#10316,.T.);
#10316=EDGE_LOOP('',(#10317,#10318,#10319));
#10317=ORIENTED_EDGE('',*,*,#10320,.T.);
#10318=ORIENTED_EDGE('',*,*,#10321,.T.);
#10319=ORIENTED_EDGE('',*,*,#10322,.T.);
#10320=EDGE_CURVE('',#367,#385,#10323,.F.);
#10321=EDGE_CURVE('',#385,#455,#10324,.T.);
#10322=EDGE_CURVE('',#455,#367,#10325,.T.);
#10323=LINE('',#366,#10326);
#10324=LINE('',#384,#10327);
#10325=LINE('',#454,#10328);
#10326=VECTOR('',#10329,1.0);
#10327=VECTOR('',#10330,1.0);
#10328=VECTOR('',#10331,1.0);
#10329=DIRECTION('',(0.634398930858317,0.773005819205667,0));
#10330=DIRECTION('',(0.009122368912109758,-0.0060894232928197295,-0.9999398488456154));
#10331=DIRECTION('',(-0.28290374812273555,-0.3292136088444711,0.9008794975187899));
#10332=FACE_SURFACE('',(#10337),#10333,.T.);
#10333=PLANE('',#10334);
#10334=AXIS2_PLACEMENT_3D('',#366,#10335,#10336);
#10335=DIRECTION('',(-0.7729678666489677,0.6343511722896562,-0.010920958881100527));
#10336=DIRECTION('',(0.28290374812273555,0.3292136088444711,-0.9008794975187899));
#10337=FACE_BOUND('',#10338,.T.);
#10338=EDGE_LOOP('',(#10339,#10340,#10341));
#10339=ORIENTED_EDGE('',*,*,#10342,.T.);
#10340=ORIENTED_EDGE('',*,*,#10343,.T.);
#10341=ORIENTED_EDGE('',*,*,#10344,.T.);
#10342=EDGE_CURVE('',#367,#455,#10345,.F.);
#10343=EDGE_CURVE('',#455,#437,#10346,.T.);
#10344=EDGE_CURVE('',#437,#367,#10347,.T.);
#10345=LINE('',#366,#10348);
#10346=LINE('',#454,#10349);
#10347=LINE('',#436,#10350);
#10348=VECTOR('',#10351,1.0);
#10349=VECTOR('',#10352,1.0);
#10350=VECTOR('',#10353,1.0);
#10351=DIRECTION('',(0.28290374812273555,0.3292136088444711,-0.9008794975187899));
#10352=DIRECTION('',(-0.6343890043631748,-0.7730139656843853,0));
#10353=DIRECTION('',(-0.007766922195347095,0.007750785930398314,0.9999397983064143));
#10354=FACE_SURFACE('',(#10359),#10355,.T.);
#10355=PLANE('',#10356);
#10356=AXIS2_PLACEMENT_3D('',#368,#10357,#10358);
#10357=DIRECTION('',(-0.6343678871492706,0.7729541802366754,-0.01091874573472116));
#10358=DIRECTION('',(0.7730002597723444,0.6344057048859886,0));
#10359=FACE_BOUND('',#10360,.T.);
#10360=EDGE_LOOP('',(#10361,#10362,#10363));
#10361=ORIENTED_EDGE('',*,*,#10364,.T.);
#10362=ORIENTED_EDGE('',*,*,#10365,.T.);
#10363=ORIENTED_EDGE('',*,*,#10366,.T.);
#10364=EDGE_CURVE('',#369,#367,#10367,.F.);
#10365=EDGE_CURVE('',#367,#437,#10368,.T.);
#10366=EDGE_CURVE('',#437,#369,#10369,.T.);
#10367=LINE('',#368,#10370);
#10368=LINE('',#366,#10371);
#10369=LINE('',#436,#10372);
#10370=VECTOR('',#10373,1.0);
#10371=VECTOR('',#10374,1.0);
#10372=VECTOR('',#10375,1.0);
#10373=DIRECTION('',(0.7730002597723444,0.6344057048859886,0));
#10374=DIRECTION('',(0.007766922195347095,-0.007750785930398314,-0.9999397983064143));
#10375=DIRECTION('',(-0.3416934506420744,-0.2677039672757181,0.9008774454348124));
#10376=FACE_SURFACE('',(#10381),#10377,.T.);
#10377=PLANE('',#10378);
#10378=AXIS2_PLACEMENT_3D('',#368,#10379,#10380);
#10379=DIRECTION('',(-0.6343517457200096,0.7729675699376168,-0.010908644586367113));
#10380=DIRECTION('',(0.3416934506420744,0.2677039672757181,-0.9008774454348124));
#10381=FACE_BOUND('',#10382,.T.);
#10382=EDGE_LOOP('',(#10383,#10384,#10385));
#10383=ORIENTED_EDGE('',*,*,#10386,.T.);
#10384=ORIENTED_EDGE('',*,*,#10387,.T.);
#10385=ORIENTED_EDGE('',*,*,#10388,.T.);
#10386=EDGE_CURVE('',#369,#437,#10389,.F.);
#10387=EDGE_CURVE('',#437,#435,#10390,.T.);
#10388=EDGE_CURVE('',#435,#369,#10391,.T.);
#10389=LINE('',#368,#10392);
#10390=LINE('',#436,#10393);
#10391=LINE('',#434,#10394);
#10392=VECTOR('',#10395,1.0);
#10393=VECTOR('',#10396,1.0);
#10394=VECTOR('',#10397,1.0);
#10395=DIRECTION('',(0.3416934506420744,0.2677039672757181,-0.9008774454348124));
#10396=DIRECTION('',(-0.7730135650436792,-0.6343894925504848,0));
#10397=DIRECTION('',(-0.006088751383963968,0.009114973775662491,0.9999399203750459));
#10398=FACE_SURFACE('',(#10403),#10399,.T.);
#10399=PLANE('',#10400);
#10400=AXIS2_PLACEMENT_3D('',#370,#10401,#10402);
#10401=DIRECTION('',(-0.47137432275598357,0.8818657739779144,-0.010908919867322852));
#10402=DIRECTION('',(0.8819182516739295,0.4714023731000935,0));
#10403=FACE_BOUND('',#10404,.T.);
#10404=EDGE_LOOP('',(#10405,#10406,#10407));
#10405=ORIENTED_EDGE('',*,*,#10408,.T.);
#10406=ORIENTED_EDGE('',*,*,#10409,.T.);
#10407=ORIENTED_EDGE('',*,*,#10410,.T.);
#10408=EDGE_CURVE('',#371,#369,#10411,.F.);
#10409=EDGE_CURVE('',#369,#435,#10412,.T.);
#10410=EDGE_CURVE('',#435,#371,#10413,.T.);
#10411=LINE('',#370,#10414);
#10412=LINE('',#368,#10415);
#10413=LINE('',#434,#10416);
#10414=VECTOR('',#10417,1.0);
#10415=VECTOR('',#10418,1.0);
#10416=VECTOR('',#10419,1.0);
#10417=DIRECTION('',(0.8819182516739295,0.4714023731000935,0));
#10418=DIRECTION('',(0.006088751383963968,-0.009114973775662491,-0.9999399203750459));
#10419=DIRECTION('',(-0.38734374634471513,-0.19589857150901116,0.9008821076302769));
#10420=FACE_SURFACE('',(#10425),#10421,.T.);
#10421=PLANE('',#10422);
#10422=AXIS2_PLACEMENT_3D('',#370,#10423,#10424);
#10423=DIRECTION('',(-0.47137193939273225,0.8818670640733086,-0.010907614581441894));
#10424=DIRECTION('',(0.38734374634471513,0.19589857150901116,-0.9008821076302769));
#10425=FACE_BOUND('',#10426,.T.);
#10426=EDGE_LOOP('',(#10427,#10428,#10429));
#10427=ORIENTED_EDGE('',*,*,#10430,.T.);
#10428=ORIENTED_EDGE('',*,*,#10431,.T.);
#10429=ORIENTED_EDGE('',*,*,#10432,.T.);
#10430=EDGE_CURVE('',#371,#435,#10433,.F.);
#10431=EDGE_CURVE('',#435,#445,#10434,.T.);
#10432=EDGE_CURVE('',#445,#371,#10435,.T.);
#10433=LINE('',#370,#10436);
#10434=LINE('',#434,#10437);
#10435=LINE('',#444,#10438);
#10436=VECTOR('',#10439,1.0);
#10437=VECTOR('',#10440,1.0);
#10438=VECTOR('',#10441,1.0);
#10439=DIRECTION('',(0.38734374634471513,0.19589857150901116,-0.9008821076302769));
#10440=DIRECTION('',(-0.8819195292874702,-0.4713999828822303,0));
#10441=DIRECTION('',(-0.004195429457812339,0.010125507633758626,0.9999399344294753));
#10442=FACE_SURFACE('',(#10447),#10443,.T.);
#10443=PLANE('',#10444);
#10444=AXIS2_PLACEMENT_3D('',#374,#10445,#10446);
#10445=DIRECTION('',(-0.29027145137057114,0.9568821836782669,-0.010907386411671703));
#10446=DIRECTION('',(0.9569391071951827,0.29028872716658694,6.994841668190836E-07));
#10447=FACE_BOUND('',#10448,.T.);
#10448=EDGE_LOOP('',(#10449,#10450,#10451));
#10449=ORIENTED_EDGE('',*,*,#10452,.T.);
#10450=ORIENTED_EDGE('',*,*,#10453,.T.);
#10451=ORIENTED_EDGE('',*,*,#10454,.T.);
#10452=EDGE_CURVE('',#375,#371,#10455,.F.);
#10453=EDGE_CURVE('',#371,#445,#10456,.T.);
#10454=EDGE_CURVE('',#445,#375,#10457,.T.);
#10455=LINE('',#374,#10458);
#10456=LINE('',#370,#10459);
#10457=LINE('',#444,#10460);
#10458=VECTOR('',#10461,1.0);
#10459=VECTOR('',#10462,1.0);
#10460=VECTOR('',#10463,1.0);
#10461=DIRECTION('',(0.9569391071951827,0.29028872716658694,6.994841668190836E-07));
#10462=DIRECTION('',(0.004195429457812339,-0.010125507633758626,-0.9999399344294753));
#10463=DIRECTION('',(-0.41812394935852404,-0.11656942344822488,0.9008795327288653));
#10464=FACE_SURFACE('',(#10469),#10465,.T.);
#10465=PLANE('',#10466);
#10466=AXIS2_PLACEMENT_3D('',#374,#10467,#10468);
#10467=DIRECTION('',(-0.2902826717298439,0.9568787154015379,-0.010913042879341205));
#10468=DIRECTION('',(0.41812394935852404,0.11656942344822488,-0.9008795327288653));
#10469=FACE_BOUND('',#10470,.T.);
#10470=EDGE_LOOP('',(#10471,#10472,#10473));
#10471=ORIENTED_EDGE('',*,*,#10474,.T.);
#10472=ORIENTED_EDGE('',*,*,#10475,.T.);
#10473=ORIENTED_EDGE('',*,*,#10476,.T.);
#10474=EDGE_CURVE('',#375,#445,#10477,.F.);
#10475=EDGE_CURVE('',#445,#451,#10478,.T.);
#10476=EDGE_CURVE('',#451,#375,#10479,.T.);
#10477=LINE('',#374,#10480);
#10478=LINE('',#444,#10481);
#10479=LINE('',#450,#10482);
#10480=VECTOR('',#10483,1.0);
#10481=VECTOR('',#10484,1.0);
#10482=VECTOR('',#10485,1.0);
#10483=DIRECTION('',(0.41812394935852404,0.11656942344822488,-0.9008795327288653));
#10484=DIRECTION('',(-0.9569356977833697,-0.2902999660822754,-6.963867671680477E-07));
#10485=DIRECTION('',(-0.0021515021835082616,0.01075145981765019,0.9999398867682715));
#10486=FACE_SURFACE('',(#10491),#10487,.T.);
#10487=PLANE('',#10488);
#10488=AXIS2_PLACEMENT_3D('',#376,#10489,#10490);
#10489=DIRECTION('',(-0.09798242644112563,0.9951283354724184,-0.010910547584945602));
#10490=DIRECTION('',(0.9951875708237157,0.09798825887825391,0));
#10491=FACE_BOUND('',#10492,.T.);
#10492=EDGE_LOOP('',(#10493,#10494,#10495));
#10493=ORIENTED_EDGE('',*,*,#10496,.T.);
#10494=ORIENTED_EDGE('',*,*,#10497,.T.);
#10495=ORIENTED_EDGE('',*,*,#10498,.T.);
#10496=EDGE_CURVE('',#377,#375,#10499,.F.);
#10497=EDGE_CURVE('',#375,#451,#10500,.T.);
#10498=EDGE_CURVE('',#451,#377,#10501,.T.);
#10499=LINE('',#376,#10502);
#10500=LINE('',#374,#10503);
#10501=LINE('',#450,#10504);
#10502=VECTOR('',#10505,1.0);
#10503=VECTOR('',#10506,1.0);
#10504=VECTOR('',#10507,1.0);
#10505=DIRECTION('',(0.9951875708237157,0.09798825887825391,0));
#10506=DIRECTION('',(0.0021515021835082616,-0.01075145981765019,-0.9999398867682715));
#10507=DIRECTION('',(-0.43283534777828514,-0.0327406843130935,0.9008782433294532));
#10508=FACE_SURFACE('',(#10513),#10509,.T.);
#10509=PLANE('',#10510);
#10510=AXIS2_PLACEMENT_3D('',#376,#10511,#10512);
#10511=DIRECTION('',(-0.0979754251123371,0.9951290619779339,-0.010907157327836564));
#10512=DIRECTION('',(0.43283534777828514,0.0327406843130935,-0.9008782433294532));
#10513=FACE_BOUND('',#10514,.T.);
#10514=EDGE_LOOP('',(#10515,#10516,#10517));
#10515=ORIENTED_EDGE('',*,*,#10518,.T.);
#10516=ORIENTED_EDGE('',*,*,#10519,.T.);
#10517=ORIENTED_EDGE('',*,*,#10520,.T.);
#10518=EDGE_CURVE('',#377,#451,#10521,.F.);
#10519=EDGE_CURVE('',#451,#449,#10522,.T.);
#10520=EDGE_CURVE('',#449,#377,#10523,.T.);
#10521=LINE('',#376,#10524);
#10522=LINE('',#450,#10525);
#10523=LINE('',#448,#10526);
#10524=VECTOR('',#10527,1.0);
#10525=VECTOR('',#10528,1.0);
#10526=VECTOR('',#10529,1.0);
#10527=DIRECTION('',(0.43283534777828514,0.0327406843130935,-0.9008782433294532));
#10528=DIRECTION('',(-0.9951882605622375,-0.09798125350855706,0));
#10529=DIRECTION('',(0,0.010959887160143646,0.9999399386330347));
#10530=FACE_SURFACE('',(#10535),#10531,.T.);
#10531=PLANE('',#10532);
#10532=AXIS2_PLACEMENT_3D('',#378,#10533,#10534);
#10533=DIRECTION('',(0.09798243007339974,0.9951283723624916,-0.010907149769275157));
#10534=DIRECTION('',(0.9951875708237157,-0.09798825887825391,0));
#10535=FACE_BOUND('',#10536,.T.);
#10536=EDGE_LOOP('',(#10537,#10538,#10539));
#10537=ORIENTED_EDGE('',*,*,#10540,.T.);
#10538=ORIENTED_EDGE('',*,*,#10541,.T.);
#10539=ORIENTED_EDGE('',*,*,#10542,.T.);
#10540=EDGE_CURVE('',#379,#377,#10543,.F.);
#10541=EDGE_CURVE('',#377,#449,#10544,.T.);
#10542=EDGE_CURVE('',#449,#379,#10545,.T.);
#10543=LINE('',#378,#10546);
#10544=LINE('',#376,#10547);
#10545=LINE('',#448,#10548);
#10546=VECTOR('',#10549,1.0);
#10547=VECTOR('',#10550,1.0);
#10548=VECTOR('',#10551,1.0);
#10549=DIRECTION('',(0.9951875708237157,-0.09798825887825391,0));
#10550=DIRECTION('',(0,-0.010959887160143646,-0.9999399386330347));
#10551=DIRECTION('',(-0.4308993092221271,0.052301421300278504,0.9008830926606761));
#10552=FACE_SURFACE('',(#10557),#10553,.T.);
#10553=PLANE('',#10554);
#10554=AXIS2_PLACEMENT_3D('',#378,#10555,#10556);
#10555=DIRECTION('',(0.09797976942826679,0.9951286202245937,-0.010908436766111418));
#10556=DIRECTION('',(0.4308993092221271,-0.052301421300278504,-0.9008830926606761));
#10557=FACE_BOUND('',#10558,.T.);
#10558=EDGE_LOOP('',(#10559,#10560,#10561));
#10559=ORIENTED_EDGE('',*,*,#10562,.T.);
#10560=ORIENTED_EDGE('',*,*,#10563,.T.);
#10561=ORIENTED_EDGE('',*,*,#10564,.T.);
#10562=EDGE_CURVE('',#379,#449,#10565,.F.);
#10563=EDGE_CURVE('',#449,#447,#10566,.T.);
#10564=EDGE_CURVE('',#447,#379,#10567,.T.);
#10565=LINE('',#378,#10568);
#10566=LINE('',#448,#10569);
#10567=LINE('',#446,#10570);
#10568=VECTOR('',#10571,1.0);
#10569=VECTOR('',#10572,1.0);
#10570=VECTOR('',#10573,1.0);
#10571=DIRECTION('',(0.4308993092221271,-0.052301421300278504,-0.9008830926606761));
#10572=DIRECTION('',(-0.9951878326729656,0.09798559945055824,0));
#10573=DIRECTION('',(0.0021299872597764927,0.01075146031284277,0.9999399328236743));
#10574=FACE_SURFACE('',(#10579),#10575,.T.);
#10575=PLANE('',#10576);
#10576=AXIS2_PLACEMENT_3D('',#372,#10577,#10578);
#10577=DIRECTION('',(0.29027146779574153,0.9568821852601489,-0.01090681050848227));
#10578=DIRECTION('',(0.9569391071951827,-0.29028872716658694,6.994841668190836E-07));
#10579=FACE_BOUND('',#10580,.T.);
#10580=EDGE_LOOP('',(#10581,#10582,#10583));
#10581=ORIENTED_EDGE('',*,*,#10584,.T.);
#10582=ORIENTED_EDGE('',*,*,#10585,.T.);
#10583=ORIENTED_EDGE('',*,*,#10586,.T.);
#10584=EDGE_CURVE('',#373,#379,#10587,.F.);
#10585=EDGE_CURVE('',#379,#447,#10588,.T.);
#10586=EDGE_CURVE('',#447,#373,#10589,.T.);
#10587=LINE('',#372,#10590);
#10588=LINE('',#378,#10591);
#10589=LINE('',#446,#10592);
#10590=VECTOR('',#10593,1.0);
#10591=VECTOR('',#10594,1.0);
#10592=VECTOR('',#10595,1.0);
#10593=DIRECTION('',(0.9569391071951827,-0.29028872716658694,6.994841668190836E-07));
#10594=DIRECTION('',(-0.0021299872597764927,-0.01075146031284277,-0.9999399328236743));
#10595=DIRECTION('',(-0.41242399010946434,0.13537780646580597,0.9008769626861901));
#10596=FACE_SURFACE('',(#10601),#10597,.T.);
#10597=PLANE('',#10598);
#10598=AXIS2_PLACEMENT_3D('',#372,#10599,#10600);
#10599=DIRECTION('',(0.2902703243029696,0.9568825255893983,-0.01090738514508678));
#10600=DIRECTION('',(0.41242399010946434,-0.13537780646580597,-0.9008769626861901));
#10601=FACE_BOUND('',#10602,.T.);
#10602=EDGE_LOOP('',(#10603,#10604,#10605));
#10603=ORIENTED_EDGE('',*,*,#10606,.T.);
#10604=ORIENTED_EDGE('',*,*,#10607,.T.);
#10605=ORIENTED_EDGE('',*,*,#10608,.T.);
#10606=EDGE_CURVE('',#373,#447,#10609,.F.);
#10607=EDGE_CURVE('',#447,#443,#10610,.T.);
#10608=EDGE_CURVE('',#443,#373,#10611,.T.);
#10609=LINE('',#372,#10612);
#10610=LINE('',#446,#10613);
#10611=LINE('',#442,#10614);
#10612=VECTOR('',#10615,1.0);
#10613=VECTOR('',#10616,1.0);
#10614=VECTOR('',#10617,1.0);
#10615=DIRECTION('',(0.41242399010946434,-0.13537780646580597,-0.9008769626861901));
#10616=DIRECTION('',(-0.956939453533329,0.29028758545767797,-6.963570678771547E-07));
#10617=DIRECTION('',(0.004195429457812339,0.010125507633758626,0.9999399344294753));
#10618=FACE_SURFACE('',(#10623),#10619,.T.);
#10619=PLANE('',#10620);
#10620=AXIS2_PLACEMENT_3D('',#362,#10621,#10622);
#10621=DIRECTION('',(0.4713743294833561,0.8818657865637498,-0.010907611673291035));
#10622=DIRECTION('',(0.8819182516739295,-0.4714023731000935,0));
#10623=FACE_BOUND('',#10624,.T.);
#10624=EDGE_LOOP('',(#10625,#10626,#10627));
#10625=ORIENTED_EDGE('',*,*,#10628,.T.);
#10626=ORIENTED_EDGE('',*,*,#10629,.T.);
#10627=ORIENTED_EDGE('',*,*,#10630,.T.);
#10628=EDGE_CURVE('',#363,#373,#10631,.F.);
#10629=EDGE_CURVE('',#373,#443,#10632,.T.);
#10630=EDGE_CURVE('',#443,#363,#10633,.T.);
#10631=LINE('',#362,#10634);
#10632=LINE('',#372,#10635);
#10633=LINE('',#442,#10636);
#10634=VECTOR('',#10637,1.0);
#10635=VECTOR('',#10638,1.0);
#10636=VECTOR('',#10639,1.0);
#10637=DIRECTION('',(0.8819182516739295,-0.4714023731000935,0));
#10638=DIRECTION('',(-0.004195429457812339,-0.010125507633758626,-0.9999399344294753));
#10639=DIRECTION('',(-0.37807832977635636,0.21323300391919178,0.9008820469923456));
#10640=FACE_SURFACE('',(#10645),#10641,.T.);
#10641=PLANE('',#10642);
#10642=AXIS2_PLACEMENT_3D('',#362,#10643,#10644);
#10643=DIRECTION('',(0.47137193269530153,0.881867051543408,-0.010908916959638843));
#10644=DIRECTION('',(0.37807832977635636,-0.21323300391919178,-0.9008820469923456));
#10645=FACE_BOUND('',#10646,.T.);
#10646=EDGE_LOOP('',(#10647,#10648,#10649));
#10647=ORIENTED_EDGE('',*,*,#10650,.T.);
#10648=ORIENTED_EDGE('',*,*,#10651,.T.);
#10649=ORIENTED_EDGE('',*,*,#10652,.T.);
#10650=EDGE_CURVE('',#363,#443,#10653,.F.);
#10651=EDGE_CURVE('',#443,#441,#10654,.T.);
#10652=EDGE_CURVE('',#441,#363,#10655,.T.);
#10653=LINE('',#362,#10656);
#10654=LINE('',#442,#10657);
#10655=LINE('',#440,#10658);
#10656=VECTOR('',#10659,1.0);
#10657=VECTOR('',#10660,1.0);
#10658=VECTOR('',#10661,1.0);
#10659=DIRECTION('',(0.37807832977635636,-0.21323300391919178,-0.9008820469923456));
#10660=DIRECTION('',(-0.8819195292874702,0.4713999828822303,0));
#10661=DIRECTION('',(0.006088751383963968,0.009114973775662491,0.9999399203750459));
#10662=FACE_SURFACE('',(#10667),#10663,.T.);
#10663=PLANE('',#10664);
#10664=AXIS2_PLACEMENT_3D('',#364,#10665,#10666);
#10665=DIRECTION('',(0.6343679572470098,0.7729542656482191,-0.010908622024720113));
#10666=DIRECTION('',(0.7730002597723444,-0.6344057048859886,0));
#10667=FACE_BOUND('',#10668,.T.);
#10668=EDGE_LOOP('',(#10669,#10670,#10671));
#10669=ORIENTED_EDGE('',*,*,#10672,.T.);
#10670=ORIENTED_EDGE('',*,*,#10673,.T.);
#10671=ORIENTED_EDGE('',*,*,#10674,.T.);
#10672=EDGE_CURVE('',#365,#363,#10675,.F.);
#10673=EDGE_CURVE('',#363,#441,#10676,.T.);
#10674=EDGE_CURVE('',#441,#365,#10677,.T.);
#10675=LINE('',#364,#10678);
#10676=LINE('',#362,#10679);
#10677=LINE('',#440,#10680);
#10678=VECTOR('',#10681,1.0);
#10679=VECTOR('',#10682,1.0);
#10680=VECTOR('',#10683,1.0);
#10681=DIRECTION('',(0.7730002597723444,-0.6344057048859886,0));
#10682=DIRECTION('',(-0.006088751383963968,-0.009114973775662491,-0.9999399203750459));
#10683=DIRECTION('',(-0.32921184340098536,0.2829000729714224,0.9008812967740473));
#10684=FACE_SURFACE('',(#10689),#10685,.T.);
#10685=PLANE('',#10686);
#10686=AXIS2_PLACEMENT_3D('',#364,#10687,#10688);
#10687=DIRECTION('',(0.6343736246625458,0.7729496639481678,-0.010905105910435652));
#10688=DIRECTION('',(0.32921184340098536,-0.2829000729714224,-0.9008812967740473));
#10689=FACE_BOUND('',#10690,.T.);
#10690=EDGE_LOOP('',(#10691,#10692,#10693));
#10691=ORIENTED_EDGE('',*,*,#10694,.T.);
#10692=ORIENTED_EDGE('',*,*,#10695,.T.);
#10693=ORIENTED_EDGE('',*,*,#10696,.T.);
#10694=EDGE_CURVE('',#365,#441,#10697,.F.);
#10695=EDGE_CURVE('',#441,#439,#10698,.T.);
#10696=EDGE_CURVE('',#439,#365,#10699,.T.);
#10697=LINE('',#364,#10700);
#10698=LINE('',#440,#10701);
#10699=LINE('',#438,#10702);
#10700=VECTOR('',#10703,1.0);
#10701=VECTOR('',#10704,1.0);
#10702=VECTOR('',#10705,1.0);
#10703=DIRECTION('',(0.32921184340098536,-0.2829000729714224,-0.9008812967740473));
#10704=DIRECTION('',(-0.7729956281507323,0.6344113483063295,0));
#10705=DIRECTION('',(0.007745408467923079,0.007750787223803581,0.9999399651704477));
#10706=FACE_SURFACE('',(#10711),#10707,.T.);
#10707=PLANE('',#10708);
#10708=AXIS2_PLACEMENT_3D('',#452,#10709,#10710);
#10709=DIRECTION('',(0.772959913060525,0.6343612560974364,-0.010898144977377107));
#10710=DIRECTION('',(0.009100855675190799,0.0060894244865693755,0.999940044870392));
#10711=FACE_BOUND('',#10712,.T.);
#10712=EDGE_LOOP('',(#10713,#10714,#10715));
#10713=ORIENTED_EDGE('',*,*,#10716,.T.);
#10714=ORIENTED_EDGE('',*,*,#10717,.T.);
#10715=ORIENTED_EDGE('',*,*,#10718,.T.);
#10716=EDGE_CURVE('',#453,#381,#10719,.F.);
#10717=EDGE_CURVE('',#381,#365,#10720,.T.);
#10718=EDGE_CURVE('',#365,#453,#10721,.T.);
#10719=LINE('',#452,#10722);
#10720=LINE('',#380,#10723);
#10721=LINE('',#364,#10724);
#10722=VECTOR('',#10725,1.0);
#10723=VECTOR('',#10726,1.0);
#10724=VECTOR('',#10727,1.0);
#10725=DIRECTION('',(0.009100855675190799,0.0060894244865693755,0.999940044870392));
#10726=DIRECTION('',(0.634398930858317,-0.773005819205667,0));
#10727=DIRECTION('',(-0.2828859157266977,0.3292154141045429,-0.9008844375387123));
#10728=FACE_SURFACE('',(#10733),#10729,.T.);
#10729=PLANE('',#10730);
#10730=AXIS2_PLACEMENT_3D('',#452,#10731,#10732);
#10731=DIRECTION('',(0.7729680069370736,0.6343512874198295,-0.010904329439860307));
#10732=DIRECTION('',(0.2828859157266977,-0.3292154141045429,0.9008844375387123));
#10733=FACE_BOUND('',#10734,.T.);
#10734=EDGE_LOOP('',(#10735,#10736,#10737));
#10735=ORIENTED_EDGE('',*,*,#10738,.T.);
#10736=ORIENTED_EDGE('',*,*,#10739,.T.);
#10737=ORIENTED_EDGE('',*,*,#10740,.T.);
#10738=EDGE_CURVE('',#453,#365,#10741,.F.);
#10739=EDGE_CURVE('',#365,#439,#10742,.T.);
#10740=EDGE_CURVE('',#439,#453,#10743,.T.);
#10741=LINE('',#452,#10744);
#10742=LINE('',#364,#10745);
#10743=LINE('',#438,#10746);
#10744=VECTOR('',#10747,1.0);
#10745=VECTOR('',#10748,1.0);
#10746=VECTOR('',#10749,1.0);
#10747=DIRECTION('',(0.2828859157266977,-0.3292154141045429,0.9008844375387123));
#10748=DIRECTION('',(-0.007745408467923079,-0.007750787223803581,-0.9999399651704477));
#10749=DIRECTION('',(-0.6343890043631748,0.7730139656843853,0));
#10750=FACE_SURFACE('',(#10755),#10751,.T.);
#10751=PLANE('',#10752);
#10752=AXIS2_PLACEMENT_3D('',#458,#10753,#10754);
#10753=DIRECTION('',(0.8818664912734763,0.47137330726445203,-0.010894804614147898));
#10754=DIRECTION('',(0.010112062205931404,0.004193413030478335,0.9999400789472833));
#10755=FACE_BOUND('',#10756,.T.);
#10756=EDGE_LOOP('',(#10757,#10758,#10759));
#10757=ORIENTED_EDGE('',*,*,#10760,.T.);
#10758=ORIENTED_EDGE('',*,*,#10761,.T.);
#10759=ORIENTED_EDGE('',*,*,#10762,.T.);
#10760=EDGE_CURVE('',#459,#383,#10763,.F.);
#10761=EDGE_CURVE('',#383,#381,#10764,.T.);
#10762=EDGE_CURVE('',#381,#459,#10765,.T.);
#10763=LINE('',#458,#10766);
#10764=LINE('',#382,#10767);
#10765=LINE('',#380,#10768);
#10766=VECTOR('',#10769,1.0);
#10767=VECTOR('',#10770,1.0);
#10768=VECTOR('',#10771,1.0);
#10769=DIRECTION('',(0.010112062205931404,0.004193413030478335,0.9999400789472833));
#10770=DIRECTION('',(0.47140128499907463,-0.8819188332841187,0));
#10771=DIRECTION('',(-0.21322071522791888,0.3780809127238737,-0.9008838715570266));
#10772=FACE_SURFACE('',(#10777),#10773,.T.);
#10773=PLANE('',#10774);
#10774=AXIS2_PLACEMENT_3D('',#458,#10775,#10776);
#10775=DIRECTION('',(0.8818684061526383,0.47136967913212874,-0.010896780473124812));
#10776=DIRECTION('',(0.21322071522791888,-0.3780809127238737,0.9008838715570266));
#10777=FACE_BOUND('',#10778,.T.);
#10778=EDGE_LOOP('',(#10779,#10780,#10781));
#10779=ORIENTED_EDGE('',*,*,#10782,.T.);
#10780=ORIENTED_EDGE('',*,*,#10783,.T.);
#10781=ORIENTED_EDGE('',*,*,#10784,.T.);
#10782=EDGE_CURVE('',#459,#381,#10785,.F.);
#10783=EDGE_CURVE('',#381,#453,#10786,.T.);
#10784=EDGE_CURVE('',#453,#459,#10787,.T.);
#10785=LINE('',#458,#10788);
#10786=LINE('',#380,#10789);
#10787=LINE('',#452,#10790);
#10788=VECTOR('',#10791,1.0);
#10789=VECTOR('',#10792,1.0);
#10790=VECTOR('',#10793,1.0);
#10791=DIRECTION('',(0.21322071522791888,-0.3780809127238737,0.9008838715570266));
#10792=DIRECTION('',(-0.009100855675190799,-0.0060894244865693755,-0.999940044870392));
#10793=DIRECTION('',(-0.4713976668011212,0.8819207672656648,0));
#10794=FACE_SURFACE('',(#10799),#10795,.T.);
#10795=PLANE('',#10796);
#10796=AXIS2_PLACEMENT_3D('',#462,#10797,#10798);
#10797=DIRECTION('',(0.9568863577793396,0.2902573844158808,-0.010915543405679825));
#10798=DIRECTION('',(0.010757510481319671,0.002140072241377532,0.9999398462202844));
#10799=FACE_BOUND('',#10800,.T.);
#10800=EDGE_LOOP('',(#10801,#10802,#10803));
#10801=ORIENTED_EDGE('',*,*,#10804,.T.);
#10802=ORIENTED_EDGE('',*,*,#10805,.T.);
#10803=ORIENTED_EDGE('',*,*,#10806,.T.);
#10804=EDGE_CURVE('',#463,#391,#10807,.F.);
#10805=EDGE_CURVE('',#391,#383,#10808,.T.);
#10806=EDGE_CURVE('',#383,#463,#10809,.T.);
#10807=LINE('',#462,#10810);
#10808=LINE('',#390,#10811);
#10809=LINE('',#382,#10812);
#10810=VECTOR('',#10813,1.0);
#10811=VECTOR('',#10814,1.0);
#10812=VECTOR('',#10815,1.0);
#10813=DIRECTION('',(0.010757510481319671,0.002140072241377532,0.9999398462202844));
#10814=DIRECTION('',(0.2902746779125706,-0.9569433689423599,0));
#10815=DIRECTION('',(-0.13537564182974757,0.41241147895065283,-0.9008830155069631));
#10816=FACE_SURFACE('',(#10821),#10817,.T.);
#10817=PLANE('',#10818);
#10818=AXIS2_PLACEMENT_3D('',#462,#10819,#10820);
#10819=DIRECTION('',(0.9568735783038836,0.2903003214350202,-0.010893967075654142));
#10820=DIRECTION('',(0.13537564182974757,-0.41241147895065283,0.9008830155069631));
#10821=FACE_BOUND('',#10822,.T.);
#10822=EDGE_LOOP('',(#10823,#10824,#10825));
#10823=ORIENTED_EDGE('',*,*,#10826,.T.);
#10824=ORIENTED_EDGE('',*,*,#10827,.T.);
#10825=ORIENTED_EDGE('',*,*,#10828,.T.);
#10826=EDGE_CURVE('',#463,#383,#10829,.F.);
#10827=EDGE_CURVE('',#383,#459,#10830,.T.);
#10828=EDGE_CURVE('',#459,#463,#10831,.T.);
#10829=LINE('',#462,#10832);
#10830=LINE('',#382,#10833);
#10831=LINE('',#458,#10834);
#10832=VECTOR('',#10835,1.0);
#10833=VECTOR('',#10836,1.0);
#10834=VECTOR('',#10837,1.0);
#10835=DIRECTION('',(0.13537564182974757,-0.41241147895065283,0.9008830155069631));
#10836=DIRECTION('',(-0.010112062205931404,-0.004193413030478335,-0.9999400789472833));
#10837=DIRECTION('',(-0.2903175491745124,0.9569303635277253,0));
#10838=FACE_SURFACE('',(#10843),#10839,.T.);
#10839=PLANE('',#10840);
#10840=AXIS2_PLACEMENT_3D('',#464,#10841,#10842);
#10841=DIRECTION('',(0.9951230557164613,0.09803740775492219,-0.010898195365645543));
#10842=DIRECTION('',(0.010951147730690657,-2.0170335947981316E-06,0.9999400343817184));
#10843=FACE_BOUND('',#10844,.T.);
#10844=EDGE_LOOP('',(#10845,#10846,#10847));
#10845=ORIENTED_EDGE('',*,*,#10848,.T.);
#10846=ORIENTED_EDGE('',*,*,#10849,.T.);
#10847=ORIENTED_EDGE('',*,*,#10850,.T.);
#10848=EDGE_CURVE('',#465,#397,#10851,.F.);
#10849=EDGE_CURVE('',#397,#391,#10852,.T.);
#10850=EDGE_CURVE('',#391,#465,#10853,.T.);
#10851=LINE('',#464,#10854);
#10852=LINE('',#396,#10855);
#10853=LINE('',#390,#10856);
#10854=VECTOR('',#10857,1.0);
#10855=VECTOR('',#10858,1.0);
#10856=VECTOR('',#10859,1.0);
#10857=DIRECTION('',(0.010951147730690657,-2.0170335947981316E-06,0.9999400343817184));
#10858=DIRECTION('',(0.09804323025750525,-0.9951821566932728,0));
#10859=DIRECTION('',(-0.05231671453479208,0.43089206207699854,-0.9008856710034393));
#10860=FACE_SURFACE('',(#10865),#10861,.T.);
#10861=PLANE('',#10862);
#10862=AXIS2_PLACEMENT_3D('',#464,#10863,#10864);
#10863=DIRECTION('',(0.9951263840451559,0.09800169537204162,-0.01091546982124427));
#10864=DIRECTION('',(0.05231671453479208,-0.43089206207699854,0.9008856710034393));
#10865=FACE_BOUND('',#10866,.T.);
#10866=EDGE_LOOP('',(#10867,#10868,#10869));
#10867=ORIENTED_EDGE('',*,*,#10870,.T.);
#10868=ORIENTED_EDGE('',*,*,#10871,.T.);
#10869=ORIENTED_EDGE('',*,*,#10872,.T.);
#10870=EDGE_CURVE('',#465,#391,#10873,.F.);
#10871=EDGE_CURVE('',#391,#463,#10874,.T.);
#10872=EDGE_CURVE('',#463,#465,#10875,.T.);
#10873=LINE('',#464,#10876);
#10874=LINE('',#390,#10877);
#10875=LINE('',#462,#10878);
#10876=VECTOR('',#10879,1.0);
#10877=VECTOR('',#10880,1.0);
#10878=VECTOR('',#10881,1.0);
#10879=DIRECTION('',(0.05231671453479208,-0.43089206207699854,0.9008856710034393));
#10880=DIRECTION('',(-0.010757510481319671,-0.002140072241377532,-0.9999398462202844));
#10881=DIRECTION('',(-0.0980075342213991,0.9951856727444589,0));
#10882=FACE_SURFACE('',(#10887),#10883,.T.);
#10883=PLANE('',#10884);
#10884=AXIS2_PLACEMENT_3D('',#502,#10885,#10886);
#10885=DIRECTION('',(1,0,0));
#10886=DIRECTION('',(0,-1,0));
#10887=FACE_BOUND('',#10888,.T.);
#10888=EDGE_LOOP('',(#10889,#10890,#10891));
#10889=ORIENTED_EDGE('',*,*,#10892,.T.);
#10890=ORIENTED_EDGE('',*,*,#10893,.T.);
#10891=ORIENTED_EDGE('',*,*,#10894,.T.);
#10892=EDGE_CURVE('',#503,#501,#10895,.F.);
#10893=EDGE_CURVE('',#501,#499,#10896,.T.);
#10894=EDGE_CURVE('',#499,#503,#10897,.T.);
#10895=LINE('',#502,#10898);
#10896=LINE('',#500,#10899);
#10897=LINE('',#498,#10900);
#10898=VECTOR('',#10901,1.0);
#10899=VECTOR('',#10902,1.0);
#10900=VECTOR('',#10903,1.0);
#10901=DIRECTION('',(0,-1,0));
#10902=DIRECTION('',(0,0,-1));
#10903=DIRECTION('',(0,0.9977198926027373,0.06749085793485307));
#10904=FACE_SURFACE('',(#10909),#10905,.T.);
#10905=PLANE('',#10906);
#10906=AXIS2_PLACEMENT_3D('',#502,#10907,#10908);
#10907=DIRECTION('',(1,0,0));
#10908=DIRECTION('',(0,-0.9977198926027373,-0.06749085793485307));
#10909=FACE_BOUND('',#10910,.T.);
#10910=EDGE_LOOP('',(#10911,#10912,#10913));
#10911=ORIENTED_EDGE('',*,*,#10914,.T.);
#10912=ORIENTED_EDGE('',*,*,#10915,.T.);
#10913=ORIENTED_EDGE('',*,*,#10916,.T.);
#10914=EDGE_CURVE('',#503,#499,#10917,.F.);
#10915=EDGE_CURVE('',#499,#505,#10918,.T.);
#10916=EDGE_CURVE('',#505,#503,#10919,.T.);
#10917=LINE('',#502,#10920);
#10918=LINE('',#498,#10921);
#10919=LINE('',#504,#10922);
#10920=VECTOR('',#10923,1.0);
#10921=VECTOR('',#10924,1.0);
#10922=VECTOR('',#10925,1.0);
#10923=DIRECTION('',(0,-0.9977198926027373,-0.06749085793485307));
#10924=DIRECTION('',(0,1,0));
#10925=DIRECTION('',(0,0,1));
#10926=FACE_SURFACE('',(#10931),#10927,.T.);
#10927=PLANE('',#10928);
#10928=AXIS2_PLACEMENT_3D('',#430,#10929,#10930);
#10929=DIRECTION('',(0,1,0));
#10930=DIRECTION('',(0,0,1));
#10931=FACE_BOUND('',#10932,.T.);
#10932=EDGE_LOOP('',(#10933,#10934,#10935));
#10933=ORIENTED_EDGE('',*,*,#10936,.T.);
#10934=ORIENTED_EDGE('',*,*,#10937,.T.);
#10935=ORIENTED_EDGE('',*,*,#10938,.T.);
#10936=EDGE_CURVE('',#431,#393,#10939,.F.);
#10937=EDGE_CURVE('',#393,#503,#10940,.T.);
#10938=EDGE_CURVE('',#503,#431,#10941,.T.);
#10939=LINE('',#430,#10942);
#10940=LINE('',#392,#10943);
#10941=LINE('',#502,#10944);
#10942=VECTOR('',#10945,1.0);
#10943=VECTOR('',#10946,1.0);
#10944=VECTOR('',#10947,1.0);
#10945=DIRECTION('',(0,0,1));
#10946=DIRECTION('',(1,0,0));
#10947=DIRECTION('',(-0.7101372542609236,0,-0.7040632642815248));
#10948=FACE_SURFACE('',(#10953),#10949,.T.);
#10949=PLANE('',#10950);
#10950=AXIS2_PLACEMENT_3D('',#430,#10951,#10952);
#10951=DIRECTION('',(0,1,0));
#10952=DIRECTION('',(0.7101372542609236,0,0.7040632642815248));
#10953=FACE_BOUND('',#10954,.T.);
#10954=EDGE_LOOP('',(#10955,#10956,#10957));
#10955=ORIENTED_EDGE('',*,*,#10958,.T.);
#10956=ORIENTED_EDGE('',*,*,#10959,.T.);
#10957=ORIENTED_EDGE('',*,*,#10960,.T.);
#10958=EDGE_CURVE('',#431,#503,#10961,.F.);
#10959=EDGE_CURVE('',#503,#505,#10962,.T.);
#10960=EDGE_CURVE('',#505,#431,#10963,.T.);
#10961=LINE('',#430,#10964);
#10962=LINE('',#502,#10965);
#10963=LINE('',#504,#10966);
#10964=VECTOR('',#10967,1.0);
#10965=VECTOR('',#10968,1.0);
#10966=VECTOR('',#10969,1.0);
#10967=DIRECTION('',(0.7101372542609236,0,0.7040632642815248));
#10968=DIRECTION('',(0,0,-1));
#10969=DIRECTION('',(-1,0,0));
#10970=FACE_SURFACE('',(#10975),#10971,.T.);
#10971=PLANE('',#10972);
#10972=AXIS2_PLACEMENT_3D('',#502,#10973,#10974);
#10973=DIRECTION('',(0,1,0));
#10974=DIRECTION('',(-1,0,0));
#10975=FACE_BOUND('',#10976,.T.);
#10976=EDGE_LOOP('',(#10977,#10978,#10979));
#10977=ORIENTED_EDGE('',*,*,#10980,.T.);
#10978=ORIENTED_EDGE('',*,*,#10981,.T.);
#10979=ORIENTED_EDGE('',*,*,#10982,.T.);
#10980=EDGE_CURVE('',#503,#393,#10983,.F.);
#10981=EDGE_CURVE('',#393,#507,#10984,.T.);
#10982=EDGE_CURVE('',#507,#503,#10985,.T.);
#10983=LINE('',#502,#10986);
#10984=LINE('',#392,#10987);
#10985=LINE('',#506,#10988);
#10986=VECTOR('',#10989,1.0);
#10987=VECTOR('',#10990,1.0);
#10988=VECTOR('',#10991,1.0);
#10989=DIRECTION('',(-1,0,0));
#10990=DIRECTION('',(0,0,1));
#10991=DIRECTION('',(0.06479352464000025,0,-0.9978986918343593));
#10992=FACE_SURFACE('',(#10997),#10993,.T.);
#10993=PLANE('',#10994);
#10994=AXIS2_PLACEMENT_3D('',#502,#10995,#10996);
#10995=DIRECTION('',(0,1,-0));
#10996=DIRECTION('',(-0.06479352464000025,0,0.9978986918343593));
#10997=FACE_BOUND('',#10998,.T.);
#10998=EDGE_LOOP('',(#10999,#11000,#11001));
#10999=ORIENTED_EDGE('',*,*,#11002,.T.);
#11000=ORIENTED_EDGE('',*,*,#11003,.T.);
#11001=ORIENTED_EDGE('',*,*,#11004,.T.);
#11002=EDGE_CURVE('',#503,#507,#11005,.F.);
#11003=EDGE_CURVE('',#507,#509,#11006,.T.);
#11004=EDGE_CURVE('',#509,#503,#11007,.T.);
#11005=LINE('',#502,#11008);
#11006=LINE('',#506,#11009);
#11007=LINE('',#508,#11010);
#11008=VECTOR('',#11011,1.0);
#11009=VECTOR('',#11012,1.0);
#11010=VECTOR('',#11013,1.0);
#11011=DIRECTION('',(-0.06479352464000025,0,0.9978986918343593));
#11012=DIRECTION('',(1,0,0));
#11013=DIRECTION('',(0,0,-1));
#11014=FACE_SURFACE('',(#11019),#11015,.T.);
#11015=PLANE('',#11016);
#11016=AXIS2_PLACEMENT_3D('',#356,#11017,#11018);
#11017=DIRECTION('',(0,0,-1));
#11018=DIRECTION('',(0,1,0));
#11019=FACE_BOUND('',#11020,.T.);
#11020=EDGE_LOOP('',(#11021,#11022,#11023));
#11021=ORIENTED_EDGE('',*,*,#11024,.T.);
#11022=ORIENTED_EDGE('',*,*,#11025,.T.);
#11023=ORIENTED_EDGE('',*,*,#11026,.T.);
#11024=EDGE_CURVE('',#357,#431,#11027,.F.);
#11025=EDGE_CURVE('',#431,#505,#11028,.T.);
#11026=EDGE_CURVE('',#505,#357,#11029,.T.);
#11027=LINE('',#356,#11030);
#11028=LINE('',#430,#11031);
#11029=LINE('',#504,#11032);
#11030=VECTOR('',#11033,1.0);
#11031=VECTOR('',#11034,1.0);
#11032=VECTOR('',#11035,1.0);
#11033=DIRECTION('',(0,1,0));
#11034=DIRECTION('',(1,0,0));
#11035=DIRECTION('',(-0.06807041863145145,-0.9976805190577487,0));
#11036=FACE_SURFACE('',(#11041),#11037,.T.);
#11037=PLANE('',#11038);
#11038=AXIS2_PLACEMENT_3D('',#356,#11039,#11040);
#11039=DIRECTION('',(0,0,-1));
#11040=DIRECTION('',(0.06807041863145145,0.9976805190577487,0));
#11041=FACE_BOUND('',#11042,.T.);
#11042=EDGE_LOOP('',(#11043,#11044,#11045));
#11043=ORIENTED_EDGE('',*,*,#11046,.T.);
#11044=ORIENTED_EDGE('',*,*,#11047,.T.);
#11045=ORIENTED_EDGE('',*,*,#11048,.T.);
#11046=EDGE_CURVE('',#357,#505,#11049,.F.);
#11047=EDGE_CURVE('',#505,#499,#11050,.T.);
#11048=EDGE_CURVE('',#499,#357,#11051,.T.);
#11049=LINE('',#356,#11052);
#11050=LINE('',#504,#11053);
#11051=LINE('',#498,#11054);
#11052=VECTOR('',#11055,1.0);
#11053=VECTOR('',#11056,1.0);
#11054=VECTOR('',#11057,1.0);
#11055=DIRECTION('',(0.06807041863145145,0.9976805190577487,0));
#11056=DIRECTION('',(0,-1,0));
#11057=DIRECTION('',(-1,0,0));
#11058=FACE_SURFACE('',(#11063),#11059,.T.);
#11059=PLANE('',#11060);
#11060=AXIS2_PLACEMENT_3D('',#506,#11061,#11062);
#11061=DIRECTION('',(0,0,1));
#11062=DIRECTION('',(0,-1,0));
#11063=FACE_BOUND('',#11064,.T.);
#11064=EDGE_LOOP('',(#11065,#11066,#11067));
#11065=ORIENTED_EDGE('',*,*,#11068,.T.);
#11066=ORIENTED_EDGE('',*,*,#11069,.T.);
#11067=ORIENTED_EDGE('',*,*,#11070,.T.);
#11068=EDGE_CURVE('',#507,#511,#11071,.F.);
#11069=EDGE_CURVE('',#511,#513,#11072,.T.);
#11070=EDGE_CURVE('',#513,#507,#11073,.T.);
#11071=LINE('',#506,#11074);
#11072=LINE('',#510,#11075);
#11073=LINE('',#512,#11076);
#11074=VECTOR('',#11077,1.0);
#11075=VECTOR('',#11078,1.0);
#11076=VECTOR('',#11079,1.0);
#11077=DIRECTION('',(0,-1,0));
#11078=DIRECTION('',(1,0,0));
#11079=DIRECTION('',(-0.06807041863145145,0.9976805190577487,0));
#11080=FACE_SURFACE('',(#11085),#11081,.T.);
#11081=PLANE('',#11082);
#11082=AXIS2_PLACEMENT_3D('',#506,#11083,#11084);
#11083=DIRECTION('',(-0,0,1));
#11084=DIRECTION('',(0.06807041863145145,-0.9976805190577487,0));
#11085=FACE_BOUND('',#11086,.T.);
#11086=EDGE_LOOP('',(#11087,#11088,#11089));
#11087=ORIENTED_EDGE('',*,*,#11090,.T.);
#11088=ORIENTED_EDGE('',*,*,#11091,.T.);
#11089=ORIENTED_EDGE('',*,*,#11092,.T.);
#11090=EDGE_CURVE('',#507,#513,#11093,.F.);
#11091=EDGE_CURVE('',#513,#509,#11094,.T.);
#11092=EDGE_CURVE('',#509,#507,#11095,.T.);
#11093=LINE('',#506,#11096);
#11094=LINE('',#512,#11097);
#11095=LINE('',#508,#11098);
#11096=VECTOR('',#11099,1.0);
#11097=VECTOR('',#11100,1.0);
#11098=VECTOR('',#11101,1.0);
#11099=DIRECTION('',(0.06807041863145145,-0.9976805190577487,0));
#11100=DIRECTION('',(0,1,0));
#11101=DIRECTION('',(-1,0,0));
#11102=FACE_SURFACE('',(#11107),#11103,.T.);
#11103=PLANE('',#11104);
#11104=AXIS2_PLACEMENT_3D('',#358,#11105,#11106);
#11105=DIRECTION('',(0,-1,0));
#11106=DIRECTION('',(1,0,0));
#11107=FACE_BOUND('',#11108,.T.);
#11108=EDGE_LOOP('',(#11109,#11110,#11111));
#11109=ORIENTED_EDGE('',*,*,#11112,.T.);
#11110=ORIENTED_EDGE('',*,*,#11113,.T.);
#11111=ORIENTED_EDGE('',*,*,#11114,.T.);
#11112=EDGE_CURVE('',#359,#501,#11115,.F.);
#11113=EDGE_CURVE('',#501,#513,#11116,.T.);
#11114=EDGE_CURVE('',#513,#359,#11117,.T.);
#11115=LINE('',#358,#11118);
#11116=LINE('',#500,#11119);
#11117=LINE('',#512,#11120);
#11118=VECTOR('',#11121,1.0);
#11119=VECTOR('',#11122,1.0);
#11120=VECTOR('',#11123,1.0);
#11121=DIRECTION('',(1,0,0));
#11122=DIRECTION('',(0,0,1));
#11123=DIRECTION('',(-0.06479352464000025,0,-0.9978986918343593));
#11124=FACE_SURFACE('',(#11129),#11125,.T.);
#11125=PLANE('',#11126);
#11126=AXIS2_PLACEMENT_3D('',#358,#11127,#11128);
#11127=DIRECTION('',(0,-1,0));
#11128=DIRECTION('',(0.06479352464000025,0,0.9978986918343593));
#11129=FACE_BOUND('',#11130,.T.);
#11130=EDGE_LOOP('',(#11131,#11132,#11133));
#11131=ORIENTED_EDGE('',*,*,#11134,.T.);
#11132=ORIENTED_EDGE('',*,*,#11135,.T.);
#11133=ORIENTED_EDGE('',*,*,#11136,.T.);
#11134=EDGE_CURVE('',#359,#513,#11137,.F.);
#11135=EDGE_CURVE('',#513,#511,#11138,.T.);
#11136=EDGE_CURVE('',#511,#359,#11139,.T.);
#11137=LINE('',#358,#11140);
#11138=LINE('',#512,#11141);
#11139=LINE('',#510,#11142);
#11140=VECTOR('',#11143,1.0);
#11141=VECTOR('',#11144,1.0);
#11142=VECTOR('',#11145,1.0);
#11143=DIRECTION('',(0.06479352464000025,0,0.9978986918343593));
#11144=DIRECTION('',(-1,0,0));
#11145=DIRECTION('',(0,0,-1));
#11146=FACE_SURFACE('',(#11151),#11147,.T.);
#11147=PLANE('',#11148);
#11148=AXIS2_PLACEMENT_3D('',#392,#11149,#11150);
#11149=DIRECTION('',(-1,0,0));
#11150=DIRECTION('',(0,-1,0));
#11151=FACE_BOUND('',#11152,.T.);
#11152=EDGE_LOOP('',(#11153,#11154,#11155));
#11153=ORIENTED_EDGE('',*,*,#11156,.T.);
#11154=ORIENTED_EDGE('',*,*,#11157,.T.);
#11155=ORIENTED_EDGE('',*,*,#11158,.T.);
#11156=EDGE_CURVE('',#393,#359,#11159,.F.);
#11157=EDGE_CURVE('',#359,#511,#11160,.T.);
#11158=EDGE_CURVE('',#511,#393,#11161,.T.);
#11159=LINE('',#392,#11162);
#11160=LINE('',#358,#11163);
#11161=LINE('',#510,#11164);
#11162=VECTOR('',#11165,1.0);
#11163=VECTOR('',#11166,1.0);
#11164=VECTOR('',#11167,1.0);
#11165=DIRECTION('',(0,-1,0));
#11166=DIRECTION('',(0,0,1));
#11167=DIRECTION('',(0,0.6893782714984061,-0.7244015452674504));
#11168=FACE_SURFACE('',(#11173),#11169,.T.);
#11169=PLANE('',#11170);
#11170=AXIS2_PLACEMENT_3D('',#392,#11171,#11172);
#11171=DIRECTION('',(-1,0,0));
#11172=DIRECTION('',(0,-0.6893782714984061,0.7244015452674504));
#11173=FACE_BOUND('',#11174,.T.);
#11174=EDGE_LOOP('',(#11175,#11176,#11177));
#11175=ORIENTED_EDGE('',*,*,#11178,.T.);
#11176=ORIENTED_EDGE('',*,*,#11179,.T.);
#11177=ORIENTED_EDGE('',*,*,#11180,.T.);
#11178=EDGE_CURVE('',#393,#511,#11181,.F.);
#11179=EDGE_CURVE('',#511,#507,#11182,.T.);
#11180=EDGE_CURVE('',#507,#393,#11183,.T.);
#11181=LINE('',#392,#11184);
#11182=LINE('',#510,#11185);
#11183=LINE('',#506,#11186);
#11184=VECTOR('',#11187,1.0);
#11185=VECTOR('',#11188,1.0);
#11186=VECTOR('',#11189,1.0);
#11187=DIRECTION('',(0,-0.6893782714984061,0.7244015452674504));
#11188=DIRECTION('',(0,1,0));
#11189=DIRECTION('',(0,0,-1));
#11190=FACE_SURFACE('',(#11195),#11191,.T.);
#11191=PLANE('',#11192);
#11192=AXIS2_PLACEMENT_3D('',#500,#11193,#11194);
#11193=DIRECTION('',(1,0,0));
#11194=DIRECTION('',(0,1,0));
#11195=FACE_BOUND('',#11196,.T.);
#11196=EDGE_LOOP('',(#11197,#11198,#11199));
#11197=ORIENTED_EDGE('',*,*,#11200,.T.);
#11198=ORIENTED_EDGE('',*,*,#11201,.T.);
#11199=ORIENTED_EDGE('',*,*,#11202,.T.);
#11200=EDGE_CURVE('',#501,#503,#11203,.F.);
#11201=EDGE_CURVE('',#503,#509,#11204,.T.);
#11202=EDGE_CURVE('',#509,#501,#11205,.T.);
#11203=LINE('',#500,#11206);
#11204=LINE('',#502,#11207);
#11205=LINE('',#508,#11208);
#11206=VECTOR('',#11209,1.0);
#11207=VECTOR('',#11210,1.0);
#11208=VECTOR('',#11211,1.0);
#11209=DIRECTION('',(0,1,0));
#11210=DIRECTION('',(0,0,1));
#11211=DIRECTION('',(0,-0.6893782714984061,-0.7244015452674504));
#11212=FACE_SURFACE('',(#11217),#11213,.T.);
#11213=PLANE('',#11214);
#11214=AXIS2_PLACEMENT_3D('',#500,#11215,#11216);
#11215=DIRECTION('',(1,0,0));
#11216=DIRECTION('',(0,0.6893782714984061,0.7244015452674504));
#11217=FACE_BOUND('',#11218,.T.);
#11218=EDGE_LOOP('',(#11219,#11220,#11221));
#11219=ORIENTED_EDGE('',*,*,#11222,.T.);
#11220=ORIENTED_EDGE('',*,*,#11223,.T.);
#11221=ORIENTED_EDGE('',*,*,#11224,.T.);
#11222=EDGE_CURVE('',#501,#509,#11225,.F.);
#11223=EDGE_CURVE('',#509,#513,#11226,.T.);
#11224=EDGE_CURVE('',#513,#501,#11227,.T.);
#11225=LINE('',#500,#11228);
#11226=LINE('',#508,#11229);
#11227=LINE('',#512,#11230);
#11228=VECTOR('',#11231,1.0);
#11229=VECTOR('',#11232,1.0);
#11230=VECTOR('',#11233,1.0);
#11231=DIRECTION('',(0,0.6893782714984061,0.7244015452674504));
#11232=DIRECTION('',(0,-1,0));
#11233=DIRECTION('',(0,0,-1));
#11234=FACE_SURFACE('',(#11239),#11235,.T.);
#11235=PLANE('',#11236);
#11236=AXIS2_PLACEMENT_3D('',#514,#11237,#11238);
#11237=DIRECTION('',(0,-1,0));
#11238=DIRECTION('',(0.999999999999981,0,1.945766220253089E-07));
#11239=FACE_BOUND('',#11240,.T.);
#11240=EDGE_LOOP('',(#11241,#11242,#11243));
#11241=ORIENTED_EDGE('',*,*,#11244,.T.);
#11242=ORIENTED_EDGE('',*,*,#11245,.T.);
#11243=ORIENTED_EDGE('',*,*,#11246,.T.);
#11244=EDGE_CURVE('',#515,#517,#11247,.F.);
#11245=EDGE_CURVE('',#517,#519,#11248,.T.);
#11246=EDGE_CURVE('',#519,#515,#11249,.T.);
#11247=LINE('',#514,#11250);
#11248=LINE('',#516,#11251);
#11249=LINE('',#518,#11252);
#11250=VECTOR('',#11253,1.0);
#11251=VECTOR('',#11254,1.0);
#11252=VECTOR('',#11255,1.0);
#11253=DIRECTION('',(0.999999999999981,0,1.945766220253089E-07));
#11254=DIRECTION('',(0,0,1));
#11255=DIRECTION('',(-0.9977198732421662,0,-0.06749114414229533));
#11256=FACE_SURFACE('',(#11261),#11257,.T.);
#11257=PLANE('',#11258);
#11258=AXIS2_PLACEMENT_3D('',#514,#11259,#11260);
#11259=DIRECTION('',(0,-1,0));
#11260=DIRECTION('',(0.9977198732421662,0,0.06749114414229533));
#11261=FACE_BOUND('',#11262,.T.);
#11262=EDGE_LOOP('',(#11263,#11264,#11265));
#11263=ORIENTED_EDGE('',*,*,#11266,.T.);
#11264=ORIENTED_EDGE('',*,*,#11267,.T.);
#11265=ORIENTED_EDGE('',*,*,#11268,.T.);
#11266=EDGE_CURVE('',#515,#519,#11269,.F.);
#11267=EDGE_CURVE('',#519,#521,#11270,.T.);
#11268=EDGE_CURVE('',#521,#515,#11271,.T.);
#11269=LINE('',#514,#11272);
#11270=LINE('',#518,#11273);
#11271=LINE('',#520,#11274);
#11272=VECTOR('',#11275,1.0);
#11273=VECTOR('',#11276,1.0);
#11274=VECTOR('',#11277,1.0);
#11275=DIRECTION('',(0.9977198732421662,0,0.06749114414229533));
#11276=DIRECTION('',(-0.999999999999981,0,-1.945766220253089E-07));
#11277=DIRECTION('',(0,0,-1));
#11278=FACE_SURFACE('',(#11283),#11279,.T.);
#11279=PLANE('',#11280);
#11280=AXIS2_PLACEMENT_3D('',#522,#11281,#11282);
#11281=DIRECTION('',(0.0019546124685100486,0.002382726736201996,0.9999952510404229));
#11282=DIRECTION('',(-0.7730002597721554,0.6344057048858334,-6.994920402467092E-07));
#11283=FACE_BOUND('',#11284,.T.);
#11284=EDGE_LOOP('',(#11285,#11286,#11287));
#11285=ORIENTED_EDGE('',*,*,#11288,.T.);
#11286=ORIENTED_EDGE('',*,*,#11289,.T.);
#11287=ORIENTED_EDGE('',*,*,#11290,.T.);
#11288=EDGE_CURVE('',#523,#525,#11291,.F.);
#11289=EDGE_CURVE('',#525,#521,#11292,.T.);
#11290=EDGE_CURVE('',#521,#523,#11293,.T.);
#11291=LINE('',#522,#11294);
#11292=LINE('',#524,#11295);
#11293=LINE('',#520,#11296);
#11294=VECTOR('',#11297,1.0);
#11295=VECTOR('',#11298,1.0);
#11296=VECTOR('',#11299,1.0);
#11297=DIRECTION('',(-0.7730002597721554,0.6344057048858334,-6.994920402467092E-07));
#11298=DIRECTION('',(-0.7082646842393973,-0.7059403189220571,0.0030664604173747745));
#11299=DIRECTION('',(0.7467538109657694,0.6650935856325995,-0.003044365035950829));
#11300=FACE_SURFACE('',(#11305),#11301,.T.);
#11301=PLANE('',#11302);
#11302=AXIS2_PLACEMENT_3D('',#518,#11303,#11304);
#11303=DIRECTION('',(-0.001941353073134843,0.00236560505019132,0.9999953175195331));
#11304=DIRECTION('',(-0.7137837408118699,0.7003595609250322,-0.003042494619474466));
#11305=FACE_BOUND('',#11306,.T.);
#11306=EDGE_LOOP('',(#11307,#11308,#11309));
#11307=ORIENTED_EDGE('',*,*,#11310,.T.);
#11308=ORIENTED_EDGE('',*,*,#11311,.T.);
#11309=ORIENTED_EDGE('',*,*,#11312,.T.);
#11310=EDGE_CURVE('',#519,#527,#11313,.F.);
#11311=EDGE_CURVE('',#527,#529,#11314,.T.);
#11312=EDGE_CURVE('',#529,#519,#11315,.T.);
#11313=LINE('',#518,#11316);
#11314=LINE('',#526,#11317);
#11315=LINE('',#528,#11318);
#11316=VECTOR('',#11319,1.0);
#11317=VECTOR('',#11320,1.0);
#11318=VECTOR('',#11321,1.0);
#11319=DIRECTION('',(-0.7137837408118699,0.7003595609250322,-0.003042494619474466));
#11320=DIRECTION('',(-0.7730182764358449,-0.634383751601628,0));
#11321=DIRECTION('',(0.7516158644383891,-0.659594174407853,0.003019505217074558));
#11322=FACE_SURFACE('',(#11327),#11323,.T.);
#11323=PLANE('',#11324);
#11324=AXIS2_PLACEMENT_3D('',#518,#11325,#11326);
#11325=DIRECTION('',(-0.0015206854766507802,0.002844958688040016,0.9999947968493358));
#11326=DIRECTION('',(-0.7516158644383891,0.659594174407853,-0.003019505217074558));
#11327=FACE_BOUND('',#11328,.T.);
#11328=EDGE_LOOP('',(#11329,#11330,#11331));
#11329=ORIENTED_EDGE('',*,*,#11332,.T.);
#11330=ORIENTED_EDGE('',*,*,#11333,.T.);
#11331=ORIENTED_EDGE('',*,*,#11334,.T.);
#11332=EDGE_CURVE('',#519,#529,#11335,.F.);
#11333=EDGE_CURVE('',#529,#531,#11336,.T.);
#11334=EDGE_CURVE('',#531,#519,#11337,.T.);
#11335=LINE('',#518,#11338);
#11336=LINE('',#528,#11339);
#11337=LINE('',#530,#11340);
#11338=VECTOR('',#11341,1.0);
#11339=VECTOR('',#11342,1.0);
#11340=VECTOR('',#11343,1.0);
#11341=DIRECTION('',(-0.7516158644383891,0.659594174407853,-0.003019505217074558));
#11342=DIRECTION('',(-0.8819182516739295,-0.4714023731000935,0));
#11343=DIRECTION('',(0.7844396356866986,-0.6201981232698665,0.002957339387883111));
#11344=FACE_SURFACE('',(#11349),#11345,.T.);
#11345=PLANE('',#11346);
#11346=AXIS2_PLACEMENT_3D('',#522,#11347,#11348);
#11347=DIRECTION('',(-1.9457458346658847E-07,0.004577518871837831,0.9999895231055873));
#11348=DIRECTION('',(-0.7467538109657694,-0.6650935856325995,0.003044365035950829));
#11349=FACE_BOUND('',#11350,.T.);
#11350=EDGE_LOOP('',(#11351,#11352,#11353));
#11351=ORIENTED_EDGE('',*,*,#11354,.T.);
#11352=ORIENTED_EDGE('',*,*,#11355,.T.);
#11353=ORIENTED_EDGE('',*,*,#11356,.T.);
#11354=EDGE_CURVE('',#523,#521,#11357,.F.);
#11355=EDGE_CURVE('',#521,#519,#11358,.T.);
#11356=EDGE_CURVE('',#519,#523,#11359,.T.);
#11357=LINE('',#522,#11360);
#11358=LINE('',#520,#11361);
#11359=LINE('',#518,#11362);
#11360=VECTOR('',#11363,1.0);
#11361=VECTOR('',#11364,1.0);
#11362=VECTOR('',#11365,1.0);
#11363=DIRECTION('',(-0.7467538109657694,-0.6650935856325995,0.003044365035950829));
#11364=DIRECTION('',(0.999999999999981,0,1.945766220253089E-07));
#11365=DIRECTION('',(-0.8509359751676258,0.5252639185041501,-0.0024045962628623115));
#11366=FACE_SURFACE('',(#11371),#11367,.T.);
#11367=PLANE('',#11368);
#11368=AXIS2_PLACEMENT_3D('',#532,#11369,#11370);
#11369=DIRECTION('',(0.01823773587833242,0.03411987944510123,0.9992513291543244));
#11370=DIRECTION('',(-0.8819182516739295,0.4714023731000935,0));
#11371=FACE_BOUND('',#11372,.T.);
#11372=EDGE_LOOP('',(#11373,#11374,#11375));
#11373=ORIENTED_EDGE('',*,*,#11376,.T.);
#11374=ORIENTED_EDGE('',*,*,#11377,.T.);
#11375=ORIENTED_EDGE('',*,*,#11378,.T.);
#11376=EDGE_CURVE('',#533,#523,#11379,.F.);
#11377=EDGE_CURVE('',#523,#519,#11380,.T.);
#11378=EDGE_CURVE('',#519,#533,#11381,.T.);
#11379=LINE('',#532,#11382);
#11380=LINE('',#522,#11383);
#11381=LINE('',#518,#11384);
#11382=VECTOR('',#11385,1.0);
#11383=VECTOR('',#11386,1.0);
#11384=VECTOR('',#11387,1.0);
#11385=DIRECTION('',(-0.8819182516739295,0.4714023731000935,0));
#11386=DIRECTION('',(0.8509359751676258,-0.5252639185041501,0.0024045962628623115));
#11387=DIRECTION('',(-0.8494119931351161,0.5277242969010024,-0.002516421779448554));
#11388=FACE_SURFACE('',(#11393),#11389,.T.);
#11389=PLANE('',#11390);
#11390=AXIS2_PLACEMENT_3D('',#518,#11391,#11392);
#11391=DIRECTION('',(-0.001045385574850319,0.003446121895384206,0.9999935156854178));
#11392=DIRECTION('',(-0.7844396356866986,0.6201981232698665,-0.002957339387883111));
#11393=FACE_BOUND('',#11394,.T.);
#11394=EDGE_LOOP('',(#11395,#11396,#11397));
#11395=ORIENTED_EDGE('',*,*,#11398,.T.);
#11396=ORIENTED_EDGE('',*,*,#11399,.T.);
#11397=ORIENTED_EDGE('',*,*,#11400,.T.);
#11398=EDGE_CURVE('',#519,#531,#11401,.F.);
#11399=EDGE_CURVE('',#531,#535,#11402,.T.);
#11400=EDGE_CURVE('',#535,#519,#11403,.T.);
#11401=LINE('',#518,#11404);
#11402=LINE('',#530,#11405);
#11403=LINE('',#534,#11406);
#11404=VECTOR('',#11407,1.0);
#11405=VECTOR('',#11408,1.0);
#11406=VECTOR('',#11409,1.0);
#11407=DIRECTION('',(-0.7844396356866986,0.6201981232698665,-0.002957339387883111));
#11408=DIRECTION('',(-0.956939107195417,-0.290288727166658,0));
#11409=DIRECTION('',(0.810716808535831,-0.5854315059344666,0.002864998565332535));
#11410=FACE_SURFACE('',(#11415),#11411,.T.);
#11411=PLANE('',#11412);
#11412=AXIS2_PLACEMENT_3D('',#518,#11413,#11414);
#11413=DIRECTION('',(-0.0004246522493923529,0.004305711270489647,0.9999906402166584));
#11414=DIRECTION('',(-0.810716808535831,0.5854315059344666,-0.002864998565332535));
#11415=FACE_BOUND('',#11416,.T.);
#11416=EDGE_LOOP('',(#11417,#11418,#11419));
#11417=ORIENTED_EDGE('',*,*,#11420,.T.);
#11418=ORIENTED_EDGE('',*,*,#11421,.T.);
#11419=ORIENTED_EDGE('',*,*,#11422,.T.);
#11420=EDGE_CURVE('',#519,#535,#11423,.F.);
#11421=EDGE_CURVE('',#535,#537,#11424,.T.);
#11422=EDGE_CURVE('',#537,#519,#11425,.T.);
#11423=LINE('',#518,#11426);
#11424=LINE('',#534,#11427);
#11425=LINE('',#536,#11428);
#11426=VECTOR('',#11429,1.0);
#11427=VECTOR('',#11430,1.0);
#11428=VECTOR('',#11431,1.0);
#11429=DIRECTION('',(-0.810716808535831,0.5854315059344666,-0.002864998565332535));
#11430=DIRECTION('',(-0.9951875708234723,-0.09798825887822993,-6.994964369823102E-07));
#11431=DIRECTION('',(0.8300206252387436,-0.5577258983576264,0.0027539025878836414));
#11432=FACE_SURFACE('',(#11437),#11433,.T.);
#11433=PLANE('',#11434);
#11434=AXIS2_PLACEMENT_3D('',#538,#11435,#11436);
#11435=DIRECTION('',(0.0028265586631528485,0.009317773204469207,0.9999525937106387));
#11436=DIRECTION('',(-0.956939107195417,0.290288727166658,0));
#11437=FACE_BOUND('',#11438,.T.);
#11438=EDGE_LOOP('',(#11439,#11440,#11441));
#11439=ORIENTED_EDGE('',*,*,#11442,.T.);
#11440=ORIENTED_EDGE('',*,*,#11443,.T.);
#11441=ORIENTED_EDGE('',*,*,#11444,.T.);
#11442=EDGE_CURVE('',#539,#533,#11445,.F.);
#11443=EDGE_CURVE('',#533,#519,#11446,.T.);
#11444=EDGE_CURVE('',#519,#539,#11447,.T.);
#11445=LINE('',#538,#11448);
#11446=LINE('',#532,#11449);
#11447=LINE('',#518,#11450);
#11448=VECTOR('',#11451,1.0);
#11449=VECTOR('',#11452,1.0);
#11450=VECTOR('',#11453,1.0);
#11451=DIRECTION('',(-0.956939107195417,0.290288727166658,0));
#11452=DIRECTION('',(0.8494119931351161,-0.5277242969010024,0.002516421779448554));
#11453=DIRECTION('',(-0.842689986550866,0.5383926487452282,-0.0026348328217711482));
#11454=FACE_SURFACE('',(#11459),#11455,.T.);
#11455=PLANE('',#11456);
#11456=AXIS2_PLACEMENT_3D('',#518,#11457,#11458);
#11457=DIRECTION('',(0.0005696434194243845,0.005785407938690075,0.9999831021379101));
#11458=DIRECTION('',(-0.8300206252387436,0.5577258983576264,-0.0027539025878836414));
#11459=FACE_BOUND('',#11460,.T.);
#11460=EDGE_LOOP('',(#11461,#11462,#11463));
#11461=ORIENTED_EDGE('',*,*,#11464,.T.);
#11462=ORIENTED_EDGE('',*,*,#11465,.T.);
#11463=ORIENTED_EDGE('',*,*,#11466,.T.);
#11464=EDGE_CURVE('',#519,#537,#11467,.F.);
#11465=EDGE_CURVE('',#537,#539,#11468,.T.);
#11466=EDGE_CURVE('',#539,#519,#11469,.T.);
#11467=LINE('',#518,#11470);
#11468=LINE('',#536,#11471);
#11469=LINE('',#538,#11472);
#11470=VECTOR('',#11473,1.0);
#11471=VECTOR('',#11474,1.0);
#11472=VECTOR('',#11475,1.0);
#11473=DIRECTION('',(-0.8300206252387436,0.5577258983576264,-0.0027539025878836414));
#11474=DIRECTION('',(-0.9951875708237157,0.09798825887825391,0));
#11475=DIRECTION('',(0.842689986550866,-0.5383926487452282,0.0026348328217711482));
#11476=FACE_SURFACE('',(#11481),#11477,.T.);
#11477=PLANE('',#11478);
#11478=AXIS2_PLACEMENT_3D('',#520,#11479,#11480);
#11479=DIRECTION('',(0.0023814769754879066,0.0019544567577327115,0.9999952543218379));
#11480=DIRECTION('',(0.7082646842393973,0.7059403189220571,-0.0030664604173747745));
#11481=FACE_BOUND('',#11482,.T.);
#11482=EDGE_LOOP('',(#11483,#11484,#11485));
#11483=ORIENTED_EDGE('',*,*,#11486,.T.);
#11484=ORIENTED_EDGE('',*,*,#11487,.T.);
#11485=ORIENTED_EDGE('',*,*,#11488,.T.);
#11486=EDGE_CURVE('',#521,#525,#11489,.F.);
#11487=EDGE_CURVE('',#525,#541,#11490,.T.);
#11488=EDGE_CURVE('',#541,#521,#11491,.T.);
#11489=LINE('',#520,#11492);
#11490=LINE('',#524,#11493);
#11491=LINE('',#540,#11494);
#11492=VECTOR('',#11495,1.0);
#11493=VECTOR('',#11496,1.0);
#11494=VECTOR('',#11497,1.0);
#11495=DIRECTION('',(0.7082646842393973,0.7059403189220571,-0.0030664604173747745));
#11496=DIRECTION('',(-0.634398930858317,0.773005819205667,0));
#11497=DIRECTION('',(-0.6675234580311712,-0.744582541558151,0.0030449605763403394));
#11498=FACE_SURFACE('',(#11503),#11499,.T.);
#11499=PLANE('',#11500);
#11500=AXIS2_PLACEMENT_3D('',#520,#11501,#11502);
#11501=DIRECTION('',(0.002857718169440009,0.0015275011332082891,0.9999947500797952));
#11502=DIRECTION('',(0.6675234580311712,0.744582541558151,-0.0030449605763403394));
#11503=FACE_BOUND('',#11504,.T.);
#11504=EDGE_LOOP('',(#11505,#11506,#11507));
#11505=ORIENTED_EDGE('',*,*,#11508,.T.);
#11506=ORIENTED_EDGE('',*,*,#11509,.T.);
#11507=ORIENTED_EDGE('',*,*,#11510,.T.);
#11508=EDGE_CURVE('',#521,#541,#11511,.F.);
#11509=EDGE_CURVE('',#541,#543,#11512,.T.);
#11510=EDGE_CURVE('',#543,#521,#11513,.T.);
#11511=LINE('',#520,#11514);
#11512=LINE('',#540,#11515);
#11513=LINE('',#542,#11516);
#11514=VECTOR('',#11517,1.0);
#11515=VECTOR('',#11518,1.0);
#11516=VECTOR('',#11519,1.0);
#11517=DIRECTION('',(0.6675234580311712,0.744582541558151,-0.0030449605763403394));
#11518=DIRECTION('',(-0.47140128499907463,0.8819188332841187,0));
#11519=DIRECTION('',(-0.6279647897840019,-0.7782360327062859,0.002983318473580625));
#11520=FACE_SURFACE('',(#11525),#11521,.T.);
#11521=PLANE('',#11522);
#11522=AXIS2_PLACEMENT_3D('',#544,#11523,#11524);
#11523=DIRECTION('',(-0.002361709170145035,0.0019371918299429835,0.9999953347979229));
#11524=DIRECTION('',(-0.6343721794916067,-0.7730277730370232,-6.995106072375691E-07));
#11525=FACE_BOUND('',#11526,.T.);
#11526=EDGE_LOOP('',(#11527,#11528,#11529));
#11527=ORIENTED_EDGE('',*,*,#11530,.T.);
#11528=ORIENTED_EDGE('',*,*,#11531,.T.);
#11529=ORIENTED_EDGE('',*,*,#11532,.T.);
#11530=EDGE_CURVE('',#545,#527,#11533,.F.);
#11531=EDGE_CURVE('',#527,#519,#11534,.T.);
#11532=EDGE_CURVE('',#519,#545,#11535,.T.);
#11533=LINE('',#544,#11536);
#11534=LINE('',#526,#11537);
#11535=LINE('',#518,#11538);
#11536=VECTOR('',#11539,1.0);
#11537=VECTOR('',#11540,1.0);
#11538=VECTOR('',#11541,1.0);
#11539=DIRECTION('',(-0.6343721794916067,-0.7730277730370232,-6.995106072375691E-07));
#11540=DIRECTION('',(0.7137837408118699,-0.7003595609250322,0.003042494619474466));
#11541=DIRECTION('',(-0.6736261679120612,0.7390660657722447,-0.0030226359436171524));
#11542=FACE_SURFACE('',(#11547),#11543,.T.);
#11543=PLANE('',#11544);
#11544=AXIS2_PLACEMENT_3D('',#546,#11545,#11546);
#11545=DIRECTION('',(-0.00282839425263205,0.0015118269786911413,0.9999948572693452));
#11546=DIRECTION('',(-0.47140128499907463,-0.8819188332841187,0));
#11547=FACE_BOUND('',#11548,.T.);
#11548=EDGE_LOOP('',(#11549,#11550,#11551));
#11549=ORIENTED_EDGE('',*,*,#11552,.T.);
#11550=ORIENTED_EDGE('',*,*,#11553,.T.);
#11551=ORIENTED_EDGE('',*,*,#11554,.T.);
#11552=EDGE_CURVE('',#547,#545,#11555,.F.);
#11553=EDGE_CURVE('',#545,#519,#11556,.T.);
#11554=EDGE_CURVE('',#519,#547,#11557,.T.);
#11555=LINE('',#546,#11558);
#11556=LINE('',#544,#11559);
#11557=LINE('',#518,#11560);
#11558=VECTOR('',#11561,1.0);
#11559=VECTOR('',#11562,1.0);
#11560=VECTOR('',#11563,1.0);
#11561=DIRECTION('',(-0.47140128499907463,-0.8819188332841187,0));
#11562=DIRECTION('',(0.6736261679120612,-0.7390660657722447,0.0030226359436171524));
#11563=DIRECTION('',(-0.6345022930215173,0.7729152992923558,-0.0029631520792702706));
#11564=FACE_SURFACE('',(#11569),#11565,.T.);
#11565=PLANE('',#11566);
#11566=AXIS2_PLACEMENT_3D('',#548,#11567,#11568);
#11567=DIRECTION('',(0.004750719875000212,0,0.999988715266662));
#11568=DIRECTION('',(0,-1,0));
#11569=FACE_BOUND('',#11570,.T.);
#11570=EDGE_LOOP('',(#11571,#11572,#11573));
#11571=ORIENTED_EDGE('',*,*,#11574,.T.);
#11572=ORIENTED_EDGE('',*,*,#11575,.T.);
#11573=ORIENTED_EDGE('',*,*,#11576,.T.);
#11574=EDGE_CURVE('',#549,#521,#11577,.F.);
#11575=EDGE_CURVE('',#521,#543,#11578,.T.);
#11576=EDGE_CURVE('',#543,#549,#11579,.T.);
#11577=LINE('',#548,#11580);
#11578=LINE('',#520,#11581);
#11579=LINE('',#542,#11582);
#11580=VECTOR('',#11583,1.0);
#11581=VECTOR('',#11584,1.0);
#11582=VECTOR('',#11585,1.0);
#11583=DIRECTION('',(0,-1,0));
#11584=DIRECTION('',(0.6279647897840019,0.7782360327062859,-0.002983318473580625));
#11585=DIRECTION('',(-0.5282434367937349,0.8490892612489497,0.0025095649137852607));
#11586=FACE_SURFACE('',(#11591),#11587,.T.);
#11587=PLANE('',#11588);
#11588=AXIS2_PLACEMENT_3D('',#548,#11589,#11590);
#11589=DIRECTION('',(0.009270738292023318,0.002812141929258612,0.9999530715335047));
#11590=DIRECTION('',(0.5282434367937349,-0.8490892612489497,-0.0025095649137852607));
#11591=FACE_BOUND('',#11592,.T.);
#11592=EDGE_LOOP('',(#11593,#11594,#11595));
#11593=ORIENTED_EDGE('',*,*,#11596,.T.);
#11594=ORIENTED_EDGE('',*,*,#11597,.T.);
#11595=ORIENTED_EDGE('',*,*,#11598,.T.);
#11596=EDGE_CURVE('',#549,#543,#11599,.F.);
#11597=EDGE_CURVE('',#543,#551,#11600,.T.);
#11598=EDGE_CURVE('',#551,#549,#11601,.T.);
#11599=LINE('',#548,#11602);
#11600=LINE('',#542,#11603);
#11601=LINE('',#550,#11604);
#11602=VECTOR('',#11605,1.0);
#11603=VECTOR('',#11606,1.0);
#11604=VECTOR('',#11607,1.0);
#11605=DIRECTION('',(0.5282434367937349,-0.8490892612489497,-0.0025095649137852607));
#11606=DIRECTION('',(-0.2902746779125706,0.9569433689423599,0));
#11607=DIRECTION('',(-0.5389030137812411,0.8423637213234768,0.0026273057605588125));
#11608=FACE_SURFACE('',(#11613),#11609,.T.);
#11609=PLANE('',#11610);
#11610=AXIS2_PLACEMENT_3D('',#546,#11611,#11612);
#11611=DIRECTION('',(-0.004669990637180386,0,0.9999890955342707));
#11612=DIRECTION('',(0.6345022930215173,-0.7729152992923558,0.0029631520792702706));
#11613=FACE_BOUND('',#11614,.T.);
#11614=EDGE_LOOP('',(#11615,#11616,#11617));
#11615=ORIENTED_EDGE('',*,*,#11618,.T.);
#11616=ORIENTED_EDGE('',*,*,#11619,.T.);
#11617=ORIENTED_EDGE('',*,*,#11620,.T.);
#11618=EDGE_CURVE('',#547,#519,#11621,.F.);
#11619=EDGE_CURVE('',#519,#553,#11622,.T.);
#11620=EDGE_CURVE('',#553,#547,#11623,.T.);
#11621=LINE('',#546,#11624);
#11622=LINE('',#518,#11625);
#11623=LINE('',#552,#11626);
#11624=VECTOR('',#11627,1.0);
#11625=VECTOR('',#11628,1.0);
#11626=VECTOR('',#11629,1.0);
#11627=DIRECTION('',(0.6345022930215173,-0.7729152992923558,0.0029631520792702706));
#11628=DIRECTION('',(0,1,0));
#11629=DIRECTION('',(-0.5348092738082801,-0.8449691134799724,-0.0024975815361541766));
#11630=FACE_SURFACE('',(#11635),#11631,.T.);
#11631=PLANE('',#11632);
#11632=AXIS2_PLACEMENT_3D('',#554,#11633,#11634);
#11633=DIRECTION('',(-0.008967572154058473,0.0027201809460825595,0.9999560906686266));
#11634=DIRECTION('',(-0.2902746779125706,-0.9569433689423599,0));
#11635=FACE_BOUND('',#11636,.T.);
#11636=EDGE_LOOP('',(#11637,#11638,#11639));
#11637=ORIENTED_EDGE('',*,*,#11640,.T.);
#11638=ORIENTED_EDGE('',*,*,#11641,.T.);
#11639=ORIENTED_EDGE('',*,*,#11642,.T.);
#11640=EDGE_CURVE('',#555,#547,#11643,.F.);
#11641=EDGE_CURVE('',#547,#553,#11644,.T.);
#11642=EDGE_CURVE('',#553,#555,#11645,.T.);
#11643=LINE('',#554,#11646);
#11644=LINE('',#546,#11647);
#11645=LINE('',#552,#11648);
#11646=VECTOR('',#11649,1.0);
#11647=VECTOR('',#11650,1.0);
#11648=VECTOR('',#11651,1.0);
#11649=DIRECTION('',(-0.2902746779125706,-0.9569433689423599,0));
#11650=DIRECTION('',(0.5348092738082801,0.8449691134799724,0.0024975815361541766));
#11651=DIRECTION('',(-0.5456651008448288,-0.8379992632849307,-0.0026138963093979306));
#11652=FACE_SURFACE('',(#11657),#11653,.T.);
#11653=PLANE('',#11654);
#11654=AXIS2_PLACEMENT_3D('',#548,#11655,#11656);
#11655=DIRECTION('',(0.005762132451654899,0.000567413827047602,0.9999832377950936));
#11656=DIRECTION('',(0.5389030137812411,-0.8423637213234768,-0.0026273057605588125));
#11657=FACE_BOUND('',#11658,.T.);
#11658=EDGE_LOOP('',(#11659,#11660,#11661));
#11659=ORIENTED_EDGE('',*,*,#11662,.T.);
#11660=ORIENTED_EDGE('',*,*,#11663,.T.);
#11661=ORIENTED_EDGE('',*,*,#11664,.T.);
#11662=EDGE_CURVE('',#549,#551,#11665,.F.);
#11663=EDGE_CURVE('',#551,#557,#11666,.T.);
#11664=EDGE_CURVE('',#557,#549,#11667,.T.);
#11665=LINE('',#548,#11668);
#11666=LINE('',#550,#11669);
#11667=LINE('',#556,#11670);
#11668=VECTOR('',#11671,1.0);
#11669=VECTOR('',#11672,1.0);
#11670=VECTOR('',#11673,1.0);
#11671=DIRECTION('',(0.5389030137812411,-0.8423637213234768,-0.0026273057605588125));
#11672=DIRECTION('',(-0.09799889170437016,0.9951865238359666,0));
#11673=DIRECTION('',(-0.5581950556594276,0.8297052134483444,0.0027456536572936334));
#11674=FACE_SURFACE('',(#11679),#11675,.T.);
#11675=PLANE('',#11676);
#11676=AXIS2_PLACEMENT_3D('',#548,#11677,#11678);
#11677=DIRECTION('',(0.004290745845194739,-0.0004225055069214251,0.9999907054514001));
#11678=DIRECTION('',(0.5581950556594276,-0.8297052134483444,-0.0027456536572936334));
#11679=FACE_BOUND('',#11680,.T.);
#11680=EDGE_LOOP('',(#11681,#11682,#11683));
#11681=ORIENTED_EDGE('',*,*,#11684,.T.);
#11682=ORIENTED_EDGE('',*,*,#11685,.T.);
#11683=ORIENTED_EDGE('',*,*,#11686,.T.);
#11684=EDGE_CURVE('',#549,#557,#11687,.F.);
#11685=EDGE_CURVE('',#557,#559,#11688,.T.);
#11686=EDGE_CURVE('',#559,#549,#11689,.T.);
#11687=LINE('',#548,#11690);
#11688=LINE('',#556,#11691);
#11689=LINE('',#558,#11692);
#11690=VECTOR('',#11693,1.0);
#11691=VECTOR('',#11694,1.0);
#11692=VECTOR('',#11695,1.0);
#11693=DIRECTION('',(0.5581950556594276,-0.8297052134483444,-0.0027456536572936334));
#11694=DIRECTION('',(0.09799507145020361,0.9951869000200262,0));
#11695=DIRECTION('',(-0.5858262697234098,0.8104316285573279,0.002856070004751887));
#11696=FACE_SURFACE('',(#11701),#11697,.T.);
#11697=PLANE('',#11698);
#11698=AXIS2_PLACEMENT_3D('',#560,#11699,#11700);
#11699=DIRECTION('',(-0.005644166831920899,0.0005560513164268386,0.9999839169645214));
#11700=DIRECTION('',(-0.09804323025750525,-0.9951821566932728,0));
#11701=FACE_BOUND('',#11702,.T.);
#11702=EDGE_LOOP('',(#11703,#11704,#11705));
#11703=ORIENTED_EDGE('',*,*,#11706,.T.);
#11704=ORIENTED_EDGE('',*,*,#11707,.T.);
#11705=ORIENTED_EDGE('',*,*,#11708,.T.);
#11706=EDGE_CURVE('',#561,#555,#11709,.F.);
#11707=EDGE_CURVE('',#555,#553,#11710,.T.);
#11708=EDGE_CURVE('',#553,#561,#11711,.T.);
#11709=LINE('',#560,#11712);
#11710=LINE('',#554,#11713);
#11711=LINE('',#552,#11714);
#11712=VECTOR('',#11715,1.0);
#11713=VECTOR('',#11716,1.0);
#11714=VECTOR('',#11717,1.0);
#11715=DIRECTION('',(-0.09804323025750525,-0.9951821566932728,0));
#11716=DIRECTION('',(0.5456651008448288,0.8379992632849307,0.0026138963093979306));
#11717=DIRECTION('',(-0.5650450461805774,-0.825055537688283,-0.002730479204730728));
#11718=FACE_SURFACE('',(#11723),#11719,.T.);
#11719=PLANE('',#11720);
#11720=AXIS2_PLACEMENT_3D('',#562,#11721,#11722);
#11721=DIRECTION('',(-0.004224587387461623,-0.00041618098588965604,0.9999909897868043));
#11722=DIRECTION('',(0.09803940830844715,-0.9951825332161581,0));
#11723=FACE_BOUND('',#11724,.T.);
#11724=EDGE_LOOP('',(#11725,#11726,#11727));
#11725=ORIENTED_EDGE('',*,*,#11728,.T.);
#11726=ORIENTED_EDGE('',*,*,#11729,.T.);
#11727=ORIENTED_EDGE('',*,*,#11730,.T.);
#11728=EDGE_CURVE('',#563,#561,#11731,.F.);
#11729=EDGE_CURVE('',#561,#553,#11732,.T.);
#11730=EDGE_CURVE('',#553,#563,#11733,.T.);
#11731=LINE('',#562,#11734);
#11732=LINE('',#560,#11735);
#11733=LINE('',#552,#11736);
#11734=VECTOR('',#11737,1.0);
#11735=VECTOR('',#11738,1.0);
#11736=VECTOR('',#11739,1.0);
#11737=DIRECTION('',(0.09803940830844715,-0.9951825332161581,0));
#11738=DIRECTION('',(0.5650450461805774,0.825055537688283,0.002730479204730728));
#11739=DIRECTION('',(-0.5926208654855986,-0.8054765364958638,-0.0028388282313944755));
#11740=FACE_SURFACE('',(#11745),#11741,.T.);
#11741=PLANE('',#11742);
#11742=AXIS2_PLACEMENT_3D('',#548,#11743,#11744);
#11743=DIRECTION('',(0.0034341613245748408,-0.0010417037852834701,0.9999935606738778));
#11744=DIRECTION('',(0.5858262697234098,-0.8104316285573279,-0.002856070004751887));
#11745=FACE_BOUND('',#11746,.T.);
#11746=EDGE_LOOP('',(#11747,#11748,#11749));
#11747=ORIENTED_EDGE('',*,*,#11750,.T.);
#11748=ORIENTED_EDGE('',*,*,#11751,.T.);
#11749=ORIENTED_EDGE('',*,*,#11752,.T.);
#11750=EDGE_CURVE('',#549,#559,#11753,.F.);
#11751=EDGE_CURVE('',#559,#565,#11754,.T.);
#11752=EDGE_CURVE('',#565,#549,#11755,.T.);
#11753=LINE('',#548,#11756);
#11754=LINE('',#558,#11757);
#11755=LINE('',#564,#11758);
#11756=VECTOR('',#11759,1.0);
#11757=VECTOR('',#11760,1.0);
#11758=VECTOR('',#11761,1.0);
#11759=DIRECTION('',(0.5858262697234098,-0.8104316285573279,-0.002856070004751887));
#11760=DIRECTION('',(0.29027506652090557,0.9569432510636583,0));
#11761=DIRECTION('',(-0.620484205940172,0.7842134025712464,0.00294777991419397));
#11762=FACE_SURFACE('',(#11767),#11763,.T.);
#11763=PLANE('',#11764);
#11764=AXIS2_PLACEMENT_3D('',#548,#11765,#11766);
#11765=DIRECTION('',(0.0028353173074546745,-0.0015155250704233134,0.9999948320664096));
#11766=DIRECTION('',(0.620484205940172,-0.7842134025712464,-0.00294777991419397));
#11767=FACE_BOUND('',#11768,.T.);
#11768=EDGE_LOOP('',(#11769,#11770,#11771));
#11769=ORIENTED_EDGE('',*,*,#11772,.T.);
#11770=ORIENTED_EDGE('',*,*,#11773,.T.);
#11771=ORIENTED_EDGE('',*,*,#11774,.T.);
#11772=EDGE_CURVE('',#549,#565,#11775,.F.);
#11773=EDGE_CURVE('',#565,#567,#11776,.T.);
#11774=EDGE_CURVE('',#567,#549,#11777,.T.);
#11775=LINE('',#548,#11778);
#11776=LINE('',#564,#11779);
#11777=LINE('',#566,#11780);
#11778=VECTOR('',#11781,1.0);
#11779=VECTOR('',#11782,1.0);
#11780=VECTOR('',#11783,1.0);
#11781=DIRECTION('',(0.620484205940172,-0.7842134025712464,-0.00294777991419397));
#11782=DIRECTION('',(0.471400703389788,0.8819191441643689,0));
#11783=DIRECTION('',(-0.6597500874258969,0.751479051631392,0.0030095017370238074));
#11784=FACE_SURFACE('',(#11789),#11785,.T.);
#11785=PLANE('',#11786);
#11786=AXIS2_PLACEMENT_3D('',#568,#11787,#11788);
#11787=DIRECTION('',(-0.0033918491360047072,-0.0010288689872552813,0.9999937183742934));
#11788=DIRECTION('',(0.29027506652090557,-0.9569432510636583,0));
#11789=FACE_BOUND('',#11790,.T.);
#11790=EDGE_LOOP('',(#11791,#11792,#11793));
#11791=ORIENTED_EDGE('',*,*,#11794,.T.);
#11792=ORIENTED_EDGE('',*,*,#11795,.T.);
#11793=ORIENTED_EDGE('',*,*,#11796,.T.);
#11794=EDGE_CURVE('',#569,#563,#11797,.F.);
#11795=EDGE_CURVE('',#563,#553,#11798,.T.);
#11796=EDGE_CURVE('',#553,#569,#11799,.T.);
#11797=LINE('',#568,#11800);
#11798=LINE('',#562,#11801);
#11799=LINE('',#552,#11802);
#11800=VECTOR('',#11803,1.0);
#11801=VECTOR('',#11804,1.0);
#11802=VECTOR('',#11805,1.0);
#11803=DIRECTION('',(0.29027506652090557,-0.9569432510636583,0));
#11804=DIRECTION('',(0.5926208654855986,0.8054765364958638,0.0028388282313944755));
#11805=DIRECTION('',(-0.6270450227961042,-0.7789775120577052,-0.0029283263173823402));
#11806=FACE_SURFACE('',(#11811),#11807,.T.);
#11807=PLANE('',#11808);
#11808=AXIS2_PLACEMENT_3D('',#570,#11809,#11810);
#11809=DIRECTION('',(-0.0028064506809958568,-0.0015000953701982767,0.9999949367614096));
#11810=DIRECTION('',(0.471400703389788,-0.8819191441643689,0));
#11811=FACE_BOUND('',#11812,.T.);
#11812=EDGE_LOOP('',(#11813,#11814,#11815));
#11813=ORIENTED_EDGE('',*,*,#11816,.T.);
#11814=ORIENTED_EDGE('',*,*,#11817,.T.);
#11815=ORIENTED_EDGE('',*,*,#11818,.T.);
#11816=EDGE_CURVE('',#571,#569,#11819,.F.);
#11817=EDGE_CURVE('',#569,#553,#11820,.T.);
#11818=EDGE_CURVE('',#553,#571,#11821,.T.);
#11819=LINE('',#570,#11822);
#11820=LINE('',#568,#11823);
#11821=LINE('',#552,#11824);
#11822=VECTOR('',#11825,1.0);
#11823=VECTOR('',#11826,1.0);
#11824=VECTOR('',#11827,1.0);
#11825=DIRECTION('',(0.471400703389788,-0.8819191441643689,0));
#11826=DIRECTION('',(0.6270450227961042,0.7789775120577052,0.0029283263173823402));
#11827=DIRECTION('',(-0.665895550302063,-0.7460389991521017,-0.002987947797925356));
#11828=FACE_SURFACE('',(#11833),#11829,.T.);
#11829=PLANE('',#11830);
#11830=AXIS2_PLACEMENT_3D('',#548,#11831,#11832);
#11831=DIRECTION('',(0.0023576417709424364,-0.0019348954195063397,0.9999953488416811));
#11832=DIRECTION('',(0.6597500874258969,-0.751479051631392,-0.0030095017370238074));
#11833=FACE_BOUND('',#11834,.T.);
#11834=EDGE_LOOP('',(#11835,#11836,#11837));
#11835=ORIENTED_EDGE('',*,*,#11838,.T.);
#11836=ORIENTED_EDGE('',*,*,#11839,.T.);
#11837=ORIENTED_EDGE('',*,*,#11840,.T.);
#11838=EDGE_CURVE('',#549,#567,#11841,.F.);
#11839=EDGE_CURVE('',#567,#573,#11842,.T.);
#11840=EDGE_CURVE('',#573,#549,#11843,.T.);
#11841=LINE('',#548,#11844);
#11842=LINE('',#566,#11845);
#11843=LINE('',#572,#11846);
#11844=VECTOR('',#11847,1.0);
#11845=VECTOR('',#11848,1.0);
#11846=VECTOR('',#11849,1.0);
#11847=DIRECTION('',(0.6597500874258969,-0.751479051631392,-0.0030095017370238074));
#11848=DIRECTION('',(0.634398930858317,0.773005819205667,0));
#11849=DIRECTION('',(-0.7003784645093282,0.7137652355690303,0.0030323167120861983));
#11850=FACE_SURFACE('',(#11855),#11851,.T.);
#11851=PLANE('',#11852);
#11852=AXIS2_PLACEMENT_3D('',#548,#11853,#11854);
#11853=DIRECTION('',(0.0019308089436306803,-0.002353723007683883,0.999995365971676));
#11854=DIRECTION('',(0.7003784645093282,-0.7137652355690303,-0.0030323167120861983));
#11855=FACE_BOUND('',#11856,.T.);
#11856=EDGE_LOOP('',(#11857,#11858,#11859));
#11857=ORIENTED_EDGE('',*,*,#11860,.T.);
#11858=ORIENTED_EDGE('',*,*,#11861,.T.);
#11859=ORIENTED_EDGE('',*,*,#11862,.T.);
#11860=EDGE_CURVE('',#549,#573,#11863,.F.);
#11861=EDGE_CURVE('',#573,#575,#11864,.T.);
#11862=EDGE_CURVE('',#575,#549,#11865,.T.);
#11863=LINE('',#548,#11866);
#11864=LINE('',#572,#11867);
#11865=LINE('',#574,#11868);
#11866=VECTOR('',#11869,1.0);
#11867=VECTOR('',#11870,1.0);
#11868=VECTOR('',#11871,1.0);
#11869=DIRECTION('',(0.7003784645093282,-0.7137652355690303,-0.0030323167120861983));
#11870=DIRECTION('',(0.7730002597721554,0.6344057048858334,6.994920402467092E-07));
#11871=DIRECTION('',(-0.7389635271720801,0.6737386954278332,0.003012605616375896));
#11872=FACE_SURFACE('',(#11877),#11873,.T.);
#11873=PLANE('',#11874);
#11874=AXIS2_PLACEMENT_3D('',#576,#11875,#11876);
#11875=DIRECTION('',(-0.002338285586100228,-0.0019179696614197825,0.9999954268959912));
#11876=DIRECTION('',(0.6343721794916067,-0.7730277730370232,6.995106072375691E-07));
#11877=FACE_BOUND('',#11878,.T.);
#11878=EDGE_LOOP('',(#11879,#11880,#11881));
#11879=ORIENTED_EDGE('',*,*,#11882,.T.);
#11880=ORIENTED_EDGE('',*,*,#11883,.T.);
#11881=ORIENTED_EDGE('',*,*,#11884,.T.);
#11882=EDGE_CURVE('',#577,#571,#11885,.F.);
#11883=EDGE_CURVE('',#571,#553,#11886,.T.);
#11884=EDGE_CURVE('',#553,#577,#11887,.T.);
#11885=LINE('',#576,#11888);
#11886=LINE('',#570,#11889);
#11887=LINE('',#552,#11890);
#11888=VECTOR('',#11891,1.0);
#11889=VECTOR('',#11892,1.0);
#11890=VECTOR('',#11893,1.0);
#11891=DIRECTION('',(0.6343721794916067,-0.7730277730370232,6.995106072375691E-07));
#11892=DIRECTION('',(0.665895550302063,0.7460389991521017,0.002987947797925356));
#11893=DIRECTION('',(-0.7059591810442124,-0.7082461293650917,-0.003009142527472795));
#11894=FACE_SURFACE('',(#11899),#11895,.T.);
#11895=PLANE('',#11896);
#11896=AXIS2_PLACEMENT_3D('',#578,#11897,#11898);
#11897=DIRECTION('',(-0.0019178869741393477,-0.0023370108067946797,0.9999954300345794));
#11898=DIRECTION('',(0.7730182764358449,-0.634383751601628,0));
#11899=FACE_BOUND('',#11900,.T.);
#11900=EDGE_LOOP('',(#11901,#11902,#11903));
#11901=ORIENTED_EDGE('',*,*,#11904,.T.);
#11902=ORIENTED_EDGE('',*,*,#11905,.T.);
#11903=ORIENTED_EDGE('',*,*,#11906,.T.);
#11904=EDGE_CURVE('',#579,#577,#11907,.F.);
#11905=EDGE_CURVE('',#577,#553,#11908,.T.);
#11906=EDGE_CURVE('',#553,#579,#11909,.T.);
#11907=LINE('',#578,#11910);
#11908=LINE('',#576,#11911);
#11909=LINE('',#552,#11912);
#11910=VECTOR('',#11913,1.0);
#11911=VECTOR('',#11914,1.0);
#11912=VECTOR('',#11915,1.0);
#11913=DIRECTION('',(0.7730182764358449,-0.634383751601628,0));
#11914=DIRECTION('',(0.7059591810442124,0.7082461293650917,0.003009142527472795));
#11915=DIRECTION('',(-0.7439020102805773,-0.668282027195792,-0.0029885159525109787));
#11916=FACE_SURFACE('',(#11921),#11917,.T.);
#11917=PLANE('',#11918);
#11918=AXIS2_PLACEMENT_3D('',#552,#11919,#11920);
#11919=DIRECTION('',(-1.9457467667783274E-07,-0.004471643533075232,0.9999900021520591));
#11920=DIRECTION('',(-0.999999999999981,0,-1.945766220253089E-07));
#11921=FACE_BOUND('',#11922,.T.);
#11922=EDGE_LOOP('',(#11923,#11924,#11925));
#11923=ORIENTED_EDGE('',*,*,#11926,.T.);
#11924=ORIENTED_EDGE('',*,*,#11927,.T.);
#11925=ORIENTED_EDGE('',*,*,#11928,.T.);
#11926=EDGE_CURVE('',#553,#549,#11929,.F.);
#11927=EDGE_CURVE('',#549,#575,#11930,.T.);
#11928=EDGE_CURVE('',#575,#553,#11931,.T.);
#11929=LINE('',#552,#11932);
#11930=LINE('',#548,#11933);
#11931=LINE('',#574,#11934);
#11932=VECTOR('',#11935,1.0);
#11933=VECTOR('',#11936,1.0);
#11934=VECTOR('',#11937,1.0);
#11935=DIRECTION('',(-0.999999999999981,0,-1.945766220253089E-07));
#11936=DIRECTION('',(0.7389635271720801,-0.6737386954278332,-0.003012605616375896));
#11937=DIRECTION('',(0.8453664291067453,0.5341815177429869,0.0023888576996393914));
#11938=FACE_SURFACE('',(#11943),#11939,.T.);
#11939=PLANE('',#11940);
#11940=AXIS2_PLACEMENT_3D('',#552,#11941,#11942);
#11941=DIRECTION('',(0.015503516992220393,-0.029004594335533596,0.9994590409157862));
#11942=DIRECTION('',(-0.8453664291067453,-0.5341815177429869,-0.0023888576996393914));
#11943=FACE_BOUND('',#11944,.T.);
#11944=EDGE_LOOP('',(#11945,#11946,#11947));
#11945=ORIENTED_EDGE('',*,*,#11948,.T.);
#11946=ORIENTED_EDGE('',*,*,#11949,.T.);
#11947=ORIENTED_EDGE('',*,*,#11950,.T.);
#11948=EDGE_CURVE('',#553,#575,#11951,.F.);
#11949=EDGE_CURVE('',#575,#581,#11952,.T.);
#11950=EDGE_CURVE('',#581,#553,#11953,.T.);
#11951=LINE('',#552,#11954);
#11952=LINE('',#574,#11955);
#11953=LINE('',#580,#11956);
#11954=VECTOR('',#11957,1.0);
#11955=VECTOR('',#11958,1.0);
#11956=VECTOR('',#11959,1.0);
#11957=DIRECTION('',(-0.8453664291067453,-0.5341815177429869,-0.0023888576996393914));
#11958=DIRECTION('',(0.8819182516739295,0.4714023731000935,0));
#11959=DIRECTION('',(0.8435667479173332,0.5370185250831707,0.0024991049738334646));
#11960=FACE_SURFACE('',(#11965),#11961,.T.);
#11961=PLANE('',#11962);
#11962=AXIS2_PLACEMENT_3D('',#582,#11963,#11964);
#11963=DIRECTION('',(-0.0014986335345690768,-0.00280370304038849,0.999994946660627));
#11964=DIRECTION('',(0.8819182516739295,-0.4714023731000935,0));
#11965=FACE_BOUND('',#11966,.T.);
#11966=EDGE_LOOP('',(#11967,#11968,#11969));
#11967=ORIENTED_EDGE('',*,*,#11970,.T.);
#11968=ORIENTED_EDGE('',*,*,#11971,.T.);
#11969=ORIENTED_EDGE('',*,*,#11972,.T.);
#11970=EDGE_CURVE('',#583,#579,#11973,.F.);
#11971=EDGE_CURVE('',#579,#553,#11974,.T.);
#11972=EDGE_CURVE('',#553,#583,#11975,.T.);
#11973=LINE('',#582,#11976);
#11974=LINE('',#578,#11977);
#11975=LINE('',#552,#11978);
#11976=VECTOR('',#11979,1.0);
#11977=VECTOR('',#11980,1.0);
#11978=VECTOR('',#11981,1.0);
#11979=DIRECTION('',(0.8819182516739295,-0.4714023731000935,0));
#11980=DIRECTION('',(0.7439020102805773,0.668282027195792,0.0029885159525109787));
#11981=DIRECTION('',(-0.7770130390154375,-0.6294776851967946,-0.0029293410998636436));
#11982=FACE_SURFACE('',(#11987),#11983,.T.);
#11983=PLANE('',#11984);
#11984=AXIS2_PLACEMENT_3D('',#584,#11985,#11986);
#11985=DIRECTION('',(-0.0010270789055109024,-0.0033857738137195474,0.9999937408027133));
#11986=DIRECTION('',(0.956939107195417,-0.290288727166658,0));
#11987=FACE_BOUND('',#11988,.T.);
#11988=EDGE_LOOP('',(#11989,#11990,#11991));
#11989=ORIENTED_EDGE('',*,*,#11992,.T.);
#11990=ORIENTED_EDGE('',*,*,#11993,.T.);
#11991=ORIENTED_EDGE('',*,*,#11994,.T.);
#11992=EDGE_CURVE('',#585,#583,#11995,.F.);
#11993=EDGE_CURVE('',#583,#553,#11996,.T.);
#11994=EDGE_CURVE('',#553,#585,#11997,.T.);
#11995=LINE('',#584,#11998);
#11996=LINE('',#582,#11999);
#11997=LINE('',#552,#12000);
#11998=VECTOR('',#12001,1.0);
#11999=VECTOR('',#12002,1.0);
#12000=VECTOR('',#12003,1.0);
#12001=DIRECTION('',(0.956939107195417,-0.290288727166658,0));
#12002=DIRECTION('',(0.7770130390154375,0.6294776851967946,0.0029293410998636436));
#12003=DIRECTION('',(-0.8036871868344484,-0.5950452413296143,-0.0028401565293993407));
#12004=FACE_SURFACE('',(#12009),#12005,.T.);
#12005=PLANE('',#12006);
#12006=AXIS2_PLACEMENT_3D('',#552,#12007,#12008);
#12007=DIRECTION('',(0.002696606902221681,-0.008889386186834347,0.9999568526313705));
#12008=DIRECTION('',(-0.8435667479173332,-0.5370185250831707,-0.0024991049738334646));
#12009=FACE_BOUND('',#12010,.T.);
#12010=EDGE_LOOP('',(#12011,#12012,#12013));
#12011=ORIENTED_EDGE('',*,*,#12014,.T.);
#12012=ORIENTED_EDGE('',*,*,#12015,.T.);
#12013=ORIENTED_EDGE('',*,*,#12016,.T.);
#12014=EDGE_CURVE('',#553,#581,#12017,.F.);
#12015=EDGE_CURVE('',#581,#587,#12018,.T.);
#12016=EDGE_CURVE('',#587,#553,#12019,.T.);
#12017=LINE('',#552,#12020);
#12018=LINE('',#580,#12021);
#12019=LINE('',#586,#12022);
#12020=VECTOR('',#12023,1.0);
#12021=VECTOR('',#12024,1.0);
#12022=VECTOR('',#12025,1.0);
#12023=DIRECTION('',(-0.8435667479173332,-0.5370185250831707,-0.0024991049738334646));
#12024=DIRECTION('',(0.956939107195417,0.290288727166658,0));
#12025=DIRECTION('',(0.836497765348044,0.5479640936008398,0.0026154716475252767));
#12026=FACE_SURFACE('',(#12031),#12027,.T.);
#12027=PLANE('',#12028);
#12028=AXIS2_PLACEMENT_3D('',#588,#12029,#12030);
#12029=DIRECTION('',(-0.00041540958621566574,-0.0042119011397405105,0.999991043621724));
#12030=DIRECTION('',(0.9951877072476911,-0.09798687331777937,6.994965328720277E-07));
#12031=FACE_BOUND('',#12032,.T.);
#12032=EDGE_LOOP('',(#12033,#12034,#12035));
#12033=ORIENTED_EDGE('',*,*,#12036,.T.);
#12034=ORIENTED_EDGE('',*,*,#12037,.T.);
#12035=ORIENTED_EDGE('',*,*,#12038,.T.);
#12036=EDGE_CURVE('',#589,#585,#12039,.F.);
#12037=EDGE_CURVE('',#585,#553,#12040,.T.);
#12038=EDGE_CURVE('',#553,#589,#12041,.T.);
#12039=LINE('',#588,#12042);
#12040=LINE('',#584,#12043);
#12041=LINE('',#552,#12044);
#12042=VECTOR('',#12045,1.0);
#12043=VECTOR('',#12046,1.0);
#12044=VECTOR('',#12047,1.0);
#12045=DIRECTION('',(0.9951877072476911,-0.09798687331777937,6.994965328720277E-07));
#12046=DIRECTION('',(0.8036871868344484,0.5950452413296143,0.0028401565293993407));
#12047=DIRECTION('',(-0.8234222023828263,-0.5674226050706196,-0.0027320098622978946));
#12048=FACE_SURFACE('',(#12053),#12049,.T.);
#12049=PLANE('',#12050);
#12050=AXIS2_PLACEMENT_3D('',#552,#12051,#12052);
#12051=DIRECTION('',(0.0005530841486332613,-0.005617309004322564,0.9999840698418524));
#12052=DIRECTION('',(-0.836497765348044,-0.5479640936008398,-0.0026154716475252767));
#12053=FACE_BOUND('',#12054,.T.);
#12054=EDGE_LOOP('',(#12055,#12056,#12057));
#12055=ORIENTED_EDGE('',*,*,#12058,.T.);
#12056=ORIENTED_EDGE('',*,*,#12059,.T.);
#12057=ORIENTED_EDGE('',*,*,#12060,.T.);
#12058=EDGE_CURVE('',#553,#587,#12061,.F.);
#12059=EDGE_CURVE('',#587,#589,#12062,.T.);
#12060=EDGE_CURVE('',#589,#553,#12063,.T.);
#12061=LINE('',#552,#12064);
#12062=LINE('',#586,#12065);
#12063=LINE('',#588,#12066);
#12064=VECTOR('',#12067,1.0);
#12065=VECTOR('',#12068,1.0);
#12066=VECTOR('',#12069,1.0);
#12067=DIRECTION('',(-0.836497765348044,-0.5479640936008398,-0.0026154716475252767));
#12068=DIRECTION('',(0.9951877072479346,0.09798687331780334,0));
#12069=DIRECTION('',(0.8234222023828263,0.5674226050706196,0.0027320098622978946));
#12070=FACE_SURFACE('',(#12075),#12071,.T.);
#12071=PLANE('',#12072);
#12072=AXIS2_PLACEMENT_3D('',#548,#12073,#12074);
#12073=DIRECTION('',(-0,1,0));
#12074=DIRECTION('',(0.999999999999981,0,1.945766220253089E-07));
#12075=FACE_BOUND('',#12076,.T.);
#12076=EDGE_LOOP('',(#12077,#12078,#12079));
#12077=ORIENTED_EDGE('',*,*,#12080,.T.);
#12078=ORIENTED_EDGE('',*,*,#12081,.T.);
#12079=ORIENTED_EDGE('',*,*,#12082,.T.);
#12080=EDGE_CURVE('',#549,#553,#12083,.F.);
#12081=EDGE_CURVE('',#553,#591,#12084,.T.);
#12082=EDGE_CURVE('',#591,#549,#12085,.T.);
#12083=LINE('',#548,#12086);
#12084=LINE('',#552,#12087);
#12085=LINE('',#590,#12088);
#12086=VECTOR('',#12089,1.0);
#12087=VECTOR('',#12090,1.0);
#12088=VECTOR('',#12091,1.0);
#12089=DIRECTION('',(0.999999999999981,0,1.945766220253089E-07));
#12090=DIRECTION('',(0,0,-1));
#12091=DIRECTION('',(-0.9977198993868538,0,0.06749075764492726));
#12092=FACE_SURFACE('',(#12097),#12093,.T.);
#12093=PLANE('',#12094);
#12094=AXIS2_PLACEMENT_3D('',#548,#12095,#12096);
#12095=DIRECTION('',(0,1,0));
#12096=DIRECTION('',(0.9977198993868538,0,-0.06749075764492726));
#12097=FACE_BOUND('',#12098,.T.);
#12098=EDGE_LOOP('',(#12099,#12100,#12101));
#12099=ORIENTED_EDGE('',*,*,#12102,.T.);
#12100=ORIENTED_EDGE('',*,*,#12103,.T.);
#12101=ORIENTED_EDGE('',*,*,#12104,.T.);
#12102=EDGE_CURVE('',#549,#591,#12105,.F.);
#12103=EDGE_CURVE('',#591,#593,#12106,.T.);
#12104=EDGE_CURVE('',#593,#549,#12107,.T.);
#12105=LINE('',#548,#12108);
#12106=LINE('',#590,#12109);
#12107=LINE('',#592,#12110);
#12108=VECTOR('',#12111,1.0);
#12109=VECTOR('',#12112,1.0);
#12110=VECTOR('',#12113,1.0);
#12111=DIRECTION('',(0.9977198993868538,0,-0.06749075764492726));
#12112=DIRECTION('',(-0.999999999999981,0,-1.945766220253089E-07));
#12113=DIRECTION('',(0,0,1));
#12114=FACE_SURFACE('',(#12119),#12115,.T.);
#12115=PLANE('',#12116);
#12116=AXIS2_PLACEMENT_3D('',#594,#12117,#12118);
#12117=DIRECTION('',(-0.0019436672236290324,0.002368389053474843,-0.9999953064344927));
#12118=DIRECTION('',(0.7730135650436792,0.6343894925504848,0));
#12119=FACE_BOUND('',#12120,.T.);
#12120=EDGE_LOOP('',(#12121,#12122,#12123));
#12121=ORIENTED_EDGE('',*,*,#12124,.T.);
#12122=ORIENTED_EDGE('',*,*,#12125,.T.);
#12123=ORIENTED_EDGE('',*,*,#12126,.T.);
#12124=EDGE_CURVE('',#595,#597,#12127,.F.);
#12125=EDGE_CURVE('',#597,#517,#12128,.T.);
#12126=EDGE_CURVE('',#517,#595,#12129,.T.);
#12127=LINE('',#594,#12130);
#12128=LINE('',#596,#12131);
#12129=LINE('',#516,#12132);
#12130=VECTOR('',#12133,1.0);
#12131=VECTOR('',#12134,1.0);
#12132=VECTOR('',#12135,1.0);
#12133=DIRECTION('',(0.7730135650436792,0.6343894925504848,0));
#12134=DIRECTION('',(0.7137925966008206,-0.7003505196406467,-0.003046092075827099));
#12135=DIRECTION('',(-0.751833638565153,0.6593459197562693,0.0030229162479603272));
#12136=FACE_SURFACE('',(#12141),#12137,.T.);
#12137=PLANE('',#12138);
#12138=AXIS2_PLACEMENT_3D('',#514,#12139,#12140);
#12139=DIRECTION('',(0.001958244300202686,0.0023850537727693553,-0.9999952383875444));
#12140=DIRECTION('',(0.7082664970536482,0.7059384818157264,0.0030706746916403568));
#12141=FACE_BOUND('',#12142,.T.);
#12142=EDGE_LOOP('',(#12143,#12144,#12145));
#12143=ORIENTED_EDGE('',*,*,#12146,.T.);
#12144=ORIENTED_EDGE('',*,*,#12147,.T.);
#12145=ORIENTED_EDGE('',*,*,#12148,.T.);
#12146=EDGE_CURVE('',#515,#599,#12149,.F.);
#12147=EDGE_CURVE('',#599,#601,#12150,.T.);
#12148=EDGE_CURVE('',#601,#515,#12151,.T.);
#12149=LINE('',#514,#12152);
#12150=LINE('',#598,#12153);
#12151=LINE('',#600,#12154);
#12152=VECTOR('',#12155,1.0);
#12153=VECTOR('',#12156,1.0);
#12154=VECTOR('',#12157,1.0);
#12155=DIRECTION('',(0.7082664970536482,0.7059384818157264,0.0030706746916403568));
#12156=DIRECTION('',(0.7730135650434917,-0.634389492550331,6.963584291614043E-07));
#12157=DIRECTION('',(-0.7469702743659359,-0.6648504463796863,-0.003048468863290501));
#12158=FACE_SURFACE('',(#12163),#12159,.T.);
#12159=PLANE('',#12160);
#12160=AXIS2_PLACEMENT_3D('',#514,#12161,#12162);
#12161=DIRECTION('',(0.001531264878998212,0.0028647697291875407,-0.9999947241472172));
#12162=DIRECTION('',(0.7469702743659359,0.6648504463796863,0.003048468863290501));
#12163=FACE_BOUND('',#12164,.T.);
#12164=EDGE_LOOP('',(#12165,#12166,#12167));
#12165=ORIENTED_EDGE('',*,*,#12168,.T.);
#12166=ORIENTED_EDGE('',*,*,#12169,.T.);
#12167=ORIENTED_EDGE('',*,*,#12170,.T.);
#12168=EDGE_CURVE('',#515,#601,#12171,.F.);
#12169=EDGE_CURVE('',#601,#603,#12172,.T.);
#12170=EDGE_CURVE('',#603,#515,#12173,.T.);
#12171=LINE('',#514,#12174);
#12172=LINE('',#600,#12175);
#12173=LINE('',#602,#12176);
#12174=VECTOR('',#12177,1.0);
#12175=VECTOR('',#12178,1.0);
#12176=VECTOR('',#12179,1.0);
#12177=DIRECTION('',(0.7469702743659359,0.6648504463796863,0.003048468863290501));
#12178=DIRECTION('',(0.8819195292874702,-0.4713999828822303,0));
#12179=DIRECTION('',(-0.7806088334492018,-0.6250127469319867,-0.0029858522415804937));
#12180=FACE_SURFACE('',(#12185),#12181,.T.);
#12181=PLANE('',#12182);
#12182=AXIS2_PLACEMENT_3D('',#594,#12183,#12184);
#12183=DIRECTION('',(1.94574576892888E-07,0.0045848934105597395,-0.9999894893209508));
#12184=DIRECTION('',(0.751833638565153,-0.6593459197562693,-0.0030229162479603272));
#12185=FACE_BOUND('',#12186,.T.);
#12186=EDGE_LOOP('',(#12187,#12188,#12189));
#12187=ORIENTED_EDGE('',*,*,#12190,.T.);
#12188=ORIENTED_EDGE('',*,*,#12191,.T.);
#12189=ORIENTED_EDGE('',*,*,#12192,.T.);
#12190=EDGE_CURVE('',#595,#517,#12193,.F.);
#12191=EDGE_CURVE('',#517,#515,#12194,.T.);
#12192=EDGE_CURVE('',#515,#595,#12195,.T.);
#12193=LINE('',#594,#12196);
#12194=LINE('',#516,#12197);
#12195=LINE('',#514,#12198);
#12196=VECTOR('',#12199,1.0);
#12197=VECTOR('',#12200,1.0);
#12198=VECTOR('',#12201,1.0);
#12199=DIRECTION('',(0.751833638565153,-0.6593459197562693,-0.0030229162479603272));
#12200=DIRECTION('',(-0.999999999999981,0,-1.945766220253089E-07));
#12201=DIRECTION('',(0.8490243704365393,0.5283481327335586,0.0024226105340910704));
#12202=FACE_SURFACE('',(#12207),#12203,.T.);
#12203=PLANE('',#12204);
#12204=AXIS2_PLACEMENT_3D('',#604,#12205,#12206);
#12205=DIRECTION('',(-0.017362477526331046,0.03248262317207514,-0.9993214815893876));
#12206=DIRECTION('',(0.8819195292874702,0.4713999828822303,0));
#12207=FACE_BOUND('',#12208,.T.);
#12208=EDGE_LOOP('',(#12209,#12210,#12211));
#12209=ORIENTED_EDGE('',*,*,#12212,.T.);
#12210=ORIENTED_EDGE('',*,*,#12213,.T.);
#12211=ORIENTED_EDGE('',*,*,#12214,.T.);
#12212=EDGE_CURVE('',#605,#595,#12215,.F.);
#12213=EDGE_CURVE('',#595,#515,#12216,.T.);
#12214=EDGE_CURVE('',#515,#605,#12217,.T.);
#12215=LINE('',#604,#12218);
#12216=LINE('',#594,#12219);
#12217=LINE('',#514,#12220);
#12218=VECTOR('',#12221,1.0);
#12219=VECTOR('',#12222,1.0);
#12220=VECTOR('',#12223,1.0);
#12221=DIRECTION('',(0.8819195292874702,0.4713999828822303,0));
#12222=DIRECTION('',(-0.8490243704365393,-0.5283481327335586,-0.0024226105340910704));
#12223=DIRECTION('',(0.847381414710249,0.530978627973236,0.0025366590856338443));
#12224=FACE_SURFACE('',(#12229),#12225,.T.);
#12225=PLANE('',#12226);
#12226=AXIS2_PLACEMENT_3D('',#514,#12227,#12228);
#12227=DIRECTION('',(0.0010510234052537979,0.0034645605690775327,-0.9999934460634553));
#12228=DIRECTION('',(0.7806088334492018,0.6250127469319867,0.0029858522415804937));
#12229=FACE_BOUND('',#12230,.T.);
#12230=EDGE_LOOP('',(#12231,#12232,#12233));
#12231=ORIENTED_EDGE('',*,*,#12234,.T.);
#12232=ORIENTED_EDGE('',*,*,#12235,.T.);
#12233=ORIENTED_EDGE('',*,*,#12236,.T.);
#12234=EDGE_CURVE('',#515,#603,#12237,.F.);
#12235=EDGE_CURVE('',#603,#607,#12238,.T.);
#12236=EDGE_CURVE('',#607,#515,#12239,.T.);
#12237=LINE('',#514,#12240);
#12238=LINE('',#602,#12241);
#12239=LINE('',#606,#12242);
#12240=VECTOR('',#12243,1.0);
#12241=VECTOR('',#12244,1.0);
#12242=VECTOR('',#12245,1.0);
#12243=DIRECTION('',(0.7806088334492018,0.6250127469319867,0.0029858522415804937));
#12244=DIRECTION('',(0.9569356977836019,-0.2902999660823458,0));
#12245=DIRECTION('',(-0.8075694232122608,-0.5897654301633695,-0.002892071373964723));
#12246=FACE_SURFACE('',(#12251),#12247,.T.);
#12247=PLANE('',#12248);
#12248=AXIS2_PLACEMENT_3D('',#514,#12249,#12250);
#12249=DIRECTION('',(0.0004254567403012257,0.0043211387555997585,-0.9999905733287774));
#12250=DIRECTION('',(0.8075694232122608,0.5897654301633695,0.002892071373964723));
#12251=FACE_BOUND('',#12252,.T.);
#12252=EDGE_LOOP('',(#12253,#12254,#12255));
#12253=ORIENTED_EDGE('',*,*,#12256,.T.);
#12254=ORIENTED_EDGE('',*,*,#12257,.T.);
#12255=ORIENTED_EDGE('',*,*,#12258,.T.);
#12256=EDGE_CURVE('',#515,#607,#12259,.F.);
#12257=EDGE_CURVE('',#607,#609,#12260,.T.);
#12258=EDGE_CURVE('',#609,#515,#12261,.T.);
#12259=LINE('',#514,#12262);
#12260=LINE('',#606,#12263);
#12261=LINE('',#608,#12264);
#12262=VECTOR('',#12265,1.0);
#12263=VECTOR('',#12266,1.0);
#12264=VECTOR('',#12267,1.0);
#12265=DIRECTION('',(0.8075694232122608,0.5897654301633695,0.002892071373964723));
#12266=DIRECTION('',(0.9951878326729656,-0.09798559945055824,0));
#12267=DIRECTION('',(-0.827395227686712,-0.5616132255939076,-0.0027788557466431017));
#12268=FACE_SURFACE('',(#12273),#12269,.T.);
#12269=PLANE('',#12270);
#12270=AXIS2_PLACEMENT_3D('',#610,#12271,#12272);
#12271=DIRECTION('',(-0.0028092640220753846,0.009260369759948659,-0.999953175697524));
#12272=DIRECTION('',(0.9569356977836019,0.2902999660823458,0));
#12273=FACE_BOUND('',#12274,.T.);
#12274=EDGE_LOOP('',(#12275,#12276,#12277));
#12275=ORIENTED_EDGE('',*,*,#12278,.T.);
#12276=ORIENTED_EDGE('',*,*,#12279,.T.);
#12277=ORIENTED_EDGE('',*,*,#12280,.T.);
#12278=EDGE_CURVE('',#611,#605,#12281,.F.);
#12279=EDGE_CURVE('',#605,#515,#12282,.T.);
#12280=EDGE_CURVE('',#515,#611,#12283,.T.);
#12281=LINE('',#610,#12284);
#12282=LINE('',#604,#12285);
#12283=LINE('',#514,#12286);
#12284=VECTOR('',#12287,1.0);
#12285=VECTOR('',#12288,1.0);
#12286=VECTOR('',#12289,1.0);
#12287=DIRECTION('',(0.9569356977836019,0.2902999660823458,0));
#12288=DIRECTION('',(-0.847381414710249,-0.530978627973236,-0.0025366590856338443));
#12289=DIRECTION('',(0.8404303508066748,0.5419130589013716,0.0026574489887854183));
#12290=FACE_SURFACE('',(#12295),#12291,.T.);
#12291=PLANE('',#12292);
#12292=AXIS2_PLACEMENT_3D('',#514,#12293,#12294);
#12293=DIRECTION('',(-0.0005689752591217621,0.005786146132408034,-0.9999830982472099));
#12294=DIRECTION('',(0.827395227686712,0.5616132255939076,0.0027788557466431017));
#12295=FACE_BOUND('',#12296,.T.);
#12296=EDGE_LOOP('',(#12297,#12298,#12299));
#12297=ORIENTED_EDGE('',*,*,#12300,.T.);
#12298=ORIENTED_EDGE('',*,*,#12301,.T.);
#12299=ORIENTED_EDGE('',*,*,#12302,.T.);
#12300=EDGE_CURVE('',#515,#609,#12303,.F.);
#12301=EDGE_CURVE('',#609,#611,#12304,.T.);
#12302=EDGE_CURVE('',#611,#515,#12305,.T.);
#12303=LINE('',#514,#12306);
#12304=LINE('',#608,#12307);
#12305=LINE('',#610,#12308);
#12306=VECTOR('',#12309,1.0);
#12307=VECTOR('',#12310,1.0);
#12308=VECTOR('',#12311,1.0);
#12309=DIRECTION('',(0.827395227686712,0.5616132255939076,0.0027788557466431017));
#12310=DIRECTION('',(0.9951882605619963,0.0979812535085333,6.963643784720641E-07));
#12311=DIRECTION('',(-0.8404303508066748,-0.5419130589013716,-0.0026574489887854183));
#12312=FACE_SURFACE('',(#12317),#12313,.T.);
#12313=PLANE('',#12314);
#12314=AXIS2_PLACEMENT_3D('',#612,#12315,#12316);
#12315=DIRECTION('',(0.00238477736976034,0.001957114112279553,-0.9999952412593013));
#12316=DIRECTION('',(0.6343890043631748,-0.7730139656843853,0));
#12317=FACE_BOUND('',#12318,.T.);
#12318=EDGE_LOOP('',(#12319,#12320,#12321));
#12319=ORIENTED_EDGE('',*,*,#12322,.T.);
#12320=ORIENTED_EDGE('',*,*,#12323,.T.);
#12321=ORIENTED_EDGE('',*,*,#12324,.T.);
#12322=EDGE_CURVE('',#613,#599,#12325,.F.);
#12323=EDGE_CURVE('',#599,#515,#12326,.T.);
#12324=EDGE_CURVE('',#515,#613,#12327,.T.);
#12325=LINE('',#612,#12328);
#12326=LINE('',#598,#12329);
#12327=LINE('',#514,#12330);
#12328=VECTOR('',#12331,1.0);
#12329=VECTOR('',#12332,1.0);
#12330=VECTOR('',#12333,1.0);
#12331=DIRECTION('',(0.6343890043631748,-0.7730139656843853,0));
#12332=DIRECTION('',(-0.7082664970536482,-0.7059384818157264,-0.0030706746916403568));
#12333=DIRECTION('',(0.6672862184988837,0.7447951438114806,0.0030489926691053236));
#12334=FACE_SURFACE('',(#12339),#12335,.T.);
#12335=PLANE('',#12336);
#12336=AXIS2_PLACEMENT_3D('',#516,#12337,#12338);
#12337=DIRECTION('',(-0.0023634701427022987,0.0019405287845866246,-0.9999953241675287));
#12338=DIRECTION('',(-0.7137925966008206,0.7003505196406467,0.003046092075827099));
#12339=FACE_BOUND('',#12340,.T.);
#12340=EDGE_LOOP('',(#12341,#12342,#12343));
#12341=ORIENTED_EDGE('',*,*,#12344,.T.);
#12342=ORIENTED_EDGE('',*,*,#12345,.T.);
#12343=ORIENTED_EDGE('',*,*,#12346,.T.);
#12344=EDGE_CURVE('',#517,#597,#12347,.F.);
#12345=EDGE_CURVE('',#597,#615,#12348,.T.);
#12346=EDGE_CURVE('',#615,#517,#12349,.T.);
#12347=LINE('',#516,#12350);
#12348=LINE('',#596,#12351);
#12349=LINE('',#614,#12352);
#12350=VECTOR('',#12353,1.0);
#12351=VECTOR('',#12354,1.0);
#12352=VECTOR('',#12355,1.0);
#12353=DIRECTION('',(-0.7137925966008206,0.7003505196406467,0.003046092075827099));
#12354=DIRECTION('',(0.6343890043630209,0.7730139656841978,6.963838831791627E-07));
#12355=DIRECTION('',(0.6733985936012079,-0.7392734112182137,-0.0030261529540469073));
#12356=FACE_SURFACE('',(#12361),#12357,.T.);
#12357=PLANE('',#12358);
#12358=AXIS2_PLACEMENT_3D('',#516,#12359,#12360);
#12359=DIRECTION('',(-0.002832004924444338,0.0015137420086970223,-0.9999948441533281));
#12360=DIRECTION('',(-0.6733985936012079,0.7392734112182137,0.0030261529540469073));
#12361=FACE_BOUND('',#12362,.T.);
#12362=EDGE_LOOP('',(#12363,#12364,#12365));
#12363=ORIENTED_EDGE('',*,*,#12366,.T.);
#12364=ORIENTED_EDGE('',*,*,#12367,.T.);
#12365=ORIENTED_EDGE('',*,*,#12368,.T.);
#12366=EDGE_CURVE('',#517,#615,#12369,.F.);
#12367=EDGE_CURVE('',#615,#617,#12370,.T.);
#12368=EDGE_CURVE('',#617,#517,#12371,.T.);
#12369=LINE('',#516,#12372);
#12370=LINE('',#614,#12373);
#12371=LINE('',#616,#12374);
#12372=VECTOR('',#12375,1.0);
#12373=VECTOR('',#12376,1.0);
#12374=VECTOR('',#12377,1.0);
#12375=DIRECTION('',(-0.6733985936012079,0.7392734112182137,0.0030261529540469073));
#12376=DIRECTION('',(0.4713976668011212,0.8819207672656648,0));
#12377=DIRECTION('',(0.6340452709686358,-0.7732902404921236,-0.002966196544906756));
#12378=FACE_SURFACE('',(#12383),#12379,.T.);
#12379=PLANE('',#12380);
#12380=AXIS2_PLACEMENT_3D('',#612,#12381,#12382);
#12381=DIRECTION('',(0.004569194982118234,0,-0.9999895611741231));
#12382=DIRECTION('',(-0.6672862184988837,-0.7447951438114806,-0.0030489926691053236));
#12383=FACE_BOUND('',#12384,.T.);
#12384=EDGE_LOOP('',(#12385,#12386,#12387));
#12385=ORIENTED_EDGE('',*,*,#12388,.T.);
#12386=ORIENTED_EDGE('',*,*,#12389,.T.);
#12387=ORIENTED_EDGE('',*,*,#12390,.T.);
#12388=EDGE_CURVE('',#613,#515,#12391,.F.);
#12389=EDGE_CURVE('',#515,#593,#12392,.T.);
#12390=EDGE_CURVE('',#593,#613,#12393,.T.);
#12391=LINE('',#612,#12394);
#12392=LINE('',#514,#12395);
#12393=LINE('',#592,#12396);
#12394=VECTOR('',#12397,1.0);
#12395=VECTOR('',#12398,1.0);
#12396=VECTOR('',#12399,1.0);
#12397=DIRECTION('',(-0.6672862184988837,-0.7447951438114806,-0.0030489926691053236));
#12398=DIRECTION('',(0,1,0));
#12399=DIRECTION('',(0.5249065295301616,-0.8511564972510036,0.0023984253175545795));
#12400=FACE_SURFACE('',(#12405),#12401,.T.);
#12401=PLANE('',#12402);
#12402=AXIS2_PLACEMENT_3D('',#618,#12403,#12404);
#12403=DIRECTION('',(0.034260481310631995,0.018312655232496994,-0.9992451481386835));
#12404=DIRECTION('',(0.4713976668011212,-0.8819207672656648,0));
#12405=FACE_BOUND('',#12406,.T.);
#12406=EDGE_LOOP('',(#12407,#12408,#12409));
#12407=ORIENTED_EDGE('',*,*,#12410,.T.);
#12408=ORIENTED_EDGE('',*,*,#12411,.T.);
#12409=ORIENTED_EDGE('',*,*,#12412,.T.);
#12410=EDGE_CURVE('',#619,#613,#12413,.F.);
#12411=EDGE_CURVE('',#613,#593,#12414,.T.);
#12412=EDGE_CURVE('',#593,#619,#12415,.T.);
#12413=LINE('',#618,#12416);
#12414=LINE('',#612,#12417);
#12415=LINE('',#592,#12418);
#12416=VECTOR('',#12419,1.0);
#12417=VECTOR('',#12420,1.0);
#12418=VECTOR('',#12421,1.0);
#12419=DIRECTION('',(0.4713976668011212,-0.8819207672656648,0));
#12420=DIRECTION('',(-0.5249065295301616,0.8511564972510036,-0.0023984253175545795));
#12421=DIRECTION('',(0.5273560718886063,-0.8496406725101869,0.002510190960120468));
#12422=FACE_SURFACE('',(#12427),#12423,.T.);
#12423=PLANE('',#12424);
#12424=AXIS2_PLACEMENT_3D('',#590,#12425,#12426);
#12425=DIRECTION('',(-0.004678158205246967,-0,-0.9999890573580327));
#12426=DIRECTION('',(0,-1,0));
#12427=FACE_BOUND('',#12428,.T.);
#12428=EDGE_LOOP('',(#12429,#12430,#12431));
#12429=ORIENTED_EDGE('',*,*,#12432,.T.);
#12430=ORIENTED_EDGE('',*,*,#12433,.T.);
#12431=ORIENTED_EDGE('',*,*,#12434,.T.);
#12432=EDGE_CURVE('',#591,#517,#12435,.F.);
#12433=EDGE_CURVE('',#517,#617,#12436,.T.);
#12434=EDGE_CURVE('',#617,#591,#12437,.T.);
#12435=LINE('',#590,#12438);
#12436=LINE('',#516,#12439);
#12437=LINE('',#616,#12440);
#12438=VECTOR('',#12441,1.0);
#12439=VECTOR('',#12442,1.0);
#12440=VECTOR('',#12443,1.0);
#12441=DIRECTION('',(0,-1,0));
#12442=DIRECTION('',(-0.6340452709686358,0.7732902404921236,0.002966196544906756));
#12443=DIRECTION('',(0.5339301598413206,0.8455248933187524,-0.002497837091227481));
#12444=FACE_SURFACE('',(#12449),#12445,.T.);
#12445=PLANE('',#12446);
#12446=AXIS2_PLACEMENT_3D('',#590,#12447,#12448);
#12447=DIRECTION('',(-0.009002417420012898,0.0027307718927882915,-0.9999557487036441));
#12448=DIRECTION('',(-0.5339301598413206,-0.8455248933187524,0.002497837091227481));
#12449=FACE_BOUND('',#12450,.T.);
#12450=EDGE_LOOP('',(#12451,#12452,#12453));
#12451=ORIENTED_EDGE('',*,*,#12454,.T.);
#12452=ORIENTED_EDGE('',*,*,#12455,.T.);
#12453=ORIENTED_EDGE('',*,*,#12456,.T.);
#12454=EDGE_CURVE('',#591,#617,#12457,.F.);
#12455=EDGE_CURVE('',#617,#621,#12458,.T.);
#12456=EDGE_CURVE('',#621,#591,#12459,.T.);
#12457=LINE('',#590,#12460);
#12458=LINE('',#616,#12461);
#12459=LINE('',#620,#12462);
#12460=VECTOR('',#12463,1.0);
#12461=VECTOR('',#12464,1.0);
#12462=VECTOR('',#12465,1.0);
#12463=DIRECTION('',(-0.5339301598413206,-0.8455248933187524,0.002497837091227481));
#12464=DIRECTION('',(0.29027673653967984,0.956942744485726,0));
#12465=DIRECTION('',(0.5448050150390854,0.8385586792766516,-0.0026147653928341986));
#12466=FACE_SURFACE('',(#12471),#12467,.T.);
#12467=PLANE('',#12468);
#12468=AXIS2_PLACEMENT_3D('',#622,#12469,#12470);
#12469=DIRECTION('',(0.009310753084276207,0.0028247353406482064,-0.999952664253293));
#12470=DIRECTION('',(0.2903175491745124,-0.9569303635277253,0));
#12471=FACE_BOUND('',#12472,.T.);
#12472=EDGE_LOOP('',(#12473,#12474,#12475));
#12473=ORIENTED_EDGE('',*,*,#12476,.T.);
#12474=ORIENTED_EDGE('',*,*,#12477,.T.);
#12475=ORIENTED_EDGE('',*,*,#12478,.T.);
#12476=EDGE_CURVE('',#623,#619,#12479,.F.);
#12477=EDGE_CURVE('',#619,#593,#12480,.T.);
#12478=EDGE_CURVE('',#593,#623,#12481,.T.);
#12479=LINE('',#622,#12482);
#12480=LINE('',#618,#12483);
#12481=LINE('',#592,#12484);
#12482=VECTOR('',#12485,1.0);
#12483=VECTOR('',#12486,1.0);
#12484=VECTOR('',#12487,1.0);
#12485=DIRECTION('',(0.2903175491745124,-0.9569303635277253,0));
#12486=DIRECTION('',(-0.5273560718886063,0.8496406725101869,-0.002510190960120468));
#12487=DIRECTION('',(0.538031181081946,-0.8429208377984155,0.0026285716241981256));
#12488=FACE_SURFACE('',(#12493),#12489,.T.);
#12489=PLANE('',#12490);
#12490=AXIS2_PLACEMENT_3D('',#624,#12491,#12492);
#12491=DIRECTION('',(0.005776263495308071,0.0005685973126436974,-0.9999831555966976));
#12492=DIRECTION('',(0.09796339290214927,-0.9951900188662962,0));
#12493=FACE_BOUND('',#12494,.T.);
#12494=EDGE_LOOP('',(#12495,#12496,#12497));
#12495=ORIENTED_EDGE('',*,*,#12498,.T.);
#12496=ORIENTED_EDGE('',*,*,#12499,.T.);
#12497=ORIENTED_EDGE('',*,*,#12500,.T.);
#12498=EDGE_CURVE('',#625,#623,#12501,.F.);
#12499=EDGE_CURVE('',#623,#593,#12502,.T.);
#12500=EDGE_CURVE('',#593,#625,#12503,.T.);
#12501=LINE('',#624,#12504);
#12502=LINE('',#622,#12505);
#12503=LINE('',#592,#12506);
#12504=VECTOR('',#12507,1.0);
#12505=VECTOR('',#12508,1.0);
#12506=VECTOR('',#12509,1.0);
#12507=DIRECTION('',(0.09796339290214927,-0.9951900188662962,0));
#12508=DIRECTION('',(-0.538031181081946,0.8429208377984155,-0.0026285716241981256));
#12509=DIRECTION('',(0.5573967196901602,-0.8302417402988608,0.002747643384385477));
#12510=FACE_SURFACE('',(#12515),#12511,.T.);
#12511=PLANE('',#12512);
#12512=AXIS2_PLACEMENT_3D('',#590,#12513,#12514);
#12513=DIRECTION('',(-0.0056568512018807405,0.0005570960805984696,-0.9999838447087217));
#12514=DIRECTION('',(-0.5448050150390854,-0.8385586792766516,0.0026147653928341986));
#12515=FACE_BOUND('',#12516,.T.);
#12516=EDGE_LOOP('',(#12517,#12518,#12519));
#12517=ORIENTED_EDGE('',*,*,#12520,.T.);
#12518=ORIENTED_EDGE('',*,*,#12521,.T.);
#12519=ORIENTED_EDGE('',*,*,#12522,.T.);
#12520=EDGE_CURVE('',#591,#621,#12523,.F.);
#12521=EDGE_CURVE('',#621,#627,#12524,.T.);
#12522=EDGE_CURVE('',#627,#591,#12525,.T.);
#12523=LINE('',#590,#12526);
#12524=LINE('',#620,#12527);
#12525=LINE('',#626,#12528);
#12526=VECTOR('',#12529,1.0);
#12527=VECTOR('',#12530,1.0);
#12528=VECTOR('',#12531,1.0);
#12529=DIRECTION('',(-0.5448050150390854,-0.8385586792766516,0.0026147653928341986));
#12530=DIRECTION('',(0.0980075342213991,0.9951856727444589,0));
#12531=DIRECTION('',(0.5642600541447927,0.8255925915529704,-0.0027320449055182037));
#12532=FACE_SURFACE('',(#12537),#12533,.T.);
#12533=PLANE('',#12534);
#12534=AXIS2_PLACEMENT_3D('',#590,#12535,#12536);
#12535=DIRECTION('',(-0.004231991460069754,-0.0004167630331695304,-0.9999909582375514));
#12536=DIRECTION('',(-0.5642600541447927,-0.8255925915529704,0.0027320449055182037));
#12537=FACE_BOUND('',#12538,.T.);
#12538=EDGE_LOOP('',(#12539,#12540,#12541));
#12539=ORIENTED_EDGE('',*,*,#12542,.T.);
#12540=ORIENTED_EDGE('',*,*,#12543,.T.);
#12541=ORIENTED_EDGE('',*,*,#12544,.T.);
#12542=EDGE_CURVE('',#591,#627,#12545,.F.);
#12543=EDGE_CURVE('',#627,#629,#12546,.T.);
#12544=EDGE_CURVE('',#629,#591,#12547,.T.);
#12545=LINE('',#590,#12548);
#12546=LINE('',#626,#12549);
#12547=LINE('',#628,#12550);
#12548=VECTOR('',#12551,1.0);
#12549=VECTOR('',#12552,1.0);
#12550=VECTOR('',#12553,1.0);
#12551=DIRECTION('',(-0.5642600541447927,-0.8255925915529704,0.0027320449055182037));
#12552=DIRECTION('',(-0.09800508904860228,0.995185913546095,0));
#12553=DIRECTION('',(0.5919682332407645,0.8059562884263628,-0.0028411229838332308));
#12554=FACE_SURFACE('',(#12559),#12555,.T.);
#12555=PLANE('',#12556);
#12556=AXIS2_PLACEMENT_3D('',#630,#12557,#12558);
#12557=DIRECTION('',(0.0042990568051528896,-0.0004231750457943755,-0.999990669473204));
#12558=DIRECTION('',(-0.09796094880927998,-0.9951902594521238,0));
#12559=FACE_BOUND('',#12560,.T.);
#12560=EDGE_LOOP('',(#12561,#12562,#12563));
#12561=ORIENTED_EDGE('',*,*,#12564,.T.);
#12562=ORIENTED_EDGE('',*,*,#12565,.T.);
#12563=ORIENTED_EDGE('',*,*,#12566,.T.);
#12564=EDGE_CURVE('',#631,#625,#12567,.F.);
#12565=EDGE_CURVE('',#625,#593,#12568,.T.);
#12566=EDGE_CURVE('',#593,#631,#12569,.T.);
#12567=LINE('',#630,#12570);
#12568=LINE('',#624,#12571);
#12569=LINE('',#592,#12572);
#12570=VECTOR('',#12573,1.0);
#12571=VECTOR('',#12574,1.0);
#12572=VECTOR('',#12575,1.0);
#12573=DIRECTION('',(-0.09796094880927998,-0.9951902594521238,0));
#12574=DIRECTION('',(-0.5573967196901602,0.8302417402988608,-0.002747643384385477));
#12575=DIRECTION('',(0.5851595266763198,-0.8109131615001999,0.002858818933797652));
#12576=FACE_SURFACE('',(#12581),#12577,.T.);
#12577=PLANE('',#12578);
#12578=AXIS2_PLACEMENT_3D('',#632,#12579,#12580);
#12579=DIRECTION('',(0.0034394632727957077,-0.0010434727255744887,-0.9999935406076711));
#12580=DIRECTION('',(-0.29031600147386954,-0.9569308330742741,0));
#12581=FACE_BOUND('',#12582,.T.);
#12582=EDGE_LOOP('',(#12583,#12584,#12585));
#12583=ORIENTED_EDGE('',*,*,#12586,.T.);
#12584=ORIENTED_EDGE('',*,*,#12587,.T.);
#12585=ORIENTED_EDGE('',*,*,#12588,.T.);
#12586=EDGE_CURVE('',#633,#631,#12589,.F.);
#12587=EDGE_CURVE('',#631,#593,#12590,.T.);
#12588=EDGE_CURVE('',#593,#633,#12591,.T.);
#12589=LINE('',#632,#12592);
#12590=LINE('',#630,#12593);
#12591=LINE('',#592,#12594);
#12592=VECTOR('',#12595,1.0);
#12593=VECTOR('',#12596,1.0);
#12594=VECTOR('',#12597,1.0);
#12595=DIRECTION('',(-0.29031600147386954,-0.9569308330742741,0));
#12596=DIRECTION('',(-0.5851595266763198,0.8109131615001999,-0.002858818933797652));
#12597=DIRECTION('',(0.6200089683004527,-0.784589172471647,0.0029512145405811516));
#12598=FACE_SURFACE('',(#12603),#12599,.T.);
#12599=PLANE('',#12600);
#12600=AXIS2_PLACEMENT_3D('',#590,#12601,#12602);
#12601=DIRECTION('',(-0.003396648423405212,-0.0010303252573389133,-0.9999937005848345));
#12602=DIRECTION('',(-0.5919682332407645,-0.8059562884263628,0.0028411229838332308));
#12603=FACE_BOUND('',#12604,.T.);
#12604=EDGE_LOOP('',(#12605,#12606,#12607));
#12605=ORIENTED_EDGE('',*,*,#12608,.T.);
#12606=ORIENTED_EDGE('',*,*,#12609,.T.);
#12607=ORIENTED_EDGE('',*,*,#12610,.T.);
#12608=EDGE_CURVE('',#591,#629,#12611,.F.);
#12609=EDGE_CURVE('',#629,#635,#12612,.T.);
#12610=EDGE_CURVE('',#635,#591,#12613,.T.);
#12611=LINE('',#590,#12614);
#12612=LINE('',#628,#12615);
#12613=LINE('',#634,#12616);
#12614=VECTOR('',#12617,1.0);
#12615=VECTOR('',#12618,1.0);
#12616=VECTOR('',#12619,1.0);
#12617=DIRECTION('',(-0.5919682332407645,-0.8059562884263628,0.0028411229838332308));
#12618=DIRECTION('',(-0.29027518901656835,0.9569432139063401,0));
#12619=DIRECTION('',(0.6265817179579685,0.7793502154459073,-0.0029312804810756213));
#12620=FACE_SURFACE('',(#12625),#12621,.T.);
#12621=PLANE('',#12622);
#12622=AXIS2_PLACEMENT_3D('',#590,#12623,#12624);
#12623=DIRECTION('',(-0.0028100041288601557,-0.0015019799366580132,-0.9999949239536496));
#12624=DIRECTION('',(-0.6265817179579685,-0.7793502154459073,0.0029312804810756213));
#12625=FACE_BOUND('',#12626,.T.);
#12626=EDGE_LOOP('',(#12627,#12628,#12629));
#12627=ORIENTED_EDGE('',*,*,#12630,.T.);
#12628=ORIENTED_EDGE('',*,*,#12631,.T.);
#12629=ORIENTED_EDGE('',*,*,#12632,.T.);
#12630=EDGE_CURVE('',#591,#635,#12633,.F.);
#12631=EDGE_CURVE('',#635,#637,#12634,.T.);
#12632=EDGE_CURVE('',#637,#591,#12635,.T.);
#12633=LINE('',#590,#12636);
#12634=LINE('',#634,#12637);
#12635=LINE('',#636,#12638);
#12636=VECTOR('',#12639,1.0);
#12637=VECTOR('',#12640,1.0);
#12638=VECTOR('',#12641,1.0);
#12639=DIRECTION('',(-0.6265817179579685,-0.7793502154459073,0.0029312804810756213));
#12640=DIRECTION('',(-0.47139708778389205,0.8819210767573624,0));
#12641=DIRECTION('',(0.6656589875844259,0.7462500679663181,-0.0029913723176847318));
#12642=FACE_SURFACE('',(#12647),#12643,.T.);
#12643=PLANE('',#12644);
#12644=AXIS2_PLACEMENT_3D('',#638,#12645,#12646);
#12645=DIRECTION('',(0.002839381506560039,-0.0015176824872143169,-0.9999948172628337));
#12646=DIRECTION('',(-0.47139708778389205,-0.8819210767573624,0));
#12647=FACE_BOUND('',#12648,.T.);
#12648=EDGE_LOOP('',(#12649,#12650,#12651));
#12649=ORIENTED_EDGE('',*,*,#12652,.T.);
#12650=ORIENTED_EDGE('',*,*,#12653,.T.);
#12651=ORIENTED_EDGE('',*,*,#12654,.T.);
#12652=EDGE_CURVE('',#639,#633,#12655,.F.);
#12653=EDGE_CURVE('',#633,#593,#12656,.T.);
#12654=EDGE_CURVE('',#593,#639,#12657,.T.);
#12655=LINE('',#638,#12658);
#12656=LINE('',#632,#12659);
#12657=LINE('',#592,#12660);
#12658=VECTOR('',#12661,1.0);
#12659=VECTOR('',#12662,1.0);
#12660=VECTOR('',#12663,1.0);
#12661=DIRECTION('',(-0.47139708778389205,-0.8819210767573624,0));
#12662=DIRECTION('',(-0.6200089683004527,0.784589172471647,-0.0029512145405811516));
#12663=DIRECTION('',(0.6595038733701979,-0.7516951245217575,0.00301343324559559));
#12664=FACE_SURFACE('',(#12669),#12665,.T.);
#12665=PLANE('',#12666);
#12666=AXIS2_PLACEMENT_3D('',#640,#12667,#12668);
#12667=DIRECTION('',(0.0023608769079370728,-0.001937503222488674,-0.9999953361598685));
#12668=DIRECTION('',(-0.6343896873652202,-0.7730134051649157,0));
#12669=FACE_BOUND('',#12670,.T.);
#12670=EDGE_LOOP('',(#12671,#12672,#12673));
#12671=ORIENTED_EDGE('',*,*,#12674,.T.);
#12672=ORIENTED_EDGE('',*,*,#12675,.T.);
#12673=ORIENTED_EDGE('',*,*,#12676,.T.);
#12674=EDGE_CURVE('',#641,#639,#12677,.F.);
#12675=EDGE_CURVE('',#639,#593,#12678,.T.);
#12676=EDGE_CURVE('',#593,#641,#12679,.T.);
#12677=LINE('',#640,#12680);
#12678=LINE('',#638,#12681);
#12679=LINE('',#592,#12682);
#12680=VECTOR('',#12683,1.0);
#12681=VECTOR('',#12684,1.0);
#12682=VECTOR('',#12685,1.0);
#12683=DIRECTION('',(-0.6343896873652202,-0.7730134051649157,0));
#12684=DIRECTION('',(-0.6595038733701979,0.7516951245217575,-0.00301343324559559));
#12685=DIRECTION('',(0.7003701112433146,-0.7137734145432277,0.0030364400749189864));
#12686=FACE_SURFACE('',(#12691),#12687,.T.);
#12687=PLANE('',#12688);
#12688=AXIS2_PLACEMENT_3D('',#590,#12689,#12690);
#12689=DIRECTION('',(-0.0023399749237139186,-0.0019212504360407998,-0.9999954166465557));
#12690=DIRECTION('',(-0.6656589875844259,-0.7462500679663181,0.0029913723176847318));
#12691=FACE_BOUND('',#12692,.T.);
#12692=EDGE_LOOP('',(#12693,#12694,#12695));
#12693=ORIENTED_EDGE('',*,*,#12696,.T.);
#12694=ORIENTED_EDGE('',*,*,#12697,.T.);
#12695=ORIENTED_EDGE('',*,*,#12698,.T.);
#12696=EDGE_CURVE('',#591,#637,#12699,.F.);
#12697=EDGE_CURVE('',#637,#643,#12700,.T.);
#12698=EDGE_CURVE('',#643,#591,#12701,.T.);
#12699=LINE('',#590,#12702);
#12700=LINE('',#636,#12703);
#12701=LINE('',#642,#12704);
#12702=VECTOR('',#12705,1.0);
#12703=VECTOR('',#12706,1.0);
#12704=VECTOR('',#12707,1.0);
#12705=DIRECTION('',(-0.6656589875844259,-0.7462500679663181,0.0029913723176847318));
#12706=DIRECTION('',(-0.6343896873650664,0.7730134051647284,-6.963846329267362E-07));
#12707=DIRECTION('',(0.7059580293135116,0.7082472624288907,-0.003012658255631914));
#12708=FACE_SURFACE('',(#12713),#12709,.T.);
#12709=PLANE('',#12710);
#12710=AXIS2_PLACEMENT_3D('',#590,#12711,#12712);
#12711=DIRECTION('',(-0.0019201341547999012,-0.0023397341856113097,-0.999995419353893));
#12712=DIRECTION('',(-0.7059580293135116,-0.7082472624288907,0.003012658255631914));
#12713=FACE_BOUND('',#12714,.T.);
#12714=EDGE_LOOP('',(#12715,#12716,#12717));
#12715=ORIENTED_EDGE('',*,*,#12718,.T.);
#12716=ORIENTED_EDGE('',*,*,#12719,.T.);
#12717=ORIENTED_EDGE('',*,*,#12720,.T.);
#12718=EDGE_CURVE('',#591,#643,#12721,.F.);
#12719=EDGE_CURVE('',#643,#645,#12722,.T.);
#12720=EDGE_CURVE('',#645,#591,#12723,.T.);
#12721=LINE('',#590,#12724);
#12722=LINE('',#642,#12725);
#12723=LINE('',#644,#12726);
#12724=VECTOR('',#12727,1.0);
#12725=VECTOR('',#12728,1.0);
#12726=VECTOR('',#12729,1.0);
#12727=DIRECTION('',(-0.7059580293135116,-0.7082472624288907,0.003012658255631914));
#12728=DIRECTION('',(-0.7730162969532242,0.6343861636611606,0));
#12729=DIRECTION('',(0.7441107440031511,0.6680495860377526,-0.0029918646133230238));
#12730=FACE_SURFACE('',(#12735),#12731,.T.);
#12731=PLANE('',#12732);
#12732=AXIS2_PLACEMENT_3D('',#646,#12733,#12734);
#12733=DIRECTION('',(0.0019343781678680884,-0.0023559932044422294,-0.9999953537277683));
#12734=DIRECTION('',(-0.7730162969530368,-0.6343861636610068,-6.963608901638051E-07));
#12735=FACE_BOUND('',#12736,.T.);
#12736=EDGE_LOOP('',(#12737,#12738,#12739));
#12737=ORIENTED_EDGE('',*,*,#12740,.T.);
#12738=ORIENTED_EDGE('',*,*,#12741,.T.);
#12739=ORIENTED_EDGE('',*,*,#12742,.T.);
#12740=EDGE_CURVE('',#647,#641,#12743,.F.);
#12741=EDGE_CURVE('',#641,#593,#12744,.T.);
#12742=EDGE_CURVE('',#593,#647,#12745,.T.);
#12743=LINE('',#646,#12746);
#12744=LINE('',#640,#12747);
#12745=LINE('',#592,#12748);
#12746=VECTOR('',#12749,1.0);
#12747=VECTOR('',#12750,1.0);
#12748=VECTOR('',#12751,1.0);
#12749=DIRECTION('',(-0.7730162969530368,-0.6343861636610068,-6.963608901638051E-07));
#12750=DIRECTION('',(-0.7003701112433146,0.7137734145432277,-0.0030364400749189864));
#12751=DIRECTION('',(0.7391706953792873,-0.6735113829685456,0.003016637912978916));
#12752=FACE_SURFACE('',(#12757),#12753,.T.);
#12753=PLANE('',#12754);
#12754=AXIS2_PLACEMENT_3D('',#648,#12755,#12756);
#12755=DIRECTION('',(0.001508926379681233,-0.002822919323771406,-0.9999948771207141));
#12756=DIRECTION('',(-0.881915476114489,-0.4714075656899813,0));
#12757=FACE_BOUND('',#12758,.T.);
#12758=EDGE_LOOP('',(#12759,#12760,#12761));
#12759=ORIENTED_EDGE('',*,*,#12762,.T.);
#12760=ORIENTED_EDGE('',*,*,#12763,.T.);
#12761=ORIENTED_EDGE('',*,*,#12764,.T.);
#12762=EDGE_CURVE('',#649,#647,#12765,.F.);
#12763=EDGE_CURVE('',#647,#593,#12766,.T.);
#12764=EDGE_CURVE('',#593,#649,#12767,.T.);
#12765=LINE('',#648,#12768);
#12766=LINE('',#646,#12769);
#12767=LINE('',#592,#12770);
#12768=VECTOR('',#12771,1.0);
#12769=VECTOR('',#12772,1.0);
#12770=VECTOR('',#12773,1.0);
#12771=DIRECTION('',(-0.881915476114489,-0.4714075656899813,0));
#12772=DIRECTION('',(-0.7391706953792873,0.6735113829685456,-0.003016637912978916));
#12773=DIRECTION('',(0.7730911314858124,-0.6342880717753315,0.002957096805698815));
#12774=FACE_SURFACE('',(#12779),#12775,.T.);
#12775=PLANE('',#12776);
#12776=AXIS2_PLACEMENT_3D('',#592,#12777,#12778);
#12777=DIRECTION('',(1.9457467055189488E-07,-0.004478678610924566,-0.9999899706686374));
#12778=DIRECTION('',(0.999999999999981,0,1.945766220253089E-07));
#12779=FACE_BOUND('',#12780,.T.);
#12780=EDGE_LOOP('',(#12781,#12782,#12783));
#12781=ORIENTED_EDGE('',*,*,#12784,.T.);
#12782=ORIENTED_EDGE('',*,*,#12785,.T.);
#12783=ORIENTED_EDGE('',*,*,#12786,.T.);
#12784=EDGE_CURVE('',#593,#591,#12787,.F.);
#12785=EDGE_CURVE('',#591,#645,#12788,.T.);
#12786=EDGE_CURVE('',#645,#593,#12789,.T.);
#12787=LINE('',#592,#12790);
#12788=LINE('',#590,#12791);
#12789=LINE('',#644,#12792);
#12790=VECTOR('',#12793,1.0);
#12791=VECTOR('',#12794,1.0);
#12792=VECTOR('',#12795,1.0);
#12793=DIRECTION('',(0.999999999999981,0,1.945766220253089E-07));
#12794=DIRECTION('',(-0.7441107440031511,-0.6680495860377526,0.0029918646133230238));
#12795=DIRECTION('',(-0.8433933527280476,0.537291225617104,-0.002406542959009296));
#12796=FACE_SURFACE('',(#12801),#12797,.T.);
#12797=PLANE('',#12798);
#12798=AXIS2_PLACEMENT_3D('',#592,#12799,#12800);
#12799=DIRECTION('',(-0.014868174811982153,-0.02781557705606711,-0.9995024917681788));
#12800=DIRECTION('',(0.8433933527280476,-0.537291225617104,0.002406542959009296));
#12801=FACE_BOUND('',#12802,.T.);
#12802=EDGE_LOOP('',(#12803,#12804,#12805));
#12803=ORIENTED_EDGE('',*,*,#12806,.T.);
#12804=ORIENTED_EDGE('',*,*,#12807,.T.);
#12805=ORIENTED_EDGE('',*,*,#12808,.T.);
#12806=EDGE_CURVE('',#593,#645,#12809,.F.);
#12807=EDGE_CURVE('',#645,#651,#12810,.T.);
#12808=EDGE_CURVE('',#651,#593,#12811,.T.);
#12809=LINE('',#592,#12812);
#12810=LINE('',#644,#12813);
#12811=LINE('',#650,#12814);
#12812=VECTOR('',#12815,1.0);
#12813=VECTOR('',#12816,1.0);
#12814=VECTOR('',#12817,1.0);
#12815=DIRECTION('',(0.8433933527280476,-0.537291225617104,0.002406542959009296));
#12816=DIRECTION('',(-0.881915476114489,0.4714075656899813,0));
#12817=DIRECTION('',(-0.841467822747959,0.5403013586300826,-0.0025189565888366927));
#12818=FACE_SURFACE('',(#12823),#12819,.T.);
#12819=PLANE('',#12820);
#12820=AXIS2_PLACEMENT_3D('',#652,#12821,#12822);
#12821=DIRECTION('',(0.0010324962197518954,-0.0034036024425809367,-0.9999936747009798));
#12822=DIRECTION('',(-0.9569384061214424,-0.2902910382525671,0));
#12823=FACE_BOUND('',#12824,.T.);
#12824=EDGE_LOOP('',(#12825,#12826,#12827));
#12825=ORIENTED_EDGE('',*,*,#12828,.T.);
#12826=ORIENTED_EDGE('',*,*,#12829,.T.);
#12827=ORIENTED_EDGE('',*,*,#12830,.T.);
#12828=EDGE_CURVE('',#653,#649,#12831,.F.);
#12829=EDGE_CURVE('',#649,#593,#12832,.T.);
#12830=EDGE_CURVE('',#593,#653,#12833,.T.);
#12831=LINE('',#652,#12834);
#12832=LINE('',#648,#12835);
#12833=LINE('',#592,#12836);
#12834=VECTOR('',#12837,1.0);
#12835=VECTOR('',#12838,1.0);
#12836=VECTOR('',#12839,1.0);
#12837=DIRECTION('',(-0.9569384061214424,-0.2902910382525671,0));
#12838=DIRECTION('',(-0.7730911314858124,0.6342880717753315,-0.002957096805698815));
#12839=DIRECTION('',(0.8004498372258786,-0.5993928935470216,0.0028665746795210494));
#12840=FACE_SURFACE('',(#12845),#12841,.T.);
#12841=PLANE('',#12842);
#12842=AXIS2_PLACEMENT_3D('',#654,#12843,#12844);
#12843=DIRECTION('',(0.00041617650921931925,-0.004226644049966766,-0.9999909810979237));
#12844=DIRECTION('',(-0.9951872893912375,-0.09799111711844728,0));
#12845=FACE_BOUND('',#12846,.T.);
#12846=EDGE_LOOP('',(#12847,#12848,#12849));
#12847=ORIENTED_EDGE('',*,*,#12850,.T.);
#12848=ORIENTED_EDGE('',*,*,#12851,.T.);
#12849=ORIENTED_EDGE('',*,*,#12852,.T.);
#12850=EDGE_CURVE('',#655,#653,#12853,.F.);
#12851=EDGE_CURVE('',#653,#593,#12854,.T.);
#12852=EDGE_CURVE('',#593,#655,#12855,.T.);
#12853=LINE('',#654,#12856);
#12854=LINE('',#652,#12857);
#12855=LINE('',#592,#12858);
#12856=VECTOR('',#12859,1.0);
#12857=VECTOR('',#12860,1.0);
#12858=VECTOR('',#12861,1.0);
#12859=DIRECTION('',(-0.9951872893912375,-0.09799111711844728,0));
#12860=DIRECTION('',(-0.8004498372258786,0.5993928935470216,-0.0028665746795210494));
#12861=DIRECTION('',(0.8207128690216623,-0.5713342181346508,0.002756412650337819));
#12862=FACE_SURFACE('',(#12867),#12863,.T.);
#12863=PLANE('',#12864);
#12864=AXIS2_PLACEMENT_3D('',#592,#12865,#12866);
#12865=DIRECTION('',(-0.0026806978266462767,-0.008836864964781315,-0.999957360929333));
#12866=DIRECTION('',(0.841467822747959,-0.5403013586300826,0.0025189565888366927));
#12867=FACE_BOUND('',#12868,.T.);
#12868=EDGE_LOOP('',(#12869,#12870,#12871));
#12869=ORIENTED_EDGE('',*,*,#12872,.T.);
#12870=ORIENTED_EDGE('',*,*,#12873,.T.);
#12871=ORIENTED_EDGE('',*,*,#12874,.T.);
#12872=EDGE_CURVE('',#593,#651,#12875,.F.);
#12873=EDGE_CURVE('',#651,#657,#12876,.T.);
#12874=EDGE_CURVE('',#657,#593,#12877,.T.);
#12875=LINE('',#592,#12878);
#12876=LINE('',#650,#12879);
#12877=LINE('',#656,#12880);
#12878=VECTOR('',#12881,1.0);
#12879=VECTOR('',#12882,1.0);
#12880=VECTOR('',#12883,1.0);
#12881=DIRECTION('',(0.841467822747959,-0.5403013586300826,0.0025189565888366927));
#12882=DIRECTION('',(-0.9569384061214424,0.2902910382525671,0));
#12883=DIRECTION('',(-0.8341617607872831,0.551513553560256,-0.0026376276458363523));
#12884=FACE_SURFACE('',(#12889),#12885,.T.);
#12885=PLANE('',#12886);
#12886=AXIS2_PLACEMENT_3D('',#592,#12887,#12888);
#12887=DIRECTION('',(-0.0005524553855970838,-0.005618035595618084,-0.999984066107602));
#12888=DIRECTION('',(0.8341617607872831,-0.551513553560256,0.0026376276458363523));
#12889=FACE_BOUND('',#12890,.T.);
#12890=EDGE_LOOP('',(#12891,#12892,#12893));
#12891=ORIENTED_EDGE('',*,*,#12894,.T.);
#12892=ORIENTED_EDGE('',*,*,#12895,.T.);
#12893=ORIENTED_EDGE('',*,*,#12896,.T.);
#12894=EDGE_CURVE('',#593,#657,#12897,.F.);
#12895=EDGE_CURVE('',#657,#655,#12898,.T.);
#12896=EDGE_CURVE('',#655,#593,#12899,.T.);
#12897=LINE('',#592,#12900);
#12898=LINE('',#656,#12901);
#12899=LINE('',#654,#12902);
#12900=VECTOR('',#12903,1.0);
#12901=VECTOR('',#12904,1.0);
#12902=VECTOR('',#12905,1.0);
#12903=DIRECTION('',(0.8341617607872831,-0.551513553560256,0.0026376276458363523));
#12904=DIRECTION('',(-0.9951877173282255,0.0979867709364429,-6.963639983543898E-07));
#12905=DIRECTION('',(-0.8207128690216623,0.5713342181346508,-0.002756412650337819));
#12906=FACE_SURFACE('',(#12911),#12907,.T.);
#12907=PLANE('',#12908);
#12908=AXIS2_PLACEMENT_3D('',#520,#12909,#12910);
#12909=DIRECTION('',(-1,0,0));
#12910=DIRECTION('',(0,1,0));
#12911=FACE_BOUND('',#12912,.T.);
#12912=EDGE_LOOP('',(#12913,#12914,#12915));
#12913=ORIENTED_EDGE('',*,*,#12916,.T.);
#12914=ORIENTED_EDGE('',*,*,#12917,.T.);
#12915=ORIENTED_EDGE('',*,*,#12918,.T.);
#12916=EDGE_CURVE('',#521,#549,#12919,.F.);
#12917=EDGE_CURVE('',#549,#593,#12920,.T.);
#12918=EDGE_CURVE('',#593,#521,#12921,.T.);
#12919=LINE('',#520,#12922);
#12920=LINE('',#548,#12923);
#12921=LINE('',#592,#12924);
#12922=VECTOR('',#12925,1.0);
#12923=VECTOR('',#12926,1.0);
#12924=VECTOR('',#12927,1.0);
#12925=DIRECTION('',(0,1,0));
#12926=DIRECTION('',(0,0,-1));
#12927=DIRECTION('',(0,-0.9977198926027373,0.06749085793485307));
#12928=FACE_SURFACE('',(#12933),#12929,.T.);
#12929=PLANE('',#12930);
#12930=AXIS2_PLACEMENT_3D('',#520,#12931,#12932);
#12931=DIRECTION('',(-1,0,0));
#12932=DIRECTION('',(0,0.9977198926027373,-0.06749085793485307));
#12933=FACE_BOUND('',#12934,.T.);
#12934=EDGE_LOOP('',(#12935,#12936,#12937));
#12935=ORIENTED_EDGE('',*,*,#12938,.T.);
#12936=ORIENTED_EDGE('',*,*,#12939,.T.);
#12937=ORIENTED_EDGE('',*,*,#12940,.T.);
#12938=EDGE_CURVE('',#521,#593,#12941,.F.);
#12939=EDGE_CURVE('',#593,#515,#12942,.T.);
#12940=EDGE_CURVE('',#515,#521,#12943,.T.);
#12941=LINE('',#520,#12944);
#12942=LINE('',#592,#12945);
#12943=LINE('',#514,#12946);
#12944=VECTOR('',#12947,1.0);
#12945=VECTOR('',#12948,1.0);
#12946=VECTOR('',#12949,1.0);
#12947=DIRECTION('',(0,0.9977198926027373,-0.06749085793485307));
#12948=DIRECTION('',(0,-1,0));
#12949=DIRECTION('',(0,0,1));
#12950=FACE_SURFACE('',(#12955),#12951,.T.);
#12951=PLANE('',#12952);
#12952=AXIS2_PLACEMENT_3D('',#518,#12953,#12954);
#12953=DIRECTION('',(0,-1,0));
#12954=DIRECTION('',(0,0,-1));
#12955=FACE_BOUND('',#12956,.T.);
#12956=EDGE_LOOP('',(#12957,#12958,#12959));
#12957=ORIENTED_EDGE('',*,*,#12960,.T.);
#12958=ORIENTED_EDGE('',*,*,#12961,.T.);
#12959=ORIENTED_EDGE('',*,*,#12962,.T.);
#12960=EDGE_CURVE('',#519,#517,#12963,.F.);
#12961=EDGE_CURVE('',#517,#659,#12964,.T.);
#12962=EDGE_CURVE('',#659,#519,#12965,.T.);
#12963=LINE('',#518,#12966);
#12964=LINE('',#516,#12967);
#12965=LINE('',#658,#12968);
#12966=VECTOR('',#12969,1.0);
#12967=VECTOR('',#12970,1.0);
#12968=VECTOR('',#12971,1.0);
#12969=DIRECTION('',(0,0,-1));
#12970=DIRECTION('',(0.9999999999999498,0,3.168728452646363E-07));
#12971=DIRECTION('',(-0.7101337973318641,0,0.7040667510165687));
#12972=FACE_SURFACE('',(#12977),#12973,.T.);
#12973=PLANE('',#12974);
#12974=AXIS2_PLACEMENT_3D('',#518,#12975,#12976);
#12975=DIRECTION('',(0,-1,0));
#12976=DIRECTION('',(0.7101337973318641,0,-0.7040667510165687));
#12977=FACE_BOUND('',#12978,.T.);
#12978=EDGE_LOOP('',(#12979,#12980,#12981));
#12979=ORIENTED_EDGE('',*,*,#12982,.T.);
#12980=ORIENTED_EDGE('',*,*,#12983,.T.);
#12981=ORIENTED_EDGE('',*,*,#12984,.T.);
#12982=EDGE_CURVE('',#519,#659,#12985,.F.);
#12983=EDGE_CURVE('',#659,#661,#12986,.T.);
#12984=EDGE_CURVE('',#661,#519,#12987,.T.);
#12985=LINE('',#518,#12988);
#12986=LINE('',#658,#12989);
#12987=LINE('',#660,#12990);
#12988=VECTOR('',#12991,1.0);
#12989=VECTOR('',#12992,1.0);
#12990=VECTOR('',#12993,1.0);
#12991=DIRECTION('',(0.7101337973318641,0,-0.7040667510165687));
#12992=DIRECTION('',(0,0,1));
#12993=DIRECTION('',(-0.9999999999999498,0,-3.168728452646363E-07));
#12994=FACE_SURFACE('',(#12999),#12995,.T.);
#12995=PLANE('',#12996);
#12996=AXIS2_PLACEMENT_3D('',#630,#12997,#12998);
#12997=DIRECTION('',(0.9951276142565822,-0.09798923363961291,-0.010915192839535454));
#12998=DIRECTION('',(0.010757510543195214,-0.002137382876051099,0.9999398519717844));
#12999=FACE_BOUND('',#13000,.T.);
#13000=EDGE_LOOP('',(#13001,#13002,#13003));
#13001=ORIENTED_EDGE('',*,*,#13004,.T.);
#13002=ORIENTED_EDGE('',*,*,#13005,.T.);
#13003=ORIENTED_EDGE('',*,*,#13006,.T.);
#13004=EDGE_CURVE('',#631,#559,#13007,.F.);
#13005=EDGE_CURVE('',#559,#557,#13008,.T.);
#13006=EDGE_CURVE('',#557,#631,#13009,.T.);
#13007=LINE('',#630,#13010);
#13008=LINE('',#558,#13011);
#13009=LINE('',#556,#13012);
#13010=VECTOR('',#13013,1.0);
#13011=VECTOR('',#13014,1.0);
#13012=VECTOR('',#13015,1.0);
#13013=DIRECTION('',(0.010757510543195214,-0.002137382876051099,0.9999398519717844));
#13014=DIRECTION('',(-0.09799507145020361,-0.9951869000200262,0));
#13015=DIRECTION('',(0.03273895488617626,0.43283045096797745,-0.9008806588820841));
#13016=FACE_SURFACE('',(#13021),#13017,.T.);
#13017=PLANE('',#13018);
#13018=AXIS2_PLACEMENT_3D('',#630,#13019,#13020);
#13019=DIRECTION('',(0.9951311527440646,-0.09795513067636773,-0.010898679389950169));
#13020=DIRECTION('',(-0.03273895488617626,-0.43283045096797745,0.9008806588820841));
#13021=FACE_BOUND('',#13022,.T.);
#13022=EDGE_LOOP('',(#13023,#13024,#13025));
#13023=ORIENTED_EDGE('',*,*,#13026,.T.);
#13024=ORIENTED_EDGE('',*,*,#13027,.T.);
#13025=ORIENTED_EDGE('',*,*,#13028,.T.);
#13026=EDGE_CURVE('',#631,#557,#13029,.F.);
#13027=EDGE_CURVE('',#557,#625,#13030,.T.);
#13028=EDGE_CURVE('',#625,#631,#13031,.T.);
#13029=LINE('',#630,#13032);
#13030=LINE('',#556,#13033);
#13031=LINE('',#624,#13034);
#13032=VECTOR('',#13035,1.0);
#13033=VECTOR('',#13036,1.0);
#13034=VECTOR('',#13037,1.0);
#13035=DIRECTION('',(-0.03273895488617626,-0.43283045096797745,0.9008806588820841));
#13036=DIRECTION('',(-0.010951147730690657,2.0170335947981316E-06,-0.9999400343817184));
#13037=DIRECTION('',(0.09796094880927998,0.9951902594521238,0));
#13038=FACE_SURFACE('',(#13043),#13039,.T.);
#13039=PLANE('',#13040);
#13040=AXIS2_PLACEMENT_3D('',#632,#13041,#13042);
#13041=DIRECTION('',(0.9568864635391611,-0.2902578408364852,-0.010894114395367657));
#13042=DIRECTION('',(0.010112062177418984,-0.004194085363214071,0.9999400761278079));
#13043=FACE_BOUND('',#13044,.T.);
#13044=EDGE_LOOP('',(#13045,#13046,#13047));
#13045=ORIENTED_EDGE('',*,*,#13048,.T.);
#13046=ORIENTED_EDGE('',*,*,#13049,.T.);
#13047=ORIENTED_EDGE('',*,*,#13050,.T.);
#13048=EDGE_CURVE('',#633,#565,#13051,.F.);
#13049=EDGE_CURVE('',#565,#559,#13052,.T.);
#13050=EDGE_CURVE('',#559,#633,#13053,.T.);
#13051=LINE('',#632,#13054);
#13052=LINE('',#564,#13055);
#13053=LINE('',#558,#13056);
#13054=VECTOR('',#13057,1.0);
#13055=VECTOR('',#13058,1.0);
#13056=VECTOR('',#13059,1.0);
#13057=DIRECTION('',(0.010112062177418984,-0.004194085363214071,0.9999400761278079));
#13058=DIRECTION('',(-0.29027506652090557,-0.9569432510636583,0));
#13059=DIRECTION('',(0.1165733605015854,0.4181171602015289,-0.9008821742971588));
#13060=FACE_SURFACE('',(#13065),#13061,.T.);
#13061=PLANE('',#13062);
#13062=AXIS2_PLACEMENT_3D('',#632,#13063,#13064);
#13063=DIRECTION('',(0.956873831297591,-0.29029870813634545,-0.010914716315066698));
#13064=DIRECTION('',(-0.1165733605015854,-0.4181171602015289,0.9008821742971588));
#13065=FACE_BOUND('',#13066,.T.);
#13066=EDGE_LOOP('',(#13067,#13068,#13069));
#13067=ORIENTED_EDGE('',*,*,#13070,.T.);
#13068=ORIENTED_EDGE('',*,*,#13071,.T.);
#13069=ORIENTED_EDGE('',*,*,#13072,.T.);
#13070=EDGE_CURVE('',#633,#559,#13073,.F.);
#13071=EDGE_CURVE('',#559,#631,#13074,.T.);
#13072=EDGE_CURVE('',#631,#633,#13075,.T.);
#13073=LINE('',#632,#13076);
#13074=LINE('',#558,#13077);
#13075=LINE('',#630,#13078);
#13076=VECTOR('',#13079,1.0);
#13077=VECTOR('',#13080,1.0);
#13078=VECTOR('',#13081,1.0);
#13079=DIRECTION('',(-0.1165733605015854,-0.4181171602015289,0.9008821742971588));
#13080=DIRECTION('',(-0.010757510543195214,0.002137382876051099,-0.9999398519717844));
#13081=DIRECTION('',(0.29031600147386954,0.9569308330742741,0));
#13082=FACE_SURFACE('',(#13087),#13083,.T.);
#13083=PLANE('',#13084);
#13084=AXIS2_PLACEMENT_3D('',#638,#13085,#13086);
#13085=DIRECTION('',(0.8818667800662462,-0.47137271389341434,-0.01089710109838991));
#13086=DIRECTION('',(0.009100855637928097,-0.006090096806172629,0.9999400407762202));
#13087=FACE_BOUND('',#13088,.T.);
#13088=EDGE_LOOP('',(#13089,#13090,#13091));
#13089=ORIENTED_EDGE('',*,*,#13092,.T.);
#13090=ORIENTED_EDGE('',*,*,#13093,.T.);
#13091=ORIENTED_EDGE('',*,*,#13094,.T.);
#13092=EDGE_CURVE('',#639,#567,#13095,.F.);
#13093=EDGE_CURVE('',#567,#565,#13096,.T.);
#13094=EDGE_CURVE('',#565,#639,#13097,.T.);
#13095=LINE('',#638,#13098);
#13096=LINE('',#566,#13099);
#13097=LINE('',#564,#13100);
#13098=VECTOR('',#13101,1.0);
#13099=VECTOR('',#13102,1.0);
#13100=VECTOR('',#13103,1.0);
#13101=DIRECTION('',(0.009100855637928097,-0.006090096806172629,0.9999400407762202));
#13102=DIRECTION('',(-0.471400703389788,-0.8819191441643689,0));
#13103=DIRECTION('',(0.195910083438566,0.3873443716160272,-0.9008793354187226));
#13104=FACE_SURFACE('',(#13109),#13105,.T.);
#13105=PLANE('',#13106);
#13106=AXIS2_PLACEMENT_3D('',#638,#13107,#13108);
#13107=DIRECTION('',(0.8818687315195572,-0.47136910864458925,-0.010895126602858973));
#13108=DIRECTION('',(-0.195910083438566,-0.3873443716160272,0.9008793354187226));
#13109=FACE_BOUND('',#13110,.T.);
#13110=EDGE_LOOP('',(#13111,#13112,#13113));
#13111=ORIENTED_EDGE('',*,*,#13114,.T.);
#13112=ORIENTED_EDGE('',*,*,#13115,.T.);
#13113=ORIENTED_EDGE('',*,*,#13116,.T.);
#13114=EDGE_CURVE('',#639,#565,#13117,.F.);
#13115=EDGE_CURVE('',#565,#633,#13118,.T.);
#13116=EDGE_CURVE('',#633,#639,#13119,.T.);
#13117=LINE('',#638,#13120);
#13118=LINE('',#564,#13121);
#13119=LINE('',#632,#13122);
#13120=VECTOR('',#13123,1.0);
#13121=VECTOR('',#13124,1.0);
#13122=VECTOR('',#13125,1.0);
#13123=DIRECTION('',(-0.195910083438566,-0.3873443716160272,0.9008793354187226));
#13124=DIRECTION('',(-0.010112062177418984,0.004194085363214071,-0.9999400761278079));
#13125=DIRECTION('',(0.47139708778389205,0.8819210767573624,0));
#13126=FACE_SURFACE('',(#13131),#13127,.T.);
#13127=PLANE('',#13128);
#13128=AXIS2_PLACEMENT_3D('',#640,#13129,#13130);
#13129=DIRECTION('',(0.7729598608260408,-0.6343612132290646,-0.010904343278569142));
#13130=DIRECTION('',(0.007745408467923079,-0.007750787223803581,0.9999399651704477));
#13131=FACE_BOUND('',#13132,.T.);
#13132=EDGE_LOOP('',(#13133,#13134,#13135));
#13133=ORIENTED_EDGE('',*,*,#13136,.T.);
#13134=ORIENTED_EDGE('',*,*,#13137,.T.);
#13135=ORIENTED_EDGE('',*,*,#13138,.T.);
#13136=EDGE_CURVE('',#641,#573,#13139,.F.);
#13137=EDGE_CURVE('',#573,#567,#13140,.T.);
#13138=EDGE_CURVE('',#567,#641,#13141,.T.);
#13139=LINE('',#640,#13142);
#13140=LINE('',#572,#13143);
#13141=LINE('',#566,#13144);
#13142=VECTOR('',#13145,1.0);
#13143=VECTOR('',#13146,1.0);
#13144=VECTOR('',#13147,1.0);
#13145=DIRECTION('',(0.007745408467923079,-0.007750787223803581,0.9999399651704477));
#13146=DIRECTION('',(-0.634398930858317,-0.773005819205667,0));
#13147=DIRECTION('',(0.26770726933185096,0.34168306368769114,-0.9008804037916892));
#13148=FACE_SURFACE('',(#13153),#13149,.T.);
#13149=PLANE('',#13150);
#13150=AXIS2_PLACEMENT_3D('',#640,#13151,#13152);
#13151=DIRECTION('',(0.7729674948687406,-0.6343520101163617,-0.010898584205059412));
#13152=DIRECTION('',(-0.26770726933185096,-0.34168306368769114,0.9008804037916892));
#13153=FACE_BOUND('',#13154,.T.);
#13154=EDGE_LOOP('',(#13155,#13156,#13157));
#13155=ORIENTED_EDGE('',*,*,#13158,.T.);
#13156=ORIENTED_EDGE('',*,*,#13159,.T.);
#13157=ORIENTED_EDGE('',*,*,#13160,.T.);
#13158=EDGE_CURVE('',#641,#567,#13161,.F.);
#13159=EDGE_CURVE('',#567,#639,#13162,.T.);
#13160=EDGE_CURVE('',#639,#641,#13163,.T.);
#13161=LINE('',#640,#13164);
#13162=LINE('',#566,#13165);
#13163=LINE('',#638,#13166);
#13164=VECTOR('',#13167,1.0);
#13165=VECTOR('',#13168,1.0);
#13166=VECTOR('',#13169,1.0);
#13167=DIRECTION('',(-0.26770726933185096,-0.34168306368769114,0.9008804037916892));
#13168=DIRECTION('',(-0.009100855637928097,0.006090096806172629,-0.9999400407762202));
#13169=DIRECTION('',(0.6343896873652202,0.7730134051649157,0));
#13170=FACE_SURFACE('',(#13175),#13171,.T.);
#13171=PLANE('',#13172);
#13172=AXIS2_PLACEMENT_3D('',#646,#13173,#13174);
#13173=DIRECTION('',(0.6343680718985765,-0.7729543933365363,-0.010892895732072676));
#13174=DIRECTION('',(0.006067237303515354,-0.009112285812781869,0.9999400756439203));
#13175=FACE_BOUND('',#13176,.T.);
#13176=EDGE_LOOP('',(#13177,#13178,#13179));
#13177=ORIENTED_EDGE('',*,*,#13180,.T.);
#13178=ORIENTED_EDGE('',*,*,#13181,.T.);
#13179=ORIENTED_EDGE('',*,*,#13182,.T.);
#13180=EDGE_CURVE('',#647,#575,#13183,.F.);
#13181=EDGE_CURVE('',#575,#573,#13184,.T.);
#13182=EDGE_CURVE('',#573,#647,#13185,.T.);
#13183=LINE('',#646,#13186);
#13184=LINE('',#574,#13187);
#13185=LINE('',#572,#13188);
#13186=VECTOR('',#13189,1.0);
#13187=VECTOR('',#13190,1.0);
#13188=VECTOR('',#13191,1.0);
#13189=DIRECTION('',(0.006067237303515354,-0.009112285812781869,0.9999400756439203));
#13190=DIRECTION('',(-0.7730002597721554,-0.6344057048858334,-6.994920402467092E-07));
#13191=DIRECTION('',(0.3292294415704657,0.28289611581397744,-0.9008761082749192));
#13192=FACE_SURFACE('',(#13197),#13193,.T.);
#13193=PLANE('',#13194);
#13194=AXIS2_PLACEMENT_3D('',#646,#13195,#13196);
#13195=DIRECTION('',(0.6343484476262315,-0.7729703269980265,-0.010905071056815804));
#13196=DIRECTION('',(-0.3292294415704657,-0.28289611581397744,0.9008761082749192));
#13197=FACE_BOUND('',#13198,.T.);
#13198=EDGE_LOOP('',(#13199,#13200,#13201));
#13199=ORIENTED_EDGE('',*,*,#13202,.T.);
#13200=ORIENTED_EDGE('',*,*,#13203,.T.);
#13201=ORIENTED_EDGE('',*,*,#13204,.T.);
#13202=EDGE_CURVE('',#647,#573,#13205,.F.);
#13203=EDGE_CURVE('',#573,#641,#13206,.T.);
#13204=EDGE_CURVE('',#641,#647,#13207,.T.);
#13205=LINE('',#646,#13208);
#13206=LINE('',#572,#13209);
#13207=LINE('',#640,#13210);
#13208=VECTOR('',#13211,1.0);
#13209=VECTOR('',#13212,1.0);
#13210=VECTOR('',#13213,1.0);
#13211=DIRECTION('',(-0.3292294415704657,-0.28289611581397744,0.9008761082749192));
#13212=DIRECTION('',(-0.007745408467923079,0.007750787223803581,-0.9999399651704477));
#13213=DIRECTION('',(0.7730162969530368,0.6343861636610068,6.963608901638051E-07));
#13214=FACE_SURFACE('',(#13219),#13215,.T.);
#13215=PLANE('',#13216);
#13216=AXIS2_PLACEMENT_3D('',#648,#13217,#13218);
#13217=DIRECTION('',(0.47137437246776004,-0.881865866980677,-0.010899249288102313));
#13218=DIRECTION('',(0.004173914725488758,-0.010127525372106502,0.9999400040330928));
#13219=FACE_BOUND('',#13220,.T.);
#13220=EDGE_LOOP('',(#13221,#13222,#13223));
#13221=ORIENTED_EDGE('',*,*,#13224,.T.);
#13222=ORIENTED_EDGE('',*,*,#13225,.T.);
#13223=ORIENTED_EDGE('',*,*,#13226,.T.);
#13224=EDGE_CURVE('',#649,#581,#13227,.F.);
#13225=EDGE_CURVE('',#581,#575,#13228,.T.);
#13226=EDGE_CURVE('',#575,#649,#13229,.T.);
#13227=LINE('',#648,#13230);
#13228=LINE('',#580,#13231);
#13229=LINE('',#574,#13232);
#13230=VECTOR('',#13233,1.0);
#13231=VECTOR('',#13234,1.0);
#13232=VECTOR('',#13235,1.0);
#13233=DIRECTION('',(0.004173914725488758,-0.010127525372106502,0.9999400040330928));
#13234=DIRECTION('',(-0.8819182516739295,-0.4714023731000935,0));
#13235=DIRECTION('',(0.37809479598596324,0.21323317578912052,-0.9008750956659968));
#13236=FACE_SURFACE('',(#13241),#13237,.T.);
#13237=PLANE('',#13238);
#13238=AXIS2_PLACEMENT_3D('',#648,#13239,#13240);
#13239=DIRECTION('',(0.47137957931835517,-0.8818631188422393,-0.01089641351496087));
#13240=DIRECTION('',(-0.37809479598596324,-0.21323317578912052,0.9008750956659968));
#13241=FACE_BOUND('',#13242,.T.);
#13242=EDGE_LOOP('',(#13243,#13244,#13245));
#13243=ORIENTED_EDGE('',*,*,#13246,.T.);
#13244=ORIENTED_EDGE('',*,*,#13247,.T.);
#13245=ORIENTED_EDGE('',*,*,#13248,.T.);
#13246=EDGE_CURVE('',#649,#575,#13249,.F.);
#13247=EDGE_CURVE('',#575,#647,#13250,.T.);
#13248=EDGE_CURVE('',#647,#649,#13251,.T.);
#13249=LINE('',#648,#13252);
#13250=LINE('',#574,#13253);
#13251=LINE('',#646,#13254);
#13252=VECTOR('',#13255,1.0);
#13253=VECTOR('',#13256,1.0);
#13254=VECTOR('',#13257,1.0);
#13255=DIRECTION('',(-0.37809479598596324,-0.21323317578912052,0.9008750956659968));
#13256=DIRECTION('',(-0.006067237303515354,0.009112285812781869,-0.9999400756439203));
#13257=DIRECTION('',(0.881915476114489,0.4714075656899813,0));
#13258=FACE_SURFACE('',(#13263),#13259,.T.);
#13259=PLANE('',#13260);
#13260=AXIS2_PLACEMENT_3D('',#652,#13261,#13262);
#13261=DIRECTION('',(0.2902714686418957,-0.9568822143307207,-0.010904237250431928));
#13262=DIRECTION('',(0.002129987321356819,-0.010748771245748568,0.9999399617330619));
#13263=FACE_BOUND('',#13264,.T.);
#13264=EDGE_LOOP('',(#13265,#13266,#13267));
#13265=ORIENTED_EDGE('',*,*,#13268,.T.);
#13266=ORIENTED_EDGE('',*,*,#13269,.T.);
#13267=ORIENTED_EDGE('',*,*,#13270,.T.);
#13268=EDGE_CURVE('',#653,#587,#13271,.F.);
#13269=EDGE_CURVE('',#587,#581,#13272,.T.);
#13270=EDGE_CURVE('',#581,#653,#13273,.T.);
#13271=LINE('',#652,#13274);
#13272=LINE('',#586,#13275);
#13273=LINE('',#580,#13276);
#13274=VECTOR('',#13277,1.0);
#13275=VECTOR('',#13278,1.0);
#13276=VECTOR('',#13279,1.0);
#13277=DIRECTION('',(0.002129987321356819,-0.010748771245748568,0.9999399617330619));
#13278=DIRECTION('',(-0.956939107195417,-0.290288727166658,0));
#13279=DIRECTION('',(0.4124240128600436,0.1353753909886237,-0.9008773152494716));
#13280=FACE_SURFACE('',(#13285),#13281,.T.);
#13281=PLANE('',#13282);
#13282=AXIS2_PLACEMENT_3D('',#652,#13283,#13284);
#13283=DIRECTION('',(0.2902737832723103,-0.9568815254357556,-0.010903074085846258));
#13284=DIRECTION('',(-0.4124240128600436,-0.1353753909886237,0.9008773152494716));
#13285=FACE_BOUND('',#13286,.T.);
#13286=EDGE_LOOP('',(#13287,#13288,#13289));
#13287=ORIENTED_EDGE('',*,*,#13290,.T.);
#13288=ORIENTED_EDGE('',*,*,#13291,.T.);
#13289=ORIENTED_EDGE('',*,*,#13292,.T.);
#13290=EDGE_CURVE('',#653,#581,#13293,.F.);
#13291=EDGE_CURVE('',#581,#649,#13294,.T.);
#13292=EDGE_CURVE('',#649,#653,#13295,.T.);
#13293=LINE('',#652,#13296);
#13294=LINE('',#580,#13297);
#13295=LINE('',#648,#13298);
#13296=VECTOR('',#13299,1.0);
#13297=VECTOR('',#13300,1.0);
#13298=VECTOR('',#13301,1.0);
#13299=DIRECTION('',(-0.4124240128600436,-0.1353753909886237,0.9008773152494716));
#13300=DIRECTION('',(-0.004173914725488758,0.010127525372106502,-0.9999400040330928));
#13301=DIRECTION('',(0.9569384061214424,0.2902910382525671,0));
#13302=FACE_SURFACE('',(#13307),#13303,.T.);
#13303=PLANE('',#13304);
#13304=AXIS2_PLACEMENT_3D('',#654,#13305,#13306);
#13305=DIRECTION('',(0.09798104387867586,-0.9951285014996196,-0.010907820294018296));
#13306=DIRECTION('',(0,-0.010960559423842005,0.9999399312644317));
#13307=FACE_BOUND('',#13308,.T.);
#13308=EDGE_LOOP('',(#13309,#13310,#13311));
#13309=ORIENTED_EDGE('',*,*,#13312,.T.);
#13310=ORIENTED_EDGE('',*,*,#13313,.T.);
#13311=ORIENTED_EDGE('',*,*,#13314,.T.);
#13312=EDGE_CURVE('',#655,#589,#13315,.F.);
#13313=EDGE_CURVE('',#589,#587,#13316,.T.);
#13314=EDGE_CURVE('',#587,#655,#13317,.T.);
#13315=LINE('',#654,#13318);
#13316=LINE('',#588,#13319);
#13317=LINE('',#586,#13320);
#13318=VECTOR('',#13321,1.0);
#13319=VECTOR('',#13322,1.0);
#13320=VECTOR('',#13323,1.0);
#13321=DIRECTION('',(0,-0.010960559423842005,0.9999399312644317));
#13322=DIRECTION('',(-0.9951877072479346,-0.09798687331780334,0));
#13323=DIRECTION('',(0.4308993092221271,0.052301421300278504,-0.9008830926606761));
#13324=FACE_SURFACE('',(#13329),#13325,.T.);
#13325=PLANE('',#13326);
#13326=AXIS2_PLACEMENT_3D('',#654,#13327,#13328);
#13327=DIRECTION('',(0.09798528962194597,-0.9951281059609672,-0.01090576655908754));
#13328=DIRECTION('',(-0.4308993092221271,-0.052301421300278504,0.9008830926606761));
#13329=FACE_BOUND('',#13330,.T.);
#13330=EDGE_LOOP('',(#13331,#13332,#13333));
#13331=ORIENTED_EDGE('',*,*,#13334,.T.);
#13332=ORIENTED_EDGE('',*,*,#13335,.T.);
#13333=ORIENTED_EDGE('',*,*,#13336,.T.);
#13334=EDGE_CURVE('',#655,#587,#13337,.F.);
#13335=EDGE_CURVE('',#587,#653,#13338,.T.);
#13336=EDGE_CURVE('',#653,#655,#13339,.T.);
#13337=LINE('',#654,#13340);
#13338=LINE('',#586,#13341);
#13339=LINE('',#652,#13342);
#13340=VECTOR('',#13343,1.0);
#13341=VECTOR('',#13344,1.0);
#13342=VECTOR('',#13345,1.0);
#13343=DIRECTION('',(-0.4308993092221271,-0.052301421300278504,0.9008830926606761));
#13344=DIRECTION('',(-0.002129987321356819,0.010748771245748568,-0.9999399617330619));
#13345=DIRECTION('',(0.9951872893912375,0.09799111711844728,0));
#13346=FACE_SURFACE('',(#13351),#13347,.T.);
#13347=PLANE('',#13348);
#13348=AXIS2_PLACEMENT_3D('',#656,#13349,#13350);
#13349=DIRECTION('',(-0.0979810362323064,-0.9951285017082632,-0.010907869943794264));
#13350=DIRECTION('',(-0.0021515022457106025,-0.010748770750679813,0.9999399156776552));
#13351=FACE_BOUND('',#13352,.T.);
#13352=EDGE_LOOP('',(#13353,#13354,#13355));
#13353=ORIENTED_EDGE('',*,*,#13356,.T.);
#13354=ORIENTED_EDGE('',*,*,#13357,.T.);
#13355=ORIENTED_EDGE('',*,*,#13358,.T.);
#13356=EDGE_CURVE('',#657,#585,#13359,.F.);
#13357=EDGE_CURVE('',#585,#589,#13360,.T.);
#13358=EDGE_CURVE('',#589,#657,#13361,.T.);
#13359=LINE('',#656,#13362);
#13360=LINE('',#584,#13363);
#13361=LINE('',#588,#13364);
#13362=VECTOR('',#13365,1.0);
#13363=VECTOR('',#13366,1.0);
#13364=VECTOR('',#13367,1.0);
#13365=DIRECTION('',(-0.0021515022457106025,-0.010748770750679813,0.9999399156776552));
#13366=DIRECTION('',(-0.9951877072476911,0.09798687331777937,-6.994965328720277E-07));
#13367=DIRECTION('',(0.43283544012337805,-0.03274250850933313,-0.9008781326626359));
#13368=FACE_SURFACE('',(#13373),#13369,.T.);
#13369=PLANE('',#13370);
#13370=AXIS2_PLACEMENT_3D('',#656,#13371,#13372);
#13371=DIRECTION('',(-0.097980933944043,-0.9951285123225535,-0.010907820412650832));
#13372=DIRECTION('',(-0.43283544012337805,0.03274250850933313,0.9008781326626359));
#13373=FACE_BOUND('',#13374,.T.);
#13374=EDGE_LOOP('',(#13375,#13376,#13377));
#13375=ORIENTED_EDGE('',*,*,#13378,.T.);
#13376=ORIENTED_EDGE('',*,*,#13379,.T.);
#13377=ORIENTED_EDGE('',*,*,#13380,.T.);
#13378=EDGE_CURVE('',#657,#589,#13381,.F.);
#13379=EDGE_CURVE('',#589,#655,#13382,.T.);
#13380=EDGE_CURVE('',#655,#657,#13383,.T.);
#13381=LINE('',#656,#13384);
#13382=LINE('',#588,#13385);
#13383=LINE('',#654,#13386);
#13384=VECTOR('',#13387,1.0);
#13385=VECTOR('',#13388,1.0);
#13386=VECTOR('',#13389,1.0);
#13387=DIRECTION('',(-0.43283544012337805,0.03274250850933313,0.9008781326626359));
#13388=DIRECTION('',(0,0.010960559423842005,-0.9999399312644317));
#13389=DIRECTION('',(0.9951877173282255,-0.0979867709364429,6.963639983543898E-07));
#13390=FACE_SURFACE('',(#13395),#13391,.T.);
#13391=PLANE('',#13392);
#13392=AXIS2_PLACEMENT_3D('',#650,#13393,#13394);
#13393=DIRECTION('',(-0.2902714525598675,-0.9568821613161864,-0.01090931636943062));
#13394=DIRECTION('',(-0.004195429372118508,-0.010127524460291842,0.9999399140051815));
#13395=FACE_BOUND('',#13396,.T.);
#13396=EDGE_LOOP('',(#13397,#13398,#13399));
#13397=ORIENTED_EDGE('',*,*,#13400,.T.);
#13398=ORIENTED_EDGE('',*,*,#13401,.T.);
#13399=ORIENTED_EDGE('',*,*,#13402,.T.);
#13400=EDGE_CURVE('',#651,#583,#13403,.F.);
#13401=EDGE_CURVE('',#583,#585,#13404,.T.);
#13402=EDGE_CURVE('',#585,#651,#13405,.T.);
#13403=LINE('',#650,#13406);
#13404=LINE('',#582,#13407);
#13405=LINE('',#584,#13408);
#13406=VECTOR('',#13409,1.0);
#13407=VECTOR('',#13410,1.0);
#13408=VECTOR('',#13411,1.0);
#13409=DIRECTION('',(-0.004195429372118508,-0.010127524460291842,0.9999399140051815));
#13410=DIRECTION('',(-0.956939107195417,0.290288727166658,0));
#13411=DIRECTION('',(0.41812392384519365,-0.11656759912157123,-0.9008797806274328));
#13412=FACE_SURFACE('',(#13417),#13413,.T.);
#13413=PLANE('',#13414);
#13414=AXIS2_PLACEMENT_3D('',#650,#13415,#13416);
#13415=DIRECTION('',(-0.2902737598242885,-0.9568814481398364,-0.010910479516534642));
#13416=DIRECTION('',(-0.41812392384519365,0.11656759912157123,0.9008797806274328));
#13417=FACE_BOUND('',#13418,.T.);
#13418=EDGE_LOOP('',(#13419,#13420,#13421));
#13419=ORIENTED_EDGE('',*,*,#13422,.T.);
#13420=ORIENTED_EDGE('',*,*,#13423,.T.);
#13421=ORIENTED_EDGE('',*,*,#13424,.T.);
#13422=EDGE_CURVE('',#651,#585,#13425,.F.);
#13423=EDGE_CURVE('',#585,#657,#13426,.T.);
#13424=EDGE_CURVE('',#657,#651,#13427,.T.);
#13425=LINE('',#650,#13428);
#13426=LINE('',#584,#13429);
#13427=LINE('',#656,#13430);
#13428=VECTOR('',#13431,1.0);
#13429=VECTOR('',#13432,1.0);
#13430=VECTOR('',#13433,1.0);
#13431=DIRECTION('',(-0.41812392384519365,0.11656759912157123,0.9008797806274328));
#13432=DIRECTION('',(0.0021515022457106025,0.010748770750679813,-0.9999399156776552));
#13433=DIRECTION('',(0.9569384061214424,-0.2902910382525671,0));
#13434=FACE_SURFACE('',(#13439),#13435,.T.);
#13435=PLANE('',#13436);
#13436=AXIS2_PLACEMENT_3D('',#644,#13437,#13438);
#13437=DIRECTION('',(-0.47137433495095743,-0.8818657967927552,-0.010906548336737112));
#13438=DIRECTION('',(-0.006088751533199222,-0.009112284621184744,0.9999399448835663));
#13439=FACE_BOUND('',#13440,.T.);
#13440=EDGE_LOOP('',(#13441,#13442,#13443));
#13441=ORIENTED_EDGE('',*,*,#13444,.T.);
#13442=ORIENTED_EDGE('',*,*,#13445,.T.);
#13443=ORIENTED_EDGE('',*,*,#13446,.T.);
#13444=EDGE_CURVE('',#645,#579,#13447,.F.);
#13445=EDGE_CURVE('',#579,#583,#13448,.T.);
#13446=EDGE_CURVE('',#583,#645,#13449,.T.);
#13447=LINE('',#644,#13450);
#13448=LINE('',#578,#13451);
#13449=LINE('',#582,#13452);
#13450=VECTOR('',#13453,1.0);
#13451=VECTOR('',#13454,1.0);
#13452=VECTOR('',#13455,1.0);
#13453=DIRECTION('',(-0.006088751533199222,-0.009112284621184744,0.9999399448835663));
#13454=DIRECTION('',(-0.8819182516739295,0.4714023731000935,0));
#13455=DIRECTION('',(0.38734356248945156,-0.19590090148124117,-0.9008816800206436));
#13456=FACE_SURFACE('',(#13461),#13457,.T.);
#13457=PLANE('',#13458);
#13458=AXIS2_PLACEMENT_3D('',#644,#13459,#13460);
#13459=DIRECTION('',(-0.471379512649887,-0.8818629941179918,-0.010909383997532754));
#13460=DIRECTION('',(-0.38734356248945156,0.19590090148124117,0.9008816800206436));
#13461=FACE_BOUND('',#13462,.T.);
#13462=EDGE_LOOP('',(#13463,#13464,#13465));
#13463=ORIENTED_EDGE('',*,*,#13466,.T.);
#13464=ORIENTED_EDGE('',*,*,#13467,.T.);
#13465=ORIENTED_EDGE('',*,*,#13468,.T.);
#13466=EDGE_CURVE('',#645,#583,#13469,.F.);
#13467=EDGE_CURVE('',#583,#651,#13470,.T.);
#13468=EDGE_CURVE('',#651,#645,#13471,.T.);
#13469=LINE('',#644,#13472);
#13470=LINE('',#582,#13473);
#13471=LINE('',#650,#13474);
#13472=VECTOR('',#13475,1.0);
#13473=VECTOR('',#13476,1.0);
#13474=VECTOR('',#13477,1.0);
#13475=DIRECTION('',(-0.38734356248945156,0.19590090148124117,0.9008816800206436));
#13476=DIRECTION('',(0.004195429372118508,0.010127524460291842,-0.9999399140051815));
#13477=DIRECTION('',(0.881915476114489,-0.4714075656899813,0));
#13478=FACE_SURFACE('',(#13483),#13479,.T.);
#13479=PLANE('',#13480);
#13480=AXIS2_PLACEMENT_3D('',#578,#13481,#13482);
#13481=DIRECTION('',(-0.6343484313813145,-0.7729703191735798,-0.01090657053155634));
#13482=DIRECTION('',(0.006088751533199222,0.009112284621184744,-0.9999399448835663));
#13483=FACE_BOUND('',#13484,.T.);
#13484=EDGE_LOOP('',(#13485,#13486,#13487));
#13485=ORIENTED_EDGE('',*,*,#13488,.T.);
#13486=ORIENTED_EDGE('',*,*,#13489,.T.);
#13487=ORIENTED_EDGE('',*,*,#13490,.T.);
#13488=EDGE_CURVE('',#579,#645,#13491,.F.);
#13489=EDGE_CURVE('',#645,#643,#13492,.T.);
#13490=EDGE_CURVE('',#643,#579,#13493,.T.);
#13491=LINE('',#578,#13494);
#13492=LINE('',#644,#13495);
#13493=LINE('',#642,#13496);
#13494=VECTOR('',#13497,1.0);
#13495=VECTOR('',#13498,1.0);
#13496=VECTOR('',#13499,1.0);
#13497=DIRECTION('',(0.006088751533199222,0.009112284621184744,-0.9999399448835663));
#13498=DIRECTION('',(0.7730162969532242,-0.6343861636611606,0));
#13499=DIRECTION('',(-0.3416934506420744,0.2677039672757181,0.9008774454348124));
#13500=FACE_SURFACE('',(#13505),#13501,.T.);
#13501=PLANE('',#13502);
#13502=AXIS2_PLACEMENT_3D('',#578,#13503,#13504);
#13503=DIRECTION('',(-0.6343460298631034,-0.772972311208607,-0.010905067709245845));
#13504=DIRECTION('',(0.3416934506420744,-0.2677039672757181,-0.9008774454348124));
#13505=FACE_BOUND('',#13506,.T.);
#13506=EDGE_LOOP('',(#13507,#13508,#13509));
#13507=ORIENTED_EDGE('',*,*,#13510,.T.);
#13508=ORIENTED_EDGE('',*,*,#13511,.T.);
#13509=ORIENTED_EDGE('',*,*,#13512,.T.);
#13510=EDGE_CURVE('',#579,#643,#13513,.F.);
#13511=EDGE_CURVE('',#643,#577,#13514,.T.);
#13512=EDGE_CURVE('',#577,#579,#13515,.T.);
#13513=LINE('',#578,#13516);
#13514=LINE('',#642,#13517);
#13515=LINE('',#576,#13518);
#13516=VECTOR('',#13519,1.0);
#13517=VECTOR('',#13520,1.0);
#13518=VECTOR('',#13521,1.0);
#13519=DIRECTION('',(0.3416934506420744,-0.2677039672757181,-0.9008774454348124));
#13520=DIRECTION('',(-0.007745408467923079,-0.007750787223803581,0.9999399651704477));
#13521=DIRECTION('',(-0.7730182764358449,0.634383751601628,0));
#13522=FACE_SURFACE('',(#13527),#13523,.T.);
#13523=PLANE('',#13524);
#13524=AXIS2_PLACEMENT_3D('',#570,#13525,#13526);
#13525=DIRECTION('',(-0.7729818088279039,-0.6343344696073611,-0.010904305988448503));
#13526=DIRECTION('',(-0.6343721794916067,0.7730277730370232,-6.995106072375691E-07));
#13527=FACE_BOUND('',#13528,.T.);
#13528=EDGE_LOOP('',(#13529,#13530,#13531));
#13529=ORIENTED_EDGE('',*,*,#13532,.T.);
#13530=ORIENTED_EDGE('',*,*,#13533,.T.);
#13531=ORIENTED_EDGE('',*,*,#13534,.T.);
#13532=EDGE_CURVE('',#571,#577,#13535,.F.);
#13533=EDGE_CURVE('',#577,#643,#13536,.T.);
#13534=EDGE_CURVE('',#643,#571,#13537,.T.);
#13535=LINE('',#570,#13538);
#13536=LINE('',#576,#13539);
#13537=LINE('',#642,#13540);
#13538=VECTOR('',#13541,1.0);
#13539=VECTOR('',#13542,1.0);
#13540=VECTOR('',#13543,1.0);
#13541=DIRECTION('',(-0.6343721794916067,0.7730277730370232,-6.995106072375691E-07));
#13542=DIRECTION('',(0.007745408467923079,0.007750787223803581,-0.9999399651704477));
#13543=DIRECTION('',(0.2676892016954632,-0.3416847434485241,0.9008851355140466));
#13544=FACE_SURFACE('',(#13549),#13545,.T.);
#13545=PLANE('',#13546);
#13546=AXIS2_PLACEMENT_3D('',#570,#13547,#13548);
#13547=DIRECTION('',(-0.7729673498326333,-0.634351900922623,-0.010915213629164483));
#13548=DIRECTION('',(-0.2676892016954632,0.3416847434485241,-0.9008851355140466));
#13549=FACE_BOUND('',#13550,.T.);
#13550=EDGE_LOOP('',(#13551,#13552,#13553));
#13551=ORIENTED_EDGE('',*,*,#13554,.T.);
#13552=ORIENTED_EDGE('',*,*,#13555,.T.);
#13553=ORIENTED_EDGE('',*,*,#13556,.T.);
#13554=EDGE_CURVE('',#571,#643,#13557,.F.);
#13555=EDGE_CURVE('',#643,#637,#13558,.T.);
#13556=EDGE_CURVE('',#637,#571,#13559,.T.);
#13557=LINE('',#570,#13560);
#13558=LINE('',#642,#13561);
#13559=LINE('',#636,#13562);
#13560=VECTOR('',#13563,1.0);
#13561=VECTOR('',#13564,1.0);
#13562=VECTOR('',#13565,1.0);
#13563=DIRECTION('',(-0.2676892016954632,0.3416847434485241,-0.9008851355140466));
#13564=DIRECTION('',(0.6343896873650664,-0.7730134051647284,6.963846329267362E-07));
#13565=DIRECTION('',(-0.009122368874758988,-0.006090095612291194,0.9999398447514459));
#13566=FACE_SURFACE('',(#13571),#13567,.T.);
#13567=PLANE('',#13568);
#13568=AXIS2_PLACEMENT_3D('',#568,#13569,#13570);
#13569=DIRECTION('',(-0.8818665975663371,-0.47137261634412536,-0.010916073362986726));
#13570=DIRECTION('',(-0.471400703389788,0.8819191441643689,0));
#13571=FACE_BOUND('',#13572,.T.);
#13572=EDGE_LOOP('',(#13573,#13574,#13575));
#13573=ORIENTED_EDGE('',*,*,#13576,.T.);
#13574=ORIENTED_EDGE('',*,*,#13577,.T.);
#13575=ORIENTED_EDGE('',*,*,#13578,.T.);
#13576=EDGE_CURVE('',#569,#571,#13579,.F.);
#13577=EDGE_CURVE('',#571,#637,#13580,.T.);
#13578=EDGE_CURVE('',#637,#569,#13581,.T.);
#13579=LINE('',#568,#13582);
#13580=LINE('',#570,#13583);
#13581=LINE('',#636,#13584);
#13582=VECTOR('',#13585,1.0);
#13583=VECTOR('',#13586,1.0);
#13584=VECTOR('',#13587,1.0);
#13585=DIRECTION('',(-0.471400703389788,0.8819191441643689,0));
#13586=DIRECTION('',(0.009122368874758988,0.006090095612291194,-0.9999398447514459));
#13587=DIRECTION('',(0.19589144368607106,-0.3873458424699786,0.9008827563072841));
#13588=FACE_SURFACE('',(#13593),#13589,.T.);
#13589=PLANE('',#13590);
#13590=AXIS2_PLACEMENT_3D('',#568,#13591,#13592);
#13591=DIRECTION('',(-0.8818685490518797,-0.4713690111134902,-0.01091409891025638));
#13592=DIRECTION('',(-0.19589144368607106,0.3873458424699786,-0.9008827563072841));
#13593=FACE_BOUND('',#13594,.T.);
#13594=EDGE_LOOP('',(#13595,#13596,#13597));
#13595=ORIENTED_EDGE('',*,*,#13598,.T.);
#13596=ORIENTED_EDGE('',*,*,#13599,.T.);
#13597=ORIENTED_EDGE('',*,*,#13600,.T.);
#13598=EDGE_CURVE('',#569,#637,#13601,.F.);
#13599=EDGE_CURVE('',#637,#635,#13602,.T.);
#13600=EDGE_CURVE('',#635,#569,#13603,.T.);
#13601=LINE('',#568,#13604);
#13602=LINE('',#636,#13605);
#13603=LINE('',#634,#13606);
#13604=VECTOR('',#13607,1.0);
#13605=VECTOR('',#13608,1.0);
#13606=VECTOR('',#13609,1.0);
#13607=DIRECTION('',(-0.19589144368607106,0.3873458424699786,-0.9008827563072841));
#13608=DIRECTION('',(0.47139708778389205,-0.8819210767573624,0));
#13609=DIRECTION('',(-0.010133574996309685,-0.004194084449773076,0.9999398583482021));
#13610=FACE_SURFACE('',(#13615),#13611,.T.);
#13611=PLANE('',#13612);
#13612=AXIS2_PLACEMENT_3D('',#562,#13613,#13614);
#13613=DIRECTION('',(-0.9568862487112547,-0.29025777567150834,-0.010914700615746446));
#13614=DIRECTION('',(-0.29027506652090557,0.9569432510636583,0));
#13615=FACE_BOUND('',#13616,.T.);
#13616=EDGE_LOOP('',(#13617,#13618,#13619));
#13617=ORIENTED_EDGE('',*,*,#13620,.T.);
#13618=ORIENTED_EDGE('',*,*,#13621,.T.);
#13619=ORIENTED_EDGE('',*,*,#13622,.T.);
#13620=EDGE_CURVE('',#563,#569,#13623,.F.);
#13621=EDGE_CURVE('',#569,#635,#13624,.T.);
#13622=EDGE_CURVE('',#635,#563,#13625,.T.);
#13623=LINE('',#562,#13626);
#13624=LINE('',#568,#13627);
#13625=LINE('',#634,#13628);
#13626=VECTOR('',#13629,1.0);
#13627=VECTOR('',#13630,1.0);
#13628=VECTOR('',#13631,1.0);
#13629=DIRECTION('',(-0.29027506652090557,0.9569432510636583,0));
#13630=DIRECTION('',(0.010133574996309685,0.004194084449773076,-0.9999398583482021));
#13631=DIRECTION('',(0.11655424018329114,-0.41811810491164125,0.9008842097852494));
#13632=FACE_SURFACE('',(#13637),#13633,.T.);
#13633=PLANE('',#13634);
#13634=AXIS2_PLACEMENT_3D('',#562,#13635,#13636);
#13635=DIRECTION('',(-0.9568862109122017,-0.2902578979645419,-0.010914762264702792));
#13636=DIRECTION('',(-0.11655424018329114,0.41811810491164125,-0.9008842097852494));
#13637=FACE_BOUND('',#13638,.T.);
#13638=EDGE_LOOP('',(#13639,#13640,#13641));
#13639=ORIENTED_EDGE('',*,*,#13642,.T.);
#13640=ORIENTED_EDGE('',*,*,#13643,.T.);
#13641=ORIENTED_EDGE('',*,*,#13644,.T.);
#13642=EDGE_CURVE('',#563,#635,#13645,.F.);
#13643=EDGE_CURVE('',#635,#629,#13646,.T.);
#13644=EDGE_CURVE('',#629,#563,#13647,.T.);
#13645=LINE('',#562,#13648);
#13646=LINE('',#634,#13649);
#13647=LINE('',#628,#13650);
#13648=VECTOR('',#13651,1.0);
#13649=VECTOR('',#13652,1.0);
#13650=VECTOR('',#13653,1.0);
#13651=DIRECTION('',(-0.11655424018329114,0.41811810491164125,-0.9008842097852494));
#13652=DIRECTION('',(0.29027518901656835,-0.9569432139063401,0));
#13653=DIRECTION('',(-0.010757510543195214,-0.002137382876051099,0.9999398519717844));
#13654=FACE_SURFACE('',(#13659),#13655,.T.);
#13655=PLANE('',#13656);
#13656=AXIS2_PLACEMENT_3D('',#560,#13657,#13658);
#13657=DIRECTION('',(-0.995123247193773,-0.09803356780546242,-0.010915240622772217));
#13658=DIRECTION('',(-0.09803940830844715,0.9951825332161581,0));
#13659=FACE_BOUND('',#13660,.T.);
#13660=EDGE_LOOP('',(#13661,#13662,#13663));
#13661=ORIENTED_EDGE('',*,*,#13664,.T.);
#13662=ORIENTED_EDGE('',*,*,#13665,.T.);
#13663=ORIENTED_EDGE('',*,*,#13666,.T.);
#13664=EDGE_CURVE('',#561,#563,#13667,.F.);
#13665=EDGE_CURVE('',#563,#629,#13668,.T.);
#13666=EDGE_CURVE('',#629,#561,#13669,.T.);
#13667=LINE('',#560,#13670);
#13668=LINE('',#562,#13671);
#13669=LINE('',#628,#13672);
#13670=VECTOR('',#13673,1.0);
#13671=VECTOR('',#13674,1.0);
#13672=VECTOR('',#13675,1.0);
#13673=DIRECTION('',(-0.09803940830844715,0.9951825332161581,0));
#13674=DIRECTION('',(0.010757510543195214,0.002137382876051099,-0.9999398519717844));
#13675=DIRECTION('',(0.032758317723864325,-0.432830176212782,0.9008800870146451));
#13676=FACE_SURFACE('',(#13681),#13677,.T.);
#13677=PLANE('',#13678);
#13678=AXIS2_PLACEMENT_3D('',#560,#13679,#13680);
#13679=DIRECTION('',(-0.9951268076113523,-0.09799926834483336,-0.01089863189193884));
#13680=DIRECTION('',(-0.032758317723864325,0.432830176212782,-0.9008800870146451));
#13681=FACE_BOUND('',#13682,.T.);
#13682=EDGE_LOOP('',(#13683,#13684,#13685));
#13683=ORIENTED_EDGE('',*,*,#13686,.T.);
#13684=ORIENTED_EDGE('',*,*,#13687,.T.);
#13685=ORIENTED_EDGE('',*,*,#13688,.T.);
#13686=EDGE_CURVE('',#561,#629,#13689,.F.);
#13687=EDGE_CURVE('',#629,#627,#13690,.T.);
#13688=EDGE_CURVE('',#627,#561,#13691,.T.);
#13689=LINE('',#560,#13692);
#13690=LINE('',#628,#13693);
#13691=LINE('',#626,#13694);
#13692=VECTOR('',#13695,1.0);
#13693=VECTOR('',#13696,1.0);
#13694=VECTOR('',#13697,1.0);
#13695=DIRECTION('',(-0.032758317723864325,0.432830176212782,-0.9008800870146451));
#13696=DIRECTION('',(0.09800508904860228,-0.995185913546095,0));
#13697=DIRECTION('',(-0.010951147730690657,-2.0170335947981316E-06,0.9999400343817184));
#13698=FACE_SURFACE('',(#13703),#13699,.T.);
#13699=PLANE('',#13700);
#13700=AXIS2_PLACEMENT_3D('',#554,#13701,#13702);
#13701=DIRECTION('',(-0.9951230557164613,0.09803740775492219,-0.010898195365645543));
#13702=DIRECTION('',(0.09804323025750525,0.9951821566932728,0));
#13703=FACE_BOUND('',#13704,.T.);
#13704=EDGE_LOOP('',(#13705,#13706,#13707));
#13705=ORIENTED_EDGE('',*,*,#13708,.T.);
#13706=ORIENTED_EDGE('',*,*,#13709,.T.);
#13707=ORIENTED_EDGE('',*,*,#13710,.T.);
#13708=EDGE_CURVE('',#555,#561,#13711,.F.);
#13709=EDGE_CURVE('',#561,#627,#13712,.T.);
#13710=EDGE_CURVE('',#627,#555,#13713,.T.);
#13711=LINE('',#554,#13714);
#13712=LINE('',#560,#13715);
#13713=LINE('',#626,#13716);
#13714=VECTOR('',#13717,1.0);
#13715=VECTOR('',#13718,1.0);
#13716=VECTOR('',#13719,1.0);
#13717=DIRECTION('',(0.09804323025750525,0.9951821566932728,0));
#13718=DIRECTION('',(0.010951147730690657,2.0170335947981316E-06,-0.9999400343817184));
#13719=DIRECTION('',(-0.05231671453479208,-0.43089206207699854,0.9008856710034393));
#13720=FACE_SURFACE('',(#13725),#13721,.T.);
#13721=PLANE('',#13722);
#13722=AXIS2_PLACEMENT_3D('',#554,#13723,#13724);
#13723=DIRECTION('',(-0.9951263840451559,0.09800169537204162,-0.01091546982124427));
#13724=DIRECTION('',(0.05231671453479208,0.43089206207699854,-0.9008856710034393));
#13725=FACE_BOUND('',#13726,.T.);
#13726=EDGE_LOOP('',(#13727,#13728,#13729));
#13727=ORIENTED_EDGE('',*,*,#13730,.T.);
#13728=ORIENTED_EDGE('',*,*,#13731,.T.);
#13729=ORIENTED_EDGE('',*,*,#13732,.T.);
#13730=EDGE_CURVE('',#555,#627,#13733,.F.);
#13731=EDGE_CURVE('',#627,#621,#13734,.T.);
#13732=EDGE_CURVE('',#621,#555,#13735,.T.);
#13733=LINE('',#554,#13736);
#13734=LINE('',#626,#13737);
#13735=LINE('',#620,#13738);
#13736=VECTOR('',#13739,1.0);
#13737=VECTOR('',#13740,1.0);
#13738=VECTOR('',#13741,1.0);
#13739=DIRECTION('',(0.05231671453479208,0.43089206207699854,-0.9008856710034393));
#13740=DIRECTION('',(-0.0980075342213991,-0.9951856727444589,0));
#13741=DIRECTION('',(-0.010757510481319671,0.002140072241377532,0.9999398462202844));
#13742=FACE_SURFACE('',(#13747),#13743,.T.);
#13743=PLANE('',#13744);
#13744=AXIS2_PLACEMENT_3D('',#546,#13745,#13746);
#13745=DIRECTION('',(-0.9568863577793396,0.2902573844158808,-0.010915543405679825));
#13746=DIRECTION('',(0.2902746779125706,0.9569433689423599,0));
#13747=FACE_BOUND('',#13748,.T.);
#13748=EDGE_LOOP('',(#13749,#13750,#13751));
#13749=ORIENTED_EDGE('',*,*,#13752,.T.);
#13750=ORIENTED_EDGE('',*,*,#13753,.T.);
#13751=ORIENTED_EDGE('',*,*,#13754,.T.);
#13752=EDGE_CURVE('',#547,#555,#13755,.F.);
#13753=EDGE_CURVE('',#555,#621,#13756,.T.);
#13754=EDGE_CURVE('',#621,#547,#13757,.T.);
#13755=LINE('',#546,#13758);
#13756=LINE('',#554,#13759);
#13757=LINE('',#620,#13760);
#13758=VECTOR('',#13761,1.0);
#13759=VECTOR('',#13762,1.0);
#13760=VECTOR('',#13763,1.0);
#13761=DIRECTION('',(0.2902746779125706,0.9569433689423599,0));
#13762=DIRECTION('',(0.010757510481319671,-0.002140072241377532,-0.9999398462202844));
#13763=DIRECTION('',(-0.13537564182974757,-0.41241147895065283,0.9008830155069631));
#13764=FACE_SURFACE('',(#13769),#13765,.T.);
#13765=PLANE('',#13766);
#13766=AXIS2_PLACEMENT_3D('',#546,#13767,#13768);
#13767=DIRECTION('',(-0.9568857441822792,0.29025944620317684,-0.010914507343474373));
#13768=DIRECTION('',(0.13537564182974757,0.41241147895065283,-0.9008830155069631));
#13769=FACE_BOUND('',#13770,.T.);
#13770=EDGE_LOOP('',(#13771,#13772,#13773));
#13771=ORIENTED_EDGE('',*,*,#13774,.T.);
#13772=ORIENTED_EDGE('',*,*,#13775,.T.);
#13773=ORIENTED_EDGE('',*,*,#13776,.T.);
#13774=EDGE_CURVE('',#547,#621,#13777,.F.);
#13775=EDGE_CURVE('',#621,#617,#13778,.T.);
#13776=EDGE_CURVE('',#617,#547,#13779,.T.);
#13777=LINE('',#546,#13780);
#13778=LINE('',#620,#13781);
#13779=LINE('',#616,#13782);
#13780=VECTOR('',#13783,1.0);
#13781=VECTOR('',#13784,1.0);
#13782=VECTOR('',#13785,1.0);
#13783=DIRECTION('',(0.13537564182974757,0.41241147895065283,-0.9008830155069631));
#13784=DIRECTION('',(-0.29027673653967984,-0.956942744485726,0));
#13785=DIRECTION('',(-0.01013357502488275,0.004193412117183765,0.9999398611676756));
#13786=FACE_SURFACE('',(#13791),#13787,.T.);
#13787=PLANE('',#13788);
#13788=AXIS2_PLACEMENT_3D('',#544,#13789,#13790);
#13789=DIRECTION('',(-0.8818663088121139,0.47137320973561214,-0.010913776873482516));
#13790=DIRECTION('',(0.47140128499907463,0.8819188332841187,0));
#13791=FACE_BOUND('',#13792,.T.);
#13792=EDGE_LOOP('',(#13793,#13794,#13795));
#13793=ORIENTED_EDGE('',*,*,#13796,.T.);
#13794=ORIENTED_EDGE('',*,*,#13797,.T.);
#13795=ORIENTED_EDGE('',*,*,#13798,.T.);
#13796=EDGE_CURVE('',#545,#547,#13799,.F.);
#13797=EDGE_CURVE('',#547,#617,#13800,.T.);
#13798=EDGE_CURVE('',#617,#545,#13801,.T.);
#13799=LINE('',#544,#13802);
#13800=LINE('',#546,#13803);
#13801=LINE('',#616,#13804);
#13802=VECTOR('',#13805,1.0);
#13803=VECTOR('',#13806,1.0);
#13804=VECTOR('',#13807,1.0);
#13805=DIRECTION('',(0.47140128499907463,0.8819188332841187,0));
#13806=DIRECTION('',(0.01013357502488275,-0.004193412117183765,-0.9999398611676756));
#13807=DIRECTION('',(-0.21323921757195552,-0.37807935005159893,0.9008801480518153));
#13808=FACE_SURFACE('',(#13813),#13809,.T.);
#13809=PLANE('',#13810);
#13810=AXIS2_PLACEMENT_3D('',#544,#13811,#13812);
#13811=DIRECTION('',(-0.881868223657421,0.47136958158615544,-0.0109157527728376));
#13812=DIRECTION('',(0.21323921757195552,0.37807935005159893,-0.9008801480518153));
#13813=FACE_BOUND('',#13814,.T.);
#13814=EDGE_LOOP('',(#13815,#13816,#13817));
#13815=ORIENTED_EDGE('',*,*,#13818,.T.);
#13816=ORIENTED_EDGE('',*,*,#13819,.T.);
#13817=ORIENTED_EDGE('',*,*,#13820,.T.);
#13818=EDGE_CURVE('',#545,#617,#13821,.F.);
#13819=EDGE_CURVE('',#617,#615,#13822,.T.);
#13820=EDGE_CURVE('',#615,#545,#13823,.T.);
#13821=LINE('',#544,#13824);
#13822=LINE('',#616,#13825);
#13823=LINE('',#614,#13826);
#13824=VECTOR('',#13827,1.0);
#13825=VECTOR('',#13828,1.0);
#13826=VECTOR('',#13829,1.0);
#13827=DIRECTION('',(0.21323921757195552,0.37807935005159893,-0.9008801480518153));
#13828=DIRECTION('',(-0.4713976668011212,-0.8819207672656648,0));
#13829=DIRECTION('',(-0.009122368912109758,0.0060894232928197295,0.9999398488456154));
#13830=FACE_SURFACE('',(#13835),#13831,.T.);
#13831=PLANE('',#13832);
#13832=AXIS2_PLACEMENT_3D('',#526,#13833,#13834);
#13833=DIRECTION('',(-0.7729817202199905,0.6343343969022807,-0.010914811604615375));
#13834=DIRECTION('',(0.6343721794916067,0.7730277730370232,6.995106072375691E-07));
#13835=FACE_BOUND('',#13836,.T.);
#13836=EDGE_LOOP('',(#13837,#13838,#13839));
#13837=ORIENTED_EDGE('',*,*,#13840,.T.);
#13838=ORIENTED_EDGE('',*,*,#13841,.T.);
#13839=ORIENTED_EDGE('',*,*,#13842,.T.);
#13840=EDGE_CURVE('',#527,#545,#13843,.F.);
#13841=EDGE_CURVE('',#545,#615,#13844,.T.);
#13842=EDGE_CURVE('',#615,#527,#13845,.T.);
#13843=LINE('',#526,#13846);
#13844=LINE('',#544,#13847);
#13845=LINE('',#614,#13848);
#13846=VECTOR('',#13849,1.0);
#13847=VECTOR('',#13850,1.0);
#13848=VECTOR('',#13851,1.0);
#13849=DIRECTION('',(0.6343721794916067,0.7730277730370232,6.995106072375691E-07));
#13850=DIRECTION('',(0.009122368912109758,-0.0060894232928197295,-0.9999398488456154));
#13851=DIRECTION('',(-0.2828859929125181,-0.3292155039314322,0.9008843804756924));
#13852=FACE_SURFACE('',(#13857),#13853,.T.);
#13853=PLANE('',#13854);
#13854=AXIS2_PLACEMENT_3D('',#526,#13855,#13856);
#13855=DIRECTION('',(-0.7729680021197087,0.6343512932897312,-0.0109043294480447));
#13856=DIRECTION('',(0.2828859929125181,0.3292155039314322,-0.9008843804756924));
#13857=FACE_BOUND('',#13858,.T.);
#13858=EDGE_LOOP('',(#13859,#13860,#13861));
#13859=ORIENTED_EDGE('',*,*,#13862,.T.);
#13860=ORIENTED_EDGE('',*,*,#13863,.T.);
#13861=ORIENTED_EDGE('',*,*,#13864,.T.);
#13862=EDGE_CURVE('',#527,#615,#13865,.F.);
#13863=EDGE_CURVE('',#615,#597,#13866,.T.);
#13864=EDGE_CURVE('',#597,#527,#13867,.T.);
#13865=LINE('',#526,#13868);
#13866=LINE('',#614,#13869);
#13867=LINE('',#596,#13870);
#13868=VECTOR('',#13871,1.0);
#13869=VECTOR('',#13872,1.0);
#13870=VECTOR('',#13873,1.0);
#13871=DIRECTION('',(0.2828859929125181,0.3292155039314322,-0.9008843804756924));
#13872=DIRECTION('',(-0.6343890043630209,-0.7730139656841978,-6.963838831791627E-07));
#13873=DIRECTION('',(-0.007745408467923079,0.007750787223803581,0.9999399651704477));
#13874=FACE_SURFACE('',(#13879),#13875,.T.);
#13875=PLANE('',#13876);
#13876=AXIS2_PLACEMENT_3D('',#528,#13877,#13878);
#13877=DIRECTION('',(-0.6343460298631034,0.772972311208607,-0.010905067709245845));
#13878=DIRECTION('',(0.7730182764358449,0.634383751601628,0));
#13879=FACE_BOUND('',#13880,.T.);
#13880=EDGE_LOOP('',(#13881,#13882,#13883));
#13881=ORIENTED_EDGE('',*,*,#13884,.T.);
#13882=ORIENTED_EDGE('',*,*,#13885,.T.);
#13883=ORIENTED_EDGE('',*,*,#13886,.T.);
#13884=EDGE_CURVE('',#529,#527,#13887,.F.);
#13885=EDGE_CURVE('',#527,#597,#13888,.T.);
#13886=EDGE_CURVE('',#597,#529,#13889,.T.);
#13887=LINE('',#528,#13890);
#13888=LINE('',#526,#13891);
#13889=LINE('',#596,#13892);
#13890=VECTOR('',#13893,1.0);
#13891=VECTOR('',#13894,1.0);
#13892=VECTOR('',#13895,1.0);
#13893=DIRECTION('',(0.7730182764358449,0.634383751601628,0));
#13894=DIRECTION('',(0.007745408467923079,-0.007750787223803581,-0.9999399651704477));
#13895=DIRECTION('',(-0.3416934506420744,-0.2677039672757181,0.9008774454348124));
#13896=FACE_SURFACE('',(#13901),#13897,.T.);
#13897=PLANE('',#13898);
#13898=AXIS2_PLACEMENT_3D('',#528,#13899,#13900);
#13899=DIRECTION('',(-0.6343517457200096,0.7729675699376168,-0.010908644586367113));
#13900=DIRECTION('',(0.3416934506420744,0.2677039672757181,-0.9008774454348124));
#13901=FACE_BOUND('',#13902,.T.);
#13902=EDGE_LOOP('',(#13903,#13904,#13905));
#13903=ORIENTED_EDGE('',*,*,#13906,.T.);
#13904=ORIENTED_EDGE('',*,*,#13907,.T.);
#13905=ORIENTED_EDGE('',*,*,#13908,.T.);
#13906=EDGE_CURVE('',#529,#597,#13909,.F.);
#13907=EDGE_CURVE('',#597,#595,#13910,.T.);
#13908=EDGE_CURVE('',#595,#529,#13911,.T.);
#13909=LINE('',#528,#13912);
#13910=LINE('',#596,#13913);
#13911=LINE('',#594,#13914);
#13912=VECTOR('',#13915,1.0);
#13913=VECTOR('',#13916,1.0);
#13914=VECTOR('',#13917,1.0);
#13915=DIRECTION('',(0.3416934506420744,0.2677039672757181,-0.9008774454348124));
#13916=DIRECTION('',(-0.7730135650436792,-0.6343894925504848,0));
#13917=DIRECTION('',(-0.006088751383963968,0.009114973775662491,0.9999399203750459));
#13918=FACE_SURFACE('',(#13923),#13919,.T.);
#13919=PLANE('',#13920);
#13920=AXIS2_PLACEMENT_3D('',#530,#13921,#13922);
#13921=DIRECTION('',(-0.47137432275598357,0.8818657739779144,-0.010908919867322852));
#13922=DIRECTION('',(0.8819182516739295,0.4714023731000935,0));
#13923=FACE_BOUND('',#13924,.T.);
#13924=EDGE_LOOP('',(#13925,#13926,#13927));
#13925=ORIENTED_EDGE('',*,*,#13928,.T.);
#13926=ORIENTED_EDGE('',*,*,#13929,.T.);
#13927=ORIENTED_EDGE('',*,*,#13930,.T.);
#13928=EDGE_CURVE('',#531,#529,#13931,.F.);
#13929=EDGE_CURVE('',#529,#595,#13932,.T.);
#13930=EDGE_CURVE('',#595,#531,#13933,.T.);
#13931=LINE('',#530,#13934);
#13932=LINE('',#528,#13935);
#13933=LINE('',#594,#13936);
#13934=VECTOR('',#13937,1.0);
#13935=VECTOR('',#13938,1.0);
#13936=VECTOR('',#13939,1.0);
#13937=DIRECTION('',(0.8819182516739295,0.4714023731000935,0));
#13938=DIRECTION('',(0.006088751383963968,-0.009114973775662491,-0.9999399203750459));
#13939=DIRECTION('',(-0.38734374634471513,-0.19589857150901116,0.9008821076302769));
#13940=FACE_SURFACE('',(#13945),#13941,.T.);
#13941=PLANE('',#13942);
#13942=AXIS2_PLACEMENT_3D('',#530,#13943,#13944);
#13943=DIRECTION('',(-0.47137193939273225,0.8818670640733086,-0.010907614581441894));
#13944=DIRECTION('',(0.38734374634471513,0.19589857150901116,-0.9008821076302769));
#13945=FACE_BOUND('',#13946,.T.);
#13946=EDGE_LOOP('',(#13947,#13948,#13949));
#13947=ORIENTED_EDGE('',*,*,#13950,.T.);
#13948=ORIENTED_EDGE('',*,*,#13951,.T.);
#13949=ORIENTED_EDGE('',*,*,#13952,.T.);
#13950=EDGE_CURVE('',#531,#595,#13953,.F.);
#13951=EDGE_CURVE('',#595,#605,#13954,.T.);
#13952=EDGE_CURVE('',#605,#531,#13955,.T.);
#13953=LINE('',#530,#13956);
#13954=LINE('',#594,#13957);
#13955=LINE('',#604,#13958);
#13956=VECTOR('',#13959,1.0);
#13957=VECTOR('',#13960,1.0);
#13958=VECTOR('',#13961,1.0);
#13959=DIRECTION('',(0.38734374634471513,0.19589857150901116,-0.9008821076302769));
#13960=DIRECTION('',(-0.8819195292874702,-0.4713999828822303,0));
#13961=DIRECTION('',(-0.004195429457812339,0.010125507633758626,0.9999399344294753));
#13962=FACE_SURFACE('',(#13967),#13963,.T.);
#13963=PLANE('',#13964);
#13964=AXIS2_PLACEMENT_3D('',#534,#13965,#13966);
#13965=DIRECTION('',(-0.2902714586715543,0.9568821814634106,-0.010907386419876411));
#13966=DIRECTION('',(0.956939107195417,0.290288727166658,0));
#13967=FACE_BOUND('',#13968,.T.);
#13968=EDGE_LOOP('',(#13969,#13970,#13971));
#13969=ORIENTED_EDGE('',*,*,#13972,.T.);
#13970=ORIENTED_EDGE('',*,*,#13973,.T.);
#13971=ORIENTED_EDGE('',*,*,#13974,.T.);
#13972=EDGE_CURVE('',#535,#531,#13975,.F.);
#13973=EDGE_CURVE('',#531,#605,#13976,.T.);
#13974=EDGE_CURVE('',#605,#535,#13977,.T.);
#13975=LINE('',#534,#13978);
#13976=LINE('',#530,#13979);
#13977=LINE('',#604,#13980);
#13978=VECTOR('',#13981,1.0);
#13979=VECTOR('',#13982,1.0);
#13980=VECTOR('',#13983,1.0);
#13981=DIRECTION('',(0.956939107195417,0.290288727166658,0));
#13982=DIRECTION('',(0.004195429457812339,-0.010125507633758626,-0.9999399344294753));
#13983=DIRECTION('',(-0.41812383527407476,-0.11656939164244456,0.9008795897942238));
#13984=FACE_SURFACE('',(#13989),#13985,.T.);
#13985=PLANE('',#13986);
#13986=AXIS2_PLACEMENT_3D('',#534,#13987,#13988);
#13987=DIRECTION('',(-0.29028267900229243,0.9568787131954299,-0.010913042871268529));
#13988=DIRECTION('',(0.41812383527407476,0.11656939164244456,-0.9008795897942238));
#13989=FACE_BOUND('',#13990,.T.);
#13990=EDGE_LOOP('',(#13991,#13992,#13993));
#13991=ORIENTED_EDGE('',*,*,#13994,.T.);
#13992=ORIENTED_EDGE('',*,*,#13995,.T.);
#13993=ORIENTED_EDGE('',*,*,#13996,.T.);
#13994=EDGE_CURVE('',#535,#605,#13997,.F.);
#13995=EDGE_CURVE('',#605,#611,#13998,.T.);
#13996=EDGE_CURVE('',#611,#535,#13999,.T.);
#13997=LINE('',#534,#14000);
#13998=LINE('',#604,#14001);
#13999=LINE('',#610,#14002);
#14000=VECTOR('',#14003,1.0);
#14001=VECTOR('',#14004,1.0);
#14002=VECTOR('',#14005,1.0);
#14003=DIRECTION('',(0.41812383527407476,0.11656939164244456,-0.9008795897942238));
#14004=DIRECTION('',(-0.9569356977836019,-0.2902999660823458,0));
#14005=DIRECTION('',(-0.0021515021835082616,0.01075145981765019,0.9999398867682715));
#14006=FACE_SURFACE('',(#14011),#14007,.T.);
#14007=PLANE('',#14008);
#14008=AXIS2_PLACEMENT_3D('',#536,#14009,#14010);
#14009=DIRECTION('',(-0.09798241884597328,0.995128336220344,-0.010910547576645408));
#14010=DIRECTION('',(0.9951875708234723,0.09798825887822993,6.994964369823102E-07));
#14011=FACE_BOUND('',#14012,.T.);
#14012=EDGE_LOOP('',(#14013,#14014,#14015));
#14013=ORIENTED_EDGE('',*,*,#14016,.T.);
#14014=ORIENTED_EDGE('',*,*,#14017,.T.);
#14015=ORIENTED_EDGE('',*,*,#14018,.T.);
#14016=EDGE_CURVE('',#537,#535,#14019,.F.);
#14017=EDGE_CURVE('',#535,#611,#14020,.T.);
#14018=EDGE_CURVE('',#611,#537,#14021,.T.);
#14019=LINE('',#536,#14022);
#14020=LINE('',#534,#14023);
#14021=LINE('',#610,#14024);
#14022=VECTOR('',#14025,1.0);
#14023=VECTOR('',#14026,1.0);
#14024=VECTOR('',#14027,1.0);
#14025=DIRECTION('',(0.9951875708234723,0.09798825887822993,6.994964369823102E-07));
#14026=DIRECTION('',(0.0021515021835082616,-0.01075145981765019,-0.9999398867682715));
#14027=DIRECTION('',(-0.43283546587639515,-0.032740693246312465,0.9008781862634454));
#14028=FACE_SURFACE('',(#14033),#14029,.T.);
#14029=PLANE('',#14030);
#14030=AXIS2_PLACEMENT_3D('',#536,#14031,#14032);
#14031=DIRECTION('',(-0.09797541755351943,0.9951290627220478,-0.01090715733599246));
#14032=DIRECTION('',(0.43283546587639515,0.032740693246312465,-0.9008781862634454));
#14033=FACE_BOUND('',#14034,.T.);
#14034=EDGE_LOOP('',(#14035,#14036,#14037));
#14035=ORIENTED_EDGE('',*,*,#14038,.T.);
#14036=ORIENTED_EDGE('',*,*,#14039,.T.);
#14037=ORIENTED_EDGE('',*,*,#14040,.T.);
#14038=EDGE_CURVE('',#537,#611,#14041,.F.);
#14039=EDGE_CURVE('',#611,#609,#14042,.T.);
#14040=EDGE_CURVE('',#609,#537,#14043,.T.);
#14041=LINE('',#536,#14044);
#14042=LINE('',#610,#14045);
#14043=LINE('',#608,#14046);
#14044=VECTOR('',#14047,1.0);
#14045=VECTOR('',#14048,1.0);
#14046=VECTOR('',#14049,1.0);
#14047=DIRECTION('',(0.43283546587639515,0.032740693246312465,-0.9008781862634454));
#14048=DIRECTION('',(-0.9951882605619963,-0.0979812535085333,-6.963643784720641E-07));
#14049=DIRECTION('',(0,0.010959887160143646,0.9999399386330347));
#14050=FACE_SURFACE('',(#14055),#14051,.T.);
#14051=PLANE('',#14052);
#14052=AXIS2_PLACEMENT_3D('',#538,#14053,#14054);
#14053=DIRECTION('',(0.09798243007339974,0.9951283723624916,-0.010907149769275157));
#14054=DIRECTION('',(0.9951875708237157,-0.09798825887825391,0));
#14055=FACE_BOUND('',#14056,.T.);
#14056=EDGE_LOOP('',(#14057,#14058,#14059));
#14057=ORIENTED_EDGE('',*,*,#14060,.T.);
#14058=ORIENTED_EDGE('',*,*,#14061,.T.);
#14059=ORIENTED_EDGE('',*,*,#14062,.T.);
#14060=EDGE_CURVE('',#539,#537,#14063,.F.);
#14061=EDGE_CURVE('',#537,#609,#14064,.T.);
#14062=EDGE_CURVE('',#609,#539,#14065,.T.);
#14063=LINE('',#538,#14066);
#14064=LINE('',#536,#14067);
#14065=LINE('',#608,#14068);
#14066=VECTOR('',#14069,1.0);
#14067=VECTOR('',#14070,1.0);
#14068=VECTOR('',#14071,1.0);
#14069=DIRECTION('',(0.9951875708237157,-0.09798825887825391,0));
#14070=DIRECTION('',(0,-0.010959887160143646,-0.9999399386330347));
#14071=DIRECTION('',(-0.4308993092221271,0.052301421300278504,0.9008830926606761));
#14072=FACE_SURFACE('',(#14077),#14073,.T.);
#14073=PLANE('',#14074);
#14074=AXIS2_PLACEMENT_3D('',#538,#14075,#14076);
#14075=DIRECTION('',(0.09797976942826679,0.9951286202245937,-0.010908436766111418));
#14076=DIRECTION('',(0.4308993092221271,-0.052301421300278504,-0.9008830926606761));
#14077=FACE_BOUND('',#14078,.T.);
#14078=EDGE_LOOP('',(#14079,#14080,#14081));
#14079=ORIENTED_EDGE('',*,*,#14082,.T.);
#14080=ORIENTED_EDGE('',*,*,#14083,.T.);
#14081=ORIENTED_EDGE('',*,*,#14084,.T.);
#14082=EDGE_CURVE('',#539,#609,#14085,.F.);
#14083=EDGE_CURVE('',#609,#607,#14086,.T.);
#14084=EDGE_CURVE('',#607,#539,#14087,.T.);
#14085=LINE('',#538,#14088);
#14086=LINE('',#608,#14089);
#14087=LINE('',#606,#14090);
#14088=VECTOR('',#14091,1.0);
#14089=VECTOR('',#14092,1.0);
#14090=VECTOR('',#14093,1.0);
#14091=DIRECTION('',(0.4308993092221271,-0.052301421300278504,-0.9008830926606761));
#14092=DIRECTION('',(-0.9951878326729656,0.09798559945055824,0));
#14093=DIRECTION('',(0.0021299872597764927,0.01075146031284277,0.9999399328236743));
#14094=FACE_SURFACE('',(#14099),#14095,.T.);
#14095=PLANE('',#14096);
#14096=AXIS2_PLACEMENT_3D('',#532,#14097,#14098);
#14097=DIRECTION('',(0.2902714604950917,0.9568821874747163,-0.010906810516742308));
#14098=DIRECTION('',(0.956939107195417,-0.290288727166658,0));
#14099=FACE_BOUND('',#14100,.T.);
#14100=EDGE_LOOP('',(#14101,#14102,#14103));
#14101=ORIENTED_EDGE('',*,*,#14104,.T.);
#14102=ORIENTED_EDGE('',*,*,#14105,.T.);
#14103=ORIENTED_EDGE('',*,*,#14106,.T.);
#14104=EDGE_CURVE('',#533,#539,#14107,.F.);
#14105=EDGE_CURVE('',#539,#607,#14108,.T.);
#14106=EDGE_CURVE('',#607,#533,#14109,.T.);
#14107=LINE('',#532,#14110);
#14108=LINE('',#538,#14111);
#14109=LINE('',#606,#14112);
#14110=VECTOR('',#14113,1.0);
#14111=VECTOR('',#14114,1.0);
#14112=VECTOR('',#14115,1.0);
#14113=DIRECTION('',(0.956939107195417,-0.290288727166658,0));
#14114=DIRECTION('',(-0.0021299872597764927,-0.01075146031284277,-0.9999399328236743));
#14115=DIRECTION('',(-0.4124238775808819,0.13537776952839928,0.9008770197527881));
#14116=FACE_SURFACE('',(#14121),#14117,.T.);
#14117=PLANE('',#14118);
#14118=AXIS2_PLACEMENT_3D('',#532,#14119,#14120);
#14119=DIRECTION('',(0.2902827166486984,0.9568788372918613,-0.010901153976850833));
#14120=DIRECTION('',(0.4124238775808819,-0.13537776952839928,-0.9008770197527881));
#14121=FACE_BOUND('',#14122,.T.);
#14122=EDGE_LOOP('',(#14123,#14124,#14125));
#14123=ORIENTED_EDGE('',*,*,#14126,.T.);
#14124=ORIENTED_EDGE('',*,*,#14127,.T.);
#14125=ORIENTED_EDGE('',*,*,#14128,.T.);
#14126=EDGE_CURVE('',#533,#607,#14129,.F.);
#14127=EDGE_CURVE('',#607,#603,#14130,.T.);
#14128=EDGE_CURVE('',#603,#533,#14131,.T.);
#14129=LINE('',#532,#14132);
#14130=LINE('',#606,#14133);
#14131=LINE('',#602,#14134);
#14132=VECTOR('',#14135,1.0);
#14133=VECTOR('',#14136,1.0);
#14134=VECTOR('',#14137,1.0);
#14135=DIRECTION('',(0.4124238775808819,-0.13537776952839928,-0.9008770197527881));
#14136=DIRECTION('',(-0.9569356977836019,0.2902999660823458,0));
#14137=DIRECTION('',(0.0041739148107431566,0.010125508545391744,0.9999400244573922));
#14138=FACE_SURFACE('',(#14143),#14139,.T.);
#14139=PLANE('',#14140);
#14140=AXIS2_PLACEMENT_3D('',#522,#14141,#14142);
#14141=DIRECTION('',(0.47137438160613204,0.8818658840771058,-0.010897470639617575));
#14142=DIRECTION('',(0.8819182516739295,-0.4714023731000935,0));
#14143=FACE_BOUND('',#14144,.T.);
#14144=EDGE_LOOP('',(#14145,#14146,#14147));
#14145=ORIENTED_EDGE('',*,*,#14148,.T.);
#14146=ORIENTED_EDGE('',*,*,#14149,.T.);
#14147=ORIENTED_EDGE('',*,*,#14150,.T.);
#14148=EDGE_CURVE('',#523,#533,#14151,.F.);
#14149=EDGE_CURVE('',#533,#603,#14152,.T.);
#14150=EDGE_CURVE('',#603,#523,#14153,.T.);
#14151=LINE('',#522,#14154);
#14152=LINE('',#532,#14155);
#14153=LINE('',#602,#14156);
#14154=VECTOR('',#14157,1.0);
#14155=VECTOR('',#14158,1.0);
#14156=VECTOR('',#14159,1.0);
#14157=DIRECTION('',(0.8819182516739295,-0.4714023731000935,0));
#14158=DIRECTION('',(-0.0041739148107431566,-0.010125508545391744,-0.9999400244573922));
#14159=DIRECTION('',(-0.3780949424927128,0.21323144120915882,0.9008754447432216));
#14160=FACE_SURFACE('',(#14165),#14161,.T.);
#14161=PLANE('',#14162);
#14162=AXIS2_PLACEMENT_3D('',#522,#14163,#14164);
#14163=DIRECTION('',(0.4713719848237877,0.8818671490680827,-0.010898775977817928));
#14164=DIRECTION('',(0.3780949424927128,-0.21323144120915882,-0.9008754447432216));
#14165=FACE_BOUND('',#14166,.T.);
#14166=EDGE_LOOP('',(#14167,#14168,#14169));
#14167=ORIENTED_EDGE('',*,*,#14170,.T.);
#14168=ORIENTED_EDGE('',*,*,#14171,.T.);
#14169=ORIENTED_EDGE('',*,*,#14172,.T.);
#14170=EDGE_CURVE('',#523,#603,#14173,.F.);
#14171=EDGE_CURVE('',#603,#601,#14174,.T.);
#14172=EDGE_CURVE('',#601,#523,#14175,.T.);
#14173=LINE('',#522,#14176);
#14174=LINE('',#602,#14177);
#14175=LINE('',#600,#14178);
#14176=VECTOR('',#14179,1.0);
#14177=VECTOR('',#14180,1.0);
#14178=VECTOR('',#14181,1.0);
#14179=DIRECTION('',(0.3780949424927128,-0.21323144120915882,-0.9008754447432216));
#14180=DIRECTION('',(-0.8819195292874702,0.4713999828822303,0));
#14181=DIRECTION('',(0.006067237154807376,0.009114974967611213,0.9999400511353904));
#14182=FACE_SURFACE('',(#14187),#14183,.T.);
#14183=PLANE('',#14184);
#14184=AXIS2_PLACEMENT_3D('',#524,#14185,#14186);
#14185=DIRECTION('',(0.6343680575329724,0.7729543758302788,-0.010894974376629405));
#14186=DIRECTION('',(0.7730002597721554,-0.6344057048858334,6.994920402467092E-07));
#14187=FACE_BOUND('',#14188,.T.);
#14188=EDGE_LOOP('',(#14189,#14190,#14191));
#14189=ORIENTED_EDGE('',*,*,#14192,.T.);
#14190=ORIENTED_EDGE('',*,*,#14193,.T.);
#14191=ORIENTED_EDGE('',*,*,#14194,.T.);
#14192=EDGE_CURVE('',#525,#523,#14195,.F.);
#14193=EDGE_CURVE('',#523,#601,#14196,.T.);
#14194=EDGE_CURVE('',#601,#525,#14197,.T.);
#14195=LINE('',#524,#14198);
#14196=LINE('',#522,#14199);
#14197=LINE('',#600,#14200);
#14198=VECTOR('',#14201,1.0);
#14199=VECTOR('',#14202,1.0);
#14200=VECTOR('',#14203,1.0);
#14201=DIRECTION('',(0.7730002597721554,-0.6344057048858334,6.994920402467092E-07));
#14202=DIRECTION('',(-0.006067237154807376,-0.009114974967611213,-0.9999400511353904));
#14203=DIRECTION('',(-0.3292292159023563,0.2828983448456822,0.9008754907754418));
#14204=FACE_SURFACE('',(#14209),#14205,.T.);
#14205=PLANE('',#14206);
#14206=AXIS2_PLACEMENT_3D('',#524,#14207,#14208);
#14207=DIRECTION('',(0.6343517762856897,0.7729675952120644,-0.010905075665427902));
#14208=DIRECTION('',(0.3292292159023563,-0.2828983448456822,-0.9008754907754418));
#14209=FACE_BOUND('',#14210,.T.);
#14210=EDGE_LOOP('',(#14211,#14212,#14213));
#14211=ORIENTED_EDGE('',*,*,#14214,.T.);
#14212=ORIENTED_EDGE('',*,*,#14215,.T.);
#14213=ORIENTED_EDGE('',*,*,#14216,.T.);
#14214=EDGE_CURVE('',#525,#601,#14217,.F.);
#14215=EDGE_CURVE('',#601,#599,#14218,.T.);
#14216=EDGE_CURVE('',#599,#525,#14219,.T.);
#14217=LINE('',#524,#14220);
#14218=LINE('',#600,#14221);
#14219=LINE('',#598,#14222);
#14220=VECTOR('',#14223,1.0);
#14221=VECTOR('',#14224,1.0);
#14222=VECTOR('',#14225,1.0);
#14223=DIRECTION('',(0.3292292159023563,-0.2828983448456822,-0.9008754907754418));
#14224=DIRECTION('',(-0.7730135650434917,0.634389492550331,-6.963584291614043E-07));
#14225=DIRECTION('',(0.007745408467923079,0.007750787223803581,0.9999399651704477));
#14226=FACE_SURFACE('',(#14231),#14227,.T.);
#14227=PLANE('',#14228);
#14228=AXIS2_PLACEMENT_3D('',#612,#14229,#14230);
#14229=DIRECTION('',(0.772959913060525,0.6343612560974364,-0.010898144977377107));
#14230=DIRECTION('',(0.009100855675190799,0.0060894244865693755,0.999940044870392));
#14231=FACE_BOUND('',#14232,.T.);
#14232=EDGE_LOOP('',(#14233,#14234,#14235));
#14233=ORIENTED_EDGE('',*,*,#14236,.T.);
#14234=ORIENTED_EDGE('',*,*,#14237,.T.);
#14235=ORIENTED_EDGE('',*,*,#14238,.T.);
#14236=EDGE_CURVE('',#613,#541,#14239,.F.);
#14237=EDGE_CURVE('',#541,#525,#14240,.T.);
#14238=EDGE_CURVE('',#525,#613,#14241,.T.);
#14239=LINE('',#612,#14242);
#14240=LINE('',#540,#14243);
#14241=LINE('',#524,#14244);
#14242=VECTOR('',#14245,1.0);
#14243=VECTOR('',#14246,1.0);
#14244=VECTOR('',#14247,1.0);
#14245=DIRECTION('',(0.009100855675190799,0.0060894244865693755,0.999940044870392));
#14246=DIRECTION('',(0.634398930858317,-0.773005819205667,0));
#14247=DIRECTION('',(-0.2828859157266977,0.3292154141045429,-0.9008844375387123));
#14248=FACE_SURFACE('',(#14253),#14249,.T.);
#14249=PLANE('',#14250);
#14250=AXIS2_PLACEMENT_3D('',#612,#14251,#14252);
#14251=DIRECTION('',(0.7729680069370736,0.6343512874198295,-0.010904329439860307));
#14252=DIRECTION('',(0.2828859157266977,-0.3292154141045429,0.9008844375387123));
#14253=FACE_BOUND('',#14254,.T.);
#14254=EDGE_LOOP('',(#14255,#14256,#14257));
#14255=ORIENTED_EDGE('',*,*,#14258,.T.);
#14256=ORIENTED_EDGE('',*,*,#14259,.T.);
#14257=ORIENTED_EDGE('',*,*,#14260,.T.);
#14258=EDGE_CURVE('',#613,#525,#14261,.F.);
#14259=EDGE_CURVE('',#525,#599,#14262,.T.);
#14260=EDGE_CURVE('',#599,#613,#14263,.T.);
#14261=LINE('',#612,#14264);
#14262=LINE('',#524,#14265);
#14263=LINE('',#598,#14266);
#14264=VECTOR('',#14267,1.0);
#14265=VECTOR('',#14268,1.0);
#14266=VECTOR('',#14269,1.0);
#14267=DIRECTION('',(0.2828859157266977,-0.3292154141045429,0.9008844375387123));
#14268=DIRECTION('',(-0.007745408467923079,-0.007750787223803581,-0.9999399651704477));
#14269=DIRECTION('',(-0.6343890043631748,0.7730139656843853,0));
#14270=FACE_SURFACE('',(#14275),#14271,.T.);
#14271=PLANE('',#14272);
#14272=AXIS2_PLACEMENT_3D('',#618,#14273,#14274);
#14273=DIRECTION('',(0.8818664912734763,0.47137330726445203,-0.010894804614147898));
#14274=DIRECTION('',(0.010112062205931404,0.004193413030478335,0.9999400789472833));
#14275=FACE_BOUND('',#14276,.T.);
#14276=EDGE_LOOP('',(#14277,#14278,#14279));
#14277=ORIENTED_EDGE('',*,*,#14280,.T.);
#14278=ORIENTED_EDGE('',*,*,#14281,.T.);
#14279=ORIENTED_EDGE('',*,*,#14282,.T.);
#14280=EDGE_CURVE('',#619,#543,#14283,.F.);
#14281=EDGE_CURVE('',#543,#541,#14284,.T.);
#14282=EDGE_CURVE('',#541,#619,#14285,.T.);
#14283=LINE('',#618,#14286);
#14284=LINE('',#542,#14287);
#14285=LINE('',#540,#14288);
#14286=VECTOR('',#14289,1.0);
#14287=VECTOR('',#14290,1.0);
#14288=VECTOR('',#14291,1.0);
#14289=DIRECTION('',(0.010112062205931404,0.004193413030478335,0.9999400789472833));
#14290=DIRECTION('',(0.47140128499907463,-0.8819188332841187,0));
#14291=DIRECTION('',(-0.21322071522791888,0.3780809127238737,-0.9008838715570266));
#14292=FACE_SURFACE('',(#14297),#14293,.T.);
#14293=PLANE('',#14294);
#14294=AXIS2_PLACEMENT_3D('',#618,#14295,#14296);
#14295=DIRECTION('',(0.8818684061526383,0.47136967913212874,-0.010896780473124812));
#14296=DIRECTION('',(0.21322071522791888,-0.3780809127238737,0.9008838715570266));
#14297=FACE_BOUND('',#14298,.T.);
#14298=EDGE_LOOP('',(#14299,#14300,#14301));
#14299=ORIENTED_EDGE('',*,*,#14302,.T.);
#14300=ORIENTED_EDGE('',*,*,#14303,.T.);
#14301=ORIENTED_EDGE('',*,*,#14304,.T.);
#14302=EDGE_CURVE('',#619,#541,#14305,.F.);
#14303=EDGE_CURVE('',#541,#613,#14306,.T.);
#14304=EDGE_CURVE('',#613,#619,#14307,.T.);
#14305=LINE('',#618,#14308);
#14306=LINE('',#540,#14309);
#14307=LINE('',#612,#14310);
#14308=VECTOR('',#14311,1.0);
#14309=VECTOR('',#14312,1.0);
#14310=VECTOR('',#14313,1.0);
#14311=DIRECTION('',(0.21322071522791888,-0.3780809127238737,0.9008838715570266));
#14312=DIRECTION('',(-0.009100855675190799,-0.0060894244865693755,-0.999940044870392));
#14313=DIRECTION('',(-0.4713976668011212,0.8819207672656648,0));
#14314=FACE_SURFACE('',(#14319),#14315,.T.);
#14315=PLANE('',#14316);
#14316=AXIS2_PLACEMENT_3D('',#622,#14317,#14318);
#14317=DIRECTION('',(0.9568863577793396,0.2902573844158808,-0.010915543405679825));
#14318=DIRECTION('',(0.010757510481319671,0.002140072241377532,0.9999398462202844));
#14319=FACE_BOUND('',#14320,.T.);
#14320=EDGE_LOOP('',(#14321,#14322,#14323));
#14321=ORIENTED_EDGE('',*,*,#14324,.T.);
#14322=ORIENTED_EDGE('',*,*,#14325,.T.);
#14323=ORIENTED_EDGE('',*,*,#14326,.T.);
#14324=EDGE_CURVE('',#623,#551,#14327,.F.);
#14325=EDGE_CURVE('',#551,#543,#14328,.T.);
#14326=EDGE_CURVE('',#543,#623,#14329,.T.);
#14327=LINE('',#622,#14330);
#14328=LINE('',#550,#14331);
#14329=LINE('',#542,#14332);
#14330=VECTOR('',#14333,1.0);
#14331=VECTOR('',#14334,1.0);
#14332=VECTOR('',#14335,1.0);
#14333=DIRECTION('',(0.010757510481319671,0.002140072241377532,0.9999398462202844));
#14334=DIRECTION('',(0.2902746779125706,-0.9569433689423599,0));
#14335=DIRECTION('',(-0.13537564182974757,0.41241147895065283,-0.9008830155069631));
#14336=FACE_SURFACE('',(#14341),#14337,.T.);
#14337=PLANE('',#14338);
#14338=AXIS2_PLACEMENT_3D('',#622,#14339,#14340);
#14339=DIRECTION('',(0.9568735783038836,0.2903003214350202,-0.010893967075654142));
#14340=DIRECTION('',(0.13537564182974757,-0.41241147895065283,0.9008830155069631));
#14341=FACE_BOUND('',#14342,.T.);
#14342=EDGE_LOOP('',(#14343,#14344,#14345));
#14343=ORIENTED_EDGE('',*,*,#14346,.T.);
#14344=ORIENTED_EDGE('',*,*,#14347,.T.);
#14345=ORIENTED_EDGE('',*,*,#14348,.T.);
#14346=EDGE_CURVE('',#623,#543,#14349,.F.);
#14347=EDGE_CURVE('',#543,#619,#14350,.T.);
#14348=EDGE_CURVE('',#619,#623,#14351,.T.);
#14349=LINE('',#622,#14352);
#14350=LINE('',#542,#14353);
#14351=LINE('',#618,#14354);
#14352=VECTOR('',#14355,1.0);
#14353=VECTOR('',#14356,1.0);
#14354=VECTOR('',#14357,1.0);
#14355=DIRECTION('',(0.13537564182974757,-0.41241147895065283,0.9008830155069631));
#14356=DIRECTION('',(-0.010112062205931404,-0.004193413030478335,-0.9999400789472833));
#14357=DIRECTION('',(-0.2903175491745124,0.9569303635277253,0));
#14358=FACE_SURFACE('',(#14363),#14359,.T.);
#14359=PLANE('',#14360);
#14360=AXIS2_PLACEMENT_3D('',#624,#14361,#14362);
#14361=DIRECTION('',(0.9951274220801629,0.09799307178375447,-0.010898243274639521));
#14362=DIRECTION('',(0.010951147730690657,-2.0170335947981316E-06,0.9999400343817184));
#14363=FACE_BOUND('',#14364,.T.);
#14364=EDGE_LOOP('',(#14365,#14366,#14367));
#14365=ORIENTED_EDGE('',*,*,#14368,.T.);
#14366=ORIENTED_EDGE('',*,*,#14369,.T.);
#14367=ORIENTED_EDGE('',*,*,#14370,.T.);
#14368=EDGE_CURVE('',#625,#557,#14371,.F.);
#14369=EDGE_CURVE('',#557,#551,#14372,.T.);
#14370=EDGE_CURVE('',#551,#625,#14373,.T.);
#14371=LINE('',#624,#14374);
#14372=LINE('',#556,#14375);
#14373=LINE('',#550,#14376);
#14374=VECTOR('',#14377,1.0);
#14375=VECTOR('',#14378,1.0);
#14376=VECTOR('',#14379,1.0);
#14377=DIRECTION('',(0.010951147730690657,-2.0170335947981316E-06,0.9999400343817184));
#14378=DIRECTION('',(0.09799889170437016,-0.9951865238359666,0));
#14379=DIRECTION('',(-0.052297383819334416,0.4308924989615949,-0.900886584417975));
#14380=FACE_SURFACE('',(#14385),#14381,.T.);
#14381=PLANE('',#14382);
#14382=AXIS2_PLACEMENT_3D('',#624,#14383,#14384);
#14383=DIRECTION('',(0.9951307304263347,0.0979575567335499,-0.010915422114740623));
#14384=DIRECTION('',(0.052297383819334416,-0.4308924989615949,0.900886584417975));
#14385=FACE_BOUND('',#14386,.T.);
#14386=EDGE_LOOP('',(#14387,#14388,#14389));
#14387=ORIENTED_EDGE('',*,*,#14390,.T.);
#14388=ORIENTED_EDGE('',*,*,#14391,.T.);
#14389=ORIENTED_EDGE('',*,*,#14392,.T.);
#14390=EDGE_CURVE('',#625,#551,#14393,.F.);
#14391=EDGE_CURVE('',#551,#623,#14394,.T.);
#14392=EDGE_CURVE('',#623,#625,#14395,.T.);
#14393=LINE('',#624,#14396);
#14394=LINE('',#550,#14397);
#14395=LINE('',#622,#14398);
#14396=VECTOR('',#14399,1.0);
#14397=VECTOR('',#14400,1.0);
#14398=VECTOR('',#14401,1.0);
#14399=DIRECTION('',(0.052297383819334416,-0.4308924989615949,0.900886584417975));
#14400=DIRECTION('',(-0.010757510481319671,-0.002140072241377532,-0.9999398462202844));
#14401=DIRECTION('',(-0.09796339290214927,0.9951900188662962,0));
#14402=FACE_SURFACE('',(#14407),#14403,.T.);
#14403=PLANE('',#14404);
#14404=AXIS2_PLACEMENT_3D('',#662,#14405,#14406);
#14405=DIRECTION('',(1,0,0));
#14406=DIRECTION('',(0,-1,0));
#14407=FACE_BOUND('',#14408,.T.);
#14408=EDGE_LOOP('',(#14409,#14410,#14411));
#14409=ORIENTED_EDGE('',*,*,#14412,.T.);
#14410=ORIENTED_EDGE('',*,*,#14413,.T.);
#14411=ORIENTED_EDGE('',*,*,#14414,.T.);
#14412=EDGE_CURVE('',#663,#661,#14415,.F.);
#14413=EDGE_CURVE('',#661,#659,#14416,.T.);
#14414=EDGE_CURVE('',#659,#663,#14417,.T.);
#14415=LINE('',#662,#14418);
#14416=LINE('',#660,#14419);
#14417=LINE('',#658,#14420);
#14418=VECTOR('',#14421,1.0);
#14419=VECTOR('',#14422,1.0);
#14420=VECTOR('',#14423,1.0);
#14421=DIRECTION('',(0,-1,0));
#14422=DIRECTION('',(0,0,-1));
#14423=DIRECTION('',(0,0.9977198926027373,0.06749085793485307));
#14424=FACE_SURFACE('',(#14429),#14425,.T.);
#14425=PLANE('',#14426);
#14426=AXIS2_PLACEMENT_3D('',#662,#14427,#14428);
#14427=DIRECTION('',(1,0,0));
#14428=DIRECTION('',(0,-0.9977198926027373,-0.06749085793485307));
#14429=FACE_BOUND('',#14430,.T.);
#14430=EDGE_LOOP('',(#14431,#14432,#14433));
#14431=ORIENTED_EDGE('',*,*,#14434,.T.);
#14432=ORIENTED_EDGE('',*,*,#14435,.T.);
#14433=ORIENTED_EDGE('',*,*,#14436,.T.);
#14434=EDGE_CURVE('',#663,#659,#14437,.F.);
#14435=EDGE_CURVE('',#659,#665,#14438,.T.);
#14436=EDGE_CURVE('',#665,#663,#14439,.T.);
#14437=LINE('',#662,#14440);
#14438=LINE('',#658,#14441);
#14439=LINE('',#664,#14442);
#14440=VECTOR('',#14443,1.0);
#14441=VECTOR('',#14444,1.0);
#14442=VECTOR('',#14445,1.0);
#14443=DIRECTION('',(0,-0.9977198926027373,-0.06749085793485307));
#14444=DIRECTION('',(0,1,0));
#14445=DIRECTION('',(0,0,1));
#14446=FACE_SURFACE('',(#14451),#14447,.T.);
#14447=PLANE('',#14448);
#14448=AXIS2_PLACEMENT_3D('',#590,#14449,#14450);
#14449=DIRECTION('',(0,1,0));
#14450=DIRECTION('',(0,0,1));
#14451=FACE_BOUND('',#14452,.T.);
#14452=EDGE_LOOP('',(#14453,#14454,#14455));
#14453=ORIENTED_EDGE('',*,*,#14456,.T.);
#14454=ORIENTED_EDGE('',*,*,#14457,.T.);
#14455=ORIENTED_EDGE('',*,*,#14458,.T.);
#14456=EDGE_CURVE('',#591,#553,#14459,.F.);
#14457=EDGE_CURVE('',#553,#663,#14460,.T.);
#14458=EDGE_CURVE('',#663,#591,#14461,.T.);
#14459=LINE('',#590,#14462);
#14460=LINE('',#552,#14463);
#14461=LINE('',#662,#14464);
#14462=VECTOR('',#14465,1.0);
#14463=VECTOR('',#14466,1.0);
#14464=VECTOR('',#14467,1.0);
#14465=DIRECTION('',(0,0,1));
#14466=DIRECTION('',(0.9999999999999498,0,3.168728452646363E-07));
#14467=DIRECTION('',(-0.7101335723180652,0,-0.7040669779692721));
#14468=FACE_SURFACE('',(#14473),#14469,.T.);
#14469=PLANE('',#14470);
#14470=AXIS2_PLACEMENT_3D('',#590,#14471,#14472);
#14471=DIRECTION('',(0,1,0));
#14472=DIRECTION('',(0.7101335723180652,0,0.7040669779692721));
#14473=FACE_BOUND('',#14474,.T.);
#14474=EDGE_LOOP('',(#14475,#14476,#14477));
#14475=ORIENTED_EDGE('',*,*,#14478,.T.);
#14476=ORIENTED_EDGE('',*,*,#14479,.T.);
#14477=ORIENTED_EDGE('',*,*,#14480,.T.);
#14478=EDGE_CURVE('',#591,#663,#14481,.F.);
#14479=EDGE_CURVE('',#663,#665,#14482,.T.);
#14480=EDGE_CURVE('',#665,#591,#14483,.T.);
#14481=LINE('',#590,#14484);
#14482=LINE('',#662,#14485);
#14483=LINE('',#664,#14486);
#14484=VECTOR('',#14487,1.0);
#14485=VECTOR('',#14488,1.0);
#14486=VECTOR('',#14489,1.0);
#14487=DIRECTION('',(0.7101335723180652,0,0.7040669779692721));
#14488=DIRECTION('',(0,0,-1));
#14489=DIRECTION('',(-0.9999999999999498,0,-3.168728452646363E-07));
#14490=FACE_SURFACE('',(#14495),#14491,.T.);
#14491=PLANE('',#14492);
#14492=AXIS2_PLACEMENT_3D('',#662,#14493,#14494);
#14493=DIRECTION('',(0,1,0));
#14494=DIRECTION('',(-0.9999999999999498,0,-3.168728452646363E-07));
#14495=FACE_BOUND('',#14496,.T.);
#14496=EDGE_LOOP('',(#14497,#14498,#14499));
#14497=ORIENTED_EDGE('',*,*,#14500,.T.);
#14498=ORIENTED_EDGE('',*,*,#14501,.T.);
#14499=ORIENTED_EDGE('',*,*,#14502,.T.);
#14500=EDGE_CURVE('',#663,#553,#14503,.F.);
#14501=EDGE_CURVE('',#553,#667,#14504,.T.);
#14502=EDGE_CURVE('',#667,#663,#14505,.T.);
#14503=LINE('',#662,#14506);
#14504=LINE('',#552,#14507);
#14505=LINE('',#666,#14508);
#14506=VECTOR('',#14509,1.0);
#14507=VECTOR('',#14510,1.0);
#14508=VECTOR('',#14511,1.0);
#14509=DIRECTION('',(-0.9999999999999498,0,-3.168728452646363E-07));
#14510=DIRECTION('',(0,0,1));
#14511=DIRECTION('',(0.06479287305789354,0,-0.9978987341413474));
#14512=FACE_SURFACE('',(#14517),#14513,.T.);
#14513=PLANE('',#14514);
#14514=AXIS2_PLACEMENT_3D('',#662,#14515,#14516);
#14515=DIRECTION('',(0,1,-0));
#14516=DIRECTION('',(-0.06479287305789354,0,0.9978987341413474));
#14517=FACE_BOUND('',#14518,.T.);
#14518=EDGE_LOOP('',(#14519,#14520,#14521));
#14519=ORIENTED_EDGE('',*,*,#14522,.T.);
#14520=ORIENTED_EDGE('',*,*,#14523,.T.);
#14521=ORIENTED_EDGE('',*,*,#14524,.T.);
#14522=EDGE_CURVE('',#663,#667,#14525,.F.);
#14523=EDGE_CURVE('',#667,#669,#14526,.T.);
#14524=EDGE_CURVE('',#669,#663,#14527,.T.);
#14525=LINE('',#662,#14528);
#14526=LINE('',#666,#14529);
#14527=LINE('',#668,#14530);
#14528=VECTOR('',#14531,1.0);
#14529=VECTOR('',#14532,1.0);
#14530=VECTOR('',#14533,1.0);
#14531=DIRECTION('',(-0.06479287305789354,0,0.9978987341413474));
#14532=DIRECTION('',(0.999999999996787,0,2.5349827621090727E-06));
#14533=DIRECTION('',(0,0,-1));
#14534=FACE_SURFACE('',(#14539),#14535,.T.);
#14535=PLANE('',#14536);
#14536=AXIS2_PLACEMENT_3D('',#516,#14537,#14538);
#14537=DIRECTION('',(3.1687284526463633E-07,0,-0.9999999999999499));
#14538=DIRECTION('',(0,1,0));
#14539=FACE_BOUND('',#14540,.T.);
#14540=EDGE_LOOP('',(#14541,#14542,#14543));
#14541=ORIENTED_EDGE('',*,*,#14544,.T.);
#14542=ORIENTED_EDGE('',*,*,#14545,.T.);
#14543=ORIENTED_EDGE('',*,*,#14546,.T.);
#14544=EDGE_CURVE('',#517,#591,#14547,.F.);
#14545=EDGE_CURVE('',#591,#665,#14548,.T.);
#14546=EDGE_CURVE('',#665,#517,#14549,.T.);
#14547=LINE('',#516,#14550);
#14548=LINE('',#590,#14551);
#14549=LINE('',#664,#14552);
#14550=VECTOR('',#14553,1.0);
#14551=VECTOR('',#14554,1.0);
#14552=VECTOR('',#14555,1.0);
#14553=DIRECTION('',(0,1,0));
#14554=DIRECTION('',(0.9999999999999498,0,3.168728452646363E-07));
#14555=DIRECTION('',(-0.06806973160725226,-0.9976805659322607,-2.1569449530791248E-08));
#14556=FACE_SURFACE('',(#14561),#14557,.T.);
#14557=PLANE('',#14558);
#14558=AXIS2_PLACEMENT_3D('',#516,#14559,#14560);
#14559=DIRECTION('',(3.1687284526463633E-07,0,-0.9999999999999499));
#14560=DIRECTION('',(0.06806973160725226,0.9976805659322607,2.1569449530791248E-08));
#14561=FACE_BOUND('',#14562,.T.);
#14562=EDGE_LOOP('',(#14563,#14564,#14565));
#14563=ORIENTED_EDGE('',*,*,#14566,.T.);
#14564=ORIENTED_EDGE('',*,*,#14567,.T.);
#14565=ORIENTED_EDGE('',*,*,#14568,.T.);
#14566=EDGE_CURVE('',#517,#665,#14569,.F.);
#14567=EDGE_CURVE('',#665,#659,#14570,.T.);
#14568=EDGE_CURVE('',#659,#517,#14571,.T.);
#14569=LINE('',#516,#14572);
#14570=LINE('',#664,#14573);
#14571=LINE('',#658,#14574);
#14572=VECTOR('',#14575,1.0);
#14573=VECTOR('',#14576,1.0);
#14574=VECTOR('',#14577,1.0);
#14575=DIRECTION('',(0.06806973160725226,0.9976805659322607,2.1569449530791248E-08));
#14576=DIRECTION('',(0,-1,0));
#14577=DIRECTION('',(-0.9999999999999498,0,-3.168728452646363E-07));
#14578=FACE_SURFACE('',(#14583),#14579,.T.);
#14579=PLANE('',#14580);
#14580=AXIS2_PLACEMENT_3D('',#666,#14581,#14582);
#14581=DIRECTION('',(-2.5349827621090727E-06,0,0.999999999996787));
#14582=DIRECTION('',(0,-1,0));
#14583=FACE_BOUND('',#14584,.T.);
#14584=EDGE_LOOP('',(#14585,#14586,#14587));
#14585=ORIENTED_EDGE('',*,*,#14588,.T.);
#14586=ORIENTED_EDGE('',*,*,#14589,.T.);
#14587=ORIENTED_EDGE('',*,*,#14590,.T.);
#14588=EDGE_CURVE('',#667,#671,#14591,.F.);
#14589=EDGE_CURVE('',#671,#673,#14592,.T.);
#14590=EDGE_CURVE('',#673,#667,#14593,.T.);
#14591=LINE('',#666,#14594);
#14592=LINE('',#670,#14595);
#14593=LINE('',#672,#14596);
#14594=VECTOR('',#14597,1.0);
#14595=VECTOR('',#14598,1.0);
#14596=VECTOR('',#14599,1.0);
#14597=DIRECTION('',(0,-1,0));
#14598=DIRECTION('',(0.999999999996787,0,2.5349827621090727E-06));
#14599=DIRECTION('',(-0.06806973160725126,0.9976805659322462,-1.7255559624632747E-07));
#14600=FACE_SURFACE('',(#14605),#14601,.T.);
#14601=PLANE('',#14602);
#14602=AXIS2_PLACEMENT_3D('',#666,#14603,#14604);
#14603=DIRECTION('',(-2.5349827621090727E-06,0,0.999999999996787));
#14604=DIRECTION('',(0.06806973160725126,-0.9976805659322462,1.7255559624632747E-07));
#14605=FACE_BOUND('',#14606,.T.);
#14606=EDGE_LOOP('',(#14607,#14608,#14609));
#14607=ORIENTED_EDGE('',*,*,#14610,.T.);
#14608=ORIENTED_EDGE('',*,*,#14611,.T.);
#14609=ORIENTED_EDGE('',*,*,#14612,.T.);
#14610=EDGE_CURVE('',#667,#673,#14613,.F.);
#14611=EDGE_CURVE('',#673,#669,#14614,.T.);
#14612=EDGE_CURVE('',#669,#667,#14615,.T.);
#14613=LINE('',#666,#14616);
#14614=LINE('',#672,#14617);
#14615=LINE('',#668,#14618);
#14616=VECTOR('',#14619,1.0);
#14617=VECTOR('',#14620,1.0);
#14618=VECTOR('',#14621,1.0);
#14619=DIRECTION('',(0.06806973160725126,-0.9976805659322462,1.7255559624632747E-07));
#14620=DIRECTION('',(0,1,0));
#14621=DIRECTION('',(-0.999999999996787,0,-2.5349827621090727E-06));
#14622=FACE_SURFACE('',(#14627),#14623,.T.);
#14623=PLANE('',#14624);
#14624=AXIS2_PLACEMENT_3D('',#518,#14625,#14626);
#14625=DIRECTION('',(0,-1,0));
#14626=DIRECTION('',(0.9999999999999498,0,3.168728452646363E-07));
#14627=FACE_BOUND('',#14628,.T.);
#14628=EDGE_LOOP('',(#14629,#14630,#14631));
#14629=ORIENTED_EDGE('',*,*,#14632,.T.);
#14630=ORIENTED_EDGE('',*,*,#14633,.T.);
#14631=ORIENTED_EDGE('',*,*,#14634,.T.);
#14632=EDGE_CURVE('',#519,#661,#14635,.F.);
#14633=EDGE_CURVE('',#661,#673,#14636,.T.);
#14634=EDGE_CURVE('',#673,#519,#14637,.T.);
#14635=LINE('',#518,#14638);
#14636=LINE('',#660,#14639);
#14637=LINE('',#672,#14640);
#14638=VECTOR('',#14641,1.0);
#14639=VECTOR('',#14642,1.0);
#14640=VECTOR('',#14643,1.0);
#14641=DIRECTION('',(0.9999999999999498,0,3.168728452646363E-07));
#14642=DIRECTION('',(0,0,1));
#14643=DIRECTION('',(-0.06479286111063119,0,-0.9978987349170748));
#14644=FACE_SURFACE('',(#14649),#14645,.T.);
#14645=PLANE('',#14646);
#14646=AXIS2_PLACEMENT_3D('',#518,#14647,#14648);
#14647=DIRECTION('',(0,-1,0));
#14648=DIRECTION('',(0.06479286111063119,0,0.9978987349170748));
#14649=FACE_BOUND('',#14650,.T.);
#14650=EDGE_LOOP('',(#14651,#14652,#14653));
#14651=ORIENTED_EDGE('',*,*,#14654,.T.);
#14652=ORIENTED_EDGE('',*,*,#14655,.T.);
#14653=ORIENTED_EDGE('',*,*,#14656,.T.);
#14654=EDGE_CURVE('',#519,#673,#14657,.F.);
#14655=EDGE_CURVE('',#673,#671,#14658,.T.);
#14656=EDGE_CURVE('',#671,#519,#14659,.T.);
#14657=LINE('',#518,#14660);
#14658=LINE('',#672,#14661);
#14659=LINE('',#670,#14662);
#14660=VECTOR('',#14663,1.0);
#14661=VECTOR('',#14664,1.0);
#14662=VECTOR('',#14665,1.0);
#14663=DIRECTION('',(0.06479286111063119,0,0.9978987349170748));
#14664=DIRECTION('',(-0.999999999996787,0,-2.5349827621090727E-06));
#14665=DIRECTION('',(0,0,-1));
#14666=FACE_SURFACE('',(#14671),#14667,.T.);
#14667=PLANE('',#14668);
#14668=AXIS2_PLACEMENT_3D('',#552,#14669,#14670);
#14669=DIRECTION('',(-1,0,0));
#14670=DIRECTION('',(0,-1,0));
#14671=FACE_BOUND('',#14672,.T.);
#14672=EDGE_LOOP('',(#14673,#14674,#14675));
#14673=ORIENTED_EDGE('',*,*,#14676,.T.);
#14674=ORIENTED_EDGE('',*,*,#14677,.T.);
#14675=ORIENTED_EDGE('',*,*,#14678,.T.);
#14676=EDGE_CURVE('',#553,#519,#14679,.F.);
#14677=EDGE_CURVE('',#519,#671,#14680,.T.);
#14678=EDGE_CURVE('',#671,#553,#14681,.T.);
#14679=LINE('',#552,#14682);
#14680=LINE('',#518,#14683);
#14681=LINE('',#670,#14684);
#14682=VECTOR('',#14685,1.0);
#14683=VECTOR('',#14686,1.0);
#14684=VECTOR('',#14687,1.0);
#14685=DIRECTION('',(0,-1,0));
#14686=DIRECTION('',(0,0,1));
#14687=DIRECTION('',(0,0.6893782789413047,-0.7244015381844));
#14688=FACE_SURFACE('',(#14693),#14689,.T.);
#14689=PLANE('',#14690);
#14690=AXIS2_PLACEMENT_3D('',#552,#14691,#14692);
#14691=DIRECTION('',(-1,0,0));
#14692=DIRECTION('',(0,-0.6893782789413047,0.7244015381844));
#14693=FACE_BOUND('',#14694,.T.);
#14694=EDGE_LOOP('',(#14695,#14696,#14697));
#14695=ORIENTED_EDGE('',*,*,#14698,.T.);
#14696=ORIENTED_EDGE('',*,*,#14699,.T.);
#14697=ORIENTED_EDGE('',*,*,#14700,.T.);
#14698=EDGE_CURVE('',#553,#671,#14701,.F.);
#14699=EDGE_CURVE('',#671,#667,#14702,.T.);
#14700=EDGE_CURVE('',#667,#553,#14703,.T.);
#14701=LINE('',#552,#14704);
#14702=LINE('',#670,#14705);
#14703=LINE('',#666,#14706);
#14704=VECTOR('',#14707,1.0);
#14705=VECTOR('',#14708,1.0);
#14706=VECTOR('',#14709,1.0);
#14707=DIRECTION('',(0,-0.6893782789413047,0.7244015381844));
#14708=DIRECTION('',(0,1,0));
#14709=DIRECTION('',(0,0,-1));
#14710=FACE_SURFACE('',(#14715),#14711,.T.);
#14711=PLANE('',#14712);
#14712=AXIS2_PLACEMENT_3D('',#660,#14713,#14714);
#14713=DIRECTION('',(1,0,0));
#14714=DIRECTION('',(0,1,0));
#14715=FACE_BOUND('',#14716,.T.);
#14716=EDGE_LOOP('',(#14717,#14718,#14719));
#14717=ORIENTED_EDGE('',*,*,#14720,.T.);
#14718=ORIENTED_EDGE('',*,*,#14721,.T.);
#14719=ORIENTED_EDGE('',*,*,#14722,.T.);
#14720=EDGE_CURVE('',#661,#663,#14723,.F.);
#14721=EDGE_CURVE('',#663,#669,#14724,.T.);
#14722=EDGE_CURVE('',#669,#661,#14725,.T.);
#14723=LINE('',#660,#14726);
#14724=LINE('',#662,#14727);
#14725=LINE('',#668,#14728);
#14726=VECTOR('',#14729,1.0);
#14727=VECTOR('',#14730,1.0);
#14728=VECTOR('',#14731,1.0);
#14729=DIRECTION('',(0,1,0));
#14730=DIRECTION('',(0,0,1));
#14731=DIRECTION('',(0,-0.6893782268410164,-0.7244015877657476));
#14732=FACE_SURFACE('',(#14737),#14733,.T.);
#14733=PLANE('',#14734);
#14734=AXIS2_PLACEMENT_3D('',#660,#14735,#14736);
#14735=DIRECTION('',(1,0,0));
#14736=DIRECTION('',(0,0.6893782268410164,0.7244015877657476));
#14737=FACE_BOUND('',#14738,.T.);
#14738=EDGE_LOOP('',(#14739,#14740,#14741));
#14739=ORIENTED_EDGE('',*,*,#14742,.T.);
#14740=ORIENTED_EDGE('',*,*,#14743,.T.);
#14741=ORIENTED_EDGE('',*,*,#14744,.T.);
#14742=EDGE_CURVE('',#661,#669,#14745,.F.);
#14743=EDGE_CURVE('',#669,#673,#14746,.T.);
#14744=EDGE_CURVE('',#673,#661,#14747,.T.);
#14745=LINE('',#660,#14748);
#14746=LINE('',#668,#14749);
#14747=LINE('',#672,#14750);
#14748=VECTOR('',#14751,1.0);
#14749=VECTOR('',#14752,1.0);
#14750=VECTOR('',#14753,1.0);
#14751=DIRECTION('',(0,0.6893782268410164,0.7244015877657476));
#14752=DIRECTION('',(0,-1,0));
#14753=DIRECTION('',(0,0,-1));
ENDSEC;
END-ISO-10303-21;
